# vtk DataFile Version 3.0
SGRAC extracted rupture mesh, SI units
ASCII
DATASET POLYDATA
POINTS 6809 double
  2.9395660930229998E+06   2.7827525912159998E+06  -6.7711450658999995E+04
  2.9385940822379999E+06   2.7806181778950002E+06  -6.7336926458999995E+04
  2.9377498794800001E+06   2.7819496033080001E+06  -6.9103412945000004E+04
  2.9367267421220001E+06   2.7798415928170001E+06  -6.8685450622999997E+04
  2.9359897053609998E+06   2.7811222778960001E+06  -7.0557019887999995E+04
  2.9349235525409998E+06   2.7790283614719999E+06  -7.0109237810999999E+04
  2.9370612428350002E+06   2.7832075041000000E+06  -7.0990997770000002E+04
  2.9353122641389999E+06   2.7824010676759998E+06  -7.2448390522000002E+04
  2.9364003442850001E+06   2.7844886381520000E+06  -7.2864177840000004E+04
  2.9346542352560000E+06   2.7837158182430002E+06  -7.4346108968999994E+04
  2.9357734266820000E+06   2.7858043909300002E+06  -7.4724845094999997E+04
  2.9340185236010002E+06   2.7851063134940001E+06  -7.6279813735999996E+04
  2.9351704587490000E+06   2.7871965686599999E+06  -7.6511593401000006E+04
  2.9334869584820000E+06   2.7866608589920001E+06  -7.8081856310999996E+04
  2.9345376663930002E+06   2.7887298409119998E+06  -7.8151875499999995E+04
  2.9329457400890002E+06   2.7882871287960000E+06  -7.9575993828000006E+04
  2.9338783769459999E+06   2.7901653080879999E+06  -7.9732376407999996E+04
  2.9323241985470001E+06   2.7897402343350002E+06  -8.1040302056999994E+04
  2.9332557782959999E+06   2.7916345554149998E+06  -8.1207102654999995E+04
  2.9315545167890000E+06   2.7911283832970001E+06  -8.2615105595999994E+04
  2.9326022834850000E+06   2.7931732336670002E+06  -8.2752993541999997E+04
  2.9307361639290000E+06   2.7926049080550000E+06  -8.4289837853000005E+04
  2.9318150288959998E+06   2.7947381639040001E+06  -8.4447889492999995E+04
  2.9299680937310001E+06   2.7941322508180002E+06  -8.5971003882999998E+04
  2.9288423640239998E+06   2.7919769899769998E+06  -8.5819808873000002E+04
  2.9282203730480000E+06   2.7934904708599998E+06  -8.7576149258999998E+04
  2.9270151403180002E+06   2.7913933715559999E+06  -8.7429921541000003E+04
  2.9264838458730001E+06   2.7928827123909998E+06  -8.9193668990999999E+04
  2.9252915674680001E+06   2.7908247171609998E+06  -8.9092118124999994E+04
  2.9276837541570002E+06   2.7949520391839999E+06  -8.9325232726999995E+04
  2.9259834211880001E+06   2.7943441366519998E+06  -9.0916177567000006E+04
  2.9271638225250002E+06   2.7963991230199998E+06  -9.1043378530999995E+04
  2.9254924896249999E+06   2.7957984982059998E+06  -9.2625808057999995E+04
  2.9266650710840002E+06   2.7978352530780002E+06  -9.2731277241999996E+04
  2.9250199577190001E+06   2.7972660291329999E+06  -9.4322809540999995E+04
  2.9262390101520000E+06   2.7993033615669999E+06  -9.4371537301999997E+04
  2.9245864746349999E+06   2.7987406093319999E+06  -9.6016448048999999E+04
  2.9258650507880002E+06   2.8007868070560000E+06  -9.6051791792999997E+04
  2.9241755608819998E+06   2.8001969080840000E+06  -9.7762729649999994E+04
  2.9253779148439998E+06   2.8023099790490000E+06  -9.7723362521000003E+04
  2.9237505518760001E+06   2.8016958659680001E+06  -9.9498184391000003E+04
  2.9248876995130000E+06   2.8038644804369998E+06  -9.9404248191999999E+04
  2.9232768487539999E+06   2.8032978909479999E+06  -1.0118827158400000E+05
  2.9244142527660001E+06   2.8054676015610001E+06  -1.0109471433700000E+05
  2.9228184240029999E+06   2.8049431845789999E+06  -1.0288640893000001E+05
  2.9216572118770001E+06   2.8027648370090001E+06  -1.0300616054300001E+05
  2.9212432509300001E+06   2.8044677434160002E+06  -1.0468271271500000E+05
  2.9200751319090002E+06   2.8023613638820001E+06  -1.0485913844700000E+05
  2.9196799084890001E+06   2.8039864993270002E+06  -1.0652547909500000E+05
  2.9183164565900001E+06   2.8017477053979998E+06  -1.0670069004200000E+05
  2.9181751002730001E+06   2.8036139860240002E+06  -1.0834186069600000E+05
  2.9168864419959998E+06   2.8016958203929998E+06  -1.0861787611300001E+05
  2.9166842425950002E+06   2.8033394521430000E+06  -1.1011651468800000E+05
  2.9154028219889998E+06   2.8014025836140001E+06  -1.1037994063600000E+05
  2.9179249909460000E+06   2.8052843844320001E+06  -1.0994005383500000E+05
  2.9164362765420000E+06   2.8049762157330001E+06  -1.1167113711900001E+05
  2.9176732362819999E+06   2.8069069574380000E+06  -1.1150405724900000E+05
  2.9161977951260000E+06   2.8066123717169999E+06  -1.1321836640600000E+05
  2.9174548695560000E+06   2.8085220644109999E+06  -1.1301852571500000E+05
  2.9159999241430000E+06   2.8082895717360000E+06  -1.1475310625200000E+05
  2.9173375286099999E+06   2.8101986127599999E+06  -1.1444698170600001E+05
  2.9157935956120002E+06   2.8099762932409998E+06  -1.1630619347100001E+05
  2.9171886866700002E+06   2.8118896020990000E+06  -1.1592386178599999E+05
  2.9155366872459999E+06   2.8116641985889999E+06  -1.1783609866500000E+05
  2.9168391913560000E+06   2.8136057328389999E+06  -1.1746737046999999E+05
  2.9152748384139999E+06   2.8133245391730000E+06  -1.1931054656900000E+05
  2.9164651998500000E+06   2.8152522980769998E+06  -1.1900483811000000E+05
  2.9150303893109998E+06   2.8148334899100000E+06  -1.2082074204600000E+05
  2.9161791962210000E+06   2.8167982087300001E+06  -1.2060492653300001E+05
  2.9147227201820002E+06   2.8162906769659999E+06  -1.2238563772600000E+05
  2.9158898228950002E+06   2.8183356043550000E+06  -1.2220355677300000E+05
  2.9144318030599998E+06   2.8178216462650001E+06  -1.2398168106300000E+05
  2.9155999212349998E+06   2.8198813342450000E+06  -1.2380930578500000E+05
  2.9141265904420000E+06   2.8193906088210000E+06  -1.2562785737000000E+05
  2.9152409973820001E+06   2.8214692945949999E+06  -1.2537849911300000E+05
  2.9137356577480002E+06   2.8210359508620002E+06  -1.2718888671999999E+05
  2.9126168461259999E+06   2.8189817815740001E+06  -1.2755003424900000E+05
  2.9122473991749999E+06   2.8207296105390000E+06  -1.2904811594700000E+05
  2.9110467463219999E+06   2.8187323302830001E+06  -1.2955340996600001E+05
  2.9107563158109998E+06   2.8205706384749999E+06  -1.3093798561200000E+05
  2.9095147999709998E+06   2.8186803461340000E+06  -1.3155068380599999E+05
  2.9092982033409998E+06   2.8205503041920001E+06  -1.3284026731800000E+05
  2.9080438217520001E+06   2.8187428205639999E+06  -1.3355625164000000E+05
  2.9078899704490001E+06   2.8206582648410001E+06  -1.3477958473300000E+05
  2.9065865447399998E+06   2.8188655444459999E+06  -1.3557543836299999E+05
  2.9065230021400000E+06   2.8207807480939999E+06  -1.3667755112900000E+05
  2.9052101583260000E+06   2.8191459451069999E+06  -1.3756988219999999E+05
  2.9052821948680002E+06   2.8211375408089999E+06  -1.3853076213200000E+05
  2.9039113776059998E+06   2.8196503704800000E+06  -1.3957921635999999E+05
  2.9041338583129998E+06   2.8217915658640000E+06  -1.4042519441500001E+05
  2.9026558334710002E+06   2.8203266229490000E+06  -1.4164482397800000E+05
  2.9030185867329999E+06   2.8225454677809998E+06  -1.4234494227800000E+05
  2.9024425117179998E+06   2.8180555648929998E+06  -1.4071371690999999E+05
  2.9011223008380001E+06   2.8187178141760002E+06  -1.4286249692100001E+05
  2.9009500713350000E+06   2.8164323706339998E+06  -1.4186785543000000E+05
  2.8996515931790001E+06   2.8169927267020000E+06  -1.4393235138300000E+05
  2.8994976035050000E+06   2.8148027489080001E+06  -1.4296425780200001E+05
  2.8982148108399999E+06   2.8153099363110000E+06  -1.4497887309300000E+05
  2.8981082291850001E+06   2.8131842061800002E+06  -1.4398093716000000E+05
  2.8968473315380001E+06   2.8135661564839999E+06  -1.4597053579900000E+05
  2.8968605922099999E+06   2.8114617298699999E+06  -1.4493077579900000E+05
  2.8955761013710001E+06   2.8116716574490000E+06  -1.4691797972800001E+05
  2.8956923716970002E+06   2.8096387172610001E+06  -1.4576167725199999E+05
  2.8955655282379999E+06   2.8137525195950000E+06  -1.4794237002400000E+05
  2.8943878776449999E+06   2.8097362822690001E+06  -1.4772376556800000E+05
  2.8945617313930001E+06   2.8077536927740001E+06  -1.4650735165100000E+05
  2.8932344860899998E+06   2.8078356550500002E+06  -1.4849527039200001E+05
  2.8934507597530000E+06   2.8058272584839999E+06  -1.4720407880300001E+05
  2.8920476054799999E+06   2.8058724088760000E+06  -1.4928557197700001E+05
  2.8923585016930001E+06   2.8038566349419998E+06  -1.4785191304900000E+05
  2.8908954481009999E+06   2.8037729355890001E+06  -1.4995885809500000E+05
  2.8912873730390002E+06   2.8018382339940001E+06  -1.4844556869200000E+05
  2.8898700980099998E+06   2.8016780692340001E+06  -1.5044824528199999E+05
  2.8901322564340001E+06   2.7998850606280002E+06  -1.4897600709500001E+05
  2.8888544210359999E+06   2.7996874628989999E+06  -1.5097398260399999E+05
  2.8889778160239998E+06   2.7979565469459998E+06  -1.4948053437499999E+05
  2.8876671561770001E+06   2.7977336507540001E+06  -1.5147101329700000E+05
  2.8877524252630002E+06   2.7960011720210002E+06  -1.4985267833800000E+05
  2.8864623687740001E+06   2.7957201631419999E+06  -1.5178868640000001E+05
  2.8865020834030001E+06   2.7940213444369999E+06  -1.5018662910900000E+05
  2.8852625021099998E+06   2.7937105505550001E+06  -1.5212751488500001E+05
  2.8852913475100002E+06   2.7919870733679999E+06  -1.5051364869599999E+05
  2.8840400085160001E+06   2.7916712110219998E+06  -1.5248013724600000E+05
  2.8840778938859999E+06   2.7899381515339999E+06  -1.5084131253200001E+05
  2.8828102563669998E+06   2.7895894995519998E+06  -1.5280742650800000E+05
  2.8828633823600002E+06   2.7878818764479998E+06  -1.5116421683900000E+05
  2.8815723071809998E+06   2.7875122807850000E+06  -1.5315354423900001E+05
  2.8816596656149998E+06   2.7858523849010002E+06  -1.5149196078400000E+05
  2.8803926583960000E+06   2.7854961248300001E+06  -1.5345004506400001E+05
  2.8804592704699999E+06   2.7838508134289999E+06  -1.5183902810299999E+05
  2.8792092402740000E+06   2.7835414150310000E+06  -1.5380901855099999E+05
  2.8792557992380001E+06   2.7818693101599999E+06  -1.5220982042500001E+05
  2.8780120484750001E+06   2.7815980396699999E+06  -1.5420306041599999E+05
  2.8780165288129998E+06   2.7798993543420001E+06  -1.5258801932500000E+05
  2.8767296417640001E+06   2.7796771888029999E+06  -1.5460188150100000E+05
  2.8766821226289999E+06   2.7779538741070000E+06  -1.5296151860000001E+05
  2.8753737689709999E+06   2.7777438214460001E+06  -1.5502478936100000E+05
  2.8753443476080000E+06   2.7760044587389999E+06  -1.5333693700800001E+05
  2.8740602614940000E+06   2.7757736025470002E+06  -1.5533724383399999E+05
  2.8740141222780002E+06   2.7740677646180000E+06  -1.5371195615300001E+05
  2.8727651983090001E+06   2.7738826447629998E+06  -1.5569689450400000E+05
  2.8726724946170002E+06   2.7721453880980001E+06  -1.5412110133800001E+05
  2.8714287566809999E+06   2.7719866821340001E+06  -1.5613145116600001E+05
  2.8713134534339998E+06   2.7702373785480000E+06  -1.5457486641799999E+05
  2.8700920484440001E+06   2.7701010747460001E+06  -1.5662186034000001E+05
  2.8699514156470001E+06   2.7683435981060001E+06  -1.5508131724300000E+05
  2.8687676745400000E+06   2.7682757442549998E+06  -1.5715153070800001E+05
  2.8686007502339999E+06   2.7664525729160002E+06  -1.5565787194200000E+05
  2.8674493771380000E+06   2.7664370639470001E+06  -1.5773650145099999E+05
  2.8672630871469998E+06   2.7645717562139998E+06  -1.5625063335700001E+05
  2.8661293497040002E+06   2.7645831910009999E+06  -1.5832354833500000E+05
  2.8659310621050000E+06   2.7626982625079998E+06  -1.5683417089000001E+05
  2.8669767843760001E+06   2.7627541969909999E+06  -1.5471989828800000E+05
  2.8656138942129998E+06   2.7608819417840000E+06  -1.5529203200400001E+05
  2.8645811135229999E+06   2.7608572524480000E+06  -1.5741721286000000E+05
  2.8642138040919998E+06   2.7590003509990000E+06  -1.5593046407600000E+05
  2.8652916430620002E+06   2.7590588115110002E+06  -1.5375223759800001E+05
  2.8638948237770000E+06   2.7571483916679998E+06  -1.5434886216100000E+05
  2.8649870508059999E+06   2.7572345772230001E+06  -1.5217425411000001E+05
  2.8636228321110001E+06   2.7553370944380001E+06  -1.5271854813400001E+05
  2.8625375610770001E+06   2.7552317717040000E+06  -1.5483488380200000E+05
  2.8621649105400001E+06   2.7535233209960000E+06  -1.5318483666100001E+05
  2.8632808323260001E+06   2.7535462974950001E+06  -1.5110181571400000E+05
  2.8617593481040001E+06   2.7517900417889999E+06  -1.5156291612099999E+05
  2.8606698191960002E+06   2.7517779691510000E+06  -1.5361095988200000E+05
  2.8602519112399998E+06   2.7500528842679998E+06  -1.5202373582500001E+05
  2.8613501312110000E+06   2.7500355309469998E+06  -1.4996943749499999E+05
  2.8599741863270001E+06   2.7482450892750002E+06  -1.5051636514499999E+05
  2.8611563977460000E+06   2.7481394342029998E+06  -1.4851641313000000E+05
  2.8597938079120000E+06   2.7463748659480000E+06  -1.4906593854199999E+05
  2.8609497283919998E+06   2.7462358232060000E+06  -1.4707720318899999E+05
  2.8595781309719998E+06   2.7444858615910001E+06  -1.4765481160300001E+05
  2.8607233215899998E+06   2.7443241452549999E+06  -1.4565189629900001E+05
  2.8593078836349999E+06   2.7425265311429999E+06  -1.4626601198499999E+05
  2.8604988663920001E+06   2.7424263785390002E+06  -1.4421388046799999E+05
  2.8590905739409998E+06   2.7406044294710001E+06  -1.4479896835499999E+05
  2.8603037569929999E+06   2.7405555483200001E+06  -1.4275316589800001E+05
  2.8589467195609999E+06   2.7387540323290001E+06  -1.4330339287700001E+05
  2.8601239096110002E+06   2.7386842272450002E+06  -1.4130388721700001E+05
  2.8587605363670001E+06   2.7368944592450000E+06  -1.4188451152599999E+05
  2.8599305730360001E+06   2.7368083071590001E+06  -1.3988159976300001E+05
  2.8584561611190001E+06   2.7350828456080002E+06  -1.4044449980699999E+05
  2.8597102966510002E+06   2.7349096882310002E+06  -1.3848253419300000E+05
  2.8581228609900000E+06   2.7332727597220000E+06  -1.3902261715400001E+05
  2.8594136409300002E+06   2.7330006721140002E+06  -1.3707975612800001E+05
  2.8577365450980002E+06   2.7314227918600002E+06  -1.3762830214399999E+05
  2.8589944736000001E+06   2.7311055219480000E+06  -1.3564268191300001E+05
  2.8572229649600000E+06   2.7296182636710000E+06  -1.3617131811900000E+05
  2.8583969749940000E+06   2.7292719041650002E+06  -1.3412310310099999E+05
  2.8566502295550001E+06   2.7278300614350000E+06  -1.3467573996800001E+05
  2.8577422299739998E+06   2.7274409174609999E+06  -1.3261122443199999E+05
  2.8560122556349998E+06   2.7260009857219998E+06  -1.3321734414800000E+05
  2.8570843071309999E+06   2.7256333912240001E+06  -1.3112580362100000E+05
  2.8554085737640001E+06   2.7242374160349998E+06  -1.3173191247200000E+05
  2.8564279821600001E+06   2.7238423121090000E+06  -1.2966048925400000E+05
  2.8547820233729999E+06   2.7225010591270002E+06  -1.3033565936300000E+05
  2.8559415756799998E+06   2.7219202219019998E+06  -1.2838213651400000E+05
  2.8543372321739998E+06   2.7205408787179999E+06  -1.2924796891500000E+05
  2.8554689562169998E+06   2.7198861328420001E+06  -1.2726740224600000E+05
  2.8536592286359998E+06   2.7183658769399999E+06  -1.2827008165399999E+05
  2.8550018665519999E+06   2.7178810510490001E+06  -1.2617009321000001E+05
  2.8534479386660000E+06   2.7164416650589998E+06  -1.2691376704799999E+05
  2.8545876486590002E+06   2.7159695154789998E+06  -1.2508081105100000E+05
  2.8530625276939999E+06   2.7211137171540000E+06  -1.3133805791700000E+05
  2.8530310425539999E+06   2.7145093280509999E+06  -1.2580945768199999E+05
  2.8543526734050000E+06   2.7140242617890001E+06  -1.2373657532900000E+05
  2.8524470290959999E+06   2.7125077945420002E+06  -1.2469141994800000E+05
  2.8535116308390000E+06   2.7119495453860001E+06  -1.2266783463300001E+05
  2.8517630257730000E+06   2.7105652237200001E+06  -1.2350094884000000E+05
  2.8528650023920001E+06   2.7100380881159999E+06  -1.2146120684800000E+05
  2.8511556813619998E+06   2.7086888486350002E+06  -1.2227991418199999E+05
  2.8521895177429998E+06   2.7080924882260002E+06  -1.2025609975100000E+05
  2.8505061793370000E+06   2.7068133409099998E+06  -1.2111602554900000E+05
  2.8515121971570002E+06   2.7061481607459998E+06  -1.1905481756400000E+05
  2.8497836124109998E+06   2.7049096382040000E+06  -1.2001903661300000E+05
  2.8507683564080000E+06   2.7041914602979999E+06  -1.1792323436400000E+05
  2.8489651167970002E+06   2.7029986595279998E+06  -1.1893824700400000E+05
  2.8480081234949999E+06   2.7037831632960001E+06  -1.2099886992100000E+05
  2.8471718981309999E+06   2.7018475031160000E+06  -1.1996743458800000E+05
  2.8462064069619998E+06   2.7027087039439999E+06  -1.2200441747400000E+05
  2.8453950022029998E+06   2.7006922915630001E+06  -1.2100226390400001E+05
  2.8444288720069998E+06   2.7015856965709999E+06  -1.2305971881799999E+05
  2.8499703674809998E+06   2.7022229536390002E+06  -1.1684032413399999E+05
  2.8435965534870001E+06   2.6994928853389998E+06  -1.2201999250700000E+05
  2.8426006935330001E+06   2.7004609413589998E+06  -1.2418709055900000E+05
  2.8417582938730000E+06   2.6983789402150000E+06  -1.2317029455799999E+05
  2.8408047690630001E+06   2.6993380944059999E+06  -1.2527695186800000E+05
  2.8399767779999999E+06   2.6973801517739999E+06  -1.2436444191300000E+05
  2.8391374736500001E+06   2.6983507617980000E+06  -1.2632665424600001E+05
  2.8382171818550001E+06   2.6964535486200000E+06  -1.2553527212700000E+05
  2.8390543323229998E+06   2.6954526815370000E+06  -1.2355094220000000E+05
  2.8374478563470002E+06   2.6975328644679999E+06  -1.2751705738499999E+05
  2.8372439738520002E+06   2.6944504369009999E+06  -1.2470154978700000E+05
  2.8381606694060001E+06   2.6935226207980001E+06  -1.2269469573799999E+05
  2.8363111232309998E+06   2.6924856904420001E+06  -1.2363220364500000E+05
  2.8371552964510000E+06   2.6917552943409998E+06  -1.2156248874900000E+05
  2.8587833721360001E+06   2.7483040354510001E+06  -1.5248668415700001E+05
  2.8353377491609999E+06   2.6906829012110000E+06  -1.2241093546900000E+05
  2.8361625036300002E+06   2.6899826685549999E+06  -1.2040705654300000E+05
  2.8343114094759999E+06   2.6889002481370000E+06  -1.2128448423200000E+05
  2.8351475092489999E+06   2.6882026923190001E+06  -1.1926982982100001E+05
  2.8332688753769998E+06   2.6871112820440000E+06  -1.2017001484800001E+05
  2.8324465498380000E+06   2.6878174655650002E+06  -1.2217892214900001E+05
  2.8312975924140001E+06   2.6861197995770001E+06  -1.2102467640300000E+05
  2.8304547386159999E+06   2.6868798508100002E+06  -1.2300586019100000E+05
  2.8341175941329999E+06   2.6863991214330001E+06  -1.1812613966000000E+05
  2.8292426100789998E+06   2.6851725970529998E+06  -1.2180075765400000E+05
  2.8284411955220001E+06   2.6859987942590001E+06  -1.2383440412100000E+05
  2.8271549624200002E+06   2.6842519060640000E+06  -1.2264935752900000E+05
  2.8264157392989998E+06   2.6851433687499999E+06  -1.2471250595799999E+05
  2.8251011396519998E+06   2.6833997259470001E+06  -1.2360745389900000E+05
  2.8243834302590000E+06   2.6843057048120000E+06  -1.2562348424500000E+05
  2.8231170077229999E+06   2.6824898866280001E+06  -1.2458660788300000E+05
  2.8223053230920001E+06   2.6834535267280000E+06  -1.2656130768200000E+05
  2.8240235983600002E+06   2.6814403350960002E+06  -1.2270621533900000E+05
  2.8220504307690002E+06   2.6805391295579998E+06  -1.2368348506500000E+05
  2.8230082843360002E+06   2.6795590989310001E+06  -1.2182279489200001E+05
  2.8208667091399999E+06   2.6788805880829999E+06  -1.2257761505500000E+05
  2.8219545618690001E+06   2.6779433957310002E+06  -1.2076190542800000E+05
  2.8197313822630001E+06   2.6772966806009999E+06  -1.2129907198500000E+05
  2.8210633313580002E+06   2.6763416467459998E+06  -1.1931432922200000E+05
  2.8186207216480002E+06   2.6756958853710000E+06  -1.1998476263800000E+05
  2.8197685787650002E+06   2.6747504309530002E+06  -1.1812269946700000E+05
  2.8175427092240001E+06   2.6741314014119999E+06  -1.1869577873999999E+05
  2.8187235597069999E+06   2.6732953761640000E+06  -1.1686528715900000E+05
  2.8162752531360001E+06   2.6750697603910002E+06  -1.2062104528700000E+05
  2.8165182777760001E+06   2.6726462128209998E+06  -1.1731964414400001E+05
  2.8517424747359999E+06   2.7035093811599999E+06  -1.1578844990000001E+05
  2.8893834765300001E+06   2.8034648942999998E+06  -1.5222655599800000E+05
  2.8827747233810001E+06   2.7913763438630002E+06  -1.5449075990700000E+05
  2.8560825831229999E+06   2.7172519814229999E+06  -1.2427556582900000E+05
  2.8728158833710002E+06   2.7755430682150000E+06  -1.5726887945400001E+05
  2.9167468711440000E+06   2.8219643628630000E+06  -1.2360246103799999E+05
  2.8594795601659999E+06   2.7289043410649998E+06  -1.3200491487199999E+05
  2.8571420015250002E+06   2.7352725226059998E+06  -1.4233320525299999E+05
  2.8613180189379998E+06   2.7386132937130001E+06  -1.3927552736700000E+05
  2.8779954735810002E+06   2.7782096778960000E+06  -1.5093530585100001E+05
  2.9163070948970001E+06   2.8236093521909998E+06  -1.2513818409900001E+05
  2.9178173998840000E+06   2.8240821121709999E+06  -1.2334341363100000E+05
  2.9174170034210002E+06   2.8257596419210001E+06  -1.2484382755800000E+05
  2.9188928540409999E+06   2.8262014251319999E+06  -1.2307852554700000E+05
  2.9185125198220001E+06   2.8278866511309999E+06  -1.2455590342800001E+05
  2.9199874177589999E+06   2.8282641178199998E+06  -1.2282107447900000E+05
  2.9196363913920000E+06   2.8299757917650002E+06  -1.2429190307800000E+05
  2.9211095158919999E+06   2.8302347721690000E+06  -1.2254867904300000E+05
  2.9208572278499999E+06   2.8320488678170000E+06  -1.2395329134800000E+05
  2.9223246163539998E+06   2.8320750215969998E+06  -1.2207888701799999E+05
  2.9221706251770002E+06   2.8340106836520000E+06  -1.2342924570800000E+05
  2.9236204517109999E+06   2.8339635118490001E+06  -1.2153382071900000E+05
  2.9234495254219999E+06   2.8359353630249999E+06  -1.2290579293900001E+05
  2.9248722262840001E+06   2.8359205796220000E+06  -1.2108631823800001E+05
  2.9247431857409999E+06   2.8379031037750002E+06  -1.2232077283099999E+05
  2.9260722022020002E+06   2.8377278553539999E+06  -1.2054693700400001E+05
  2.9261922970900000E+06   2.8396987941720001E+06  -1.2144736076700001E+05
  2.9274188440540000E+06   2.8393369989419999E+06  -1.1970348192599999E+05
  2.9276293497210001E+06   2.8413647964940001E+06  -1.2053614241099999E+05
  2.9288804531230000E+06   2.8408770547799999E+06  -1.1875571605700000E+05
  2.9291417351710000E+06   2.8430078646300002E+06  -1.1959969912400001E+05
  2.9276598051669998E+06   2.8435793791709999E+06  -1.2170522706400001E+05
  2.9303879464900000E+06   2.8423642856540000E+06  -1.1774033425600000E+05
  2.9307330952670001E+06   2.8445654453540002E+06  -1.1852108154000000E+05
  2.9319545227689999E+06   2.8438000215460001E+06  -1.1662537360399999E+05
  2.9260221181150000E+06   2.8060070844740001E+06  -9.9296827178000007E+04
  2.8841238956539999E+06   2.7882496232300000E+06  -1.4922823343200001E+05
  2.8000650148519999E+06   2.7134783399379998E+06  -1.9062755153000000E+05
  2.8015747317750002E+06   2.7152061865249998E+06  -1.9149058623600000E+05
  2.8012725811620001E+06   2.7161060075269998E+06  -1.9370259047200001E+05
  2.8030691478590001E+06   2.7169269094900000E+06  -1.9236476167599999E+05
  2.8027267531940001E+06   2.7178013731920002E+06  -1.9459339262900001E+05
  2.8045275880789999E+06   2.7186306669069999E+06  -1.9326471760999999E+05
  2.8041314603209998E+06   2.7194683817220000E+06  -1.9551001098600001E+05
  2.8059665108559998E+06   2.7203219121630001E+06  -1.9417232655900001E+05
  2.8055337134850002E+06   2.7211434612819999E+06  -1.9644605521300001E+05
  2.8074244928170000E+06   2.7220245919410000E+06  -1.9507096149900000E+05
  2.8069961051230002E+06   2.7229431616150001E+06  -1.9728883180300001E+05
  2.8089003345019999E+06   2.7238039035970001E+06  -1.9591844032800000E+05
  2.8085016207010001E+06   2.7248129535470000E+06  -1.9809623405100001E+05
  2.8103658512720000E+06   2.7256033315119999E+06  -1.9679958966100001E+05
  2.8099645884070001E+06   2.7266263353670002E+06  -1.9900340989099999E+05
  2.8117526828270000E+06   2.7273978823899999E+06  -1.9770979190000001E+05
  2.8113830960590001E+06   2.7283942016500002E+06  -1.9989849273299999E+05
  2.8131186183859999E+06   2.7291689995340002E+06  -1.9860999039200001E+05
  2.8063687536100000E+06   2.7194427549649999E+06  -1.9194539959900000E+05
  2.8127455897700000E+06   2.7300882658219999E+06  -2.0075178963499999E+05
  2.8144813312820001E+06   2.7309350519989999E+06  -1.9950654402900001E+05
  2.8139786394699998E+06   2.7317689905810002E+06  -2.0172565760400001E+05
  2.8157668006199999E+06   2.7327096720949998E+06  -2.0053882554399999E+05
  2.7988112447239999E+06   2.7109641848269999E+06  -1.8760075125700000E+05
  2.8151961723940000E+06   2.7334795986219998E+06  -2.0275449606300000E+05
  2.8169299496220001E+06   2.7344816339850002E+06  -2.0164127857600001E+05
  2.8096317506060000E+06   2.7276953790040002E+06  -2.0118710962100001E+05
  2.8163271888110000E+06   2.7352310007270002E+06  -2.0382271092499999E+05
  2.8180521683000000E+06   2.7362796264880002E+06  -2.0269102665000001E+05
  2.8134928073390000E+06   2.7282163386320001E+06  -1.9638841114200000E+05
  2.8174297803830002E+06   2.7370705055020000E+06  -2.0486397483299999E+05
  2.8192338392850002E+06   2.7381499326519999E+06  -2.0365434356099999E+05
  2.8186237066150000E+06   2.7389566238839999E+06  -2.0583187195299999E+05
  2.8204554644829999E+06   2.7400514425769998E+06  -2.0460188500800001E+05
  2.8198039104450000E+06   2.7408449163060002E+06  -2.0682464264000001E+05
  2.8216571964059998E+06   2.7419698692640001E+06  -2.0560625998700000E+05
  2.8209521597819999E+06   2.7427259606430000E+06  -2.0785675540900000E+05
  2.8227946429719999E+06   2.7438729093559999E+06  -2.0668856750899999E+05
  2.8220431801439999E+06   2.7445990750759998E+06  -2.0896695113199999E+05
  2.8238198890579999E+06   2.7457753413600000E+06  -2.0782097454699999E+05
  2.8168616745509999E+06   2.7378534154559998E+06  -2.0701580139800001E+05
  2.8197863552000001E+06   2.7372953255179999E+06  -2.0149516072700001E+05
  2.8245895115080001E+06   2.7451150282899998E+06  -2.0551270443799999E+05
  2.8254920022029998E+06   2.7470744779180000E+06  -2.0664833332800001E+05
  2.8246982705799998E+06   2.7477120637630001E+06  -2.0897651499000000E+05
  2.8263868976090001E+06   2.7490070584100001E+06  -2.0778087888199999E+05
  2.8271695449999999E+06   2.7484007083350001E+06  -2.0550424039600001E+05
  2.8280680617620000E+06   2.7503320485439999E+06  -2.0664151901399999E+05
  2.8272681479310002E+06   2.7509075915990002E+06  -2.0890530644300001E+05
  2.8289397005779999E+06   2.7522490908079999E+06  -2.0780684327899999E+05
  2.8510148447639998E+06   2.7014577307839999E+06  -1.1472902474600000E+05
  2.8527865621710001E+06   2.7027481145799998E+06  -1.1367846964200000E+05
  2.8520843428030000E+06   2.7007060095819999E+06  -1.1260234259200000E+05
  2.8538091553020002E+06   2.7019696634040000E+06  -1.1158116071300000E+05
  2.8531373116500000E+06   2.6999732756389999E+06  -1.1051667597800000E+05
  2.8547988159119999E+06   2.7011885731360000E+06  -1.0952544927200000E+05
  2.9336846865420002E+06   2.7953257451760001E+06  -8.2918673016999994E+04
  2.8281139426879999E+06   2.7527849031730001E+06  -2.1006050452200000E+05
  2.8297871943830000E+06   2.7541634346110001E+06  -2.0901184551899999E+05
  2.8306283807780002E+06   2.7536240400999999E+06  -2.0672525480800000E+05
  2.8314750988309998E+06   2.7555650271910001E+06  -2.0796969166700001E+05
  2.8306284639909999E+06   2.7560811791160000E+06  -2.1023292402400001E+05
  2.8323042742820000E+06   2.7574681247000000E+06  -2.0925248996000001E+05
  2.8332038023170000E+06   2.7569674594910000E+06  -2.0700358519899999E+05
  2.8340104308799999E+06   2.7588433172249999E+06  -2.0836433898199999E+05
  2.8329562242620001E+06   2.7592694189080000E+06  -2.1068660102999999E+05
  2.8346154291360001E+06   2.7607427724930001E+06  -2.0973174651299999E+05
  2.8357053220600002E+06   2.7602743088520002E+06  -2.0745301060000001E+05
  2.8363220920279999E+06   2.7622306923250002E+06  -2.0871787202499999E+05
  2.8352271492369999E+06   2.7626779363389998E+06  -2.1098027071899999E+05
  2.8369623890080000E+06   2.7641759179409998E+06  -2.0993234143000000E+05
  2.8663278503290000E+06   2.7664957731220000E+06  -1.5983345482099999E+05
  2.9231062206669999E+06   2.8379128026270000E+06  -1.2439556264400001E+05
  2.8360038433550000E+06   2.7645833658110001E+06  -2.1215765129099999E+05
  2.8376574586299998E+06   2.7661144169279998E+06  -2.1113918850700001E+05
  2.8386508643490002E+06   2.7656631975719999E+06  -2.0894676813800001E+05
  2.8393018523090002E+06   2.7676163448359999E+06  -2.1015327763800000E+05
  2.8541280196659998E+06   2.6992627693030001E+06  -1.0853100655999999E+05
  2.8557423204180002E+06   2.7003734086830001E+06  -1.0749959531600001E+05
  2.8384494855849999E+06   2.7680097233279999E+06  -2.1236208102799999E+05
  2.8400641597199999E+06   2.7695067529250002E+06  -2.1137059566299999E+05
  2.8409630650630002E+06   2.7690892857750002E+06  -2.0919474295499999E+05
  2.8416442205139999E+06   2.7710158471980002E+06  -2.1039564627200001E+05
  2.8425108175670002E+06   2.7706214709219998E+06  -2.0819569024299999E+05
  2.8431142677040002E+06   2.7725815815030001E+06  -2.0939588850800000E+05
  2.8439848989680000E+06   2.7722123746389998E+06  -2.0720671280800001E+05
  2.8445860671420000E+06   2.7741660421899999E+06  -2.0838889814899999E+05
  2.8437706703900001E+06   2.7745358465620000E+06  -2.1056190853700001E+05
  2.8452412266319999E+06   2.7761003987599998E+06  -2.0953099645899999E+05
  2.8444296803020001E+06   2.7764936145299999E+06  -2.1172704477800001E+05
  2.8459020492489999E+06   2.7780402297609998E+06  -2.1066913948600000E+05
  2.8467128327670000E+06   2.7776762050979999E+06  -2.0851247421300001E+05
  2.8473759163620002E+06   2.7795951631510002E+06  -2.0961889064600001E+05
  2.8465766997050000E+06   2.7799958256669999E+06  -2.1179895243300000E+05
  2.8480526355189998E+06   2.7815151116280002E+06  -2.1069824626499999E+05
  2.8488510738100000E+06   2.7811599946969999E+06  -2.0857877608499999E+05
  2.8494262356190002E+06   2.7831053429530002E+06  -2.0958974948699999E+05
  2.8485706529330001E+06   2.7835409234719998E+06  -2.1174777370900000E+05
  2.8499295137439999E+06   2.7851302215310000E+06  -2.1059540362699999E+05
  2.8507762828469998E+06   2.7847120832030000E+06  -2.0847253067300000E+05
  2.8512953282110002E+06   2.7867334669269999E+06  -2.0944293564700001E+05
  2.8490740279919999E+06   2.7855944418560001E+06  -2.1278179662300000E+05
  2.8521411109230001E+06   2.7862878447710001E+06  -2.0733261374500001E+05
  2.8527029722469999E+06   2.7883124212610000E+06  -2.0824976939400000E+05
  2.8535260918660001E+06   2.7877784209220000E+06  -2.0611694449699999E+05
  2.8541443272560001E+06   2.7898351297510001E+06  -2.0695626975199999E+05
  2.8549184673859999E+06   2.7891861701980000E+06  -2.0480460982000001E+05
  2.8556051996579999E+06   2.7913163418950001E+06  -2.0558355712099999E+05
  2.8548115056500002E+06   2.7919854196449998E+06  -2.0779326665800001E+05
  2.8562619310539998E+06   2.7934179212230002E+06  -2.0639250875700000E+05
  2.8555663685160000E+06   2.7941728527380000E+06  -2.0849645654499999E+05
  2.8568113528629998E+06   2.7954946941800001E+06  -2.0714399997800001E+05
  2.8561275734509998E+06   2.7963883348150002E+06  -2.0903055401900000E+05
  2.8572827908270000E+06   2.7976521895909999E+06  -2.0773282666699999E+05
  2.8565543185350001E+06   2.7985086553000002E+06  -2.0967757184600001E+05
  2.8577532106659999E+06   2.7998419533020002E+06  -2.0834553864899999E+05
  2.8569943666719999E+06   2.8007132276260001E+06  -2.1035712705600000E+05
  2.8582455393349999E+06   2.8020767466040002E+06  -2.0894798648600001E+05
  2.8575111394110001E+06   2.8029764663020000E+06  -2.1093327522300000E+05
  2.8587710620180001E+06   2.8043544721730002E+06  -2.0951765302400000E+05
  2.8579445474569998E+06   2.8051727170509999E+06  -2.1159515668700001E+05
  2.8592117623080001E+06   2.8066110591660002E+06  -2.1010106020899999E+05
  2.8582186326799998E+06   2.8074289766250001E+06  -2.1219627263799999E+05
  2.8592348775120000E+06   2.8089440122270002E+06  -2.1060686469700001E+05
  2.8583494814499998E+06   2.8097394786279998E+06  -2.1264014568500000E+05
  2.8592911260040002E+06   2.8112420829110001E+06  -2.1108879113800000E+05
  2.8584025201340001E+06   2.8120007589989998E+06  -2.1311912027300001E+05
  2.8593401614799998E+06   2.8135051193599999E+06  -2.1157648005600000E+05
  2.8602198065920002E+06   2.8127762147579999E+06  -2.0957238068400000E+05
  2.8602698944489998E+06   2.8150497812250000E+06  -2.1006063873199999E+05
  2.8611659416379998E+06   2.8143162607470001E+06  -2.0806606774800000E+05
  2.8612009797290000E+06   2.8166322801290001E+06  -2.0855185306699999E+05
  2.8603104574620002E+06   2.8172794850059999E+06  -2.1055713072600000E+05
  2.8612412374149999E+06   2.8188925916860001E+06  -2.0905439352200000E+05
  2.8602426615450000E+06   2.8194855332869999E+06  -2.1103825035799999E+05
  2.8609885145160002E+06   2.8211806868779999E+06  -2.0951646685800000E+05
  2.8619775509899999E+06   2.8205550126990001E+06  -2.0752083169100000E+05
  2.8617094706279999E+06   2.8228568393939999E+06  -2.0795247942399999E+05
  2.8626725624569999E+06   2.8221563260720000E+06  -2.0591658952099999E+05
  2.8624034498689999E+06   2.8244923737410000E+06  -2.0634827381799999E+05
  2.8614353676959998E+06   2.8251569476370001E+06  -2.0839724928300001E+05
  2.8621367276909999E+06   2.8268183382910001E+06  -2.0677543988799999E+05
  2.8628473563460000E+06   2.8284148347669998E+06  -2.0513776500700001E+05
  2.8626113003179999E+06   2.8307701744450000E+06  -2.0549679281799999E+05
  2.8635712065860000E+06   2.8299684691050001E+06  -2.0347427193399999E+05
  2.8632794478819999E+06   2.8323172152010002E+06  -2.0373928785399999E+05
  2.8643135423809998E+06   2.8314456462750002E+06  -2.0177574115200000E+05
  2.8638982736160001E+06   2.8338017214360000E+06  -2.0192795796800000E+05
  2.8650621269689999E+06   2.8328143977780002E+06  -2.0004585453600000E+05
  2.8648203720089998E+06   2.8351817738410002E+06  -2.0021986758399999E+05
  2.8660280669320002E+06   2.8340344328359999E+06  -1.9835062559099999E+05
  2.8658770949869999E+06   2.8363853076960002E+06  -1.9843919961899999E+05
  2.8670161189190000E+06   2.8351783397570001E+06  -1.9664896678700001E+05
  2.8669551083829999E+06   2.8375128364670002E+06  -1.9662965454600001E+05
  2.8680445629880000E+06   2.8385726888580001E+06  -1.9480672611799999E+05
  2.8680513078609998E+06   2.8409944745230000E+06  -1.9461889162000001E+05
  2.8691139765740000E+06   2.8395828462899998E+06  -1.9298701513600000E+05
  2.8691898559869998E+06   2.8419981408970002E+06  -1.9272141576599999E+05
  2.8701857216280000E+06   2.8405584707660000E+06  -1.9114778642600001E+05
  2.8703280514890002E+06   2.8429277696409998E+06  -1.9082991688400001E+05
  2.8712677874500002E+06   2.8414950919730002E+06  -1.8929204516700000E+05
  2.8714228823350002E+06   2.8438277067280002E+06  -1.8897159685999999E+05
  2.8726146743109999E+06   2.8446470064579998E+06  -1.8713139843400000E+05
  2.8728910464770002E+06   2.8469489103399999E+06  -1.8677862898899999E+05
  2.8579716410409999E+06   2.7966665697079999E+06  -2.0577413617099999E+05
  2.8738455190929999E+06   2.8453496622540001E+06  -1.8526378725100000E+05
  2.8741392997340001E+06   2.8475780998689998E+06  -1.8483382776700001E+05
  2.8751296013719998E+06   2.8459648268840001E+06  -1.8331982328600000E+05
  2.8753852271159999E+06   2.8482404911409998E+06  -1.8289672124399999E+05
  2.8549799835069999E+06   2.6984405321050002E+06  -1.0658988282800000E+05
  2.8566477647290002E+06   2.6995040907080001E+06  -1.0547396343300000E+05
  2.8764066333639999E+06   2.8466668568250001E+06  -1.8138314397599999E+05
  2.8766207120800000E+06   2.8490180552610001E+06  -1.8099014754100001E+05
  2.8569163867370002E+06   2.8057623312590001E+06  -2.1381303701900001E+05
  2.8558052707570000E+06   2.6975397821189999E+06  -1.0459427205400000E+05
  2.8574749221660001E+06   2.6986192954040002E+06  -1.0340386690300000E+05
  2.8582898440939998E+06   2.7006901971249999E+06  -1.0426839491400000E+05
  2.8591189521110002E+06   2.6998650845130002E+06  -1.0211746535100001E+05
  2.8599241867399998E+06   2.7019582570119998E+06  -1.0302017903600000E+05
  2.8607721151430001E+06   2.7012001291789999E+06  -1.0090901661999999E+05
  2.8615685282680001E+06   2.7032431215470000E+06  -1.0177367701200000E+05
  2.8624067392099998E+06   2.7025140083340001E+06  -9.9707717759000006E+04
  2.8632008508959999E+06   2.7045304560449999E+06  -1.0054854557500000E+05
  2.8640356208400000E+06   2.7038182519749999E+06  -9.8505450670000006E+04
  2.8648892630710001E+06   2.7058159375789999E+06  -9.9392463065000004E+04
  2.8657830438689999E+06   2.7050834717700002E+06  -9.7419273339000007E+04
  2.8667085544520002E+06   2.7070004397490001E+06  -9.8336202896999996E+04
  2.8675995936690001E+06   2.7062732514760001E+06  -9.6372419049000004E+04
  2.8685152522249999E+06   2.7081764727779999E+06  -9.7286956025000007E+04
  2.8694197490820000E+06   2.7074542038309998E+06  -9.5339322417000003E+04
  2.8703278904370000E+06   2.7093624156289999E+06  -9.6247834401999993E+04
  2.8712613504570001E+06   2.7086287311499999E+06  -9.4325082236000002E+04
  2.8721535640969998E+06   2.7105103210910000E+06  -9.5224916125999996E+04
  2.8731066364610000E+06   2.7098078524810001E+06  -9.3311191303000000E+04
  2.8739735644729999E+06   2.7116785827819998E+06  -9.4230533462000007E+04
  2.8749675261590001E+06   2.7110463747250000E+06  -9.2253004214999994E+04
  2.8756665412690002E+06   2.7130238513610000E+06  -9.3170444776000004E+04
  2.8766523377870000E+06   2.7124663120619999E+06  -9.1221477564000001E+04
  2.8773655122540002E+06   2.7144139186970000E+06  -9.2089738738999993E+04
  2.8782770010660002E+06   2.7137345103500001E+06  -9.0128855420000007E+04
  2.8790282661899999E+06   2.7156282907699998E+06  -9.0890524883999999E+04
  2.8799681529500000E+06   2.7150274786629998E+06  -8.8965226964000001E+04
  2.8806812142559998E+06   2.7168883482200000E+06  -8.9749595610000004E+04
  2.8816252099150000E+06   2.7164021878960002E+06  -8.7929531713000004E+04
  2.8822990456309998E+06   2.7181836785329999E+06  -8.8673475959999996E+04
  2.8832427073760000E+06   2.7176197412029998E+06  -8.6865646466000006E+04
  2.8838435940830000E+06   2.7194507879679999E+06  -8.7641428237000000E+04
  2.8848520343399998E+06   2.7189125819750000E+06  -8.5784787022999997E+04
  2.8854387742940001E+06   2.7208641979999999E+06  -8.6696276796000006E+04
  2.8865292324750000E+06   2.7203604374440000E+06  -8.4741538679000005E+04
  2.8871107948280000E+06   2.7223382159600002E+06  -8.5698865686999998E+04
  2.8881984173980001E+06   2.7217811118520000E+06  -8.3686498789000005E+04
  2.8887957490110002E+06   2.7237906955639999E+06  -8.4664081420999995E+04
  2.8898598694730001E+06   2.7231479657250000E+06  -8.2605997271000000E+04
  2.8904932538910001E+06   2.7252332169410000E+06  -8.3602882557000004E+04
  2.8914955920770001E+06   2.7244581267749998E+06  -8.1511521294000006E+04
  2.8893857013770002E+06   2.7258647476369999E+06  -8.5711265371000001E+04
  2.8910907812810000E+06   2.7274009515720000E+06  -8.4721251078999994E+04
  2.8899527903370000E+06   2.7279444283650001E+06  -8.6793381114000003E+04
  2.8916335557160000E+06   2.7294759532460002E+06  -8.5818446442999993E+04
  2.8904954857270001E+06   2.7300105330550000E+06  -8.7882737638000006E+04
  2.8922065075610001E+06   2.7314738070560000E+06  -8.6804641164999994E+04
  2.8910401656820001E+06   2.7320558607669999E+06  -8.8944584229999993E+04
  2.8927671283740001E+06   2.7335200162800001E+06  -8.7851230830999993E+04
  2.8916246332569998E+06   2.7341252270069998E+06  -8.9931218762999997E+04
  2.8933254174859999E+06   2.7356403096250002E+06  -8.8917644029999996E+04
  2.8943924254970001E+06   2.7349654845159999E+06  -8.6876740992000006E+04
  2.8922031751549998E+06   2.7361794482890000E+06  -9.0912880235999997E+04
  2.8937650377369998E+06   2.7376972327190000E+06  -9.0045327711999998E+04
  2.8926738142769998E+06   2.7382199214460002E+06  -9.1941364623000001E+04
  2.8941443464440000E+06   2.7397482647030000E+06  -9.1048125172999993E+04
  2.8930651296680002E+06   2.7403033563859998E+06  -9.2951698948999998E+04
  2.8945691002830002E+06   2.7418598291449999E+06  -9.2033218097999998E+04
  2.8934573722239998E+06   2.7424180880300002E+06  -9.3984047646000006E+04
  2.8949657722479999E+06   2.7440106385369999E+06  -9.3086303165000005E+04
  2.8938657638010001E+06   2.7445207665140000E+06  -9.5057857143999994E+04
  2.8954019308810001E+06   2.7461357549879998E+06  -9.4154703049999996E+04
  2.8943367630820000E+06   2.7465544079829999E+06  -9.6212250274999999E+04
  2.8965492936930000E+06   2.7455704765169998E+06  -9.2205877684000006E+04
  2.8776554380990001E+06   2.8474631577340001E+06  -1.7948514993900000E+05
  2.8778858302429998E+06   2.8497533049730002E+06  -1.7905450757200000E+05
  2.8774996081989999E+06   2.8451653656600001E+06  -1.7980454142200001E+05
  2.8600272235909998E+06   2.6990119319679998E+06  -9.9728379298999993E+04
  2.8841247498209998E+06   2.7167539547210000E+06  -8.4938658362999995E+04
  2.8959607766049998E+06   2.7481339470620002E+06  -9.5360565371999997E+04
  2.8948618441220000E+06   2.7485436347260000E+06  -9.7420353294999994E+04
  2.8740637202639999E+06   2.7089208262649998E+06  -9.1196928790999998E+04
  2.8789076124330000E+06   2.8482160229010000E+06  -1.7758374637199999E+05
  2.8791384020099998E+06   2.8505018004470002E+06  -1.7715267357099999E+05
  2.8964973875199999E+06   2.7501060960169998E+06  -9.6575038767999999E+04
  2.8953975790809998E+06   2.7505238897279999E+06  -9.8644420190000004E+04
  2.8937569203189998E+06   2.7489486026260001E+06  -9.9484263829000003E+04
  2.8942784855499999E+06   2.7509276440730002E+06  -1.0072824994100000E+05
  2.8959251045149998E+06   2.7525072569639999E+06  -9.9883927463999993E+04
  2.8946920869220002E+06   2.7529684210339999E+06  -1.0191825094000000E+05
  2.8802675612090002E+06   2.8489074773929999E+06  -1.7579019551399999E+05
  2.8806262878109999E+06   2.8511637771919998E+06  -1.7541510904700001E+05
  2.8961767346000001E+06   2.7546792256450001E+06  -1.0095685502900000E+05
  2.8948349818270002E+06   2.7551523588870000E+06  -1.0296570584300000E+05
  2.8901973749050000E+06   2.7982143530120002E+06  -1.4758745686400001E+05
  2.8915753116629999E+06   2.7387292862249999E+06  -9.3837536814000006E+04
  2.8817089379380001E+06   2.8495007104449999E+06  -1.7405564328600001E+05
  2.8821508435050002E+06   2.8518065215050001E+06  -1.7373791034900001E+05
  2.8926424383879998E+06   2.7493426631749999E+06  -1.0155129876200001E+05
  2.8831790416999999E+06   2.8501028904019999E+06  -1.7228655438900000E+05
  2.8836962229060000E+06   2.8525714858269999E+06  -1.7205712703500001E+05
  2.8962992464810000E+06   2.7568929379250002E+06  -1.0204757856700000E+05
  2.8949558125350000E+06   2.7573274483920000E+06  -1.0403680713200000E+05
  2.8846919468250000E+06   2.8508929445300000E+06  -1.7060426883500000E+05
  2.8852551397640002E+06   2.8533080172140002E+06  -1.7035563525100000E+05
  2.8861950289599998E+06   2.8516300996670001E+06  -1.6896831820700000E+05
  2.8867990905920002E+06   2.8538980810790001E+06  -1.6864673280900001E+05
  2.8877318013690002E+06   2.8521169391009999E+06  -1.6721111037000001E+05
  2.8883028976179999E+06   2.8544829008800001E+06  -1.6687558160100001E+05
  2.8892925876690000E+06   2.8527433825550000E+06  -1.6536792114699999E+05
  2.8898032722829999E+06   2.8551673454519999E+06  -1.6511677968899999E+05
  2.8908192823390001E+06   2.8535778655829998E+06  -1.6363507362000001E+05
  2.8912878697589999E+06   2.8558993558780001E+06  -1.6338515819500000E+05
  2.8923061389400000E+06   2.8543722869110000E+06  -1.6195059685999999E+05
  2.8927641720139999E+06   2.8566632727879998E+06  -1.6170653736200000E+05
  2.8937887217230001E+06   2.8551232473280001E+06  -1.6026543105399999E+05
  2.8942374765650001E+06   2.8574390144320000E+06  -1.6003587741799999E+05
  2.8952514302980001E+06   2.8558754150600000E+06  -1.5860436942000000E+05
  2.8957245465270001E+06   2.8582344669249998E+06  -1.5840081159999999E+05
  2.8763619443029999E+06   2.7150693855699999E+06  -9.4158999381000001E+04
  2.8968506199530000E+06   2.8566192239660001E+06  -1.5705010364399999E+05
  2.8973956760990000E+06   2.8589811774900001E+06  -1.5686182727199999E+05
  2.8811905074450001E+06   2.8534420330590000E+06  -1.7514196624899999E+05
  2.8963863182649999E+06   2.7590665031599998E+06  -1.0316164210800000E+05
  2.8950715496009998E+06   2.7594923429390001E+06  -1.0510876493600001E+05
  2.8985320004840000E+06   2.8573936938740001E+06  -1.5550511113199999E+05
  2.8909412650000001E+06   2.7224762776020002E+06  -8.0595659780999995E+04
  2.8925745154050002E+06   2.7237959442130001E+06  -7.9505030648000000E+04
  2.8920554484020001E+06   2.7218301885520001E+06  -7.8571447010999997E+04
  2.8938191788300001E+06   2.7231312983180000E+06  -7.7541395185999994E+04
  2.8932694548310000E+06   2.7210512812770000E+06  -7.6588156352000005E+04
  2.8950045041439999E+06   2.7222490628160001E+06  -7.5524667384999993E+04
  2.8944438333299998E+06   2.7201796332950001E+06  -7.4591904706000001E+04
  2.8961516093230001E+06   2.7213691236700001E+06  -7.3553127095000003E+04
  2.8955772952999999E+06   2.7192797905959999E+06  -7.2620771907999995E+04
  2.8972957420640001E+06   2.7205168529269998E+06  -7.1605957722000006E+04
  2.8844858098019999E+06   2.8482545238819998E+06  -1.7074172348499999E+05
  2.9002408966709999E+06   2.8581737257610001E+06  -1.5393378182199999E+05
  2.8965225020360001E+06   2.7612093525020001E+06  -1.0423678947900000E+05
  2.8953927610610002E+06   2.7615425597520000E+06  -1.0630426631100000E+05
  2.8940686377550000E+06   2.7597596442189999E+06  -1.0726989679800000E+05
  2.8944173954360001E+06   2.7617942882849998E+06  -1.0847870799700000E+05
  2.8978647300310000E+06   2.7607615729390001E+06  -1.0233608481200000E+05
  2.8930949324889998E+06   2.7600185565169998E+06  -1.0944775359100000E+05
  2.8934446830460001E+06   2.7620526658470002E+06  -1.1065409095600000E+05
  2.8921241815149998E+06   2.7602855056550000E+06  -1.1162725058500000E+05
  2.8924752120289998E+06   2.7623192233660002E+06  -1.1283067717500000E+05
  2.8911543570559998E+06   2.7605561291100001E+06  -1.1380834067799999E+05
  2.9019390066310000E+06   2.8589369073330001E+06  -1.5237060438999999E+05
  2.8967989498709999E+06   2.7183435288709998E+06  -7.0773292132999995E+04
  2.8985417384529999E+06   2.7196165092179999E+06  -6.9771916274000003E+04
  2.8990232738279998E+06   2.7217821527660000E+06  -7.0602240411999999E+04
  2.9002874282220001E+06   2.7209072265189998E+06  -6.8778395560000004E+04
  2.9007663133319998E+06   2.7231201178299999E+06  -6.9639158626000004E+04
  2.9019547534389999E+06   2.7222566526060002E+06  -6.7696800818000003E+04
  2.9025736567380000E+06   2.7244236915899999E+06  -6.8602355758999998E+04
  2.9036994481859999E+06   2.7235592016289998E+06  -6.6633796849000006E+04
  2.9044108657709998E+06   2.7256339019530001E+06  -6.7471237714999996E+04
  2.9054825596440001E+06   2.7248186462019999E+06  -6.5603383063000001E+04
  2.9061475864140000E+06   2.7268162388550001E+06  -6.6432419213000001E+04
  2.9072234854939999E+06   2.7261040986509998E+06  -6.4641663475000001E+04
  2.9077849838310000E+06   2.7281174133060002E+06  -6.5601081844999993E+04
  2.9089479140200000E+06   2.7274282868400002E+06  -6.3729492259999999E+04
  2.9094910382130002E+06   2.7295174137849999E+06  -6.4770040119999998E+04
  2.9106958870979999E+06   2.7287838734490001E+06  -6.2815443432000000E+04
  2.9112858815460000E+06   2.7309402878479999E+06  -6.3856051439000003E+04
  2.9124674601360001E+06   2.7301261956560002E+06  -6.1902879761999997E+04
  2.9130482098770002E+06   2.7322927732960000E+06  -6.2923192294000000E+04
  2.9143203695709999E+06   2.7313880928010000E+06  -6.1071686030999997E+04
  2.9147965698370002E+06   2.7335848470000001E+06  -6.1942410586999998E+04
  2.9160578031469998E+06   2.7327230702740001E+06  -6.0111937550000002E+04
  2.9165115118450001E+06   2.7349207950060000E+06  -6.0986739697999998E+04
  2.9177888250420000E+06   2.7340787532680002E+06  -5.9171732840999997E+04
  2.9173190853889999E+06   2.7318503135259999E+06  -5.8265333031000002E+04
  2.9190602514069998E+06   2.7332231054679998E+06  -5.7325339840000001E+04
  2.9195147286040001E+06   2.7354488042710000E+06  -5.8245780572999996E+04
  2.9207958630740000E+06   2.7346124033309999E+06  -5.6401383789000000E+04
  2.9212290783870001E+06   2.7368310569500001E+06  -5.7324498940999998E+04
  2.9065946994220000E+06   2.7240310814520000E+06  -6.3711459561000003E+04
  2.9229335255410001E+06   2.7382233290010002E+06  -5.6412443317999998E+04
  2.8997982313279998E+06   2.7187172087619998E+06  -6.7942095568999997E+04
  2.8873890935379998E+06   2.8562013185399999E+06  -1.6828544808000000E+05
  2.8939510849330002E+06   2.7639957734240000E+06  -1.1195762001200000E+05
  2.8929662251229999E+06   2.7642747571419999E+06  -1.1412134771700000E+05
  2.8981363663229998E+06   2.7628230274450001E+06  -1.0345922118399999E+05
  2.8994348760299999E+06   2.7623853708730000E+06  -1.0149691716700001E+05
  2.8667148504340001E+06   2.7042261014379999E+06  -9.5258416251000002E+04
  2.8725728170719999E+06   2.7703632156380001E+06  -1.5251251959300000E+05
  2.9152464426350002E+06   2.7357549326809999E+06  -6.2757175938000000E+04
  2.8945067714470001E+06   2.7659132292360002E+06  -1.1328677008100000E+05
  2.8621060344560002E+06   2.7460888574470002E+06  -1.4505443515000000E+05
  2.9142054161809999E+06   2.8097873792829998E+06  -1.1824892059400000E+05
  2.9357514081040001E+06   2.7776909439989999E+06  -6.8304084879999995E+04
  2.9338811909800000E+06   2.7769123201890001E+06  -6.9654162685000003E+04
  2.9347909372709999E+06   2.7755251543310001E+06  -6.7915632601000005E+04
  2.9329609342200002E+06   2.7747243970140000E+06  -6.9284682820999995E+04
  2.8935189978680001E+06   2.7662013319859998E+06  -1.1544748255500000E+05
  2.9155829868810000E+06   2.7997714971360001E+06  -1.0887484380500000E+05
  2.9141021294129998E+06   2.7994182941430002E+06  -1.1060810944800000E+05
  2.8904060445880000E+06   2.8511844005680000E+06  -1.6381140432599999E+05
  2.8958605898429998E+06   2.8076896699460000E+06  -1.4456979784000001E+05
  2.9339166968700001E+06   2.7733145043219998E+06  -6.7575783064000003E+04
  2.9320992773360000E+06   2.7725149065279998E+06  -6.8933056245000000E+04
  2.9286777179919998E+06   2.8386529065009998E+06  -1.1779001710000000E+05
  2.9143192234809999E+06   2.7977380838839998E+06  -1.0898956316999999E+05
  2.9127959330290002E+06   2.7974159670279999E+06  -1.1080495691100000E+05
  2.9330598478210000E+06   2.7711100881289998E+06  -6.7222174654000002E+04
  2.9312455096709998E+06   2.7703083656440000E+06  -6.8575254446999999E+04
  2.9129964762249999E+06   2.7957069939420000E+06  -1.0918623329200000E+05
  2.9114919687480000E+06   2.7954175143269999E+06  -1.1100182464000001E+05
  2.8778796224179999E+06   2.7833517930279998E+06  -1.5603083793199999E+05
  2.9031444741810001E+06   2.8573735098509998E+06  -1.5094920436400000E+05
  2.8962603778039999E+06   2.8542058720700000E+06  -1.5727537185900001E+05
  2.8695104971610000E+06   2.7102310999619998E+06  -9.8265473606000000E+04
  2.9303009489850001E+06   2.7717039319159999E+06  -7.0296961005000005E+04
  2.9294498011510000E+06   2.7694920714019998E+06  -6.9939227927000000E+04
  2.9285027141270000E+06   2.7708882397759999E+06  -7.1664507285000000E+04
  2.9276506515390002E+06   2.7686741522940001E+06  -7.1306472410999995E+04
  2.9267050495050000E+06   2.7700699904629998E+06  -7.3030069883000004E+04
  2.9258509367769998E+06   2.7678563265610002E+06  -7.2674339204000004E+04
  2.9249080032270001E+06   2.7692521298610000E+06  -7.4395221808000002E+04
  2.9240499841379998E+06   2.7670397157520000E+06  -7.4044125260000001E+04
  2.9231103391149999E+06   2.7684342239999999E+06  -7.5760972949000003E+04
  2.9222450730150002E+06   2.7662237743529999E+06  -7.5413266396000006E+04
  2.9322114119970002E+06   2.7689100780949998E+06  -6.6862666230000003E+04
  2.8711324030089998E+06   2.8391294629839999E+06  -1.8957993062599999E+05
  2.8555077338250000E+06   2.7282040905820001E+06  -1.3671609574300001E+05
  2.9044416019020001E+06   2.8239380052430001E+06  -1.4116109264900000E+05
  2.9116919509649999E+06   2.7937130445309998E+06  -1.0938741068400000E+05
  2.9101986973350001E+06   2.7934298837770000E+06  -1.1119269336999999E+05
  2.9213394743579999E+06   2.7675954363529999E+06  -7.7161125018999999E+04
  2.9204412387339999E+06   2.7654084903279999E+06  -7.6771668615000002E+04
  2.9032544202430001E+06   2.8247272733209999E+06  -1.4301234523599999E+05
  2.9046697319129999E+06   2.8261704646749999E+06  -1.4181116255099999E+05
  2.8671231207360001E+06   2.8329446319019999E+06  -1.9652308964600001E+05
  2.9185381065770001E+06   2.8139143000540002E+06  -1.1555039534100000E+05
  2.8950544592459998E+06   2.7170714926410001E+06  -7.1776979560000007E+04
  2.8384287075580000E+06   2.6994329638950001E+06  -1.2823956181100001E+05
  2.8367181618240001E+06   2.6986354550930001E+06  -1.2947497782900000E+05
  2.8377072496659998E+06   2.7005654859369998E+06  -1.3021740975500000E+05
  2.8359430805150000E+06   2.6996979111400000E+06  -1.3149162503800000E+05
  2.8369477115300000E+06   2.7016635581749999E+06  -1.3228162041300000E+05
  2.8351849417320001E+06   2.7007997950030002E+06  -1.3357801539700001E+05
  2.8363144770869999E+06   2.7028026474239998E+06  -1.3433403482700000E+05
  2.8345449321889998E+06   2.7019419185070000E+06  -1.3559844900699999E+05
  2.8356245786779998E+06   2.7038311960550002E+06  -1.3635073874900001E+05
  2.8339476206029998E+06   2.7030245932499999E+06  -1.3755915018999999E+05
  2.8349876308590001E+06   2.7048782125980002E+06  -1.3832146655400001E+05
  2.8333128686299999E+06   2.7040599052430000E+06  -1.3951404178400000E+05
  2.8343866042559999E+06   2.7060096132330000E+06  -1.4034126814400000E+05
  2.8323313033030001E+06   2.7048730085359998E+06  -1.4165696996600000E+05
  2.8336175532189999E+06   2.7070606270750002E+06  -1.4248262973799999E+05
  2.8316983868029998E+06   2.7061787931100000E+06  -1.4370811947199999E+05
  2.8326911467419998E+06   2.7080807324239998E+06  -1.4448891841700001E+05
  2.8308421306210002E+06   2.7072457820400000E+06  -1.4565794454800000E+05
  2.8319101065219999E+06   2.7091684924969999E+06  -1.4637840512300000E+05
  2.8300581592899999E+06   2.7083697014629999E+06  -1.4758560236700001E+05
  2.8312247006089999E+06   2.7103045290259998E+06  -1.4828601281099999E+05
  2.8292623589730002E+06   2.7094814546579998E+06  -1.4951412641200001E+05
  2.8304775207850002E+06   2.7113638226129999E+06  -1.5035050542900001E+05
  2.8281685681070001E+06   2.7075269843350002E+06  -1.4879050921500000E+05
  2.8273595586210000E+06   2.7086165177610000E+06  -1.5071163489600000E+05
  2.8262865534750000E+06   2.7066586418960001E+06  -1.4996248202299999E+05
  2.8254538640290000E+06   2.7077656899730000E+06  -1.5186376888500000E+05
  2.8242402270670002E+06   2.7059586642280002E+06  -1.5096619552899999E+05
  2.8233936833050000E+06   2.7070984793489999E+06  -1.5286097575400001E+05
  2.8221903163359999E+06   2.7052832755789999E+06  -1.5194634925200001E+05
  2.8214338492919998E+06   2.7063236402610000E+06  -1.5395306068400000E+05
  2.8202153163899998E+06   2.7045400745140002E+06  -1.5299866776400001E+05
  2.8226583959120000E+06   2.7081139619359998E+06  -1.5490958437000000E+05
  2.8194772754950002E+06   2.7055417295110002E+06  -1.5504482235400000E+05
  2.8182632758800001E+06   2.7037500649600001E+06  -1.5407540801099999E+05
  2.8175116777670002E+06   2.7047502902050000E+06  -1.5613415444899999E+05
  2.8162905535260001E+06   2.7029508212950001E+06  -1.5516246729700000E+05
  2.8155354662090000E+06   2.7039367864179998E+06  -1.5720694379700001E+05
  2.8143097456060001E+06   2.7021266960649998E+06  -1.5622674866000001E+05
  2.8150774588649999E+06   2.7011570020079999E+06  -1.5418937615500001E+05
  2.8130156939130002E+06   2.7004491527339998E+06  -1.5515633781200001E+05
  2.8138350282790000E+06   2.6994487867379999E+06  -1.5318133554500001E+05
  2.8117027559250002E+06   2.6988551111369999E+06  -1.5402867561400001E+05
  2.8108547621100000E+06   2.6998321608350002E+06  -1.5599447509399999E+05
  2.8095220062660002E+06   2.6982048992650001E+06  -1.5483749439199999E+05
  2.8104567541550002E+06   2.6972670210660002E+06  -1.5285738229300000E+05
  2.8082933234359999E+06   2.6965561917599998E+06  -1.5357145760100000E+05
  2.8093203471289999E+06   2.6956764922509999E+06  -1.5161327943600001E+05
  2.8072152418840001E+06   2.6949161852460001E+06  -1.5222905182200001E+05
  2.8061448299230002E+06   2.6957697738569998E+06  -1.5417252548499999E+05
  2.8051244386390001E+06   2.6941312256700001E+06  -1.5280701122900000E+05
  2.8062396914610001E+06   2.6931655143639999E+06  -1.5093734924800001E+05
  2.8040533566370001E+06   2.6923476748970002E+06  -1.5154508401200001E+05
  2.8053423283609999E+06   2.6914081185409999E+06  -1.4958334256399999E+05
  2.8030494031570000E+06   2.6905275626670001E+06  -1.5019494195499999E+05
  2.8044848536700001E+06   2.6896499400249999E+06  -1.4820053714599999E+05
  2.8021152898200001E+06   2.6888782076010001E+06  -1.4863796917200001E+05
  2.8031070369819999E+06   2.6934401615300002E+06  -1.5343949763100001E+05
  2.8035216463070000E+06   2.6880595957860001E+06  -1.4672850603600001E+05
  2.8010985462540002E+06   2.6874851664430001E+06  -1.4695053023900001E+05
  2.8024637751389998E+06   2.6866789616669999E+06  -1.4507908237100000E+05
  2.8000750912460000E+06   2.6861104463379998E+06  -1.4529448339099999E+05
  2.7987210444609998E+06   2.6869038694099998E+06  -1.4714105330400000E+05
  2.9104325014749998E+06   2.7916876473420002E+06  -1.0957530375000001E+05
  2.9090026347639998E+06   2.7913908727690000E+06  -1.1147691392799999E+05
  2.9087673699710001E+06   2.7931334939330001E+06  -1.1308648738300000E+05
  2.9075972206520000E+06   2.7911979698180002E+06  -1.1341751495800000E+05
  2.9073388179620001E+06   2.7928055127170002E+06  -1.1496356358300000E+05
  2.9062258468430000E+06   2.7907914846780002E+06  -1.1520660885600001E+05
  2.9059983938340000E+06   2.7923982418829999E+06  -1.1685961935600000E+05
  2.9048832170389998E+06   2.7902974144210001E+06  -1.1708586270500001E+05
  2.8324907971560000E+06   2.7122084919900000E+06  -1.4914003603399999E+05
  2.8316997683750000E+06   2.7132586000239998E+06  -1.5124173086899999E+05
  2.9213683967590001E+06   2.7640221915980000E+06  -7.5033399527000001E+04
  2.9195685449569998E+06   2.7632028734990000E+06  -7.6403925824000005E+04
  2.9046616057690000E+06   2.7919853522729999E+06  -1.1879309312200001E+05
  2.9035219442880000E+06   2.7898951935190000E+06  -1.1906914399000000E+05
  2.9196426643460002E+06   2.7667170703420001E+06  -7.8609386859999999E+04
  2.9033388717870000E+06   2.8270231497399998E+06  -1.4366926741999999E+05
  2.9048180581800002E+06   2.8284853622559998E+06  -1.4239867004900001E+05
  2.8336980591640002E+06   2.7141370514710001E+06  -1.5008741845400000E+05
  2.8329028919210001E+06   2.7151539712959998E+06  -1.5215459400700001E+05
  2.8348909729530001E+06   2.7160332135820002E+06  -1.5101239079999999E+05
  2.8340977088179998E+06   2.7170384353789999E+06  -1.5306371830199999E+05
  2.9079563836110001E+06   2.7302489311009999E+06  -6.6817359060999996E+04
  2.9033229270710000E+06   2.7915908679979998E+06  -1.2074429383400000E+05
  2.9021843932820000E+06   2.7895014646140002E+06  -1.2101903504100000E+05
  2.8998101477440000E+06   2.7643920304470002E+06  -1.0272789313600000E+05
  2.8323961286160001E+06   2.7023173523929999E+06  -1.3872072999500000E+05
  2.8538956236200002E+06   2.6964584677289999E+06  -1.0571212170200000E+05
  2.8360712882030001E+06   2.7179070239340002E+06  -1.5192485738900001E+05
  2.8352843591700001E+06   2.7189116241959999E+06  -1.5396851725700000E+05
  2.9204883551830002E+06   2.7618220012790002E+06  -7.4657684255999993E+04
  2.9186942622000002E+06   2.7609984329260001E+06  -7.6038754476000002E+04
  2.9009764254310001E+06   2.7640410228690002E+06  -1.0072620183400001E+05
  2.8542834067859999E+06   2.7871405466990001E+06  -2.0400904997900000E+05
  2.8556347158120000E+06   2.7884460382490000E+06  -2.0266738771000001E+05
  2.8549733150570001E+06   2.7863740056799999E+06  -2.0186953359700000E+05
  2.8563514050659998E+06   2.7876987438110001E+06  -2.0048523921599999E+05
  2.8556923464690000E+06   2.7856281405890002E+06  -1.9968419538399999E+05
  2.8570984381129998E+06   2.7870159350910001E+06  -1.9830856619400001E+05
  2.8564863122419999E+06   2.7849913412080002E+06  -1.9746128809700001E+05
  2.8578554595369999E+06   2.7863873772749999E+06  -1.9616731717400000E+05
  2.8572629258710002E+06   2.7843797033279999E+06  -1.9529841025399999E+05
  2.8586097143959999E+06   2.7857893923630002E+06  -1.9406268102200000E+05
  2.8580279854410002E+06   2.7837669106540000E+06  -1.9315727057299999E+05
  2.8593492038449999E+06   2.7852058498600000E+06  -1.9195329842300000E+05
  2.8587655130710001E+06   2.7831341920630001E+06  -1.9102865972200001E+05
  2.8600812421740000E+06   2.7845793937220001E+06  -1.8980938615199999E+05
  2.8606278317519999E+06   2.7866902316649999E+06  -1.9068052473599999E+05
  2.8614106695929999E+06   2.7860528836440002E+06  -1.8856174034200000E+05
  2.8619297501800000E+06   2.7882521285460000E+06  -1.8943721679400001E+05
  2.8627614378970000E+06   2.7875458211599998E+06  -1.8729061977500000E+05
  2.8632962252989998E+06   2.7898032048530001E+06  -1.8815289391099999E+05
  2.8641221973310001E+06   2.7890205504720001E+06  -1.8598612630900001E+05
  2.8646741365530002E+06   2.7912640190369999E+06  -1.8680532147299999E+05
  2.8654689134680000E+06   2.7904573500399999E+06  -1.8467648458500000E+05
  2.8660361721520000E+06   2.7926853722450002E+06  -1.8545472990300000E+05
  2.8594953130299998E+06   2.7824712642680001E+06  -1.8890930754899999E+05
  2.8580562778830002E+06   2.7811043278939999E+06  -1.9005550335700001E+05
  2.8587440113920001E+06   2.7804052950789998E+06  -1.8796691680899999E+05
  2.8573189008410000E+06   2.7790348788100001E+06  -1.8909517669299999E+05
  2.8667882407689998E+06   2.7918438357730000E+06  -1.8337619220200001E+05
  2.8674134974030000E+06   2.7940706990450001E+06  -1.8404637835200000E+05
  2.8579783896180000E+06   2.7783087418180001E+06  -1.8701652566300001E+05
  2.8565359099940001E+06   2.7769360282689999E+06  -1.8818843068600001E+05
  2.8572245274780001E+06   2.7762157079260000E+06  -1.8604824053899999E+05
  2.8557978506660000E+06   2.7748724366120002E+06  -1.8723612046300000E+05
  2.8564669225539998E+06   2.7741234386390001E+06  -1.8509790928800000E+05
  2.8550448780359998E+06   2.7728673105720002E+06  -1.8637932859900000E+05
  2.8556436462670001E+06   2.7720180913280002E+06  -1.8426079274400001E+05
  2.8541436696319999E+06   2.7707695274709999E+06  -1.8569997647200001E+05
  2.8547769541910002E+06   2.7698794576099999E+06  -1.8346660148700001E+05
  2.8531520956629999E+06   2.7686094583080001E+06  -1.8488822469300000E+05
  2.8537932803859999E+06   2.7677981175600002E+06  -1.8264350167299999E+05
  2.8522226804979998E+06   2.7665153219699999E+06  -1.8394162251399999E+05
  2.8528849442050001E+06   2.7657401594779999E+06  -1.8180682641199999E+05
  2.8513634699829998E+06   2.7645161765210000E+06  -1.8305919702500000E+05
  2.8519833572189999E+06   2.7637207947709998E+06  -1.8100418442400001E+05
  2.8504934966420000E+06   2.7625552213480002E+06  -1.8226989890500001E+05
  2.8510659175069998E+06   2.7617021333499998E+06  -1.8023065456500000E+05
  2.8495795362490001E+06   2.7605668310360000E+06  -1.8152629943700001E+05
  2.8501336813190002E+06   2.7596593439070000E+06  -1.7945471114100001E+05
  2.8486434906790000E+06   2.7585248696650001E+06  -1.8075813836400001E+05
  2.8491969876020001E+06   2.7575985238990001E+06  -1.7866519384900000E+05
  2.8477001028339998E+06   2.7564644150399999E+06  -1.7998099590400001E+05
  2.8482759876569998E+06   2.7555220904689999E+06  -1.7782904920400001E+05
  2.8466948301380002E+06   2.7544283707440002E+06  -1.7922536350100001E+05
  2.8472332646670002E+06   2.7534544794290001E+06  -1.7705906941600001E+05
  2.8456226696469998E+06   2.7523981497840001E+06  -1.7852262997700000E+05
  2.8461059308950002E+06   2.7513872805349999E+06  -1.7640547164300000E+05
  2.8445251262329998E+06   2.7503580128620001E+06  -1.7785146927599999E+05
  2.8450037479019999E+06   2.7493530691149998E+06  -1.7573723487499999E+05
  2.8434316145489998E+06   2.7483281496720002E+06  -1.7717854166300001E+05
  2.8439266059559998E+06   2.7473463107810002E+06  -1.7504480267199999E+05
  2.8423566878880002E+06   2.7463193398710000E+06  -1.7647957691300000E+05
  2.8428604899269999E+06   2.7453495162350000E+06  -1.7434583649700001E+05
  2.8412900592629998E+06   2.7443162075049998E+06  -1.7577334939500000E+05
  2.8418001294490001E+06   2.7433583070009998E+06  -1.7364395432799999E+05
  2.8402246234710002E+06   2.7423158397990000E+06  -1.7506858711800000E+05
  2.8397210871509998E+06   2.7432782718839999E+06  -1.7719234226700000E+05
  2.8386446079380000E+06   2.7412703535330002E+06  -1.7649725226499999E+05
  2.8681910188429998E+06   2.7931333483630000E+06  -1.8177303334400000E+05
  2.8687569843090000E+06   2.7955083160850001E+06  -1.8263326079000000E+05
  2.8680196156239999E+06   2.7963521204630001E+06  -1.8476663567399999E+05
  2.8693548795150002E+06   2.7977414459030000E+06  -1.8331409611000001E+05
  2.8700681892829998E+06   2.7969508180280002E+06  -1.8127152024700001E+05
  2.8706317623339999E+06   2.7991464692110000E+06  -1.8187069672899999E+05
  2.8698451740469998E+06   2.8000039441820001E+06  -1.8391500707600001E+05
  2.8711146038739998E+06   2.8014018433630001E+06  -1.8242446362500000E+05
  2.8718885595749998E+06   2.8005405902900002E+06  -1.8040157458300001E+05
  2.8723809785810001E+06   2.8027866016980000E+06  -1.8093115083900001E+05
  2.8716081416280000E+06   2.8036568925359999E+06  -1.8295780151700001E+05
  2.8728784831190002E+06   2.8050364537499999E+06  -1.8145361170400001E+05
  2.8736474774779999E+06   2.8041576680520000E+06  -1.7942870092599999E+05
  2.8741464179580002E+06   2.8064040134109999E+06  -1.7994616759100000E+05
  2.8662788847010001E+06   2.7897066818980002E+06  -1.8256547941100001E+05
  2.8721091343189999E+06   2.8059116837660000E+06  -1.8347688056900000E+05
  2.8381472930049999E+06   2.7422440797450002E+06  -1.7862462487500001E+05
  2.8370592467930000E+06   2.7402301042169998E+06  -1.7794204995399999E+05
  2.8749118710340001E+06   2.8055103601609999E+06  -1.7791828372300000E+05
  2.8754132034840002E+06   2.8077615586970001E+06  -1.7843438463700001E+05
  2.8407419333339999E+06   2.7413685535370000E+06  -1.7294014554500001E+05
  2.8440627037330000E+06   2.7513548905290002E+06  -1.7991473770999999E+05
  2.8579843146210001E+06   2.7754556602300000E+06  -1.8377356100200000E+05
  2.9035234421529998E+06   2.8294088841300001E+06  -1.4423718476700000E+05
  2.9050440470639998E+06   2.8308151292309999E+06  -1.4297631122700000E+05
  2.9014817521870001E+06   2.7659536050590002E+06  -1.0199195015900000E+05
  2.9083022158630001E+06   2.8169178960380000E+06  -1.3224080285899999E+05
  2.8761291286749998E+06   2.8068519934720001E+06  -1.7637095151700001E+05
  2.8765074517130000E+06   2.8091254730130001E+06  -1.7680264769799999E+05
  2.8758099837989998E+06   2.8100454324180000E+06  -1.7887785159100001E+05
  2.8768908956030002E+06   2.8114187407630002E+06  -1.7723401687200001E+05
  2.8761967741069999E+06   2.8123487249269998E+06  -1.7930737439600000E+05
  2.8772802333049998E+06   2.8137204600000000E+06  -1.7765696394600000E+05
  2.8779723654560000E+06   2.8127765327440002E+06  -1.7558021951900001E+05
  2.8783664598039999E+06   2.8150783687820002E+06  -1.7599260373999999E+05
  2.8790552614059998E+06   2.8141249382000002E+06  -1.7391796311899999E+05
  2.8794583259459999E+06   2.8164263757910002E+06  -1.7431008013900000E+05
  2.8801394368540002E+06   2.8154678422269998E+06  -1.7224975754200001E+05
  2.8805524663080000E+06   2.8177627208799999E+06  -1.7261592429600001E+05
  2.8371529232919998E+06   2.7198545895630000E+06  -1.5277315965900000E+05
  2.9019952698289999E+06   2.7912052975380002E+06  -1.2270423092000000E+05
  2.9008507265639999E+06   2.7891371794139999E+06  -1.2298560719300000E+05
  2.9026160348860002E+06   2.7655696868759999E+06  -1.0000122332900000E+05
  2.9223580074390001E+06   2.8303961878430001E+06  -1.2103671196700000E+05
  2.8059131593360002E+06   2.6888445805390002E+06  -1.4629263259500000E+05
  2.8364299388970002E+06   2.7208085855040001E+06  -1.5484746418000001E+05
  2.8345325038569998E+06   2.7199118922919999E+06  -1.5602573463600001E+05
  2.8480688065889999E+06   2.7594738794740001E+06  -1.8291592399499999E+05
  2.8365671215260001E+06   2.7412174183169999E+06  -1.8007780588199999E+05
  2.8353928574939999E+06   2.7392635948770000E+06  -1.7937605959600001E+05
  2.8209957728329999E+06   2.6738156161610000E+06  -1.1616938045900001E+05
  2.9031531768999998E+06   2.7674864518880001E+06  -1.0122658058800000E+05
  2.8382088216579999E+06   2.7218119221990001E+06  -1.5359223770800000E+05
  2.9196041542270002E+06   2.7596252373339999E+06  -7.4288072044000000E+04
  2.9178176308450000E+06   2.7587968690909999E+06  -7.5678094322999998E+04
  2.8863855741599998E+06   2.7974407511550002E+06  -1.5339305928300001E+05
  2.8764920970219998E+06   2.8146716867470001E+06  -1.7968347022300001E+05
  2.8798728098419998E+06   2.8187258581570000E+06  -1.7465396689899999E+05
  2.8809834461309998E+06   2.8200509865750000E+06  -1.7293826739100000E+05
  2.8817888149379999E+06   2.8190517290779999E+06  -1.7100256378900001E+05
  2.8821703075779998E+06   2.8213435100719999E+06  -1.7126849172699999E+05
  2.9037545881400001E+06   2.8317779318390000E+06  -1.4478451547899999E+05
  2.9022438015870000E+06   2.8303732520900001E+06  -1.4607142246000000E+05
  2.9052889939710000E+06   2.8331590402670000E+06  -1.4355025880300000E+05
  2.9042900796289998E+06   2.7670502710819999E+06  -9.9178178186999998E+04
  2.9037735552490000E+06   2.7648969391279998E+06  -9.7904840647000005E+04
  2.9047135290060001E+06   2.7690770744650001E+06  -1.0036586558899999E+05
  2.8433955179420002E+06   2.7702604022340002E+06  -2.0601224153100001E+05
  2.8832353801600002E+06   2.8202639452419998E+06  -1.6949270175800001E+05
  2.8835039085889999E+06   2.8225643336840002E+06  -1.6965051310700001E+05
  2.8623692084880001E+06   2.7052574690530002E+06  -1.0260204991700000E+05
  2.8423199228200000E+06   2.7424124541250002E+06  -1.7151299679599999E+05
  2.9051853897719998E+06   2.7885080395579999E+06  -1.1516237966000001E+05
  2.9006899737640000E+06   2.7908086279920000E+06  -1.2469922664100000E+05
  2.8995056818619999E+06   2.7887702750809998E+06  -1.2496934271700001E+05
  2.8356917015960002E+06   2.7218201670050002E+06  -1.5688736961500000E+05
  2.8337946411110000E+06   2.7209231615470001E+06  -1.5807397362700000E+05
  2.8358912955700001E+06   2.7382734820679999E+06  -1.7721706760700000E+05
  2.8341033926619999E+06   2.7373946416710000E+06  -1.7862621396200001E+05
  2.8799395271879998E+06   2.8211297331449999E+06  -1.7481064115200000E+05
  2.9018761461330000E+06   2.7928607573440000E+06  -1.2444298658500001E+05
  2.8892955676790001E+06   2.7306555401599999E+06  -9.0116833635999996E+04
  2.9058252512480002E+06   2.7686848551550000E+06  -9.8286014744000000E+04
  2.9062166585530001E+06   2.7707048133879998E+06  -9.9461793472000005E+04
  2.8368230286929999E+06   2.7169808945980002E+06  -1.4984341435800001E+05
  2.8167680509870001E+06   2.7057486247399999E+06  -1.5818205434800001E+05
  2.9255337119890000E+06   2.8076164543329999E+06  -1.0101144578200000E+05
  2.9271432732110000E+06   2.8081514253230002E+06  -9.9225454945000005E+04
  2.9266408983560000E+06   2.8097530786379999E+06  -1.0097344701400000E+05
  2.9283006815570001E+06   2.8102636329879998E+06  -9.9257634030000001E+04
  2.9278480650960002E+06   2.8118303458270002E+06  -1.0105141299400000E+05
  2.9294856479819999E+06   2.8123516718319999E+06  -9.9344381492999993E+04
  2.9290642938350001E+06   2.8139039292669999E+06  -1.0114927049200000E+05
  2.9306690959749999E+06   2.8144452221889999E+06  -9.9436906168000001E+04
  2.9302795759430001E+06   2.8159829847419998E+06  -1.0125324123600000E+05
  2.9318522511490001E+06   2.8165448886839999E+06  -9.9534179363000003E+04
  2.9323479101200001E+06   2.8149467542260000E+06  -9.7792882618999996E+04
  2.9335231460179999E+06   2.8170482087209998E+06  -9.7900898490000007E+04
  2.9340192266299999E+06   2.8154432145949998E+06  -9.6154164632999993E+04
  2.9352201224659998E+06   2.8175205489460002E+06  -9.6286357864999998E+04
  2.9357281010440001E+06   2.8159099355520001E+06  -9.4543456244999994E+04
  2.9369414073950001E+06   2.8179676223990000E+06  -9.4689647186999995E+04
  2.9374503701240001E+06   2.8163630321550001E+06  -9.2950041696000000E+04
  2.9386623878730000E+06   2.8184093307240000E+06  -9.3089361246999993E+04
  2.9391770860359999E+06   2.8168196818880001E+06  -9.1354252273000006E+04
  2.9381273230860000E+06   2.8200440068270001E+06  -9.4800028537000006E+04
  2.9398178485180000E+06   2.8204863365389998E+06  -9.3168438896000007E+04
  2.9392297615129999E+06   2.8221642505040001E+06  -9.4829745905000003E+04
  2.9409181904110000E+06   2.8226072219250002E+06  -9.3200890394000002E+04
  2.9403551382780001E+06   2.8242905327909999E+06  -9.4837346560000005E+04
  2.9420657540250001E+06   2.8247640480999998E+06  -9.3201848612999995E+04
  2.9414817777479999E+06   2.8264156335470001E+06  -9.4842825794000004E+04
  2.9398005334859998E+06   2.8259554568909998E+06  -9.6453351825000005E+04
  2.8349122043180000E+06   2.7402612343799998E+06  -1.8151929629999999E+05
  2.8791748836349999E+06   2.7129109623079998E+06  -8.8047733663000006E+04
  2.9024814655559999E+06   2.8327647411290002E+06  -1.4658295653100000E+05
  2.9009968150140001E+06   2.8313777808380001E+06  -1.4788020956500000E+05
  2.9206218072650000E+06   2.7688493423970002E+06  -7.9069253635999994E+04
  2.8845578330700002E+06   2.8214665855410001E+06  -1.6788047949699999E+05
  2.8848296272280002E+06   2.8237571921540000E+06  -1.6803877092499999E+05
  2.8465796578050000E+06   2.7503545842160000E+06  -1.7425915597699999E+05
  2.9187172984460001E+06   2.7574329610509998E+06  -7.3923666396999994E+04
  2.9169400028499998E+06   2.7565984392579999E+06  -7.5320542786000005E+04
  2.9161006076600002E+06   2.7579306191670001E+06  -7.7122631529999999E+04
  2.9152228798770001E+06   2.7557319871279998E+06  -7.6763943549999996E+04
  2.8553686197770000E+06   2.7690212167759999E+06  -1.8129661155300000E+05
  2.8497599548180001E+06   2.7567240413919999E+06  -1.7661727033800000E+05
  2.8049851949149999E+06   2.7220618082140000E+06  -1.9878320208900000E+05
  2.9340202001459999E+06   2.7697106406660001E+06  -6.5514428167999999E+04
  2.9331763334740000E+06   2.7675149353640000E+06  -6.5152754868999997E+04
  2.8412710158520001E+06   2.7404387111720000E+06  -1.7081349111700000E+05
  2.8428487649460002E+06   2.7414812672400000E+06  -1.6938503314499999E+05
  2.9143852251169998E+06   2.7570685396819999E+06  -7.8567875025000001E+04
  2.9135110995270000E+06   2.7548686006939998E+06  -7.8199629581000001E+04
  2.8346087220200002E+06   2.7363925024060002E+06  -1.7643974969900001E+05
  2.8328071803350002E+06   2.7355193677280000E+06  -1.7787739084499999E+05
  2.8556280385739999E+06   2.7991302160519999E+06  -2.1183192672799999E+05
  2.9005481787100001E+06   2.7924707679740000E+06  -1.2641750105799999E+05
  2.8575326953719999E+06   2.7233451139799999E+06  -1.2757133891200001E+05
  2.9119009377469998E+06   2.7279606514059999E+06  -6.0921453350000003E+04
  2.8858791264320002E+06   2.8226233592340001E+06  -1.6625922686699999E+05
  2.8861410505700000E+06   2.8249180040980000E+06  -1.6643973864200001E+05
  2.8871827017899998E+06   2.8237473081919998E+06  -1.6466024723000001E+05
  2.8874329984849999E+06   2.8260695766690001E+06  -1.6486640010599999E+05
  2.8582130273230001E+06   2.7427926571109998E+06  -1.4827479705699999E+05
  2.9192812415580000E+06   2.8317803915400002E+06  -1.2582334798900000E+05
  2.8360276492380002E+06   2.6875004516179999E+06  -1.1724526248999999E+05
  2.8350072343080002E+06   2.6856544520970001E+06  -1.1610356334700000E+05
  2.8364637374240002E+06   2.7069355950509999E+06  -1.3876283597499999E+05
  2.9017587978070001E+06   2.7945148564720000E+06  -1.2617728021400000E+05
  2.9073930113659999E+06   2.7702592880330002E+06  -9.7407216159999996E+04
  2.9077532451829999E+06   2.7722849720689999E+06  -9.8572380799000006E+04
  2.9118507271920000E+06   2.7920393743079999E+06  -1.0785323238800000E+05
  2.8851155532120001E+06   2.8260781432989999E+06  -1.6819348335699999E+05
  2.8147921824360001E+06   2.7049335864430000E+06  -1.5925254530900001E+05
  2.8160339414889999E+06   2.7067556149129998E+06  -1.6023075973300001E+05
  2.8140614389160001E+06   2.7059458861730001E+06  -1.6130436951300001E+05
  2.8153224513369999E+06   2.7077766512620002E+06  -1.6226051925899999E+05
  2.8133546651280001E+06   2.7069808982660002E+06  -1.6335208028600001E+05
  2.8146522107630000E+06   2.7087869718800001E+06  -1.6429871696900000E+05
  2.8127722165939999E+06   2.7079289770559999E+06  -1.6545616931000000E+05
  2.8140835017670002E+06   2.7096987819260000E+06  -1.6637652566900000E+05
  2.8122047295969999E+06   2.7088914476580000E+06  -1.6755904280500000E+05
  2.8135667595440000E+06   2.7106088647190002E+06  -1.6838481204300001E+05
  2.8108169437150001E+06   2.7071370514900000E+06  -1.6663061348100001E+05
  2.8153694201030000E+06   2.7114412954899999E+06  -1.6728932200200000E+05
  2.8147869531930001E+06   2.7122673964860002E+06  -1.6925844696599999E+05
  2.8166114441209999E+06   2.7131934209280000E+06  -1.6827286616000001E+05
  2.8158988457860001E+06   2.7140022067990000E+06  -1.7038416581800001E+05
  2.8178560709830001E+06   2.7149789466920001E+06  -1.6930231894800000E+05
  2.8171525106520001E+06   2.7158522387279999E+06  -1.7149711257100001E+05
  2.8191654084560000E+06   2.7168000042719999E+06  -1.7030077971100001E+05
  2.8185514951020000E+06   2.7177357742189998E+06  -1.7247218696299999E+05
  2.8546945082840002E+06   2.7114943646740001E+06  -1.2058406119900000E+05
  2.8205121619070000E+06   2.7186267263540002E+06  -1.7124636156399999E+05
  2.8199329308940000E+06   2.7196255442639999E+06  -1.7335421658099999E+05
  2.8525446966599999E+06   2.7628591346209999E+06  -1.7897447043399999E+05
  2.9010643221930000E+06   2.7874027503089998E+06  -1.2125521917300000E+05
  2.8369360094090002E+06   2.6868003718229998E+06  -1.1520788797400000E+05
  2.8360182333940002E+06   2.6848475483070002E+06  -1.1414494651100000E+05
  2.9012441518379999E+06   2.8337560536739998E+06  -1.4837129361699999E+05
  2.8813901931520002E+06   2.7189175666499999E+06  -9.0646001359000002E+04
  2.9050935331210000E+06   2.7710967347769998E+06  -1.0155915741000000E+05
  2.8237034607750000E+06   2.6852306880819998E+06  -1.2767324420400000E+05
  2.8216392002090001E+06   2.6844699581519999E+06  -1.2859016576800001E+05
  2.9089790098130000E+06   2.7717703659930001E+06  -9.6519528325000007E+04
  2.9093530503210002E+06   2.7738350670309998E+06  -9.7697975296000004E+04
  2.9126767755410001E+06   2.7562078773240000E+06  -8.0001674650000001E+04
  2.9117997904599998E+06   2.7540078258300000E+06  -7.9636407017999998E+04
  2.9126351914329999E+06   2.7526679071809999E+06  -7.7832716398999997E+04
  2.9109224144230001E+06   2.7518075564919999E+06  -7.9271454350999993E+04
  2.8379261141220001E+06   2.6860576434900002E+06  -1.1320487265700000E+05
  2.8370545776399998E+06   2.6840727422630000E+06  -1.1218999994199999E+05
  2.8389800831340002E+06   2.6852815798539999E+06  -1.1122869966600000E+05
  2.8381139270449998E+06   2.6833046382740000E+06  -1.1021576162799999E+05
  2.8400445864370000E+06   2.6845096138769998E+06  -1.0924473027000000E+05
  2.8391803488650001E+06   2.6825288794510001E+06  -1.0822579459700000E+05
  2.8411029634210002E+06   2.6837151299230000E+06  -1.0724498865699999E+05
  2.8401444443480000E+06   2.6818329926880002E+06  -1.0614454594500001E+05
  2.8419588965360001E+06   2.6830943476869999E+06  -1.0509384529300001E+05
  2.8409972633190001E+06   2.6812190935350000E+06  -1.0398012693100001E+05
  2.8427951025950001E+06   2.6824638622260001E+06  -1.0293207270600001E+05
  2.8418438607750000E+06   2.6805955013100002E+06  -1.0181187934699999E+05
  2.8436369194450001E+06   2.6818331360399998E+06  -1.0076131819599999E+05
  2.8426887918030000E+06   2.6799660153470002E+06  -9.9638041437000007E+04
  2.8444998647119999E+06   2.6811813617119999E+06  -9.8599967692999999E+04
  2.8435353842580002E+06   2.6793322095410000E+06  -9.7455662358000001E+04
  2.8454063039890002E+06   2.6804806760260002E+06  -9.6481270906000005E+04
  2.8444271119140000E+06   2.6786453444460002E+06  -9.5323788730999993E+04
  2.8463167962329998E+06   2.6797812852179999E+06  -9.4358987317000006E+04
  2.8425892162299999E+06   2.6774674503640002E+06  -9.6332634151999999E+04
  2.8434544726649998E+06   2.6768127256519999E+06  -9.4161330650000004E+04
  2.8416200067469999E+06   2.6756353122939998E+06  -9.5172080642000001E+04
  2.8424968028400000E+06   2.6749765489460002E+06  -9.2994262564999997E+04
  2.8405689157679998E+06   2.6739088213869999E+06  -9.3902147601999997E+04
  2.8415467533350000E+06   2.6731393882970000E+06  -9.1817297953000001E+04
  2.8395864250139999E+06   2.6721129722270002E+06  -9.2692812539999999E+04
  2.8425525751479999E+06   2.6723415636209999E+06  -8.9758663268999997E+04
  2.8387076330710002E+06   2.6727661224179999E+06  -9.4860641470000002E+04
  2.8383049480710002E+06   2.6805413329030001E+06  -1.0719189792400000E+05
  2.8418050095930002E+06   2.7395161750730001E+06  -1.6868761978400001E+05
  2.8434795335990000E+06   2.7404744584240001E+06  -1.6730722778700001E+05
  2.9032870662420001E+06   2.7266476877569999E+06  -6.9289234433999998E+04
  2.8514979728379999E+06   2.7671929484970002E+06  -1.8617637237699999E+05
  2.8333173728809999E+06   2.7345186086490001E+06  -1.7568564895800001E+05
  2.9106101225510002E+06   2.7732745360860000E+06  -9.5566059848999997E+04
  2.9109619344400000E+06   2.7754151365390001E+06  -9.6837103508000000E+04
  2.9122282136659999E+06   2.7748811500900001E+06  -9.4722671793000001E+04
  2.8140141942320000E+06   2.7128746420370000E+06  -1.7115002355000001E+05
  2.9178155543120001E+06   2.7552519736090000E+06  -7.3548238479000007E+04
  2.9196100231550001E+06   2.7560777335810000E+06  -7.2167540015000006E+04
  2.8856147218499999E+06   2.8203781288190000E+06  -1.6611432869200001E+05
  2.9003742796910000E+06   2.7941598024309999E+06  -1.2810045839900000E+05
  2.8102405527940001E+06   2.7081009251600001E+06  -1.6872918100499999E+05
  2.8088641149660000E+06   2.7063974860899998E+06  -1.6786207888700001E+05
  2.8472959092089999E+06   2.6816209054279998E+06  -9.5522274535000004E+04
  2.8482075445309998E+06   2.6809197188450000E+06  -9.3396106471999999E+04
  2.8229730835719998E+06   2.6862668870589999E+06  -1.2965763905400000E+05
  2.8209152631979999E+06   2.6855840619810000E+06  -1.3055978311200000E+05
  2.8230394790190002E+06   2.7041579484689999E+06  -1.5006462653099999E+05
  2.8949713186760000E+06   2.7678924540080000E+06  -1.1456202319900000E+05
  2.8937924578359998E+06   2.7682966443210002E+06  -1.1660954538600000E+05
  2.8923370723959999E+06   2.7666052376350001E+06  -1.1749932894500000E+05
  2.8926177293409999E+06   2.7687021744789998E+06  -1.1866321366700000E+05
  2.8912398560100002E+06   2.7669626577840000E+06  -1.1960815826900001E+05
  2.8915879688960002E+06   2.7690277899239999E+06  -1.2081609975700000E+05
  2.8901838784170002E+06   2.7672895924089998E+06  -1.2174784174000000E+05
  2.8905477133050002E+06   2.7693364301900002E+06  -1.2297286813200000E+05
  2.8890710311770001E+06   2.7676326466440000E+06  -1.2384990962799999E+05
  2.8894396838380001E+06   2.7696685215590000E+06  -1.2507679603300001E+05
  2.8879572000679998E+06   2.7679722365879999E+06  -1.2595046498400001E+05
  2.8883245790129998E+06   2.7700033162750001E+06  -1.2717511557900000E+05
  2.8868455148450001E+06   2.7683147578599998E+06  -1.2805018157099999E+05
  2.8864788868040000E+06   2.7662872596700001E+06  -1.2682752416900000E+05
  2.8853693310320000E+06   2.7666323053029999E+06  -1.2892606437399999E+05
  2.8850047746489998E+06   2.7646076585510001E+06  -1.2770261645800000E+05
  2.8838953142610001E+06   2.7649515218580002E+06  -1.2979994493600000E+05
  2.8834906892160000E+06   2.7629520270799999E+06  -1.2855513388900000E+05
  2.8823564702829998E+06   2.7633109803950000E+06  -1.3063360022300000E+05
  2.8819029794319998E+06   2.7613420918500000E+06  -1.2935479185100000E+05
  2.8807032902810001E+06   2.7617396999369999E+06  -1.3138429329400000E+05
  2.8802513980800002E+06   2.7597716701270002E+06  -1.3010376977200000E+05
  2.8872113769290000E+06   2.7703405517890002E+06  -1.2927254968200000E+05
  2.8790535226070001E+06   2.7601685929060001E+06  -1.3213087132999999E+05
  2.8786029900260000E+06   2.7582015931040002E+06  -1.3084872847099999E+05
  2.8797993664469998E+06   2.7578001452750000E+06  -1.2882041510499999E+05
  2.8781547404640000E+06   2.7562312919390001E+06  -1.2956136825100001E+05
  2.8793465083989999E+06   2.7558253598690000E+06  -1.2753504611200000E+05
  2.8777054895640002E+06   2.7542568389329999E+06  -1.2827137316200000E+05
  2.8788923991760002E+06   2.7538467670009998E+06  -1.2624771734800001E+05
  2.8772544163870001E+06   2.7522784627979998E+06  -1.2698008987200000E+05
  2.8784355825399999E+06   2.7518638921810002E+06  -1.2495996789099999E+05
  2.8768352154750000E+06   2.7502725446190001E+06  -1.2572132163900000E+05
  2.8780166878350000E+06   2.7498482234459999E+06  -1.2371099358200000E+05
  2.8764189214130002E+06   2.7482573630900001E+06  -1.2447151966200001E+05
  2.8775938185299998E+06   2.7478275374650001E+06  -1.2246526429000001E+05
  2.8759971244830000E+06   2.7462402211320000E+06  -1.2322751993100000E+05
  2.8771654967490002E+06   2.7458055343700000E+06  -1.2122584980000000E+05
  2.8755692807280002E+06   2.7442232403290002E+06  -1.2199199044300000E+05
  2.8767180017990000E+06   2.7437946027370002E+06  -1.1998546148800000E+05
  2.8751342129620002E+06   2.7422083096050001E+06  -1.2076826048100000E+05
  2.8762398164639999E+06   2.7418046818209998E+06  -1.1873924994700000E+05
  2.8746552389989998E+06   2.7402227362859999E+06  -1.1953308971900000E+05
  2.8757566787029998E+06   2.7398170059159999E+06  -1.1750258149600000E+05
  2.8741845685129999E+06   2.7382276082250001E+06  -1.1832032113600000E+05
  2.8752916185280001E+06   2.7378153617690001E+06  -1.1629183760899999E+05
  2.8737209892819999E+06   2.7362205188839999E+06  -1.1713365605799999E+05
  2.8748315400530002E+06   2.7358050092480001E+06  -1.1509692754000000E+05
  2.8732479450470000E+06   2.7342085244109998E+06  -1.1595645971200000E+05
  2.8743668281709999E+06   2.7337912258480000E+06  -1.1390569087999999E+05
  2.8727686365470001E+06   2.7321908370409999E+06  -1.1478324478800000E+05
  2.8738983835060000E+06   2.7317733334090002E+06  -1.1271615719000000E+05
  2.8722885449740002E+06   2.7301703816640000E+06  -1.1360860670300000E+05
  2.8759591689060000E+06   2.7353939530710001E+06  -1.1303900687100001E+05
  2.8774070603370001E+06   2.7585974505260000E+06  -1.3287287669599999E+05
  2.8811581109989998E+06   2.7637061075220001E+06  -1.3266054275100000E+05
  2.8783062371000000E+06   2.7453848578559998E+06  -1.1919436464099999E+05
  2.8734271744289999E+06   2.7297514255809998E+06  -1.1152697641600000E+05
  2.8718075156740001E+06   2.7281505902269999E+06  -1.1242307501700000E+05
  2.8756512814270002E+06   2.7506902026370000E+06  -1.2772901123900000E+05
  2.9109676991670001E+06   2.7553488272879999E+06  -8.1436954456000007E+04
  2.9015998302799999E+06   2.7961988569979998E+06  -1.2787076057499999E+05
  2.9125714083739999E+06   2.7770045496620000E+06  -9.6015976594000007E+04
  2.9137976579000000E+06   2.7765097224280001E+06  -9.3986718986000007E+04
  2.8221728335340000E+06   2.6873298361060000E+06  -1.3162919655500000E+05
  2.8735459333580001E+06   2.7406362295680000E+06  -1.2153271473900000E+05
  2.9116343888510000E+06   2.7505397989360001E+06  -7.7375343857999993E+04
  2.9099532023640000E+06   2.7496607569610002E+06  -7.8839626619999995E+04
  2.8756775689659999E+06   2.8046096436200002E+06  -1.7588534455300000E+05
  2.8594551705490001E+06   2.8033832077819998E+06  -2.0752003311700001E+05
  2.8884634853289998E+06   2.8249006487500002E+06  -1.6310335734300001E+05
  2.8887015513149998E+06   2.8272715986460000E+06  -1.6333890815900001E+05
  2.9317980555650000E+06   2.7865127648580000E+06  -7.9653884321999998E+04
  2.9379722683350001E+06   2.8147748210999998E+06  -9.1207938274000000E+04
  2.9397085246020001E+06   2.8152467854030002E+06  -8.9612666928999999E+04
  2.8908022358360002E+06   2.7585214730059998E+06  -1.1260620520200000E+05
  2.8424401513399999E+06   2.7384694697900000E+06  -1.6658444414499999E+05
  2.8441499773090002E+06   2.7394630155799999E+06  -1.6523620332199999E+05
  2.9238021706190002E+06   2.7952000827400000E+06  -9.4250773390999995E+04
  2.9101522395930002E+06   2.7711706544659999E+06  -9.4467604282000000E+04
  2.9349831166050001E+06   2.7683112086510002E+06  -6.3804161827999997E+04
  2.8549667737360001E+06   2.7754508672699998E+06  -1.8948884922300000E+05
  2.8729540264809998E+06   2.7277246910830000E+06  -1.1033616522900001E+05
  2.8713294867270002E+06   2.7261284674069998E+06  -1.1122728718800000E+05
  2.8745977030930002E+06   2.7293259108719998E+06  -1.0945224407500000E+05
  2.8491854524110002E+06   2.6827650456690001E+06  -9.4568558590999994E+04
  2.8501008400900001E+06   2.6820606883220002E+06  -9.2433260668999996E+04
  2.8179690976979998E+06   2.7187390362379998E+06  -1.7463983284700001E+05
  2.8193797651010002E+06   2.7206685040770001E+06  -1.7548941567399999E+05
  2.9185682000420000E+06   2.7539777213099999E+06  -7.1687793665000005E+04
  2.9203626576540000E+06   2.7548090347960000E+06  -7.0311498882000000E+04
  2.8886901062489999E+06   2.7720328237839998E+06  -1.2840134648199999E+05
  2.8875751480419999E+06   2.7723646612169999E+06  -1.3049678355100000E+05
  2.9065721643579998E+06   2.8321893875170001E+06  -1.4174668095099999E+05
  2.9068138324819999E+06   2.8345337415270000E+06  -1.4232449830400001E+05
  2.8519488917709999E+06   2.7150619729960002E+06  -1.2763781393999999E+05
  2.8132431484909998E+06   2.7325815120850001E+06  -2.0408746784299999E+05
  2.8639325645320001E+06   2.7920486545640002E+06  -1.8897833787799999E+05
  2.9091590098080002E+06   2.7894014939379999E+06  -1.0980550104700000E+05
  2.9105549522990002E+06   2.7484570812450000E+06  -7.6860982921999996E+04
  2.9088741762709999E+06   2.7475820158119998E+06  -7.8328512075000006E+04
  2.8082792907759999E+06   2.7073071870610001E+06  -1.6989114131100001E+05
  2.8068973504260001E+06   2.7056525513220001E+06  -1.6910219773000001E+05
  2.8893103383459998E+06   2.6982150305989999E+06  -6.2957573162000001E+04
  2.8873409269400002E+06   2.6969907378270002E+06  -6.3650707634999999E+04
  2.8866085666950000E+06   2.6949778726470000E+06  -6.2380426223000002E+04
  2.8854691757040001E+06   2.6956802631120002E+06  -6.4403410557000003E+04
  2.8861550506850001E+06   2.6977115226630000E+06  -6.5574886719999995E+04
  2.8843664093950000E+06   2.6963464720919998E+06  -6.6440283131000004E+04
  2.8836857916350001E+06   2.6943105381000000E+06  -6.5257602623999999E+04
  2.8825816325909998E+06   2.6949906428439999E+06  -6.7310063137000005E+04
  2.8819194339669999E+06   2.6929464436519998E+06  -6.6154525871000005E+04
  2.8807954189410000E+06   2.6936476118080001E+06  -6.8194391707999996E+04
  2.8801840074570002E+06   2.6915677908370001E+06  -6.7092114423000006E+04
  2.8790092764820000E+06   2.6923125610210001E+06  -6.9086588134000005E+04
  2.8784475918729999E+06   2.6901961534739998E+06  -6.8036503347000005E+04
  2.8772692484760000E+06   2.6909466036129999E+06  -7.0027774931000007E+04
  2.8765150608760002E+06   2.6890040144210001E+06  -6.8779742045999999E+04
  2.8753722846229998E+06   2.6897180371760000E+06  -7.0798181821000006E+04
  2.8746134350899998E+06   2.6877767793450002E+06  -6.9553921709999995E+04
  2.8735287294339999E+06   2.6884363585649999E+06  -7.1619913172999994E+04
  2.8727704776889998E+06   2.6864961254449999E+06  -7.0379574435000002E+04
  2.8716514029130000E+06   2.6871917124290001E+06  -7.2413214030999996E+04
  2.8709295380520001E+06   2.6852147979870001E+06  -7.1201997524000006E+04
  2.8697747834649999E+06   2.6859451468670000E+06  -7.3203981062000006E+04
  2.8690887147860001E+06   2.6839336895340001E+06  -7.2024523254999993E+04
  2.8723333118980001E+06   2.6892055130920000E+06  -7.3586603432000004E+04
  2.8678983648259998E+06   2.6846978629930001E+06  -7.3993866397000005E+04
  2.8672176560760001E+06   2.6826871416099998E+06  -7.2822106895999998E+04
  2.8796941237320001E+06   2.6943207725249999E+06  -7.0236364178000003E+04
  2.8850631555920001E+06   2.6983422070160001E+06  -6.7562808768999996E+04
  2.8660311712679998E+06   2.6834500611080001E+06  -7.4773644839000001E+04
  2.8653507796550002E+06   2.6814479546599998E+06  -7.3609616970999996E+04
  2.8667073207259998E+06   2.6854605763360001E+06  -7.5949966918000006E+04
  2.8642588992280001E+06   2.6821447740610000E+06  -7.5606020690999998E+04
  2.8635894220650000E+06   2.6801382423439999E+06  -7.4482140197999994E+04
  2.8796290595880002E+06   2.6894354168969998E+06  -6.6033288029999996E+04
  2.8625706671070000E+06   2.6808279480820000E+06  -7.6448890184999997E+04
  2.8617138381349999E+06   2.6789603932540002E+06  -7.5204054248000000E+04
  2.8738550749869999E+06   2.6858285510430001E+06  -6.8301251313000001E+04
  2.8349371695079999E+06   2.7228694563279999E+06  -1.5891739780000001E+05
  2.9002033483540001E+06   2.7958551167020001E+06  -1.2978397921500000E+05
  2.8989750526430001E+06   2.7938168827559999E+06  -1.3001868617500000E+05
  2.9014296572739999E+06   2.7978948573170002E+06  -1.2955365905000000E+05
  2.8200872785160001E+06   2.6866190094809998E+06  -1.3252056542900001E+05
  2.8213334030570001E+06   2.6883657321090000E+06  -1.3360078725400000E+05
  2.8188538721090001E+06   2.6849223368480001E+06  -1.3146633756499999E+05
  2.8451583519379999E+06   2.7414161879300000E+06  -1.6594622923800000E+05
  2.8458298296429999E+06   2.7404367137969998E+06  -1.6390892177900000E+05
  2.8468225744440001E+06   2.7423261589819998E+06  -1.6457111452000000E+05
  2.8448949180210000E+06   2.7385595121129998E+06  -1.6318272903500000E+05
  2.8448761435870002E+06   2.7718750185230002E+06  -2.0503239004999999E+05
  2.8442898476320002E+06   2.7699197777370000E+06  -2.0383423467700000E+05
  2.8716410974090002E+06   2.7326230205810000E+06  -1.1681566953600000E+05
  2.8510783754770001E+06   2.6839138112440002E+06  -9.3616565038000001E+04
  2.9385054421299999E+06   2.8131833700339999E+06  -8.9449722578000001E+04
  2.8952444443819998E+06   2.7699907601729999E+06  -1.1572681973000000E+05
  2.8890512032800000E+06   2.7740587499150001E+06  -1.2963151935500000E+05
  2.8879161664550002E+06   2.7744045185219999E+06  -1.3170953796700001E+05
  2.8360888272850001E+06   2.7422150036800001E+06  -1.8220249713900001E+05
  2.8344467896250002E+06   2.7412684669720000E+06  -1.8365402231999999E+05
  2.8356256954060001E+06   2.7432351296190000E+06  -1.8431319451400000E+05
  2.8340124961589999E+06   2.7422581377710002E+06  -1.8579065620999999E+05
  2.8351787788209999E+06   2.7442925165320002E+06  -1.8642640294900001E+05
  2.8327002892439999E+06   2.7403918451879998E+06  -1.8508631952300001E+05
  2.8323295124280001E+06   2.7413329790639998E+06  -1.8724961206799999E+05
  2.8309920678829998E+06   2.7395138627960002E+06  -1.8651679761300000E+05
  2.9314983873220002E+06   2.8180695007790001E+06  -1.0135875672400001E+05
  2.8607822835050002E+06   2.6796961326690000E+06  -7.7126826784999997E+04
  2.8616279609940001E+06   2.6815084364330000E+06  -7.8318810796000005E+04
  2.8701620965270000E+06   2.7265702801790000E+06  -1.1330511733500000E+05
  2.8696385645849998E+06   2.7245853979480001E+06  -1.1206739022800000E+05
  2.9299314070669999E+06   2.8175039965360002E+06  -1.0307228865800000E+05
  2.9309855783790001E+06   2.8196779999500001E+06  -1.0304148051199999E+05
  2.9193201833489998E+06   2.7527074562090002E+06  -6.9831252072000003E+04
  2.9211082938299999E+06   2.7535545591190001E+06  -6.8474634327000007E+04
  2.9294140639370000E+06   2.8191146325039999E+06  -1.0475852639100001E+05
  2.9303825485439999E+06   2.8213314279590002E+06  -1.0464790464199999E+05
  2.8708067366740000E+06   2.7241416382990000E+06  -1.0997947942400000E+05
  2.8691232258179998E+06   2.7226173627950000E+06  -1.1079064508900000E+05
  2.9288091214790000E+06   2.8207709336959999E+06  -1.0636884394599999E+05
  2.9297860099709998E+06   2.8229838790719998E+06  -1.0624556189000000E+05
  2.8218464479200002E+06   2.7204894736080002E+06  -1.7210172465100000E+05
  2.8202855655160001E+06   2.7434317534540002E+06  -2.1006042150299999E+05
  2.9141651983810002E+06   2.7785684522429998E+06  -9.5194604474000007E+04
  2.9153757771560000E+06   2.7780651104150000E+06  -9.3179069684000002E+04
  2.9118458508299999E+06   2.7575489649330000E+06  -8.1800929120999994E+04
  2.9101371405099998E+06   2.7566902056820001E+06  -8.3235968395999997E+04
  2.9080926982840002E+06   2.8335567221260001E+06  -1.4052311508100000E+05
  2.9083379330560002E+06   2.8359030131709999E+06  -1.4109760116100000E+05
  2.8063584438510002E+06   2.7065859725239999E+06  -1.7111159575400001E+05
  2.8049537742849998E+06   2.7048958785839998E+06  -1.7029757639400000E+05
  2.8897209872829998E+06   2.8261482049349998E+06  -1.6160280447400000E+05
  2.8899194186320002E+06   2.8284815872220001E+06  -1.6188607737600000E+05
  2.8889597042410001E+06   2.8296211424329998E+06  -1.6354042833200001E+05
  2.8901924515559999E+06   2.8307635761719998E+06  -1.6204980445500000E+05
  2.9070651955720000E+06   2.8368888502130001E+06  -1.4289525358600001E+05
  2.9085937594929999E+06   2.8382535978270001E+06  -1.4166166494100000E+05
  2.9073366288410001E+06   2.8392504249979998E+06  -1.4344565331299999E+05
  2.9088668133310000E+06   2.8406035423610001E+06  -1.4220600876500001E+05
  2.9101222933120001E+06   2.8396077701380001E+06  -1.4042427065300001E+05
  2.9057904441530001E+06   2.7940604193079998E+06  -1.1852342040000000E+05
  2.8894006380380001E+06   2.7760896930129998E+06  -1.3086555358599999E+05
  2.8882544333230001E+06   2.7764522942510000E+06  -1.3292607924200001E+05
  2.8867639804270002E+06   2.7747593125780001E+06  -1.3377260291099999E+05
  2.8919297601200002E+06   2.7710891892690002E+06  -1.2203215702600000E+05
  2.8897059512240002E+06   2.7781448681120002E+06  -1.3208313819600001E+05
  2.8895047180630001E+06   2.8237402889180002E+06  -1.6133109499300001E+05
  2.9094756166229998E+06   2.7463770748390001E+06  -7.6349080983000007E+04
  2.9078025284000002E+06   2.7454997995210001E+06  -7.7825229300000006E+04
  2.8173951370760002E+06   2.7197638046780000E+06  -1.7677656899299999E+05
  2.8187509052749998E+06   2.7216469738880000E+06  -1.7763257899899999E+05
  2.9028230501810000E+06   2.7982397253210000E+06  -1.2764624748300000E+05
  2.8197863719029999E+06   2.7158936669939999E+06  -1.6816369745599999E+05
  2.8892374220599998E+06   2.8319693815990002E+06  -1.6371355984599999E+05
  2.8905303706560000E+06   2.8331180839069998E+06  -1.6219165648999999E+05
  2.8380314991230001E+06   2.7035800847570002E+06  -1.3304264992900001E+05
  2.8465044180239998E+06   2.7394317373230001E+06  -1.6185361947599999E+05
  2.8455416100900001E+06   2.7375535699229999E+06  -1.6119408918600000E+05
  2.8588203232379998E+06   2.6786417705899999E+06  -7.8092401268000001E+04
  2.8988082191710002E+06   2.7955145675889999E+06  -1.3169772889500001E+05
  2.8975780306290002E+06   2.7934795657580001E+06  -1.3193811400599999E+05
  2.9206542285199999E+06   2.8539467640220001E+06  -1.3298248970999999E+05
  2.8871023243129998E+06   2.7767954034970002E+06  -1.3497913183500001E+05
  2.8856090595479999E+06   2.7751021013710001E+06  -1.3582968578599999E+05
  2.8192263597499998E+06   2.6876364289540001E+06  -1.3447042577000000E+05
  2.8204851487010000E+06   2.6893913070120001E+06  -1.3556722680199999E+05
  2.9026550879719998E+06   2.7999340738940001E+06  -1.2932428524800000E+05
  2.9200688537460002E+06   2.7514354768220000E+06  -6.7977109440999993E+04
  2.9218722006770000E+06   2.7523191298130001E+06  -6.6632123640000005E+04
  2.9104000622009998E+06   2.8419464402370001E+06  -1.4095918730200001E+05
  2.9116440148049998E+06   2.8409543290280001E+06  -1.3919181813900001E+05
  2.8398302308649998E+06   2.6872477955040000E+06  -1.1225793425400001E+05
  2.8045032111970000E+06   2.7059593576890002E+06  -1.7239304837800001E+05
  2.8030132951380000E+06   2.7041431666330001E+06  -1.7149509396699999E+05
  2.8059607063589999E+06   2.7076349101169999E+06  -1.7312304947500001E+05
  2.8034788732759999E+06   2.7032202300720001E+06  -1.6934361903400000E+05
  2.8015352476140000E+06   2.7024244053199999E+06  -1.7037655494900001E+05
  2.8351241485710000E+06   2.6828587426700001E+06  -1.1315166969800000E+05
  2.9097014675030001E+06   2.7759110379929999E+06  -9.8919751439000000E+04
  2.9075192346740002E+06   2.8416371181500000E+06  -1.4390104773100000E+05
  2.8907717532360000E+06   2.8250290373570002E+06  -1.5982277820100001E+05
  2.8944224514810001E+06   2.7255326787740001E+06  -7.8663464269999997E+04
  2.8315084207649999E+06   2.7336442650710000E+06  -1.7713261069800000E+05
  2.8320353803260000E+06   2.7326629262790000E+06  -1.7494363834700000E+05
  2.8684522003400000E+06   2.7250098048560000E+06  -1.1418265686000000E+05
  2.9082760290239998E+06   2.7487872850629999E+06  -8.0303739885999996E+04
  2.8019674502960001E+06   2.7016288825119999E+06  -1.6832559030899999E+05
  2.8306288667020001E+06   2.7404593110010000E+06  -1.8867443493200000E+05
  2.8293027700820002E+06   2.7386539295959999E+06  -1.8794505514099999E+05
  2.9258375377210001E+06   2.7714194579980001E+06  -7.4821621857000006E+04
  2.9278082193140001E+06   2.7997872168620001E+06  -9.2838473767000003E+04
  2.8551041128309998E+06   2.7835205496379999E+06  -1.9870503526400001E+05
  2.8797428610560000E+06   2.8131827370859999E+06  -1.7185231590200000E+05
  2.9007371624840000E+06   2.8141677604510002E+06  -1.4093965366000001E+05
  2.8471477383869998E+06   2.7383842859919998E+06  -1.5982520889600000E+05
  2.8460868037959998E+06   2.7364024277010001E+06  -1.5919253948199999E+05
  2.9189255941099999E+06   2.7679716706920001E+06  -8.0515955940999993E+04
  2.9199072642910001E+06   2.7700948878799998E+06  -8.0969029366000002E+04
  2.8796213268530001E+06   2.7514398746369998E+06  -1.2294172160300000E+05
  2.9228364738909998E+06   2.7544276249520001E+06  -6.7206461098999993E+04
  2.8457739273270001E+06   2.7715494886039998E+06  -2.0285948141000001E+05
  2.8451876036049998E+06   2.7695866340629999E+06  -2.0165841147399999E+05
  2.9110162192940000E+06   2.7588907741359998E+06  -8.3599142422999998E+04
  2.8908426693179999E+06   2.7777811395560000E+06  -1.3000234621700000E+05
  2.9093383346480001E+06   2.7580104739270001E+06  -8.5063204354999994E+04
  2.9341165123890000E+06   2.7661284420320000E+06  -6.3414623373000002E+04
  2.8168271036680001E+06   2.7207306377770002E+06  -1.7891501810300001E+05
  2.8181644680260001E+06   2.7224914590489999E+06  -1.7979130169100000E+05
  2.9084134382090000E+06   2.7442835603069998E+06  -7.5854378058999995E+04
  2.9067595016060001E+06   2.7433970093370001E+06  -7.7346523782000004E+04
  2.9282131153509999E+06   2.8224275927590001E+06  -1.0796795536700000E+05
  2.9291967097260002E+06   2.8246357750860001E+06  -1.0783371405000000E+05
  2.8339849741420001E+06   2.6986281436600001E+06  -1.3281723656900000E+05
  2.8330394545740001E+06   2.7219672239339999E+06  -1.6009896205199999E+05
  2.8341791959489998E+06   2.7239168763029999E+06  -1.6094931035600000E+05
  2.8703223367770002E+06   2.7221303367650001E+06  -1.0874599832400000E+05
  2.8686172668460002E+06   2.7206226578170001E+06  -1.0951754190500001E+05
  2.9040223869579998E+06   2.8002956665590000E+06  -1.2740421865300000E+05
  2.8318954909799998E+06   2.7200311857929998E+06  -1.5925655223400000E+05
  2.9193192886850000E+06   2.8245920513539999E+06  -1.2158127143399999E+05
  2.8895305698850001E+06   2.8343679999890001E+06  -1.6387681583800001E+05
  2.8908640298660002E+06   2.8355492605349999E+06  -1.6238611028699999E+05
  2.9157644680579999E+06   2.7801105779329999E+06  -9.4348064312000002E+04
  2.9169540038540000E+06   2.7795687584549999E+06  -9.2333171130000002E+04
  2.9105402796240002E+06   2.8223647138729999E+06  -1.3219808886300001E+05
  2.8520025141900000E+06   2.6832085528580002E+06  -9.1469230192999996E+04
  2.8529790362590002E+06   2.6850705975870001E+06  -9.2665100313000003E+04
  2.8392412348099998E+06   2.7699036682770001E+06  -2.1358351881499999E+05
  2.9358751775850002E+06   2.7669508483730000E+06  -6.2029650897000000E+04
  2.8859369211789998E+06   2.7771109621210000E+06  -1.3702919250100001E+05
  2.8844564809829998E+06   2.7754472097060001E+06  -1.3788514951200000E+05
  2.8445816887670001E+06   2.6836972681970000E+06  -1.0188563439900000E+05
  2.8183827455589999E+06   2.6886573422130002E+06  -1.3640891595699999E+05
  2.8196337008980000E+06   2.6904228584489999E+06  -1.3753409477600001E+05
  2.8026162561340001E+06   2.7053315679239999E+06  -1.7371041378599999E+05
  2.9145296510910001E+06   2.7806221904600002E+06  -9.6396376632000000E+04
  2.9100818978820001E+06   2.7451742082119999E+06  -7.4364995922000002E+04
  2.8983692059990000E+06   2.8174371913239998E+06  -1.4591269990400001E+05
  2.9136048068490000E+06   2.8141976917450000E+06  -1.2245803668900000E+05
  2.9354962019529999E+06   2.7909925693620001E+06  -7.8300106752000007E+04
  2.8905327298909998E+06   2.8225701157970000E+06  -1.5957727973400001E+05
  2.9217710542259999E+06   2.8523934812059999E+06  -1.3151853708200000E+05
  2.8545005597919999E+06   2.7040344976200000E+06  -1.1258942410100000E+05
  2.8917191448510000E+06   2.8238564418810001E+06  -1.5801439214400001E+05
  2.8513433808950000E+06   2.6987711541160000E+06  -1.1136078397700000E+05
  2.8845888642310002E+06   2.7626088432890000E+06  -1.2645178689100000E+05
  2.8500501784999999E+06   2.7091942894430002E+06  -1.2430087748500000E+05
  2.8477963348630001E+06   2.7373350352810002E+06  -1.5778744542599999E+05
  2.8467589842470000E+06   2.7353212095349999E+06  -1.5708731250800000E+05
  2.8974154878980001E+06   2.7951781600230001E+06  -1.3361115589600001E+05
  2.8961828608039999E+06   2.7931470033029998E+06  -1.3385859023000000E+05
  2.9216181197839999E+06   2.7390426522160000E+06  -5.8225216070000002E+04
  2.9234198159770002E+06   2.8531915248650000E+06  -1.2999749830300000E+05
  2.9038692758880001E+06   2.8019816917039999E+06  -1.2909240590200000E+05
  2.9024006393180001E+06   2.8016657150229998E+06  -1.3095789581500000E+05
  2.8054806739059999E+06   2.6802529825849999E+06  -1.3467021572300000E+05
  2.9307651077230000E+06   2.8251947587629999E+06  -1.0611841766300000E+05
  2.9301814284970001E+06   2.8268408514510002E+06  -1.0769646576399999E+05
  2.9318343898080001E+06   2.8273567202349999E+06  -1.0604235173400000E+05
  2.9312954538679998E+06   2.8289756236250000E+06  -1.0764513241400001E+05
  2.9330222878970001E+06   2.8294507332680002E+06  -1.0605194255100000E+05
  2.8997673447540002E+06   2.8323854761750000E+06  -1.4966928536000001E+05
  2.9000132966900002E+06   2.8347429728480000E+06  -1.5015516012900000E+05
  2.8199432774660001E+06   2.7233945095609999E+06  -1.7862388125199999E+05
  2.8194286583739999E+06   2.7242230650689998E+06  -1.8072847032299999E+05
  2.8176766175400000E+06   2.7233815007290002E+06  -1.8195597445800001E+05
  2.8189922832089998E+06   2.7251223138779998E+06  -1.8283192003300000E+05
  2.9325313506749999E+06   2.8310387530049998E+06  -1.0769040665900000E+05
  2.9342552712160000E+06   2.8315149113810002E+06  -1.0609837917400000E+05
  2.9119322075740001E+06   2.8432814260129998E+06  -1.3971074137300000E+05
  2.9131338125729999E+06   2.8423016673300001E+06  -1.3795824500600001E+05
  2.9128463179720002E+06   2.8399937118819999E+06  -1.3738673417499999E+05
  2.9142992954020002E+06   2.8413605161029999E+06  -1.3615631787599999E+05
  2.8520492540910002E+06   2.6857657979850001E+06  -9.4807077445000003E+04
  2.8539469893959998E+06   2.6869357608389999E+06  -9.3876961563999997E+04
  2.8548980327269998E+06   2.6862460656630001E+06  -9.1714457074000005E+04
  2.8558242885179999E+06   2.6881487848109999E+06  -9.2912629918000006E+04
  2.8567727586679999E+06   2.6875166993559999E+06  -9.0703904095000005E+04
  2.8575468334100000E+06   2.6894887897540000E+06  -9.1894082685000001E+04
  2.8585323589200000E+06   2.6889106491089999E+06  -8.9824208746000004E+04
  2.8592413994950000E+06   2.6908401823890000E+06  -9.0916433397000001E+04
  2.8602236623390000E+06   2.6902825771050001E+06  -8.9018506993000003E+04
  2.8067586942360001E+06   2.6792759476100001E+06  -1.3289758782300001E+05
  2.8442274591250001E+06   2.7354671183759999E+06  -1.6080551652100001E+05
  2.8217257277650000E+06   2.6911703832479999E+06  -1.3669159542000000E+05
  2.8208383981690002E+06   2.6922123487249999E+06  -1.3864780143799999E+05
  2.8187642883970002E+06   2.6914577457289998E+06  -1.3948394621299999E+05
  2.8645234739270001E+06   2.8291135373760001E+06  -2.0146577935100000E+05
  2.8964227444170001E+06   2.7695865223309998E+06  -1.1368009225099999E+05
  2.8966958796959999E+06   2.7716873784719999E+06  -1.1484678152600001E+05
  2.9258392334509999E+06   2.7893930381470001E+06  -8.7387605135999998E+04
  2.8484759923749999E+06   2.7363112852320001E+06  -1.5573332761199999E+05
  2.8474415588190001E+06   2.7342753254820001E+06  -1.5500535395100000E+05
  2.9161011423129998E+06   2.7821903008929999E+06  -9.5513357462000000E+04
  2.8609760503179999E+06   2.6921203453520001E+06  -8.9956068721000003E+04
  2.8619033902230002E+06   2.6914221855370002E+06  -8.7982943861000007E+04
  2.8897327760810000E+06   2.7588452416900001E+06  -1.1472718803700000E+05
  2.8893311324479999E+06   2.7568330722690001E+06  -1.1349200545000000E+05
  2.9233222041630000E+06   2.7404467327510002E+06  -5.7320442385000002E+04
  2.8242497439560001E+06   2.6880414948910000E+06  -1.3074613212200000E+05
  2.8446097307739998E+06   2.6987126902020001E+06  -1.2001631079300000E+05
  2.8289392755350000E+06   2.7395972494350001E+06  -1.9009970047099999E+05
  2.8276262387939999E+06   2.7377989861209998E+06  -1.8936004834600000E+05
  2.8302481304299999E+06   2.7414153254269999E+06  -1.9082718346599999E+05
  2.8322796163010001E+06   2.7230079709080001E+06  -1.6212562359400000E+05
  2.9278385321780001E+06   2.8185632365740002E+06  -1.0648675889200000E+05
  2.8239400617760001E+06   2.6785566873980002E+06  -1.1996477921700000E+05
  2.9367980746380002E+06   2.7691174480719999E+06  -6.2452926532999998E+04
  2.8847952778159999E+06   2.7774781165069998E+06  -1.3908659567499999E+05
  2.8861870270039998E+06   2.7790524375290000E+06  -1.3820214897000001E+05
  2.8488038706809999E+06   2.7392847796399998E+06  -1.5846080518100000E+05
  2.8199376894689999E+06   2.6932496823890000E+06  -1.4060622379200000E+05
  2.9073676524479999E+06   2.7421774608370000E+06  -7.5376478239999997E+04
  2.9057140672470001E+06   2.7412938060010001E+06  -7.6870797204000002E+04
  2.9051099110719999E+06   2.7425161538910000E+06  -7.8837844127000004E+04
  2.9040639228260000E+06   2.7404146019480000E+06  -7.8363978654999999E+04
  2.9052186154330000E+06   2.8023550973200002E+06  -1.2715417851899999E+05
  2.8627265189450001E+06   2.6933518289120002E+06  -8.8923224480000004E+04
  2.8636731515819998E+06   2.6925571531239999E+06  -8.6822481341000006E+04
  2.8644976178520001E+06   2.6945939316610000E+06  -8.7874095593000005E+04
  2.8654907844240000E+06   2.6938398601589999E+06  -8.5754201723999999E+04
  2.8662766675769999E+06   2.6958663853429998E+06  -8.6846414984000003E+04
  2.8672893882090002E+06   2.6951272550169998E+06  -8.4751487043000001E+04
  2.8681028963130000E+06   2.6971009564749999E+06  -8.5879323617999995E+04
  2.8691328920920002E+06   2.6963635178789999E+06  -8.3814751415000006E+04
  2.8994935949539999E+06   2.8300258791299998E+06  -1.4921565624499999E+05
  2.9182122144869999E+06   2.7692199744899999E+06  -8.2413274067000006E+04
  2.8334109464219999E+06   2.7249494471160001E+06  -1.6297658016600000E+05
  2.9125835447630002E+06   2.7990988570590001E+06  -1.1241922218700001E+05
  2.8466727985609998E+06   2.7712237913090000E+06  -2.0068421630100001E+05
  2.8460841598189999E+06   2.7692487399960002E+06  -1.9947927023900000E+05
  2.8445993751260000E+06   2.7676091731799999E+06  -2.0045293815000000E+05
  2.8454905712069999E+06   2.7672580358219999E+06  -1.9826853521900001E+05
  2.8440077744900002E+06   2.7656207054570001E+06  -1.9924094890100000E+05
  2.8448483754309998E+06   2.7653132277859999E+06  -1.9700462002800000E+05
  2.8433708278970001E+06   2.7636758075999999E+06  -1.9797608038000000E+05
  2.8441973846410001E+06   2.7633827070880001E+06  -1.9571933437800000E+05
  2.8427191699950001E+06   2.7617425880370000E+06  -1.9668845660300000E+05
  2.8897831494479999E+06   2.8367892047720002E+06  -1.6398635660500001E+05
  2.8884757030569999E+06   2.8355998857439999E+06  -1.6550118549599999E+05
  2.8910625097159999E+06   2.8379739548749998E+06  -1.6242486712400001E+05
  2.9323424621210000E+06   2.7653265053260000E+06  -6.4785181434999999E+04
  2.9402397535620001E+06   2.8136779462029999E+06  -8.7865094761999993E+04
  2.9390441126069999E+06   2.8115739769750000E+06  -8.7661203041000001E+04
  2.9372913470470002E+06   2.8111124775000000E+06  -8.9290883168999993E+04
  2.9378081614600001E+06   2.8094858692190000E+06  -8.7514257922000004E+04
  2.8911213366439999E+06   2.7798185455479999E+06  -1.3120724589399999E+05
  2.9046657081650002E+06   2.7391895004240000E+06  -7.6398137338999994E+04
  2.9030165851139999E+06   2.7383107352180001E+06  -7.7888590225000007E+04
  2.8172436631780001E+06   2.7243003946190001E+06  -1.8408621299000000E+05
  2.8185790945310001E+06   2.7260427835450000E+06  -1.8493547291400001E+05
  2.8203146565850000E+06   2.7268421687830002E+06  -1.8366396422200001E+05
  2.8199136564449999E+06   2.7277676095929998E+06  -1.8575754540199999E+05
  2.9102128453930002E+06   2.7602130480430000E+06  -8.5422843838999994E+04
  2.8915406983610000E+06   2.7198738969080001E+06  -7.7659967577000003E+04
  2.9034666762450002E+06   2.7416408424330000E+06  -8.0322756834999993E+04
  2.8584739572500000E+06   2.7883606782889999E+06  -1.9694973748000001E+05
  2.8699403153110002E+06   2.6983281131130001E+06  -8.4940256420000005E+04
  2.8709693857439999E+06   2.6976018217569999E+06  -8.2888853652000005E+04
  2.8717732207370000E+06   2.6995567735370002E+06  -8.4008371916000004E+04
  2.8728278036810001E+06   2.6988168330199998E+06  -8.1994232973999999E+04
  2.8736033839360001E+06   2.7007833767300001E+06  -8.3077645256000003E+04
  2.8747131301940000E+06   2.7000072858730000E+06  -8.1126275385999994E+04
  2.8754622830409999E+06   2.7019846977320001E+06  -8.2173524413000006E+04
  2.8766037369030002E+06   2.7011954348019999E+06  -8.0250669548000005E+04
  2.8773474771309998E+06   2.7031681473800000E+06  -8.1284049969000000E+04
  2.8784369279890000E+06   2.7024265518350000E+06  -7.9318563806000006E+04
  2.8791561420950000E+06   2.7044087221349999E+06  -8.0326576516999994E+04
  2.8802461139400001E+06   2.7036724892440001E+06  -7.8365483319000006E+04
  2.8808874151050001E+06   2.7057017903089998E+06  -7.9296099310000005E+04
  2.8820095967450002E+06   2.7049452690070001E+06  -7.7367370769000001E+04
  2.8826046079110000E+06   2.7069951805469999E+06  -7.8260341625999994E+04
  2.8837303888539998E+06   2.7062397962139999E+06  -7.6328211899999995E+04
  2.9147836861000000E+06   2.7827348559150002E+06  -9.7527364092000003E+04
  2.9414532328249998E+06   2.8157308606159999E+06  -8.8011406642000002E+04
  2.8079782444819999E+06   2.6784581081829998E+06  -1.3102957559600000E+05
  2.9035487485679998E+06   2.8037436629929999E+06  -1.3069624788100000E+05
  2.9020797333570002E+06   2.8034204114669999E+06  -1.3255751713900000E+05
  2.8698250216399999E+06   2.7200868281510002E+06  -1.0749928550400000E+05
  2.8715361638960000E+06   2.7216121750670001E+06  -1.0673628042100000E+05
  2.8681173281060001E+06   2.7185711801280002E+06  -1.0826683209500001E+05
  2.8669385707040001E+06   2.7191014566649999E+06  -1.1030216714500000E+05
  2.8664059040130000E+06   2.7170668966359999E+06  -1.0904952293300000E+05
  2.8652760423730002E+06   2.7175774016100001E+06  -1.1110510234100001E+05
  2.8647142724390002E+06   2.7155657198660001E+06  -1.0984967717400000E+05
  2.9276621133249998E+06   2.8240721144780000E+06  -1.0958283110200000E+05
  2.8978743932840000E+06   2.7712835185969998E+06  -1.1280002054000000E+05
  2.8981472536180001E+06   2.7733824381720000E+06  -1.1396566866400000E+05
  2.9086510352409999E+06   2.7592640996989999E+06  -8.6977533255000002E+04
  2.9077749971570000E+06   2.7570607417910001E+06  -8.6619515973000001E+04
  2.9228882058529998E+06   2.8508593416100000E+06  -1.3005821571999999E+05
  2.9337795472419998E+06   2.8330937200699998E+06  -1.0774182912500000E+05
  2.9354947238250002E+06   2.8335766905330000E+06  -1.0613597880899999E+05
  2.8279782682920001E+06   2.7368667101449999E+06  -1.8724273218900000E+05
  2.8833004173090002E+06   2.7757999000730002E+06  -1.3995236516099999E+05
  2.8922376220240002E+06   2.7794783281879998E+06  -1.2912141548800000E+05
  2.8435486427679998E+06   2.7614436194330002E+06  -1.9441689904600001E+05
  2.8420590747239999E+06   2.7598038522589998E+06  -1.9538767775000000E+05
  2.9188121989159998E+06   2.8088041315440000E+06  -1.1144985935699999E+05
  2.9140393808380002E+06   2.8390671229090001E+06  -1.3555689898299999E+05
  2.8921923536370001E+06   2.8367741769360001E+06  -1.6087117998200000E+05
  2.8923346060199998E+06   2.8392085448630000E+06  -1.6085316920700000E+05
  2.8315109085909999E+06   2.7240387473550001E+06  -1.6415143171000000E+05
  2.8178490065040002E+06   2.6924713567180000E+06  -1.4142368612500001E+05
  2.9163601074839998E+06   2.7843127402710002E+06  -9.6628432365000001E+04
  2.8491549353620000E+06   2.7353069090829999E+06  -1.5367488518400001E+05
  2.8481168179569999E+06   2.7332587210929999E+06  -1.5293892055400001E+05
  2.8285671567739998E+06   2.7405366203089999E+06  -1.9226235962400000E+05
  2.8297878687669998E+06   2.7424683057420002E+06  -1.9292803476899999E+05
  2.8360901876719999E+06   2.7248381368240002E+06  -1.5977357029599999E+05
  2.8960106394070000E+06   2.7948506999440002E+06  -1.3551886049600001E+05
  2.8947884649550002E+06   2.7928160188859999E+06  -1.3577916356900000E+05
  2.8428843657419998E+06   2.7594710386440000E+06  -1.9310161297900000E+05
  2.8412111518979999E+06   2.7579901122369999E+06  -1.9405937926399999E+05
  2.9207994914810001E+06   2.7501318565440001E+06  -6.6118385204000006E+04
  2.8338161353699998E+06   2.7335449526069998E+06  -1.7354970543000000E+05
  2.8463929613319999E+06   2.7321860570140001E+06  -1.5424013977800001E+05
  2.8470626647819998E+06   2.7311915797069999E+06  -1.5217280185600001E+05
  2.8983784184130002E+06   2.8310263490050002E+06  -1.5106089601400000E+05
  2.9245280571570001E+06   2.8516614520569998E+06  -1.2854713258400001E+05
  2.8420013676570002E+06   2.7576239139999999E+06  -1.9188520778800000E+05
  2.8403487359159999E+06   2.7561773118969998E+06  -1.9276137228800001E+05
  2.8395288706040001E+06   2.7565030589390001E+06  -1.9492720835000000E+05
  2.8386807736800001E+06   2.7546650333480001E+06  -1.9355896128600001E+05
  2.8302209241260001E+06   2.7317590441419999E+06  -1.7635656855800000E+05
  2.9189868249229998E+06   2.7493392376170000E+06  -6.7461666679999995E+04
  2.8914523947609998E+06   2.8214378357139998E+06  -1.5772420692299999E+05
  2.8469786930359998E+06   2.7689112737890002E+06  -1.9730464513300001E+05
  2.9070843819929999E+06   2.7583113041460002E+06  -8.8536377680999998E+04
  2.9062061687480002E+06   2.7561050095569999E+06  -8.8179332638000007E+04
  2.9055089748910000E+06   2.7573533325689998E+06  -9.0104036951000002E+04
  2.8078048511230000E+06   2.6807663544549998E+06  -1.3442354657999999E+05
  2.8843137124029999E+06   2.7082788369829999E+06  -7.7226616370000003E+04
  2.8854477031589998E+06   2.7075300504250000E+06  -7.5289858412999994E+04
  2.8636154206810002E+06   2.7160647407709998E+06  -1.1191695667100001E+05
  2.8630558710090001E+06   2.7140613702440001E+06  -1.1066686103099999E+05
  2.9155667230429999E+06   2.8404777649229998E+06  -1.3433748583399999E+05
  2.8927796865980001E+06   2.8227830746619999E+06  -1.5601237292200001E+05
  2.8378565717330002E+06   2.7550149294099999E+06  -1.9577346181600000E+05
  2.9288456988550001E+06   2.8086457498619999E+06  -9.7517406541000004E+04
  2.9328736467329999E+06   2.7969090393719999E+06  -8.4648007417000001E+04
  2.8395932235679999E+06   2.7543714626739998E+06  -1.9149380524900000E+05
  2.8086792532520001E+06   2.6991941580099999E+06  -1.5681564438200000E+05
  2.8993273248930001E+06   2.7729794657220002E+06  -1.1192053933400000E+05
  2.8996161253559999E+06   2.7750590283820000E+06  -1.1308994400200000E+05
  2.8984327096050000E+06   2.7754776492079999E+06  -1.1513660983500000E+05
  2.8189994445460001E+06   2.6942704294520002E+06  -1.4257724000100000E+05
  2.8211097893260000E+06   2.6950619326340002E+06  -1.4170647111499999E+05
  2.9308581904790001E+06   2.8305514899169998E+06  -1.0933186694500000E+05
  2.9191955682230000E+06   2.7713255696520000E+06  -8.2853318270000003E+04
  2.9008027694080002E+06   2.7746536742699998E+06  -1.1104871665300000E+05
  2.9133914180830000E+06   2.8446252522700001E+06  -1.3846769297100001E+05
  2.9119994636169998E+06   2.8456762323260000E+06  -1.4005796382999999E+05
  2.8154451712290002E+06   2.7189106823129999E+06  -1.7809031365200001E+05
  2.8441579600160001E+06   2.7879471160430000E+06  -2.2505244646100001E+05
  2.8427662383889998E+06   2.7861037226519999E+06  -2.2572469046400001E+05
  2.8477107345030000E+06   2.7840138051379998E+06  -2.1395173489299999E+05
  2.8753878775200001E+06   2.8132775905129998E+06  -1.8131852387800001E+05
  2.8753855139190000E+06   2.8156709938619998E+06  -1.8158594045900000E+05
  2.8742917693289998E+06   2.8142529550510002E+06  -1.8322625968300001E+05
  2.8742675341159999E+06   2.8166450419569998E+06  -1.8350408897899999E+05
  2.8733115353420000E+06   2.8151663961740001E+06  -1.8516039024499999E+05
  2.8732706465019998E+06   2.8175544421399999E+06  -1.8545216834999999E+05
  2.8723244528160002E+06   2.8160621309099998E+06  -1.8710586998700001E+05
  2.8722720551959998E+06   2.8184476566670001E+06  -1.8741916662900001E+05
  2.8732181023229999E+06   2.8199456931860000E+06  -1.8576625621500000E+05
  2.8713354453799999E+06   2.8169479225369999E+06  -1.8905409349200001E+05
  2.8712768265650002E+06   2.8193291756099998E+06  -1.8937876076700000E+05
  2.8703505560180000E+06   2.8178169943720000E+06  -1.9099303425400000E+05
  2.8704122546689999E+06   2.8154382619860000E+06  -1.9066277430799999E+05
  2.8694350795479999E+06   2.8162894484009999E+06  -1.9258553294599999E+05
  2.8695019987559998E+06   2.8139196423040000E+06  -1.9224621103199999E+05
  2.8685342049560002E+06   2.8147471967960000E+06  -1.9414912151100000E+05
  2.8686100944180000E+06   2.8123900446839998E+06  -1.9379398773900000E+05
  2.8683700643699998E+06   2.8171445794870001E+06  -1.9446824439599999E+05
  2.8676405042039999E+06   2.8131999367900002E+06  -1.9568990212399999E+05
  2.8673876871150001E+06   2.8109247758399998E+06  -1.9519111975099999E+05
  2.8666422356860000E+06   2.8116220484940000E+06  -1.9720496770899999E+05
  2.8662487698880001E+06   2.8093651579040000E+06  -1.9662505234400000E+05
  2.8670168111709999E+06   2.8086726958809998E+06  -1.9459626694900001E+05
  2.8659064866570001E+06   2.8071140975520001E+06  -1.9597098557500000E+05
  2.8314810697720000E+06   2.6703000377230002E+06  -1.0201824720300001E+05
  2.8304752015709998E+06   2.6710129725009999E+06  -1.0407607634900000E+05
  2.8829629024189999E+06   2.7737644193609999E+06  -1.3874508474200001E+05
  2.8817754760199999E+06   2.7740933570670001E+06  -1.4077930953599999E+05
  2.8814132184100002E+06   2.7721116717440002E+06  -1.3957010728400000E+05
  2.8801720961630000E+06   2.7724894076020001E+06  -1.4158217376599999E+05
  2.8798136493370002E+06   2.7704995981879998E+06  -1.4036081292299999E+05
  2.8530092296449998E+06   2.6876295929120001E+06  -9.6008522404999996E+04
  2.8186491582129998E+06   2.6783041849400001E+06  -1.2319848731800000E+05
  2.9010888273339998E+06   2.7767246153870001E+06  -1.1221552742000000E+05
  2.9022724501129999E+06   2.7763206655250001E+06  -1.1017296231900000E+05
  2.9424619595740000E+06   2.8031069054549998E+06  -7.7763788839000001E+04
  2.8370310452270000E+06   2.7531550288519999E+06  -1.9440917620900000E+05
  2.8282860550549999E+06   2.6702371713040001E+06  -1.0465412374800000E+05
  2.8294613205590001E+06   2.6717133510289998E+06  -1.0612951816399999E+05
  2.8654899005510001E+06   2.8100923338609999E+06  -1.9872493247199999E+05
  2.8710347053189999E+06   2.7195558935819999E+06  -1.0548308324399999E+05
  2.8727450580660002E+06   2.7211130364450002E+06  -1.0471360533300000E+05
  2.9032161848559999E+06   2.8054919623360001E+06  -1.3229224695100001E+05
  2.8881851038080002E+06   2.7571970686260001E+06  -1.1556562055399999E+05
  2.8877820654320000E+06   2.7551804767109999E+06  -1.1432850046700001E+05
  2.8925501351410002E+06   2.7815488372689998E+06  -1.3030848716400001E+05
  2.8288563147479999E+06   2.7497430594090000E+06  -2.0437955890500001E+05
  2.8898639196420000E+06   2.8392141273400001E+06  -1.6395169183900001E+05
  2.8281424197000000E+06   2.7415326898400001E+06  -1.9440091475299999E+05
  2.9227723209620002E+06   2.7510095434650001E+06  -6.4576614844999996E+04
  2.9046256938220002E+06   2.7551367676670002E+06  -8.9746743308000005E+04
  2.9267995634539998E+06   2.7664609258480002E+06  -7.0947927077000000E+04
  2.8482114189479998E+06   2.7860841881420002E+06  -2.1500799813299999E+05
  2.8889294053239999E+06   2.7548204866070002E+06  -1.1225656796600000E+05
  2.8873783570360001E+06   2.7531627201379999E+06  -1.1309132971799999E+05
  2.9360822493440001E+06   2.8090414990610001E+06  -8.9168311883000002E+04
  2.8468696378839999E+06   2.7936877141490001E+06  -2.2489610160900000E+05
  2.9039161827400001E+06   2.7563866467329999E+06  -9.1690362848000004E+04
  2.8902522669830001E+06   2.8201533857760001E+06  -1.5933205589799999E+05
  2.8911583220099998E+06   2.8190348290340002E+06  -1.5750551633200000E+05
  2.8899702622159999E+06   2.8177453256839998E+06  -1.5909192551199999E+05
  2.8836132665559999E+06   2.7779937459339998E+06  -1.4132348466700001E+05
  2.8580215448710001E+06   2.6868404431130001E+06  -8.8367856918000005E+04
  2.9175037879280001E+06   2.7704491108990000E+06  -8.4292191936000003E+04
  2.8909035621850002E+06   2.8166552992340000E+06  -1.5722870052799999E+05
  2.8896829230229999E+06   2.8153113138600001E+06  -1.5885300296600000E+05
  2.9079559467230001E+06   2.7605166554620001E+06  -8.8902250352000003E+04
  2.8487951230620001E+06   2.7322789314660002E+06  -1.5086814846100000E+05
  2.8477744413520000E+06   2.7302840300850002E+06  -1.5011139763900000E+05
  2.9208878526110002E+06   2.7722172632650002E+06  -8.1425989904999995E+04
  2.8307827033520001E+06   2.7307655395020000E+06  -1.7409828227900001E+05
  2.8107275462730001E+06   2.7246501812970000E+06  -1.9459926175300000E+05
  2.8666747956190002E+06   2.8064462276550001E+06  -1.9395661063300000E+05
  2.8655926266560000E+06   2.8048619935490000E+06  -1.9525680348800001E+05
  2.8434713697029999E+06   2.7025821955419998E+06  -1.2522558271200000E+05
  2.9419736663469998E+06   2.8142066994790002E+06  -8.6306045234000005E+04
  2.9431863910210002E+06   2.8162327413630001E+06  -8.6433445410000000E+04
  2.9036169578240002E+06   2.7370852808759999E+06  -7.5926102457000001E+04
  2.9019673985199998E+06   2.7362046540290001E+06  -7.7413740898999997E+04
  2.9017567380570001E+06   2.8051699608570002E+06  -1.3415672206100001E+05
  2.8934924027689998E+06   2.8380725139680002E+06  -1.5926746133699999E+05
  2.8936135876730001E+06   2.8404795323870000E+06  -1.5927500559900000E+05
  2.9201775076359999E+06   2.7734398474949999E+06  -8.3302094587000000E+04
  2.9218635100980001E+06   2.7743512581759999E+06  -8.1898478728000002E+04
  2.8666712148930002E+06   2.8140173735719998E+06  -1.9758191335799999E+05
  2.8641629483960001E+06   2.7180687240519999E+06  -1.1318472528600000E+05
  2.8172855251879999E+06   2.7085759003240000E+06  -1.6117829744800000E+05
  2.8785709761520000E+06   2.7708790381359998E+06  -1.4237645178500001E+05
  2.8782195905599999E+06   2.7688930692119999E+06  -1.4114878713899999E+05
  2.8309307248169999E+06   2.7142963644619999E+06  -1.5330483011499999E+05
  2.8479318477159999E+06   2.7956294860530002E+06  -2.2403427701699999E+05
  2.8489770561719998E+06   2.7975612451169998E+06  -2.2319936070600001E+05
  2.8500212845669999E+06   2.7995215899560000E+06  -2.2238414991000001E+05
  2.8490351654550000E+06   2.7955690441430002E+06  -2.2184591296399999E+05
  2.9211360679890001E+06   2.7755538346719998E+06  -8.3780208144000004E+04
  2.9228182552200002E+06   2.7765132535660001E+06  -8.2419808539000005E+04
  2.9219666860930002E+06   2.7778225413879999E+06  -8.4553572245000003E+04
  2.9262628486090000E+06   2.8112870814919998E+06  -1.0281440222600001E+05
  2.8626225691600000E+06   2.6902766166520002E+06  -8.5814875239000001E+04
  2.9242689816080001E+06   2.7887310642929999E+06  -8.9029613528999995E+04
  2.8913871850930001E+06   2.7817358183929999E+06  -1.3231556551300001E+05
  2.9150482591990000E+06   2.7848485110970000E+06  -9.8645904120000007E+04
  2.9165881516660000E+06   2.7864658947510002E+06  -9.7677453649000003E+04
  2.9134488587400001E+06   2.7832670989760002E+06  -9.9554572014999998E+04
  2.9365987348110001E+06   2.8073735763860000E+06  -8.7462971071000007E+04
  2.9196666323710000E+06   2.7480642257309998E+06  -6.5673698804000000E+04
  2.9179292767070001E+06   2.7472673316270001E+06  -6.6908182891999997E+04
  2.9350297952859998E+06   2.8351457550840001E+06  -1.0778857647900000E+05
  2.9367379791009999E+06   2.8356349897250002E+06  -1.0616696330700000E+05
  2.8683328083710000E+06   2.6943767360640001E+06  -8.2656262789999993E+04
  2.9025585810159999E+06   2.7783858125809999E+06  -1.1134205410199999E+05
  2.9037367822019998E+06   2.7779871259070002E+06  -1.0929207689400000E+05
  2.9202220687819999E+06   2.8004874266969999E+06  -1.0315571225200000E+05
  2.8272731585530001E+06   2.6709315916410000E+06  -1.0669667721200000E+05
  2.8284386820970001E+06   2.6724035139710000E+06  -1.0817328748299999E+05
  2.9028787967050001E+06   2.8072261288970001E+06  -1.3388604735099999E+05
  2.8539982490780000E+06   2.7928443791149999E+06  -2.1022966479499999E+05
  2.8065458601569999E+06   2.6817104486320000E+06  -1.3622874300300001E+05
  2.8625170820300002E+06   2.7165493325230000E+06  -1.1404648307000000E+05
  2.8630608157670000E+06   2.7186148608390000E+06  -1.1533195520800000E+05
  2.9331505184900002E+06   2.7781939717410002E+06  -7.1572614444999999E+04
  2.8088043674120000E+06   2.6823383484540000E+06  -1.3588494312099999E+05
  2.9212409143190002E+06   2.8500462026729998E+06  -1.3157462452499999E+05
  2.9223612871249998E+06   2.8485185492719999E+06  -1.3011235192200000E+05
  2.8635187747390000E+06   2.6953139679740001E+06  -8.9938963380000001E+04
  2.8919049204759998E+06   2.8082083851319999E+06  -1.5062756880199999E+05
  2.8860190110909999E+06   2.7095594505389999E+06  -7.6195048832000000E+04
  2.8871607981639998E+06   2.7088176353620002E+06  -7.4254447461999996E+04
  2.8658781113640000E+06   2.7150147432630002E+06  -1.0783339885500001E+05
  2.8289522292689998E+06   2.7298599018310001E+06  -1.7553258548600000E+05
  2.8283806912670000E+06   2.7308646077740001E+06  -1.7782143966900001E+05
  2.8295153504510000E+06   2.7288584260069998E+06  -1.7328569222200001E+05
  2.8263549375789999E+06   2.7360453367829998E+06  -1.8862336848700000E+05
  2.9043332605519998E+06   2.8075609585210001E+06  -1.3202427870500000E+05
  2.8293409210839998E+06   2.7435553894770001E+06  -1.9505105290899999E+05
  2.9135117960870001E+06   2.8469759815619998E+06  -1.3878692818600000E+05
  2.9121161468199999E+06   2.8480435758549999E+06  -1.4035587266600001E+05
  2.8324848005110002E+06   2.6720468811039999E+06  -1.0329331762700000E+05
  2.8472556493910002E+06   2.7731909625490000E+06  -2.0191906814799999E+05
  2.8212899569549998E+06   2.7452331459130002E+06  -2.1121705460300000E+05
  2.8443937697450002E+06   2.7611431093400000E+06  -1.9210828245500001E+05
  2.8722532563339998E+06   2.7190311670720000E+06  -1.0346137018699999E+05
  2.8739284422160001E+06   2.7206368475540001E+06  -1.0266883162200000E+05
  2.8823813660579999E+06   2.8236875477860002E+06  -1.7139510589499999E+05
  2.8758615711840000E+06   2.6992181187580000E+06  -7.9196209747999994E+04
  2.8352444131069998E+06   2.6933077419540002E+06  -1.2593699784900001E+05
  2.8168247193680000E+06   2.6934512989980001E+06  -1.4341138086100001E+05
  2.8157696669460000E+06   2.6916532296600002E+06  -1.4212991111200000E+05
  2.8180169877010002E+06   2.6953023622200000E+06  -1.4459853981300001E+05
  2.9238008389470000E+06   2.7786852824479998E+06  -8.2920291597999996E+04
  2.8608949478699998E+06   2.7347892850350002E+06  -1.3642383262700000E+05
  2.8494832627200000E+06   2.7313216408699998E+06  -1.4879808348199999E+05
  2.8484841037579998E+06   2.7293592760930001E+06  -1.4803348254000000E+05
  2.8468440928799999E+06   2.7284133970610001E+06  -1.4932900666300001E+05
  2.8474743594030002E+06   2.7274189790090001E+06  -1.4728665841000000E+05
  2.8945356018849998E+06   2.7945552051670002E+06  -1.3740676815900000E+05
  2.8933946080890000E+06   2.7924831496819998E+06  -1.3770690482100000E+05
  2.8956997965919999E+06   2.7966203958540000E+06  -1.3711408800500000E+05
  2.8034077855929998E+06   2.7160285332459998E+06  -1.9016935097699999E+05
  2.8947519599959999E+06   2.8394155525480001E+06  -1.5771954150699999E+05
  2.8948973935989998E+06   2.8417621576970001E+06  -1.5769135934000000E+05
  2.8510639353860002E+06   2.6813246141550001E+06  -9.0330020365999997E+04
  2.9152373565090001E+06   2.8381353442589999E+06  -1.3371897923800000E+05
  2.8885260711679999E+06   2.7528073083950002E+06  -1.1102302693000001E+05
  2.8869743664750000E+06   2.7511470782699999E+06  -1.1185652630400000E+05
  2.8858260297340001E+06   2.7514979686570000E+06  -1.1392162871500000E+05
  2.8853825736779999E+06   2.7495052947100000E+06  -1.1266181755399999E+05
  2.8865254477010001E+06   2.7491633039380000E+06  -1.1060073919900000E+05
  2.8849257754409998E+06   2.7475265274999999E+06  -1.1140049076000000E+05
  2.8860674002780002E+06   2.7471870527479998E+06  -1.0934377670600000E+05
  2.8844660706020002E+06   2.7455488402720001E+06  -1.1014461298400001E+05
  2.8856084818090000E+06   2.7452117701220000E+06  -1.0808908283600000E+05
  2.8840040132459998E+06   2.7435713035260001E+06  -1.0889243223400001E+05
  2.8851874690569998E+06   2.7432160746089998E+06  -1.0686658223099999E+05
  2.8835721140359999E+06   2.7415769001620002E+06  -1.0766232071099999E+05
  2.8847731120699998E+06   2.7412166455509998E+06  -1.0564650157199999E+05
  2.8831566931050001E+06   2.7395735144409998E+06  -1.0644016912900000E+05
  2.8843622238159999E+06   2.7392185058900001E+06  -1.0442270032700000E+05
  2.8827728869770002E+06   2.7375643123019999E+06  -1.0522350183199999E+05
  2.8839892025879999E+06   2.7372092640519999E+06  -1.0320267281700000E+05
  2.8824387582800002E+06   2.7355725547569999E+06  -1.0399884130400000E+05
  2.8836421087400001E+06   2.7351897441520002E+06  -1.0197267931300000E+05
  2.8821028704269999E+06   2.7336017713750000E+06  -1.0279453321100000E+05
  2.8832328793990002E+06   2.7331073782680002E+06  -1.0077693278000000E+05
  2.8814740813409998E+06   2.7313745055550002E+06  -1.0178553926700000E+05
  2.8828340972219999E+06   2.7310254171920000E+06  -9.9566771634999997E+04
  2.8859626799929999E+06   2.7408487890450000E+06  -1.0363991801800000E+05
  2.8812713353479998E+06   2.7293487789150001E+06  -1.0034632793600000E+05
  2.8824313437029999E+06   2.7289348900819998E+06  -9.8342077135000000E+04
  2.8808040968800001E+06   2.7272514530489999E+06  -9.9213793030000001E+04
  2.8770545777320000E+06   2.7692253637290001E+06  -1.4318919670500001E+05
  2.8766284154909998E+06   2.7672898144749999E+06  -1.4193565188300001E+05
  2.8468637793370001E+06   2.7844970813389998E+06  -2.1613994824699999E+05
  2.8707558438670002E+06   2.7002646364580002E+06  -8.6025483282999994E+04
  2.8663882322680000E+06   2.8042326260000002E+06  -1.9320874464300001E+05
  2.8653177148670000E+06   2.8025717123369998E+06  -1.9443787564499999E+05
  2.8644809784380002E+06   2.8032609766580001E+06  -1.9660846960099999E+05
  2.8641771463370002E+06   2.8009620243850001E+06  -1.9584478340799999E+05
  2.8361907375540002E+06   2.7535393029530002E+06  -1.9662764378099999E+05
  2.8564654884380000E+06   2.6965825390289999E+06  -1.0256161172900000E+05
  2.9346712067590002E+06   2.7975885284290002E+06  -8.3157902956000005E+04
  2.8481536825680002E+06   2.7728728501490001E+06  -1.9975467328200000E+05
  2.8487358533910001E+06   2.7748413862629998E+06  -2.0099252899799999E+05
  2.8768286701969998E+06   2.8059316104669999E+06  -1.7429087632200000E+05
  2.8764434639559998E+06   2.8036853082840000E+06  -1.7383667620900000E+05
  2.8775305336560002E+06   2.8050035461780000E+06  -1.7220129823200000E+05
  2.8771634474280002E+06   2.8027459436090002E+06  -1.7175341229499999E+05
  2.8782943110489999E+06   2.8040590485640001E+06  -1.7015297310599999E+05
  2.8779857381799999E+06   2.8017653074480002E+06  -1.6974477697499999E+05
  2.8794714102400001E+06   2.8029942422819999E+06  -1.6833845866800001E+05
  2.8788764624910001E+06   2.8007686719410000E+06  -1.6778132834599999E+05
  2.8774122647259999E+06   2.7995506989449998E+06  -1.6923252096500000E+05
  2.8782051951979999E+06   2.7985451885480001E+06  -1.6722979172199999E+05
  2.8767478597180001E+06   2.7973381563169998E+06  -1.6870251568499999E+05
  2.8775145877950001E+06   2.7963103257229999E+06  -1.6668376501500001E+05
  2.8760950370490002E+06   2.7950964554710002E+06  -1.6818270620600000E+05
  2.8803150680149999E+06   2.8020237298249998E+06  -1.6634901658600001E+05
  2.8768157936769999E+06   2.7940661805560002E+06  -1.6614393745200001E+05
  2.8754341380969998E+06   2.7928464019140000E+06  -1.6767147800599999E+05
  2.8809231171889999E+06   2.8042547878399999E+06  -1.6692303775200000E+05
  2.8817546048499998E+06   2.8032922690619999E+06  -1.6492456383800000E+05
  2.8823605019129999E+06   2.8055368689509998E+06  -1.6551142152999999E+05
  2.8831983811989999E+06   2.8045817178659998E+06  -1.6350782645399999E+05
  2.8761121034090002E+06   2.7918217787750000E+06  -1.6561430486199999E+05
  2.8747706902160002E+06   2.7905985171710001E+06  -1.6716668010299999E+05
  2.8740865618340001E+06   2.7916234137309999E+06  -1.6923555085100001E+05
  2.8734226327999998E+06   2.7893812830090001E+06  -1.6873610677099999E+05
  2.8741099270360000E+06   2.7883531158679998E+06  -1.6665880255299999E+05
  2.8727614504950000E+06   2.7871362464580000E+06  -1.6822929286200000E+05
  2.8720750533719999E+06   2.7881686314309998E+06  -1.7030819234600000E+05
  2.8714151436239998E+06   2.7859224926430001E+06  -1.6979815303399999E+05
  2.8721028115690001E+06   2.7848879174070000E+06  -1.6771518858200000E+05
  2.8707596873389999E+06   2.7836756261430001E+06  -1.6927925033000001E+05
  2.8700698439989998E+06   2.7847095571929999E+06  -1.7136576996300000E+05
  2.8693284692759998E+06   2.7825020915259998E+06  -1.7081004771300001E+05
  2.8699229246550002E+06   2.7815130058400002E+06  -1.6868622158300001E+05
  2.8684453796410002E+06   2.7803623674059999E+06  -1.7019499631500000E+05
  2.8678481724999999E+06   2.7813474388040002E+06  -1.7231967751899999E+05
  2.8669676381939999E+06   2.7792100291729998E+06  -1.7170235578700001E+05
  2.8675637313290001E+06   2.7782228963859999E+06  -1.6957756501100000E+05
  2.8660853497040002E+06   2.7770731240639999E+06  -1.7108877937500001E+05
  2.8663671395129999E+06   2.7801916355079999E+06  -1.7382945608800001E+05
  2.8666773203889998E+06   2.7760822036850001E+06  -1.6896759519299999E+05
  2.8651940715800002E+06   2.7749326614370001E+06  -1.7048797939699999E+05
  2.8782847792349998E+06   2.7952571493569999E+06  -1.6468214142500001E+05
  2.8825781768160001E+06   2.8023025136560001E+06  -1.6291987090200000E+05
  2.8837993832860002E+06   2.8068307512880000E+06  -1.6410559417999999E+05
  2.8846460547560002E+06   2.8058909087749999E+06  -1.6209854268200000E+05
  2.8657773184079998E+06   2.7739358118960001E+06  -1.6837660657999999E+05
  2.8642891230480000E+06   2.7727866325530000E+06  -1.6990644499300001E+05
  2.8636843185250000E+06   2.7737965840230002E+06  -1.7198337304700000E+05
  2.8627695441580000E+06   2.7716593697670000E+06  -1.7138338987499999E+05
  2.8633580883419998E+06   2.7706341585680000E+06  -1.6933292070600000E+05
  2.8618498645839998E+06   2.7695209855650002E+06  -1.7079063506800000E+05
  2.8623541036769999E+06   2.7685170554809999E+06  -1.6877040915100000E+05
  2.8608029299420002E+06   2.7674546138280001E+06  -1.7018019468600000E+05
  2.8613498880150001E+06   2.7664245118200001E+06  -1.6821151692200001E+05
  2.8597480370049998E+06   2.7653824998699999E+06  -1.6956255818900000E+05
  2.8604144104229999E+06   2.7642799584300001E+06  -1.6758816810400001E+05
  2.8587627628950002E+06   2.7632550691990000E+06  -1.6896688729499999E+05
  2.8594394328160002E+06   2.7621156335990001E+06  -1.6700204711200000E+05
  2.8577894059250001E+06   2.7611232319629998E+06  -1.6840767845000001E+05
  2.8584267527180002E+06   2.7599818504389999E+06  -1.6649582391199999E+05
  2.8568066690039998E+06   2.7589965372460000E+06  -1.6786614232099999E+05
  2.8574482203000002E+06   2.7578642023510002E+06  -1.6595655785799999E+05
  2.8558287146770000E+06   2.7568914973490001E+06  -1.6733739146799999E+05
  2.8564817661959999E+06   2.7557669935470000E+06  -1.6541867934000000E+05
  2.8548194205080001E+06   2.7548324781129998E+06  -1.6680753279400000E+05
  2.8553884258630001E+06   2.7537763069930002E+06  -1.6482763423699999E+05
  2.8537228654900002E+06   2.7528576687940001E+06  -1.6623850883100001E+05
  2.8543011642319998E+06   2.7517979282320002E+06  -1.6424123103299999E+05
  2.8621601212169998E+06   2.7726715968559999E+06  -1.7345650106099999E+05
  2.8844016477319999E+06   2.7326954779550000E+06  -9.8770783863999997E+04
  2.8936269596670000E+06   2.7811392084030001E+06  -1.2821561034000000E+05
  2.8266928251459999E+06   2.7351287130680000E+06  -1.8660464519600000E+05
  2.8960245408660001E+06   2.8406295787680000E+06  -1.5614579997100000E+05
  2.8961968572149999E+06   2.8430271255999999E+06  -1.5608611085800000E+05
  2.8973766250829999E+06   2.8418045692429999E+06  -1.5446584861900000E+05
  2.8975047648640000E+06   2.8444110633270000E+06  -1.5448349213699999E+05
  2.8988632098320001E+06   2.8431976551629999E+06  -1.5291120375700001E+05
  2.8992129889110001E+06   2.8459643729810002E+06  -1.5302932240000000E+05
  2.9004330321459998E+06   2.8443977468420002E+06  -1.5153623625600000E+05
  2.9007570559379999E+06   2.8463539093089998E+06  -1.5154259364400001E+05
  2.8755884810549999E+06   2.7675732545389999E+06  -1.4405505021300001E+05
  2.8751317338649998E+06   2.7656385939099998E+06  -1.4277974864100001E+05
  2.8741186621450000E+06   2.7659279110500002E+06  -1.4493502770400001E+05
  2.8736653371170000E+06   2.7639640800839998E+06  -1.4362068697800001E+05
  2.8702604277539998E+06   2.8201920467019998E+06  -1.9130123883700001E+05
  2.8347247315039998E+06   2.7092862962170001E+06  -1.4348154041099999E+05
  2.8594156820870000E+06   2.7796961738829999E+06  -1.8591388102700000E+05
  2.8491485119289998E+06   2.7283793024849999E+06  -1.4595819655600001E+05
  2.8481103453469998E+06   2.7263902029650002E+06  -1.4519696234800000E+05
  2.8463891411159998E+06   2.7254134757210002E+06  -1.4657480050499999E+05
  2.8470559499829998E+06   2.7243577879690002E+06  -1.4440992791400000E+05
  2.8452950185619998E+06   2.7233013694940000E+06  -1.4575457005700000E+05
  2.8459987329970002E+06   2.7223134568480002E+06  -1.4361342024800001E+05
  2.8477105042670001E+06   2.7233883757270002E+06  -1.4229672568700000E+05
  2.8466500517159998E+06   2.7213903992699999E+06  -1.4148073703900000E+05
  2.8449454878540002E+06   2.7202957914310000E+06  -1.4279332282199999E+05
  2.8456751721520000E+06   2.7193447899500001E+06  -1.4070698597899999E+05
  2.8439336254880000E+06   2.7182615354840001E+06  -1.4199210665599999E+05
  2.8447339015469998E+06   2.7172766783059998E+06  -1.3994696532700001E+05
  2.8428650829530000E+06   2.7162743074150002E+06  -1.4115309891400000E+05
  2.8436713084580000E+06   2.7152972878450002E+06  -1.3910914072800000E+05
  2.8455002174869999E+06   2.7163040399930002E+06  -1.3789148971800000E+05
  2.8444703748420002E+06   2.7143154355410002E+06  -1.3706872978500000E+05
  2.8309621316229999E+06   2.7444336375589999E+06  -1.9354387898300000E+05
  2.8091870881880000E+06   2.6777034546309998E+06  -1.2910879913499999E+05
  2.8496356214439999E+06   2.7745308931769999E+06  -1.9883395182100000E+05
  2.8753776406029998E+06   2.8180732287110002E+06  -1.8186325415900000E+05
  2.8376164431699999E+06   2.7684121752140000E+06  -2.1460317782200000E+05
  2.8383820451920000E+06   2.7703471181250000E+06  -2.1580463494100000E+05
  2.8367899656520002E+06   2.7688236403629999E+06  -2.1684455219700001E+05
  2.8375210394319999E+06   2.7707979598420002E+06  -2.1802556108099999E+05
  2.8359497930250000E+06   2.7692557861770000E+06  -2.1908800170100000E+05
  2.8366553431830001E+06   2.7712551593289999E+06  -2.2026352000799999E+05
  2.8350798545969999E+06   2.7697251042340002E+06  -2.2134941860300000E+05
  2.8343184129110002E+06   2.7677553997140001E+06  -2.2016308044799999E+05
  2.8334927918739999E+06   2.7682057895310000E+06  -2.2246006575000001E+05
  2.8326750582110002E+06   2.7662838998900000E+06  -2.2121722113300001E+05
  2.8317697380619999E+06   2.7667662268659999E+06  -2.2350022096300000E+05
  2.8309360642410000E+06   2.7648707131739999E+06  -2.2224488119399999E+05
  2.8357717432980002E+06   2.7717459426360000E+06  -2.2254389077900001E+05
  2.8373535437929998E+06   2.7732516250009998E+06  -2.2144749205400000E+05
  2.8300696766499998E+06   2.7653427712019999E+06  -2.2445794173600001E+05
  2.8292284691889999E+06   2.7634991269430001E+06  -2.2327706277600001E+05
  2.8364982078020000E+06   2.7737991632530000E+06  -2.2365097063299999E+05
  2.8283489362039999E+06   2.7616156674819998E+06  -2.2212002898199999E+05
  2.8266736030110000E+06   2.7602908654430001E+06  -2.2316265326799999E+05
  2.8380411942730001E+06   2.7752358210000000E+06  -2.2254353335899999E+05
  2.8274188513590000E+06   2.7596878429339998E+06  -2.2098815672699999E+05
  2.8257199626030000E+06   2.7583473560360000E+06  -2.2204966176900000E+05
  2.8264290432899999E+06   2.7576992957730000E+06  -2.1987409026200001E+05
  2.8372533026950001E+06   2.7757854173499998E+06  -2.2462676468900000E+05
  2.8813694195389999E+06   2.8473430924340002E+06  -1.7448767222600000E+05
  2.9359867361039999E+06   2.8319930433410001E+06  -1.0450211681500000E+05
  2.8367500245180000E+06   2.7452516570580001E+06  -1.8490799896699999E+05
  2.9040230842720000E+06   2.7800517470399998E+06  -1.1046117026699999E+05
  2.9051999141600002E+06   2.7796552941390001E+06  -1.0841428444900000E+05
  2.8164813121630000E+06   2.7318987176330001E+06  -1.9802729894899999E+05
  2.9266651248030001E+06   2.8218717816980002E+06  -1.0971775272600001E+05
  2.9261638393870001E+06   2.8235056271939999E+06  -1.1136773219800000E+05
  2.8592356852170001E+06   2.7663685767520000E+06  -1.7158988308500001E+05
  2.9374633334750002E+06   2.7865545373140001E+06  -7.3292448774999997E+04
  2.8957251014430001E+06   2.7412071492019999E+06  -8.9950967460999993E+04
  2.9251610641069999E+06   2.8213095186419999E+06  -1.1151324991600000E+05
  2.8564424353140001E+06   2.7023864531149999E+06  -1.0844770801400000E+05
  2.8369962576910001E+06   2.7553331818300001E+06  -1.9800705197100001E+05
  2.9170559605290000E+06   2.8275365402429998E+06  -1.2634694792999999E+05
  2.8977718758999999E+06   2.7564944287080001E+06  -9.9910964724999998E+04
  2.8963458199220002E+06   2.7914449890609998E+06  -1.3218203941299999E+05
  2.8389984622430000E+06   2.6928074544719998E+06  -1.2065386762000000E+05
  2.8326338723030002E+06   2.7259741437800000E+06  -1.6500526801999999E+05
  2.8345353981579999E+06   2.7268843993390002E+06  -1.6382821383600001E+05
  2.9168220735950000E+06   2.8394927058140002E+06  -1.3251789576799999E+05
  2.8419401137799998E+06   2.6856763662330001E+06  -1.0827493360200000E+05
  2.8452695033120001E+06   2.7300700159700001E+06  -1.5338866182199999E+05
  2.8092862272120002E+06   2.7052860071080001E+06  -1.6567287848099999E+05
  2.8813429528589998E+06   2.7029472700169999E+06  -7.6406634491000004E+04
  2.8726523516340000E+06   2.7642528835140001E+06  -1.4575700808199999E+05
  2.8721789416080001E+06   2.7622967418889999E+06  -1.4442957765900000E+05
  2.8731752414469998E+06   2.7620067810470001E+06  -1.4232186713900001E+05
  2.8716558436240000E+06   2.7603229835640001E+06  -1.4317158578200001E+05
  2.8304642435579998E+06   2.6734372427300001E+06  -1.0742538993100000E+05
  2.8294295156359999E+06   2.6741225518280002E+06  -1.0947932736700001E+05
  2.8916472921099998E+06   2.8317166016509999E+06  -1.6037807339199999E+05
  2.8584673358000000E+06   2.8141659359070002E+06  -2.1354879673599999E+05
  2.8575172569760000E+06   2.8128756876900000E+06  -2.1517280293300000E+05
  2.8865756629539998E+06   2.7923295112290001E+06  -1.4862195748300001E+05
  2.8672681948859999E+06   2.7750937704570000E+06  -1.6685102024000001E+05
  2.8302838955999999E+06   2.6844853166789999E+06  -1.1978724026500000E+05
  2.8932619877129998E+06   2.7791705969360000E+06  -1.2697616792100000E+05
  2.8158998667420000E+06   2.7225402971299998E+06  -1.8323245791600001E+05
  2.8817153717600000E+06   2.7841830256130002E+06  -1.4987878352200001E+05
  2.8510553715780000E+06   2.8015440748660001E+06  -2.2162739115700001E+05
  2.8400374971220000E+06   2.6793415782929999E+06  -1.0286040053000000E+05
  2.8946299886220000E+06   2.7808182905509998E+06  -1.2609615248100000E+05
  2.8942976198290000E+06   2.7788797399849999E+06  -1.2482685881400001E+05
  2.8296435633160002E+06   2.7051549674889999E+06  -1.4491430769600000E+05
  2.8317947830320001E+06   2.7643721009439998E+06  -2.2002083152300000E+05
  2.8823891270450000E+06   2.7419199561839998E+06  -1.0970077160199999E+05
  2.8583539815719998E+06   2.6914412488549999E+06  -9.3004740418999994E+04
  2.8933274639599998E+06   2.7309690939830001E+06  -8.4790893859999996E+04
  2.9305788233260000E+06   2.7534395270199999E+06  -5.8209393295000002E+04
  2.9312581365780002E+06   2.7556613569709999E+06  -5.9156378637000002E+04
  2.8418909025280001E+06   2.7620395627440000E+06  -1.9895450357500001E+05
  2.8796765209479998E+06   2.7277160797710000E+06  -1.0118880959700000E+05
  2.9028431582999998E+06   2.7804512743420000E+06  -1.1250683359100000E+05
  2.8181683727389998E+06   2.7269672166260001E+06  -1.8706453114700000E+05
  2.8195069085459998E+06   2.7287030809050002E+06  -1.8788323082200001E+05
  2.8805364310800000E+06   2.7554152188599999E+06  -1.2550719136500001E+05
  2.9245413534519998E+06   2.7774042881560000E+06  -8.0987577002000005E+04
  2.8076196973179998E+06   2.6831577827070002E+06  -1.3777056945600000E+05
  2.8819364317979999E+06   2.7267928286819998E+06  -9.7176290890000004E+04
  2.8802429500790001E+06   2.7251235617229999E+06  -9.8070821941000002E+04
  2.8305484870920000E+06   2.7455129830620000E+06  -1.9560282017600001E+05
  2.9031089455329999E+06   2.7214237200300000E+06  -6.5755313313999999E+04
  2.8975939860129999E+06   2.7497028884350001E+06  -9.4525359677000000E+04
  2.8407563937149998E+06   2.7375514768070001E+06  -1.6799925029200001E+05
  2.9122414764830000E+06   2.7493413554019998E+06  -7.5394389827999999E+04
  2.9014352665370000E+06   2.8069388887260002E+06  -1.3576272543399999E+05
  2.9134756410940001E+06   2.7744935495890002E+06  -9.2753633778000003E+04
  2.8962903802850000E+06   2.7161286173390001E+06  -6.9941573139999993E+04
  2.8945413262649998E+06   2.7148260671629999E+06  -7.0931310681999996E+04
  2.8957422762569999E+06   2.7138620455339998E+06  -6.9118679132999998E+04
  2.8303880852060001E+06   2.7221042718770001E+06  -1.6329845460999999E+05
  2.8296208135409998E+06   2.7231291622620001E+06  -1.6531608965300000E+05
  2.8285080368789998E+06   2.7212068698709998E+06  -1.6446506450400001E+05
  2.8759508141109999E+06   2.8014566986570000E+06  -1.7331885073800001E+05
  2.8633515056440001E+06   2.8016810146050001E+06  -1.9801025365400000E+05
  2.8630448564559999E+06   2.7994092460590000E+06  -1.9726901091300001E+05
  2.8967470468740002E+06   2.7234274285990000E+06  -7.4437929764999993E+04
  2.8831016429690002E+06   2.6921832356590000E+06  -6.4148451986000000E+04
  2.9187659256469999E+06   2.7460308262350000E+06  -6.5145405916000003E+04
  2.9169961754680001E+06   2.7451539953430002E+06  -6.6385392613999997E+04
  2.9178529974139999E+06   2.7623341037679999E+06  -7.7845183969999998E+04
  2.8526398888059999E+06   2.7508944233829998E+06  -1.6566243802999999E+05
  2.8532299528700002E+06   2.7498361244440000E+06  -1.6364967524200000E+05
  2.8866362305200002E+06   2.7555460169190001E+06  -1.1640323700900000E+05
  2.9202356860679998E+06   2.7469271720119999E+06  -6.4211193636999997E+04
  2.9013685439760000E+06   2.7374339103310001E+06  -7.9377530188000004E+04
  2.9003191073610000E+06   2.7353178929409999E+06  -7.8907201849999998E+04
  2.9009389638729999E+06   2.7340920242780000E+06  -7.6943222060000000E+04
  2.9053177543440000E+06   2.8006943212509998E+06  -1.2542900105399999E+05
  2.9065274100770000E+06   2.8027424683639999E+06  -1.2518658716000000E+05
  2.8677699820590001E+06   2.8079488456730000E+06  -1.9265565588499999E+05
  2.8898111334460001E+06   2.7652479401460001E+06  -1.2052238745100000E+05
  2.8101817659870000E+06   2.6793192864609999E+06  -1.3057069522800000E+05
  2.9052728260960001E+06   2.7379668912229999E+06  -7.4426718013000005E+04
  2.9348795223400001E+06   2.8069052588510001E+06  -8.9115564020999998E+04
  2.9042718349520001E+06   2.7358375407500002E+06  -7.3987996769999998E+04
  2.9137646946399999E+06   2.8367388237629998E+06  -1.3496158528100001E+05
  2.9060540530849998E+06   2.7366397839440000E+06  -7.2605088640999995E+04
  2.8870402161929999E+06   2.7575654398690001E+06  -1.1764151469700001E+05
  2.8483349324599998E+06   2.7224614521940001E+06  -1.4016977736000001E+05
  2.8778551838199999E+06   2.7605603861659998E+06  -1.3415496581699999E+05
  2.8865887516970001E+06   2.7067931683999998E+06  -7.3353992815000005E+04
  2.8883349780110000E+06   2.7080692826299998E+06  -7.2354458343000006E+04
  2.8473028014230002E+06   2.6738531845080000E+06  -8.5855027749000001E+04
  2.9172356277680001E+06   2.7670952065030001E+06  -8.1961873080999998E+04
  2.8726246636720002E+06   2.7366402514880002E+06  -1.1914285819699999E+05
  2.9053360214600000E+06   2.7539005053260000E+06  -8.7811968848999997E+04
  2.8842543233790002E+06   2.7669738225110001E+06  -1.3101927198300000E+05
  2.8223792160729999E+06   2.7411616138709998E+06  -2.0325031456200001E+05
  2.8765153999510002E+06   2.7546616724149999E+06  -1.3029433301600000E+05
  2.8753873065889999E+06   2.7796625879540001E+06  -1.5691960338900000E+05
  2.8950609917629999E+06   2.8441469274459998E+06  -1.5764214521799999E+05
  2.8975931429039999E+06   2.7692070448639998E+06  -1.1162858988600000E+05
  2.9214306156210001E+06   2.7604311678419998E+06  -7.2924836922000002E+04
  2.8658186983030001E+06   2.7077667861620001E+06  -1.0034177314799999E+05
  2.8492041606109999E+06   2.6749883295000000E+06  -8.4925934454000002E+04
  2.8510999936640002E+06   2.6761260023590000E+06  -8.4002422422000003E+04
  2.9066214477240001E+06   2.8010810296450001E+06  -1.2345981178600001E+05
  2.9078344401059998E+06   2.8031251692100000E+06  -1.2321775578199999E+05
  2.9077460435790000E+06   2.8047951266720002E+06  -1.2494247849100000E+05
  2.9079259357489999E+06   2.8014597937190002E+06  -1.2149181335800000E+05
  2.9019923058000002E+06   2.7678838053130000E+06  -1.0326855431599999E+05
  2.8023492801160002E+06   2.7186349902360002E+06  -1.9680063078899999E+05
  2.8727413613769999E+06   2.7600231964039998E+06  -1.4105955705000000E+05
  2.8712098038630001E+06   2.7583274480860000E+06  -1.4191088798800000E+05
  2.8723277547900002E+06   2.7580438110920000E+06  -1.3979349093199999E+05
  2.8708207559469999E+06   2.7563639455510001E+06  -1.4062005126300000E+05
  2.8697102635900001E+06   2.7566272283160002E+06  -1.4270516889800000E+05
  2.8693125112060001E+06   2.7547114867810002E+06  -1.4147560857099999E+05
  2.8704256707400000E+06   2.7544056727000000E+06  -1.3934428521700000E+05
  2.8689309473060002E+06   2.7527508885019999E+06  -1.4017531977999999E+05
  2.8700384878870002E+06   2.7524430132289999E+06  -1.3805121028800000E+05
  2.8685717966009998E+06   2.7507778170409999E+06  -1.3887457276600000E+05
  2.8696692012120001E+06   2.7504649515720000E+06  -1.3677071269600000E+05
  2.8682181294590002E+06   2.7488074196049999E+06  -1.3757880535300000E+05
  2.8692966159600001E+06   2.7484787836449998E+06  -1.3549104527500001E+05
  2.8678561273210002E+06   2.7468277965600002E+06  -1.3628796105600000E+05
  2.8689113060780000E+06   2.7464758566339999E+06  -1.3421634476199999E+05
  2.8674634679410001E+06   2.7448150710310000E+06  -1.3501601612200000E+05
  2.8685073535930002E+06   2.7444533729139999E+06  -1.3295368280300000E+05
  2.8670043751300001E+06   2.7427430273640002E+06  -1.3379685569000000E+05
  2.8681203120090002E+06   2.7424115261570001E+06  -1.3169640886500000E+05
  2.8678088259410001E+06   2.7530668277730001E+06  -1.4233133688600000E+05
  2.8665704940729998E+06   2.7406683498590002E+06  -1.3250538161499999E+05
  2.8677372242769999E+06   2.7404010375879998E+06  -1.3041304836000000E+05
  2.8661895996559998E+06   2.7387268550660000E+06  -1.3111354274300000E+05
  2.8673216412149998E+06   2.7384726809200002E+06  -1.2908872629700000E+05
  2.8658457560689999E+06   2.7368747178449999E+06  -1.2975533145800000E+05
  2.8668947196089998E+06   2.7365563348670001E+06  -1.2779436491200000E+05
  2.8760883690280002E+06   2.6916970868270001E+06  -7.1999347089000003E+04
  2.8229185179450000E+06   2.6929747801000001E+06  -1.3777601840299999E+05
  2.8461737910250002E+06   2.7433426298929998E+06  -1.6661673850499999E+05
  2.8632342477270002E+06   2.7590922868780000E+06  -1.5808609679800001E+05
  2.9335530282930001E+06   2.8278404394240002E+06  -1.0443484817200000E+05
  2.8548723148869998E+06   2.7507266682330002E+06  -1.6224172403000001E+05
  2.8538131232630000E+06   2.7487743582380000E+06  -1.6164311819000001E+05
  2.9145028311230000E+06   2.7959842225980000E+06  -1.0735848128800000E+05
  2.9003001151270000E+06   2.8048518599899998E+06  -1.3600387426099999E+05
  2.8720906967839999E+06   2.6968156021309998E+06  -8.0912357548000000E+04
  2.9325496144039999E+06   2.8202461452040002E+06  -1.0133638581000001E+05
  2.9136663575030002E+06   2.8492432121410002E+06  -1.3905706370699999E+05
  2.9123232383579998E+06   2.8503771322450000E+06  -1.4058677467200000E+05
  2.9107215484950002E+06   2.8491603879320002E+06  -1.4195246566799999E+05
  2.9333572930620001E+06   2.8346554052040000E+06  -1.0942691816099999E+05
  2.8347869188629999E+06   2.7723006973319999E+06  -2.2499144463300001E+05
  2.8389043155260002E+06   2.7747613697290001E+06  -2.2038526132600001E+05
  2.8395673008320001E+06   2.7767165801590001E+06  -2.2151896320699999E+05
  2.8672448873760002E+06   2.7823281131440001E+06  -1.7445091634200001E+05
  2.8657364853500002E+06   2.7811660350429998E+06  -1.7594314078099999E+05
  2.8268542925769999E+06   2.7396510327639999E+06  -1.9368818146800000E+05
  2.8810583479849999E+06   2.8144786237130002E+06  -1.7033058097000001E+05
  2.9060406590419998E+06   2.8402630549519998E+06  -1.4516228017600000E+05
  2.8501818293949999E+06   2.7373276760140001E+06  -1.5439715177999999E+05
  2.8508616253689998E+06   2.7363385100529999E+06  -1.5234390458000000E+05
  2.8980473786900002E+06   2.8287113578510000E+06  -1.5061559532900000E+05
  2.8196463620310002E+06   2.7440459764000000E+06  -2.1213605423600000E+05
  2.9152787247799998E+06   2.7869855820570001E+06  -9.9733581397000002E+04
  2.9168040126950000E+06   2.7886115015540002E+06  -9.8737839592000004E+04
  2.8843050808649999E+06   2.7212633416100000E+06  -8.8636938693999997E+04
  2.8566733409310002E+06   2.7823679389399998E+06  -1.9428756354800001E+05
  2.8924812503330000E+06   2.8416170785229998E+06  -1.6081985978000000E+05
  2.9061016977619999E+06   2.8426986076190001E+06  -1.4551982766000001E+05
  2.8921723684069999E+06   2.7473426079460001E+06  -1.0033499603200000E+05
  2.9149880330469999E+06   2.8357779033869999E+06  -1.3308098861100001E+05
  2.9134952681530002E+06   2.8344052224079999E+06  -1.3435771772399999E+05
  2.8075518106720001E+06   2.6923147447239999E+06  -1.4905954352100001E+05
  2.8097935857839999E+06   2.6838779076450001E+06  -1.3730833393299999E+05
  2.8467440156149999E+06   2.7916271422390002E+06  -2.2353928812899999E+05
  2.8570527977330000E+06   2.7546998032709998E+06  -1.6342379472500001E+05
  2.9117203507369999E+06   2.7333483718490000E+06  -6.4931085553999998E+04
  2.9009051782640000E+06   2.7618376595350001E+06  -9.9377976232000001E+04
  2.9070306978469999E+06   2.7682043645029999E+06  -9.6221071884999998E+04
  2.8748275644979998E+06   2.7466673101510000E+06  -1.2522395236100000E+05
  2.8748452016130001E+06   2.8437906879690001E+06  -1.8382689960300000E+05
  2.8154739117530002E+06   2.7234585880829999E+06  -1.8539287574700001E+05
  2.8141159378459998E+06   2.7216906721390001E+06  -1.8455102149899999E+05
  2.8511408067379999E+06   2.7994823505710000E+06  -2.2017739682800000E+05
  2.8297253847469999E+06   2.6877147686270000E+06  -1.2497682936000000E+05
  2.8621578179810001E+06   2.8159296022239998E+06  -2.0655683562000000E+05
  2.8877218830189998E+06   2.7108385078329998E+06  -7.5165157290999996E+04
  2.8868985262980000E+06   2.6996680046760002E+06  -6.6702678975999996E+04
  2.9246673627050002E+06   2.8229524299229998E+06  -1.1315777334699999E+05
  2.9256750578140002E+06   2.8251422516760002E+06  -1.1300169066300000E+05
  2.9176307810820001E+06   2.7837767113009999E+06  -9.4613262503000005E+04
  2.8654250372210001E+06   2.7350119592380002E+06  -1.2850610627500000E+05
  2.8664531314539998E+06   2.7346522168769999E+06  -1.2653537498399999E+05
  2.8649658963629999E+06   2.7331207588550001E+06  -1.2732467931700000E+05
  2.8660069358609999E+06   2.7327388195079998E+06  -1.2527407763800000E+05
  2.8645290959399999E+06   2.7311787149589998E+06  -1.2605608070300000E+05
  2.8655802665769998E+06   2.7308068640760002E+06  -1.2396335845200000E+05
  2.8641135423480002E+06   2.7291980808819998E+06  -1.2470641329800000E+05
  2.8262588677909998E+06   2.6716195084919999E+06  -1.0872947212400001E+05
  2.8970426342119998E+06   2.8297058863960002E+06  -1.5250325147399999E+05
  2.8650210102459998E+06   2.8002038426970001E+06  -1.9361732021899999E+05
  2.8754035394449998E+06   2.7960874239119999E+06  -1.7023902956600001E+05
  2.8363390718680001E+06   2.7463038818680001E+06  -1.8695218154399999E+05
  2.8561564639519998E+06   2.7601010090919998E+06  -1.6976275581999999E+05
  2.9362822062809998E+06   2.8371952550160000E+06  -1.0783081432799999E+05
  2.8277342253399999E+06   2.7279837259459998E+06  -1.7469168303200000E+05
  2.8753069164330000E+06   2.7742863116070000E+06  -1.5168421259000001E+05
  2.8956890475380002E+06   2.7805643308460000E+06  -1.2394014290399999E+05
  2.9180881948219999E+06   2.7881316896930002E+06  -9.6740076732000001E+04
  2.8730166353469999E+06   2.7123256066899998E+06  -9.6090222408999995E+04
  2.8456826454830002E+06   2.7650387106840000E+06  -1.9475702312999999E+05
  2.8925503725790000E+06   2.8018500311889998E+06  -1.4633361265100000E+05
  2.9416897068329998E+06   2.8043941642209999E+06  -7.9579548383999994E+04
  2.8190280410830001E+06   2.7027597848020000E+06  -1.5201521728899999E+05
  2.8651952837899998E+06   2.7288663235599999E+06  -1.2257886935900000E+05
  2.8637129348390000E+06   2.7272337670640000E+06  -1.2334636020900001E+05
  2.9158218190029999E+06   2.8427110208549998E+06  -1.3504589989999999E+05
  2.9228836878539999E+06   2.7981536638529999E+06  -9.7747167543000003E+04
  2.8614364205390001E+06   2.7170431157300002E+06  -1.1624998741700000E+05
  2.8619508376219999E+06   2.7191541703100000E+06  -1.1762848133200000E+05
  2.8609252096449998E+06   2.7149862188860001E+06  -1.1492250625400001E+05
  2.9231059495600001E+06   2.7800089814599999E+06  -8.4752201872000005E+04
  2.8923397024240000E+06   2.7429064378880002E+06  -9.5945799545999995E+04
  2.8851647252989998E+06   2.7368149953109999E+06  -1.0120606429300000E+05
  2.8378786028590002E+06   2.7472743317410001E+06  -1.8550319025300001E+05
  2.8935733038860001E+06   2.7907768175710002E+06  -1.3605242925099999E+05
  2.8921718002129998E+06   2.7904433614039999E+06  -1.3796376826400001E+05
  2.8920212983519998E+06   2.7921376540179998E+06  -1.3963640537600001E+05
  2.8907920318590002E+06   2.7900960160780000E+06  -1.3988340536500001E+05
  2.9246645650780001E+06   2.7808863310960000E+06  -8.3239778835999998E+04
  2.8632868703140002E+06   2.7016773087510001E+06  -9.7464926598000005E+04
  2.8920522132750000E+06   2.8179856343580000E+06  -1.5571944219000000E+05
  2.8831939254290001E+06   2.7090387494130000E+06  -7.9155141222000006E+04
  2.8499032091569998E+06   2.7633296511510001E+06  -1.8424711072299999E+05
  2.8611291569880000E+06   2.8119857913500001E+06  -2.0765128347699999E+05
  2.8663537084989999E+06   2.7591352163140001E+06  -1.5162870050899999E+05
  2.9061113707059999E+06   2.8275338763629999E+06  -1.4057759934700001E+05
  2.9139685347790001E+06   2.8514242253220002E+06  -1.3916622263700000E+05
  2.8462352116510002E+06   2.7153616478610002E+06  -1.3581838464900001E+05
  2.8452731957890000E+06   2.7133406311329999E+06  -1.3503133750100000E+05
  2.8569839854990002E+06   2.7897106395390001E+06  -2.0127902411999999E+05
  2.9328133807480000E+06   2.7829493777000001E+06  -7.5903355809000001E+04
  2.8536640286690001E+06   2.7718211906730002E+06  -1.8782254988199999E+05
  2.8992941034700000E+06   2.7331915760309999E+06  -7.8438838495999997E+04
  2.8999265765720000E+06   2.7319797713540001E+06  -7.6469790393000003E+04
  2.9194939165920001E+06   2.7746508743730001E+06  -8.5135118998000005E+04
  2.8780508205030002E+06   2.7051664866800001E+06  -8.2258495787000007E+04
  2.8434247724520001E+06   2.7123496235920000E+06  -1.3622476638300001E+05
  2.8442364988830001E+06   2.7113847347459998E+06  -1.3418718174100001E+05
  2.8281936296850001E+06   2.7591133280210001E+06  -2.1880268034200001E+05
  2.9176789632430002E+06   2.8172678692009998E+06  -1.1878609009800000E+05
  2.8997045678590001E+06   2.8558068073999998E+06  -1.5411270838699999E+05
  2.9315499894500002E+06   2.8413343406489999E+06  -1.1581285813700000E+05
  2.8865755208649999E+06   2.7115688823310002E+06  -7.7102269847000003E+04
  2.9331804908179999E+06   2.7639973923499999E+06  -6.2967834391999997E+04
  2.9314374755660002E+06   2.7632032059519999E+06  -6.4355095912999997E+04
  2.8565412011060002E+06   2.7317737415390001E+06  -1.3952876876100001E+05
  2.8417959997879998E+06   2.7142858434350002E+06  -1.4031341753499999E+05
  2.7972778329150002E+06   2.6962123095209999E+06  -1.6384082680800001E+05
  2.7975692432100000E+06   2.6953062052950002E+06  -1.6190321842799999E+05
  2.7991835244590002E+06   2.6967189811769999E+06  -1.6274465161900001E+05
  2.7958378078500000E+06   2.6940379107949999E+06  -1.6108326742200000E+05
  2.8943187623720001E+06   2.7962912331800000E+06  -1.3905420819300000E+05
  2.8954360478590000E+06   2.7983874923359999E+06  -1.3874156880600000E+05
  2.8704712456299998E+06   2.8130658638120000E+06  -1.9033819933900001E+05
  2.8518886857670001E+06   2.7383653347620000E+06  -1.5307252216399999E+05
  2.8525646675450001E+06   2.7373608024729998E+06  -1.5100804088200000E+05
  2.8337519851170001E+06   2.7278885083430000E+06  -1.6584137460300000E+05
  2.8356377879150002E+06   2.7287979153209999E+06  -1.6468145303599999E+05
  2.8635793813530002E+06   2.7867925337609998E+06  -1.8516274520100001E+05
  2.8670837492570002E+06   2.6978291549169999E+06  -8.7920560675000001E+04
  2.8712261387570002E+06   2.8216817720090002E+06  -1.8968332776799999E+05
  2.8700969784370000E+06   2.8225895881730001E+06  -1.9157565409000000E+05
  2.8710678512680000E+06   2.8240549996699998E+06  -1.8994908805799999E+05
  2.8699484376150002E+06   2.8250245728179999E+06  -1.9182509544300000E+05
  2.8709558717919998E+06   2.8263763163609998E+06  -1.9013723891300001E+05
  2.8689664658700000E+06   2.8234837191019999E+06  -1.9347024337300000E+05
  2.8720527570290002E+06   2.8254965278280000E+06  -1.8829900189900000E+05
  2.8719444798249998E+06   2.8277597455520001E+06  -1.8848093617599999E+05
  2.8730351439740001E+06   2.8269393003699998E+06  -1.8665313678100001E+05
  2.8729082698019999E+06   2.8292587146830000E+06  -1.8681693349400000E+05
  2.8740917994129998E+06   2.8283256894089999E+06  -1.8501857450200000E+05
  2.8740576093520001E+06   2.8306309835350001E+06  -1.8506375619700001E+05
  2.8752344274189998E+06   2.8296095707180002E+06  -1.8333712056499999E+05
  2.8751990787999998E+06   2.8319155946229999E+06  -1.8338852686499999E+05
  2.8763175273340000E+06   2.8309022978500002E+06  -1.8171034431799999E+05
  2.8763170941410000E+06   2.8331979542870000E+06  -1.8174766749500000E+05
  2.8773977895820001E+06   2.8321590982309999E+06  -1.8008448690399999E+05
  2.8774286746330000E+06   2.8345410124869999E+06  -1.8011610714099999E+05
  2.8785087629189999E+06   2.8333442871039999E+06  -1.7840137895400001E+05
  2.8785549963739999E+06   2.8358929940419998E+06  -1.7846292875699999E+05
  2.8796327979000001E+06   2.8346126081860000E+06  -1.7670559240900000E+05
  2.8763732154299999E+06   2.8285407527720002E+06  -1.8137724210999999E+05
  2.8797093498169999E+06   2.8371410408569998E+06  -1.7676889962099999E+05
  2.8808147471010000E+06   2.8358479323780001E+06  -1.7502600735400000E+05
  2.8806464210319999E+06   2.8333645371480002E+06  -1.7493063875600000E+05
  2.8820324065609998E+06   2.8345597384279999E+06  -1.7333853092200001E+05
  2.8822166240840000E+06   2.8369896098739998E+06  -1.7344805351999999E+05
  2.8783213095320002E+06   2.8308971239379998E+06  -1.7845448563600000E+05
  2.8717343085309998E+06   2.8302283961840002E+06  -1.8878107933400001E+05
  2.8531477293830002E+06   2.7539015004150001E+06  -1.6821380630299999E+05
  2.8906062410410000E+06   2.7347249734310000E+06  -9.1837066191999998E+04
  2.8461782585100001E+06   2.7553767397170002E+06  -1.8132141635499999E+05
  2.9039688684780002E+06   2.8092564561749999E+06  -1.3363183342800001E+05
  2.9146703546420000E+06   2.8063677301280000E+06  -1.1506954770500000E+05
  2.8353076395510002E+06   2.7538259088869998E+06  -1.9885389605600000E+05
  2.8808934797760001E+06   2.7339311124229999E+06  -1.0478367978200001E+05
  2.8289069935570001E+06   2.7448252513480000E+06  -1.9738770429100000E+05
  2.8616711373649999E+06   2.7423224673179998E+06  -1.4218307387100000E+05
  2.9037636415619999E+06   2.7529240916650002E+06  -8.9361685830000002E+04
  2.9044780110089998E+06   2.7517065635719998E+06  -8.7434870381999994E+04
  2.8852388582540001E+06   2.8081312356340000E+06  -1.6270339537600000E+05
  2.8860979423310002E+06   2.8072243223529998E+06  -1.6069931282399999E+05
  2.8854977857800000E+06   2.8049463901880002E+06  -1.6008014950800000E+05
  2.8431411638639998E+06   2.7192266967110001E+06  -1.4405893605600001E+05
  2.8444515691390000E+06   2.7244683093010001E+06  -1.4822079205500000E+05
  2.8536390199799999E+06   2.7851580850880002E+06  -2.0327776153100000E+05
  2.8909593061030000E+06   2.7884031806959999E+06  -1.3822242256300000E+05
  2.8895620109089999E+06   2.7880485426349998E+06  -1.4012664176699999E+05
  2.8805299336549998E+06   2.7744595016669999E+06  -1.4278743234199999E+05
  2.9294329763839999E+06   2.7543624145300002E+06  -6.0088675193000003E+04
  2.8314054583640001E+06   2.6752561129589998E+06  -1.0866072366900000E+05
  2.8303605105740000E+06   2.6759454267489999E+06  -1.1073143500899999E+05
  2.8703805389600000E+06   2.7065799135289998E+06  -9.3234012631999998E+04
  2.8104090953890001E+06   2.6769277464049999E+06  -1.2719096506500000E+05
  2.8782464565530000E+06   2.8520744082180001E+06  -1.7872212372800001E+05
  2.8210802432809998E+06   2.7250283397400002E+06  -1.7959074142000001E+05
  2.8155283011679999E+06   2.6944498041929998E+06  -1.4564047008100001E+05
  2.8264893470859998E+06   2.7514606417919998E+06  -2.1109891903200001E+05
  2.9180590114879999E+06   2.7438564574679998E+06  -6.4603764475000004E+04
  2.9161767316580000E+06   2.7429396446600002E+06  -6.5931561237000002E+04
  2.8933488344890000E+06   2.8529190216310001E+06  -1.6049928419599999E+05
  2.9182844727739999E+06   2.7902642949899998E+06  -9.7818184838000001E+04
  2.9170054448799998E+06   2.7907577983920001E+06  -9.9817723794000005E+04
  2.8744143363819998E+06   2.7027085906610000E+06  -8.4156304438000006E+04
  2.8689201460790001E+06   2.7700197955700001E+06  -1.5865696648800001E+05
  2.8087249016419998E+06   2.6846750288100000E+06  -1.3924765984499999E+05
  2.8109750090939999E+06   2.6831894649430001E+06  -1.3543685041700001E+05
  2.8663679321120000E+06   2.7729490654540001E+06  -1.6626227213699999E+05
  2.9396755995129999E+06   2.8098749725230001E+06  -8.5702524086000005E+04
  2.8196387500149999E+06   2.7486420959310001E+06  -2.1881839847600000E+05
  2.8210207389679998E+06   2.7506242499299999E+06  -2.1941092094200000E+05
  2.9339465873409999E+06   2.7990983429000000E+06  -8.4953535434999998E+04
  2.8708266336800000E+06   2.8045334738830002E+06  -1.8497927941399999E+05
  2.9236551933329999E+06   2.8207615126550002E+06  -1.1331953046600000E+05
  2.9241595188460001E+06   2.8191235051520001E+06  -1.1166286254800000E+05
  2.8906601667260001E+06   2.8142403117229999E+06  -1.5692268833899999E+05
  2.8752200546590001E+06   2.8341862538760002E+06  -1.8335295279300000E+05
  2.8941635622589998E+06   2.7834811783400001E+06  -1.2927637048500001E+05
  2.8650042145910002E+06   2.7646060218429998E+06  -1.6039196736800001E+05
  2.8835769380600001E+06   2.7284754278040002E+06  -9.6311086293000000E+04
  2.8947773655229998E+06   2.8370055818639998E+06  -1.5752090621600000E+05
  2.9108918691699998E+06   2.8516151083550001E+06  -1.4222249470600000E+05
  2.9093029654999999E+06   2.8502909348410000E+06  -1.4358419640399999E+05
  2.9147071156210001E+06   2.8334295828580000E+06  -1.3248528803100000E+05
  2.9132233526949999E+06   2.8320842830170002E+06  -1.3376195894600000E+05
  2.8498131542730001E+06   2.7273927145090001E+06  -1.4387504895600001E+05
  2.8521719449350000E+06   2.8035640633520000E+06  -2.2090235123500001E+05
  2.8272559201870002E+06   2.7532729535810002E+06  -2.1227428013299999E+05
  2.8110715223949999E+06   2.6855578003219999E+06  -1.3863744686900001E+05
  2.8870120260399999E+06   2.8498986827830002E+06  -1.6771590993900000E+05
  2.8953389246220002E+06   2.7785823190649999E+06  -1.2266098420399999E+05
  2.8967310697780000E+06   2.7802442817099998E+06  -1.2175115632600000E+05
  2.8409875387820001E+06   2.7152618582130000E+06  -1.4235902850099999E+05
  2.9344055665710000E+06   2.8085811912759999E+06  -9.0829352723000004E+04
  2.8842360480840001E+06   2.7498451134029999E+06  -1.1472626326500000E+05
  2.8773515314199999E+06   2.7413985610779999E+06  -1.1669313386099999E+05
  2.8373743427920002E+06   2.7617667608929998E+06  -2.0650444510800001E+05
  2.9161195431760000E+06   2.7464609069269998E+06  -6.8213558585999999E+04
  2.9048113817900000E+06   2.7586092963049999E+06  -9.2034880330999993E+04
  2.8833169946039999E+06   2.7458784110380001E+06  -1.1220280492000000E+05
  2.9407550206950000E+06   2.8022624970970000E+06  -7.9154616993000003E+04
  2.9415081333559998E+06   2.8009558674160000E+06  -7.7320763764999996E+04
  2.8508395472249999E+06   2.7293794029420000E+06  -1.4465056471199999E+05
  2.8801335700340001E+06   2.7870756905260002E+06  -1.5534798748899999E+05
  2.8282510872490001E+06   2.7269977083970001E+06  -1.7254022225799999E+05
  2.8431135351010002E+06   2.7659770008000000E+06  -2.0143755513200001E+05
  2.8137081419859999E+06   2.7226237016840000E+06  -1.8670804227700000E+05
  2.8123384120000000E+06   2.7208461718020001E+06  -1.8586826826000001E+05
  2.8309992684129998E+06   2.7346549233940002E+06  -1.7933695692800000E+05
  2.8666200526330001E+06   2.7833020176670002E+06  -1.7659541644299999E+05
  2.8651068724690001E+06   2.7821087077980000E+06  -1.7805740248399999E+05
  2.8642016654320001E+06   2.7800118352359999E+06  -1.7740484054899999E+05
  2.8502155570890000E+06   2.7765126675990000E+06  -2.0009216518499999E+05
  2.8510905160909998E+06   2.7761780341320001E+06  -1.9793072249200000E+05
  2.8505156736099999E+06   2.7741955479199998E+06  -1.9666612392200000E+05
  2.8854937427289998E+06   2.7559172799049998E+06  -1.1847813922600000E+05
  2.8933763235510001E+06   2.7534430776979998E+06  -1.0389422471300000E+05
  2.9028775656570001E+06   2.7507751790990001E+06  -8.8895102786000003E+04
  2.9035654525839998E+06   2.7495552793939998E+06  -8.7000950219000006E+04
  2.8540998815890001E+06   2.7244686502709999E+06  -1.3388130487100000E+05
  2.9054334911570000E+06   2.8096190282290000E+06  -1.3177335254399999E+05
  2.9049175095080002E+06   2.7775915816970002E+06  -1.0724012601700000E+05
  2.9063833316090000E+06   2.7792583935500002E+06  -1.0635730732500000E+05
  2.9066596518839998E+06   2.7813286050020000E+06  -1.0753224578800000E+05
  2.8283717450410002E+06   2.6747956675410001E+06  -1.1154411459500001E+05
  2.8292734053079998E+06   2.6766509088679999E+06  -1.1279805670000000E+05
  2.9150295548769999E+06   2.8482847464080001E+06  -1.3754028808999999E+05
  2.8213285465340000E+06   2.7495012708600000E+06  -2.1731161871600000E+05
  2.8511244101209999E+06   2.6864596566340001E+06  -9.6940803150000007E+04
  2.8520726107770000E+06   2.6883310600740002E+06  -9.8127115210999997E+04
  2.9078401162379999E+06   2.7809318696699999E+06  -1.0545918203800000E+05
  2.8810482529420001E+06   2.7701149878260000E+06  -1.3835170692200001E+05
  2.9019881900040000E+06   2.7742611733410000E+06  -1.0900480447500000E+05
  2.8778586626439998E+06   2.7668958021840001E+06  -1.3992439575299999E+05
  2.8404379879500000E+06   2.7762895545290001E+06  -2.1937717247300001E+05
  2.8410951277800002E+06   2.7782546139830002E+06  -2.2055900733299999E+05
  2.8401757510990002E+06   2.7785923657140001E+06  -2.2263084352800000E+05
  2.8876649028369999E+06   2.7488181624830002E+06  -1.0854171262799999E+05
  2.8264420500530000E+06   2.7405622116870000E+06  -1.9587204819199999E+05
  2.8251491832989999E+06   2.7387573454499999E+06  -1.9508772299499999E+05
  2.8715269442090001E+06   2.7541049180729999E+06  -1.3723748366299999E+05
  2.8660743746159999E+06   2.7573331942500002E+06  -1.5002496254000001E+05
  2.8000726090099998E+06   2.7008204885169999E+06  -1.6927165136399999E+05
  2.8991971888600001E+06   2.8276508760520001E+06  -1.4878379333900000E+05
  2.8977100820650002E+06   2.8263996826109998E+06  -1.5018088772699999E+05
  2.8680701676639998E+06   2.8340150251349998E+06  -1.9489269634299999E+05
  2.8648278826819998E+06   2.7269373871380002E+06  -1.2126502531200000E+05
  2.9400286891510002E+06   2.8035882139220000E+06  -8.0970428862999994E+04
  2.7994543287269999E+06   2.6958219688740000E+06  -1.6071315691200001E+05
  2.8010825932539999E+06   2.6974261104210000E+06  -1.6160345427300001E+05
  2.8815452695619999E+06   2.7379073107460001E+06  -1.0725003290799999E+05
  2.8632772742470000E+06   2.7252946426990000E+06  -1.2190418484200000E+05
  2.8818379696280002E+06   2.8321128333490002E+06  -1.7323930054500001E+05
  2.8520615544130001E+06   2.6754287106100000E+06  -8.1993676917999997E+04
  2.8529840079109999E+06   2.6772549936099998E+06  -8.3082746635000003E+04
  2.8707559962630002E+06   2.7501435730320001E+06  -1.3467619741699999E+05
  2.8224140506030000E+06   2.7195163131519998E+06  -1.7004387481000001E+05
  2.9332619371759999E+06   2.8065317268180000E+06  -9.0830177941000002E+04
  2.9052454298200002E+06   2.8170628561959998E+06  -1.3641653586100001E+05
  2.8367104150930000E+06   2.7598213047610000E+06  -2.0521807773399999E+05
  2.8842214884730000E+06   2.8091161797850002E+06  -1.6459536250900000E+05
  2.9091385657100002E+06   2.8034989386570002E+06  -1.2124571535499999E+05
  2.8171428616519999E+06   2.6964217893719999E+06  -1.4662921606400001E+05
  2.8193087218040000E+06   2.6971602125530001E+06  -1.4565026633799999E+05
  2.9256356906260001E+06   2.8501334347620001E+06  -1.2710904567100000E+05
  2.8692307411690000E+06   2.7420849366350002E+06  -1.2963146356700000E+05
  2.8697348344660001E+06   2.7665356121339998E+06  -1.5355307383899999E+05
  2.9241951738399998E+06   2.8245982782959999E+06  -1.1477366830400001E+05
  2.9252384061530000E+06   2.8267684226980000E+06  -1.1464652986700000E+05
  2.8423868651640001E+06   2.7104034518470000E+06  -1.3536517280000000E+05
  2.8431922000489999E+06   2.7094577730870000E+06  -1.3331155976700000E+05
  2.8450362090790002E+06   2.7104228325120001E+06  -1.3213206562600000E+05
  2.8439715991520002E+06   2.7084817782800002E+06  -1.3125569527699999E+05
  2.8744148791319998E+06   2.7227142259700000E+06  -1.0388865868300000E+05
  2.8321432829999998E+06   2.7464253745180001E+06  -1.9418244574400000E+05
  2.8216388366560000E+06   2.7285283139180001E+06  -1.8443868405300000E+05
  2.8699853359840000E+06   2.7461327606020002E+06  -1.3213946693299999E+05
  2.8495929415989998E+06   2.7876666907680002E+06  -2.1380319766400001E+05
  2.8487554601449999E+06   2.7882026209999998E+06  -2.1602484070599999E+05
  2.8501316169550000E+06   2.7897617018650002E+06  -2.1480749007100001E+05
  2.9078028907809998E+06   2.8228641386090000E+06  -1.3606759400899999E+05
  2.9112787840800001E+06   2.8167595418529999E+06  -1.2786443500500001E+05
  2.8389507665729998E+06   2.7208626614700002E+06  -1.5154007944400000E+05
  2.8625488447909998E+06   2.7499284814260001E+06  -1.4794164349500000E+05
  2.8734440901870001E+06   2.7185228008110002E+06  -1.0141292651300000E+05
  2.8717472094939998E+06   2.7169175325910002E+06  -1.0216134049400000E+05
  2.8751085450129998E+06   2.7201554596870001E+06  -1.0062381864400000E+05
  2.8226024405290000E+06   2.7514784612340000E+06  -2.1788692311100001E+05
  2.9020797017109999E+06   2.8233165288030002E+06  -1.4393914312600001E+05
  2.9051696370760002E+06   2.7344451288640001E+06  -7.2271424847999995E+04
  2.8980323251419999E+06   2.8111588345440002E+06  -1.4306400834800000E+05
  2.8678680133509999E+06   2.7741096499620001E+06  -1.6473513544899999E+05
  2.8554183798679998E+06   2.7496475258089998E+06  -1.6026997612199999E+05
  2.8543943093300001E+06   2.7477328084789999E+06  -1.5966154240100001E+05
  2.9032284876959999E+06   2.7576630715839998E+06  -9.3621991418999998E+04
  2.8177477476320001E+06   2.7278918281180002E+06  -1.8922723532199999E+05
  2.8190680793780000E+06   2.7296262243829998E+06  -1.9007357604200000E+05
  2.8438848054809999E+06   2.7860025855780002E+06  -2.2362636721600001E+05
  2.8859166905359998E+06   2.7579269840139998E+06  -1.1972967269700000E+05
  2.8531995542930001E+06   2.7075264242610000E+06  -1.1817211020600000E+05
  2.8976977463580002E+06   2.8468669852339998E+06  -1.5470651885699999E+05
  2.8097392232229998E+06   2.6863377961229999E+06  -1.4068373864699999E+05
  2.8897469416339998E+06   2.7863550813230001E+06  -1.3847465243799999E+05
  2.8883267072390001E+06   2.7859873852880001E+06  -1.4036725092799999E+05
  2.8997203986889999E+06   2.7365594925139998E+06  -8.0868827671000006E+04
  2.9118994252820001E+06   2.7610882056000000E+06  -8.3952092881000004E+04
  2.9111861539599998E+06   2.7623543415660001E+06  -8.5865977442000003E+04
  2.9197343723060000E+06   2.7900012576480000E+06  -9.5746604560000007E+04
  2.8316376284639998E+06   2.7475181552090002E+06  -1.9640821388500000E+05
  2.9092266721080001E+06   2.8018298394240001E+06  -1.1952231486699999E+05
  2.8986354679350001E+06   2.7647629899340002E+06  -1.0476200525100000E+05
  2.8472388701129998E+06   2.6790671792259999E+06  -9.2239190579999995E+04
  2.8869659685479999E+06   2.8063183984329998E+06  -1.5868160300900001E+05
  2.8832264638310000E+06   2.8333024845890002E+06  -1.7168459313400000E+05
  2.8867924672889998E+06   2.7448423615069999E+06  -1.0607380064400000E+05
  2.9043115260740002E+06   2.7821144622780001E+06  -1.1162562779499999E+05
  2.9306920264189998E+06   2.7890938122700001E+06  -8.2297872516000003E+04
  2.8773127561750002E+06   2.8372004781820001E+06  -1.8028028306300001E+05
  2.8646473657379998E+06   2.7250398726019999E+06  -1.1960883447400000E+05
  2.8342926078860001E+06   2.7630200024919999E+06  -2.1324257397200001E+05
  2.8527894931310001E+06   2.7468459435749999E+06  -1.6101906978699999E+05
  2.8534096612559999E+06   2.7458060551600000E+06  -1.5898278155700001E+05
  2.8491018778059999E+06   2.7002353982050000E+06  -1.1572451379300001E+05
  2.8774783320860001E+06   2.7710986266259998E+06  -1.4445763096300000E+05
  2.8881904513690001E+06   2.7876787684470001E+06  -1.4203256389500000E+05
  2.8869455378549998E+06   2.7856150318840002E+06  -1.4228603047500001E+05
  2.8863555061659999E+06   2.8040007077370002E+06  -1.5805136216300001E+05
  2.8200309264320000E+06   2.6825034116509999E+06  -1.2754713138300000E+05
  2.8906537680400000E+06   2.7917812219309998E+06  -1.4154719966300001E+05
  2.8679472029269999E+06   2.7362227985040001E+06  -1.2581241294400000E+05
  2.8600108203050001E+06   2.7608499727759999E+06  -1.6507041955500000E+05
  2.8127909759600000E+06   2.7041398817139999E+06  -1.6028493537900000E+05
  2.8937664174649999E+06   2.7124045435270001E+06  -7.0172214483000003E+04
  2.8952129813819998E+06   2.7116587779410002E+06  -6.8206527159000005E+04
  2.8970357940500001E+06   2.7129931327519999E+06  -6.7269623170000006E+04
  2.8964958707090002E+06   2.7108424054479999E+06  -6.6350338143999994E+04
  2.8983171068480001E+06   2.7121307034860002E+06  -6.5436968288999997E+04
  2.8946743416280001E+06   2.7095649534189999E+06  -6.7210744441999996E+04
  2.8977319416470001E+06   2.7100158247400001E+06  -6.4496697712000001E+04
  2.8995267962480001E+06   2.7113012262109998E+06  -6.3556153311000002E+04
  2.8989186217220002E+06   2.7092076478320002E+06  -6.2602779457999997E+04
  2.9007069585859999E+06   2.7104895266729998E+06  -6.1650541122000002E+04
  2.8971088705030000E+06   2.7079371859419998E+06  -6.3534881355999998E+04
  2.9011752986309999E+06   2.7126782382800002E+06  -6.2463101017000001E+04
  2.9023709226890001E+06   2.7118500537510002E+06  -6.0575622239999997E+04
  2.9028196085210000E+06   2.7140479748340002E+06  -6.1370567454000004E+04
  2.9040116890409999E+06   2.7132151282020002E+06  -5.9484418294000003E+04
  2.9044615774750002E+06   2.7154120073070000E+06  -6.0277339800000002E+04
  2.9056509280590001E+06   2.7145763349090000E+06  -5.8392673918000000E+04
  2.9061033988930001E+06   2.7167736389910001E+06  -5.9182845222999997E+04
  2.9072894224689999E+06   2.7159371049730000E+06  -5.7301534318999999E+04
  2.9077438341230000E+06   2.7181375058459998E+06  -5.8091302954999999E+04
  2.9095855554950000E+06   2.7193722765700002E+06  -5.7186216712000001E+04
  2.9114261442990000E+06   2.7206014270500001E+06  -5.6290506846999997E+04
  2.9018787045930000E+06   2.7096930759589998E+06  -5.9743370436999998E+04
  2.8238141505109998E+06   2.6919182087240000E+06  -1.3580948176600001E+05
  2.8250051411040002E+06   2.6937307824169998E+06  -1.3689185466300001E+05
  2.8259044336480000E+06   2.6926649245560002E+06  -1.3491157197100000E+05
  2.8270981513450001E+06   2.6944723781650001E+06  -1.3598577024700001E+05
  2.8280110475829998E+06   2.6934036659390000E+06  -1.3399077944099999E+05
  2.8261856415610001E+06   2.6955426426260001E+06  -1.3798222012799999E+05
  2.8857116444520000E+06   2.8103937359670000E+06  -1.6320022858800000E+05
  2.8830576318250000E+06   2.7263198628730001E+06  -9.5118846172000005E+04
  2.8622265526430001E+06   2.8001290553899999E+06  -1.9941962624700001E+05
  2.8619269815860000E+06   2.7978865095719998E+06  -1.9868136094700001E+05
  2.8627475018139998E+06   2.7971776533030001E+06  -1.9653277516900000E+05
  2.8625602110919999E+06   2.8023999509580000E+06  -2.0014971624499999E+05
  2.8348336607329999E+06   2.7297557785089999E+06  -1.6667667919800000E+05
  2.8366723952710000E+06   2.7306748379609999E+06  -1.6557205557299999E+05
  2.8375517031700001E+06   2.7297834268540000E+06  -1.6357354969000001E+05
  2.8386536112580001E+06   2.7319446497829999E+06  -1.6465919796100000E+05
  2.8394247703140001E+06   2.7308754188500000E+06  -1.6235917075700001E+05
  2.8127409896479999E+06   2.7199092598339999E+06  -1.8371280451900000E+05
  2.8109043580729999E+06   2.7191014018420000E+06  -1.8502042422799999E+05
  2.8112954873460000E+06   2.7181735047889999E+06  -1.8286773970500001E+05
  2.8094137079489999E+06   2.7174023259259998E+06  -1.8416050785800000E+05
  2.8097988705770001E+06   2.7164780599940000E+06  -1.8202244235100001E+05
  2.8079125749130002E+06   2.7157012030750001E+06  -1.8331168705400001E+05
  2.8083302844739999E+06   2.7147700623360001E+06  -1.8117612641600001E+05
  2.8064408065880002E+06   2.7139883395090001E+06  -1.8246051201899999E+05
  2.8068770571160000E+06   2.7130439427729999E+06  -1.8032650388500001E+05
  2.8049903550820001E+06   2.7122635956609999E+06  -1.8160937383400000E+05
  2.8087655071540000E+06   2.7138251359799998E+06  -1.7904264647700000E+05
  2.8812640028209998E+06   2.8065605149980001E+06  -1.6735734700899999E+05
  2.8857714891059999E+06   2.7002973071940001E+06  -6.8630397637000002E+04
  2.8876812163390000E+06   2.7015610296149999E+06  -6.7806986449000004E+04
  2.9163411125779999E+06   2.8347501067750002E+06  -1.3101495834100001E+05
  2.9094042047430002E+06   2.8527723338759998E+06  -1.4390891409899999E+05
  2.9078743890410000E+06   2.8514139566210001E+06  -1.4522475500800001E+05
  2.8668027312579998E+06   2.7471568180200001E+06  -1.3833480371000001E+05
  2.8981254273359999E+06   2.7516295952470000E+06  -9.5701105018999995E+04
  2.8399764274820001E+06   2.7228135154559999E+06  -1.5235012869000001E+05
  2.8265513645600001E+06   2.7261453633539998E+06  -1.7385717653200001E+05
  2.8270062163260002E+06   2.7250452429720000E+06  -1.7163703770600000E+05
  2.8842791711430000E+06   2.8552882105600000E+06  -1.7183672620700000E+05
  2.8323513366250000E+06   2.6770873500040001E+06  -1.0990644150700000E+05
  2.8333891251539998E+06   2.6763833166060001E+06  -1.0782520962300000E+05
  2.8901643586289999E+06   2.7737285443660002E+06  -1.2754045055900000E+05
  2.8529937133140001E+06   2.6824683154839999E+06  -8.9372637352999998E+04
  2.8887391993539999E+06   2.8164422846960002E+06  -1.6072571348499999E+05
  2.9031329682550002E+06   2.7825081187539999E+06  -1.1365738759800000E+05
  2.8418735437440001E+06   2.7472925319550000E+06  -1.7858137331500000E+05
  2.8687467672210000E+06   2.7762418249820000E+06  -1.6533766154800000E+05
  2.8577154954420002E+06   2.7388053534980002E+06  -1.4520768714699999E+05
  2.8713216861359999E+06   2.8067977226630002E+06  -1.8547427561499999E+05
  2.8670472279579998E+06   2.7323930664090002E+06  -1.2329863725099999E+05
  2.9397902542690001E+06   2.8000918250660002E+06  -7.8737308539999998E+04
  2.9405535304939998E+06   2.7987791232019998E+06  -7.6887026333000002E+04
  2.9388124873899999E+06   2.7978911021599998E+06  -7.8313800667000003E+04
  2.9396386742389998E+06   2.7965594526570002E+06  -7.6482948029000006E+04
  2.9413581875910000E+06   2.7974845784120001E+06  -7.5038367530000003E+04
  2.9405147108390001E+06   2.7952554433729998E+06  -7.4675886459000001E+04
  2.8419691673140000E+06   2.7778342603230001E+06  -2.1839475501200001E+05
  2.8664566846010000E+06   2.7285949303930001E+06  -1.2047846724800000E+05
  2.8446074778550002E+06   2.7311398299429999E+06  -1.5552362050300001E+05
  2.8434290158170001E+06   2.7289865930450000E+06  -1.5465558559700000E+05
  2.9079720703719999E+06   2.8538437921350002E+06  -1.4554419816199999E+05
  2.9064570055459999E+06   2.8525383182350001E+06  -1.4685420556599999E+05
  2.9063345654730001E+06   2.8500913251930000E+06  -1.4655688926200001E+05
  2.9048774066099999E+06   2.8511976973919999E+06  -1.4822136921400001E+05
  2.9085071379740001E+06   2.7948214960710001E+06  -1.1469348173400000E+05
  2.9357472427969999E+06   2.7741226765609998E+06  -6.6210228810000001E+04
  2.9300548955580001E+06   2.7564650526029998E+06  -6.1006660222999999E+04
  2.9016589625670002E+06   2.7808569875019998E+06  -1.1454476381100000E+05
  2.8711989574529999E+06   2.7625803266139999E+06  -1.4650096140000000E+05
  2.8407757987910002E+06   2.6762640636290000E+06  -9.7355182623999994E+04
  2.8426522865320002E+06   2.7798405179200000E+06  -2.1960231693700000E+05
  2.8396867150480002E+06   2.7393792558249999E+06  -1.7223169365500001E+05
  2.9422863360740002E+06   2.7961379082620000E+06  -7.3294798408999995E+04
  2.9414134942470002E+06   2.7939535991190001E+06  -7.2887586265999998E+04
  2.9207199950319999E+06   2.8476902505339999E+06  -1.3161948500099999E+05
  2.9217323730520001E+06   2.8461967806930002E+06  -1.3007807537500000E+05
  2.9287449512780001E+06   2.7521576371650002E+06  -5.9163448347999998E+04
  2.8688029466780000E+06   2.8259150845960001E+06  -1.9374478310999999E+05
  2.8678381377440002E+06   2.8243280534109999E+06  -1.9536116131500000E+05
  2.8539332346640001E+06   2.6895402088460000E+06  -9.7159168292999995E+04
  2.8529934983580001E+06   2.6902457736189999E+06  -9.9287007649000006E+04
  2.8511327115620002E+06   2.6890248032999998E+06  -1.0024045138699999E+05
  2.8548708869659998E+06   2.6914736029090001E+06  -9.8320033813999995E+04
  2.8095894756780001E+06   2.7088883401870001E+06  -1.7065736710199999E+05
  2.9045075679759998E+06   2.7437373120900001E+06  -8.0800322125000006E+04
  2.9028715732060000E+06   2.7428644032890000E+06  -8.2276087129000007E+04
  2.8598525389899998E+06   2.7154385290290001E+06  -1.1707058451400000E+05
  2.8593467292670002E+06   2.7134118517160001E+06  -1.1576591040399999E+05
  2.8839688494340000E+06   2.6989652492240001E+06  -6.9546112575000006E+04
  2.9081018322649999E+06   2.7830086694049998E+06  -1.0663342054799999E+05
  2.8471300516710002E+06   2.7174350126720001E+06  -1.3655842972200000E+05
  2.8478715492240000E+06   2.7165024236329999E+06  -1.3448536684800001E+05
  2.9175022777370000E+06   2.7518919090430001E+06  -7.1175674952999994E+04
  2.9293604114520000E+06   2.7731044052690002E+06  -7.2017993883000003E+04
  2.8742541699910001E+06   2.7617040636120001E+06  -1.4022442726100000E+05
  2.8931600144000002E+06   2.7156919319389998E+06  -7.2868051221999995E+04
  2.8955203797439998E+06   2.7721019831369999E+06  -1.1689711607000000E+05
  2.8876355142589998E+06   2.7198287381350002E+06  -8.2822589487999998E+04
  2.8900748435800001E+06   2.7544612274870002E+06  -1.1018819271200000E+05
  2.8845320401130002E+06   2.8114287372519998E+06  -1.6500758727799999E+05
  2.8922126656459998E+06   2.8264073724440001E+06  -1.5827174278800000E+05
  2.9030601438730001E+06   2.7949164117190000E+06  -1.2419392210200000E+05
  2.9251096603600001E+06   2.8340159875130001E+06  -1.1964697806300000E+05
  2.9069566590809999E+06   2.7352479053259999E+06  -7.0895975269000002E+04
  2.9078383507719999E+06   2.7374402670109998E+06  -7.1219054369000005E+04
  2.9009342782600001E+06   2.8013514394720001E+06  -1.3282128720399999E+05
  2.9133817579620001E+06   2.8227150935880002E+06  -1.2862669139599999E+05
  2.9101407702660002E+06   2.7215216643420001E+06  -5.8071313217000003E+04
  2.9060330310490001E+06   2.7526583577999999E+06  -8.5892076077000005E+04
  2.9328505441379999E+06   2.8133491792080002E+06  -9.6043659067999994E+04
  2.8616020827100002E+06   2.7957024553530002E+06  -1.9793120460000000E+05
  2.8622792420170000E+06   2.7950464968070001E+06  -1.9575298167800001E+05
  2.8444307849110002E+06   2.7463669812300000E+06  -1.7289815888700000E+05
  2.8852723708090000E+06   2.7730741709949998E+06  -1.3462753502400001E+05
  2.9061055587960002E+06   2.7771930815579998E+06  -1.0517506242000000E+05
  2.9426831541570001E+06   2.8177251003450002E+06  -8.8096104290999996E+04
  2.8636120568510001E+06   2.7809205874950001E+06  -1.7949285637900000E+05
  2.8626955422200002E+06   2.7788762389719998E+06  -1.7888236252699999E+05
  2.8054037718210001E+06   2.7113011368559999E+06  -1.7947681449900000E+05
  2.8035350970290001E+06   2.7105421001519999E+06  -1.8077005728800001E+05
  2.8172254329410000E+06   2.7123222202200000E+06  -1.6619659681500000E+05
  2.8652056019190000E+06   2.7664735692380001E+06  -1.6185257141500001E+05
  2.8392680630950001E+06   2.7237981160120000E+06  -1.5439692023100000E+05
  2.9046222586590000E+06   2.8413121467309999E+06  -1.4677980004700000E+05
  2.9169250394640001E+06   2.7370949467469999E+06  -6.1840717987000004E+04
  2.9239179454720002E+06   2.7821213671430000E+06  -8.5079913604000001E+04
  2.9223450797649999E+06   2.7811649166819998E+06  -8.6558258593999999E+04
  2.9255653906979999E+06   2.7830300488870000E+06  -8.3635858632000003E+04
  2.9264569231570000E+06   2.7816764713349999E+06  -8.1918852262000000E+04
  2.9375454800479999E+06   2.8217183146170001E+06  -9.6452180611000003E+04
  2.8265664122330002E+06   2.7097056807209998E+06  -1.5268175161499999E+05
  2.9002589815190001E+06   2.8420016536450000E+06  -1.5130433176000000E+05
  2.8038315863299998E+06   2.7023921971979998E+06  -1.6733496877199999E+05
  2.8208402267379998E+06   2.7304374803260001E+06  -1.8871532450300001E+05
  2.8204337168459999E+06   2.7313636306230002E+06  -1.9086962448000000E+05
  2.8345419512600000E+06   2.7131368089430002E+06  -1.4798651712599999E+05
  2.8882307552439999E+06   2.7264387557440000E+06  -8.7833747191000002E+04
  2.8374473310650000E+06   2.7482791511010001E+06  -1.8752276742100000E+05
  2.8389936793559999E+06   2.7492878576039998E+06  -1.8611028309000001E+05
  2.8429607282710001E+06   2.7749455785289998E+06  -2.1277600792800001E+05
  2.8515748875409998E+06   2.7489428639989998E+06  -1.6506795069699999E+05
  2.8509632458759998E+06   2.7499985148700001E+06  -1.6710366038799999E+05
  2.8119362033150000E+06   2.7217869500030000E+06  -1.8802953436300001E+05
  2.9184826731630000E+06   2.7923766317019998E+06  -9.8881041335000002E+04
  2.9172890606149998E+06   2.7928691920840000E+06  -1.0092286639600000E+05
  2.9156895232429998E+06   2.7912903064850001E+06  -1.0189947589099999E+05
  2.8999762257500002E+06   2.8065733486330002E+06  -1.3758600000999999E+05
  2.8988589120530002E+06   2.8045481933960002E+06  -1.3783870576899999E+05
  2.8879748918480002E+06   2.8308046636000001E+06  -1.6524149101000000E+05
  2.8633563574049999E+06   2.8237265094220000E+06  -2.0433239030400000E+05
  2.8636020205569998E+06   2.8213997201240002E+06  -2.0392152743300001E+05
  2.8642773604720002E+06   2.8229435288060000E+06  -2.0235031932200000E+05
  2.8645185964759998E+06   2.8205942008670000E+06  -2.0195044724899999E+05
  2.9046966537100002E+06   2.8437622740920000E+06  -1.4712632686999999E+05
  2.9282456293629999E+06   2.7551853759760000E+06  -6.1936758948000002E+04
  2.8520348112470000E+06   2.6909300767190000E+06  -1.0141356617000001E+05
  2.8501858719000001E+06   2.6897008770249998E+06  -1.0234101285899999E+05
  2.9143868584300000E+06   2.8311270922349999E+06  -1.3192043254300000E+05
  2.9129169678400001E+06   2.8298066677600001E+06  -1.3313045588600001E+05
  2.9117596486209999E+06   2.8307036158119999E+06  -1.3499994988599999E+05
  2.8133077234899998E+06   2.7235647432579999E+06  -1.8886701523200001E+05
  2.8660459032700001E+06   2.7431955980210002E+06  -1.3580556823899999E+05
  2.8282732239359999E+06   2.6962687211159999E+06  -1.3706286410199999E+05
  2.8273449242830002E+06   2.6973413677119999E+06  -1.3907531598600000E+05
  2.9322309085180000E+06   2.7983780823900001E+06  -8.6479237190000000E+04
  2.8045504807010000E+06   2.7132053057559999E+06  -1.8374390578100001E+05
  2.9224098649539999E+06   2.8065615510029998E+06  -1.0460936994600001E+05
  2.8611995191810001E+06   2.7887279414380002E+06  -1.9154463196299999E+05
  2.9018772763069998E+06   2.7487146018460002E+06  -8.8342542770000000E+04
  2.9270265130550000E+06   2.8028835010159998E+06  -9.5896723914999995E+04
  2.9049490845289999E+06   2.8579283842590000E+06  -1.4925005694700000E+05
  2.8882684425840001E+06   2.7128445680700000E+06  -7.6081602297000005E+04
  2.8871640694160000E+06   2.7135162022170001E+06  -7.8056094138999993E+04
  2.8493173588780002E+06   2.7768030884210002E+06  -2.0222340307900001E+05
  2.8507893092020000E+06   2.7784794728959999E+06  -2.0133983393299999E+05
  2.8113852134850002E+06   2.6964117503240001E+06  -1.5099741761000000E+05
  2.9220173335569999E+06   2.7412506001780001E+06  -5.9113488909000000E+04
  2.9237220132619999E+06   2.7426697128430000E+06  -5.8216913788999998E+04
  2.8358926655640001E+06   2.7314989341569999E+06  -1.6756060788600001E+05
  2.8171017810829999E+06   2.6869075911820000E+06  -1.3532762864000001E+05
  2.9165515843639998E+06   2.7775557289430001E+06  -9.1218019029999996E+04
  2.9020008181520002E+06   2.7828750794449998E+06  -1.1573153500400000E+05
  2.8493337955080001E+06   2.7903281069339998E+06  -2.1698642199599999E+05
  2.8506832353880000E+06   2.7918535460130000E+06  -2.1578530856899999E+05
  2.8480279127819999E+06   2.7888513458489999E+06  -2.1814820308499999E+05
  2.9334747370989998E+06   2.8045273475070000E+06  -8.9211272937000002E+04
  2.8972092857390000E+06   2.8390542228020001E+06  -1.5449482122799999E+05
  2.8973725817660000E+06   2.8319545769880000E+06  -1.5292339202299999E+05
  2.8960679320089999E+06   2.8306499972919999E+06  -1.5432611397400001E+05
  2.8982792022520001E+06   2.7310678153410000E+06  -7.7958628045999998E+04
  2.8990328030849998E+06   2.7298088573960001E+06  -7.6080261769999997E+04
  2.9007328149870001E+06   2.7306698419980002E+06  -7.4659493409000002E+04
  2.9111364510570001E+06   2.8543475521800001E+06  -1.4249081297299999E+05
  2.8941174449580000E+06   2.7980441445550001E+06  -1.4073901056000000E+05
  2.8952492828960000E+06   2.8001645617260002E+06  -1.4041989501899999E+05
  2.8519539171040002E+06   2.7758259826890002E+06  -1.9577121088100001E+05
  2.8513877029900001E+06   2.7738498621570002E+06  -1.9450189641799999E+05
  2.8458372138299998E+06   2.7094523634660002E+06  -1.3005458282700001E+05
  2.8468854967510002E+06   2.7114391155400001E+06  -1.3094979570200000E+05
  2.8399094646390001E+06   2.7132653407609998E+06  -1.4152165715399999E+05
  2.8650526439479999E+06   2.7387456385860001E+06  -1.3319858630000000E+05
  2.8116289471109998E+06   2.6761388009350002E+06  -1.2525716241800001E+05
  2.8126204194060001E+06   2.6777972405180000E+06  -1.2673234095699999E+05
  2.8272599934709999E+06   2.6754487217890001E+06  -1.1364512539000000E+05
  2.8281208601469998E+06   2.6774127031959998E+06  -1.1482956188300000E+05
  2.8487499641550002E+06   2.7185541196400002E+06  -1.3522843697800001E+05
  2.8846777726010000E+06   2.7009006807690002E+06  -7.0593357457999999E+04
  2.8746094208510001E+06   2.7678847270169999E+06  -1.4617264663199999E+05
  2.8301393885670002E+06   2.6786002801509998E+06  -1.1394886500600001E+05
  2.8379504606289999E+06   2.6886045642450000E+06  -1.1635245513300000E+05
  2.9358379495760002E+06   2.8387736863569999E+06  -1.0950632868599999E+05
  2.9288631099850000E+06   2.7571995508690001E+06  -6.2793513784000002E+04
  2.9114320855490002E+06   2.8283814478520001E+06  -1.3430310532800001E+05
  2.8741023743969998E+06   2.8260910161549998E+06  -1.8481190581100000E+05
  2.8391259811490001E+06   2.7142463867360000E+06  -1.4356915240699999E+05
  2.8847228612250001E+06   2.7279914033969999E+06  -9.4258459015999993E+04
  2.9010983366100001E+06   2.8088482629439998E+06  -1.3746823234300001E+05
  2.9189941596539998E+06   2.8531951185349999E+06  -1.3452470233000000E+05
  2.8279714371320000E+06   2.7478203803889998E+06  -2.0325031869700001E+05
  2.8185874939339999E+06   2.7422885322850002E+06  -2.1114290508999999E+05
  2.8013618117550001E+06   2.6964392553889998E+06  -1.5939277885199999E+05
  2.8030865258550001E+06   2.6981429474070002E+06  -1.6034429600500001E+05
  2.7995815316369999E+06   2.6948127014100002E+06  -1.5865786490200000E+05
  2.8247117383309999E+06   2.7396215102370000E+06  -1.9721506632200000E+05
  2.8234643506789999E+06   2.7379097694810000E+06  -1.9648978052700000E+05
  2.8238672039190000E+06   2.7369607220029999E+06  -1.9429693450000000E+05
  2.8222113007950000E+06   2.7361872292720000E+06  -1.9575630682599999E+05
  2.9092865542979999E+06   2.7826125352579998E+06  -1.0455441344999999E+05
  2.9095415925309998E+06   2.7846911323870001E+06  -1.0574004181600000E+05
  2.8515135400970001E+06   2.7284063425599998E+06  -1.4256125993400000E+05
  2.8640673359180000E+06   2.7335905221389998E+06  -1.2950601205200001E+05
  2.8828613107920000E+06   2.6996089359040000E+06  -7.1517540294999999E+04
  2.8626287359529999E+06   2.7276088439890002E+06  -1.2550329627399999E+05
  2.8911612266750000E+06   2.7867123540119999E+06  -1.3658299858600000E+05
  2.8960700667079999E+06   2.7826912908040001E+06  -1.2530330062100000E+05
  2.8163088965610000E+06   2.6879235141599998E+06  -1.3721833933200000E+05
  2.8894326735020000E+06   2.8128982526349998E+06  -1.5855889069400000E+05
  2.8901196584020001E+06   2.8118215494420002E+06  -1.5651381838600000E+05
  2.8914447804660001E+06   2.8131960158770001E+06  -1.5487296294800000E+05
  2.8283379525810000E+06   2.7358617369439998E+06  -1.8515000369700001E+05
  2.8269518384420001E+06   2.7340076494220002E+06  -1.8457694895699999E+05
  2.8447585560170002E+06   2.7074945408729999E+06  -1.2917585402200000E+05
  2.8998608478270001E+06   2.7285339384639999E+06  -7.4279913511999999E+04
  2.8396182426499999E+06   2.7014963744219998E+06  -1.2884619782900000E+05
  2.8186725168110002E+06   2.7305217289840002E+06  -1.9223052874400001E+05
  2.8535917591619999E+06   2.7393936650350001E+06  -1.5174318204300001E+05
  2.8529100852160002E+06   2.7404149182739998E+06  -1.5383403573999999E+05
  2.8074738180959998E+06   2.6855900155529999E+06  -1.4110112336400000E+05
  2.8296036409200002E+06   2.7491649040310001E+06  -2.0221304076199999E+05
  2.8039146085190000E+06   2.7095491110370001E+06  -1.7863358831900000E+05
  2.8020688286449998E+06   2.7088080338039999E+06  -1.7992513185500001E+05
  2.8976425951080001E+06   2.7322851725209998E+06  -7.9938427632999999E+04
  2.8272285182730001E+06   2.7571400321729998E+06  -2.1766710631700000E+05
  2.8289859428989999E+06   2.7585538085510000E+06  -2.1660791170500001E+05
  2.9226216692690002E+06   2.8185918143139998E+06  -1.1348420145600000E+05
  2.9231293014819999E+06   2.8169641233450002E+06  -1.1180082059900000E+05
  2.9221406091979998E+06   2.8202303571980000E+06  -1.1514149058899999E+05
  2.9266902420219998E+06   2.8486338717069998E+06  -1.2561976995900000E+05
  2.8277800410509999E+06   2.7221931735220002E+06  -1.6648125946900001E+05
  2.8266444090620000E+06   2.7203269534250000E+06  -1.6563217569100001E+05
  2.8273717166030002E+06   2.7192953139760001E+06  -1.6362679115300000E+05
  2.8254868093329999E+06   2.7184460932120001E+06  -1.6477145416500000E+05
  2.8261670340479999E+06   2.7174423781949999E+06  -1.6272544191500000E+05
  2.8242394476379999E+06   2.7166297600179999E+06  -1.6384693424999999E+05
  2.8249454488070002E+06   2.7155968468100000E+06  -1.6181385820900000E+05
  2.8268588244349998E+06   2.7164422401410001E+06  -1.6067036981800001E+05
  2.8256501569880000E+06   2.7145816682989998E+06  -1.5976416101800001E+05
  2.8236932559340000E+06   2.7137849402689999E+06  -1.6088305894700001E+05
  2.8533295884770001E+06   2.8055348697810001E+06  -2.2008968871100000E+05
  2.8533199767910000E+06   2.8035880801459998E+06  -2.1886218099600001E+05
  2.8471066634169999E+06   2.7046062218700000E+06  -1.2303462418000000E+05
  2.8659442765270001E+06   2.7842733343219999E+06  -1.7873084030400001E+05
  2.8673346764570000E+06   2.7855684343610001E+06  -1.7718973045900001E+05
  2.8290332492979998E+06   2.6793976206100001E+06  -1.1596887497300000E+05
  2.8319041191290002E+06   2.7269657531260001E+06  -1.6708896326200000E+05
  2.9050214308969998E+06   2.8112869045070000E+06  -1.3343124813100000E+05
  2.9104390201440002E+06   2.8038585392519999E+06  -1.1926691614299999E+05
  2.9103540279730000E+06   2.8055379381590001E+06  -1.2099443614000001E+05
  2.8957205931270001E+06   2.8284500449319999E+06  -1.5395137809799999E+05
  2.8360691650180002E+06   2.7556488257680000E+06  -2.0024114462599999E+05
  2.8342649558250001E+06   2.7541020078699999E+06  -2.0104582173200001E+05
  2.8510527631910001E+06   2.6915693674059999E+06  -1.0351513319600000E+05
  2.8492336186050000E+06   2.6903668679889999E+06  -1.0443621659400000E+05
  2.8500854863209999E+06   2.6922097479240000E+06  -1.0559842025700001E+05
  2.8482770720770000E+06   2.6910342805059999E+06  -1.0652148799100000E+05
  2.8490937786470000E+06   2.6929350040290002E+06  -1.0763355382200000E+05
  2.8472612451260001E+06   2.6917584627410001E+06  -1.0855270634600001E+05
  2.8474061450080001E+06   2.6891799571529999E+06  -1.0538778300300000E+05
  2.8480676051150002E+06   2.6936562132379999E+06  -1.0967401904299999E+05
  2.8462871948540001E+06   2.6924342563709999E+06  -1.1060687558599999E+05
  2.8470523441070002E+06   2.6943100438270001E+06  -1.1171530539400000E+05
  2.8453452478439999E+06   2.6930681209189999E+06  -1.1264050516099999E+05
  2.8460955743320002E+06   2.6948625330079999E+06  -1.1367546092100001E+05
  2.8444350974679999E+06   2.6937048762690001E+06  -1.1463353036800001E+05
  2.8614651180830002E+06   2.8008654389769998E+06  -2.0154235747500000E+05
  2.8722051036470002E+06   2.8400796991289998E+06  -1.8775792333900000E+05
  2.8787820575660001E+06   2.8197980623619999E+06  -1.7653882299399999E+05
  2.8788525156810000E+06   2.8222161418659999E+06  -1.7669100240100001E+05
  2.8726071350679998E+06   2.8081775034420001E+06  -1.8398348560399999E+05
  2.8693437201830000E+06   2.7752424791040001E+06  -1.6322476637900001E+05
  2.8702205044930000E+06   2.7773808984139999E+06  -1.6382379822600001E+05
  2.8720780690899999E+06   2.8377246341650002E+06  -1.8801319529700000E+05
  2.8710154153290000E+06   2.8367023318850002E+06  -1.8983818376600000E+05
  2.8939456792549998E+06   2.7769001374249998E+06  -1.2355600324500000E+05
  2.8949911689260001E+06   2.7766020785559998E+06  -1.2139918143000000E+05
  2.8700338716119998E+06   2.8054221756190001E+06  -1.8697198780599999E+05
  2.9090271230980000E+06   2.7805298312610001E+06  -1.0337228578700000E+05
  2.7969857904480002E+06   2.7025113680949998E+06  -1.7586289219000001E+05
  2.7966063373219999E+06   2.7035729956860002E+06  -1.7791119083300000E+05
  2.9139966786039998E+06   2.8289470913340002E+06  -1.3124573103699999E+05
  2.8525230131569998E+06   2.7778171278680000E+06  -1.9705788127700001E+05
  2.8533745576080000E+06   2.7774401478470000E+06  -1.9489174369599999E+05
  2.9087262262820001E+06   2.7360357678669998E+06  -6.9518010943000001E+04
  2.9096299391129999E+06   2.7382244856779999E+06  -6.9816397926999998E+04
  2.9041281021799999E+06   2.7598733141180002E+06  -9.3950997808999993E+04
  2.8746164250830002E+06   2.7180450322280000E+06  -9.9381783035000000E+04
  2.8762785378220002E+06   2.7196777590250000E+06  -9.8592513877999998E+04
  2.9409669408590002E+06   2.8057110806189999E+06  -8.1384796734000003E+04
  2.9237002151310001E+06   2.7901917176890001E+06  -9.0684534476000001E+04
  2.9227454246129999E+06   2.7880715848559998E+06  -9.0608274737999993E+04
  2.8435131381919999E+06   2.7793960157710002E+06  -2.1739030238000001E+05
  2.9327544573050002E+06   2.8081111235360000E+06  -9.2496543363999997E+04
  2.9316850542219998E+06   2.8061357956429999E+06  -9.2473431503000000E+04
  2.9004988607839998E+06   2.7812427853999999E+06  -1.1662792876100000E+05
  2.8669971838799999E+06   2.7719917630460002E+06  -1.6414630832000001E+05
  2.8517618890000000E+06   2.7449378957590000E+06  -1.6039187217300001E+05
  2.9305314433849999E+06   2.7645254886920000E+06  -6.6135372010999999E+04
  2.9296731234419998E+06   2.7623792691680002E+06  -6.5745336234999995E+04
  2.8384017537090001E+06   2.7612920494080000E+06  -2.0431828070900001E+05
  2.9225795221340000E+06   2.7731120762749999E+06  -8.0001933711000005E+04
  2.8546211335539999E+06   2.7414504659369998E+06  -1.5250108388799999E+05
  2.8427902579350001E+06   2.7301025400410001E+06  -1.5682723337700000E+05
  2.8676671179620000E+06   2.8266314331490002E+06  -1.9564824177100000E+05
  2.9091920093169999E+06   2.8478483487220001E+06  -1.4327600546499999E+05
  2.9058036919269999E+06   2.8079137339710002E+06  -1.3015122235200000E+05
  2.9069220028340002E+06   2.8099896558539998E+06  -1.2988593208300001E+05
  2.8549357519490002E+06   2.7468312908589998E+06  -1.5765493311300001E+05
  2.8052817747419998E+06   2.6826889876750000E+06  -1.3799828951400000E+05
  2.8378118401239999E+06   2.7571508492629998E+06  -1.9940598093699999E+05
  2.9138849734950000E+06   2.7239527544240002E+06  -5.6379749230000001E+04
  2.9027638925569998E+06   2.8351319070219998E+06  -1.4712295023799999E+05
  2.9067171663469998E+06   2.7994243380129999E+06  -1.2173449756300000E+05
  2.9237813424709998E+06   2.8262188462620000E+06  -1.1639203879300000E+05
  2.9248571697410000E+06   2.8283833279599999E+06  -1.1631761356899999E+05
  2.9263134893209999E+06   2.8289215824270002E+06  -1.1456537206600000E+05
  2.8240889669289999E+06   2.6708427694179998E+06  -1.0928936385900000E+05
  2.9188672485300000E+06   2.7944608299650000E+06  -9.9986841469999999E+04
  2.9177205300480002E+06   2.7949798847619998E+06  -1.0203160180900000E+05
  2.8910772429340002E+06   2.7477185293970001E+06  -1.0239970219100000E+05
  2.8906456014689999E+06   2.7457054636050002E+06  -1.0120281695199999E+05
  2.9021129778060000E+06   2.7519237980570002E+06  -9.0821676189999998E+04
  2.8647363990110001E+06   2.7200552039800002E+06  -1.1439787891299999E+05
  2.8843868842349998E+06   2.7562747106140000E+06  -1.2057331778700001E+05
  2.8839494813239998E+06   2.7542664953919998E+06  -1.1931040895600000E+05
  2.8848215500810002E+06   2.7582751754259998E+06  -1.2183304067000000E+05
  2.8863511156919999E+06   2.7599237931380002E+06  -1.2098620261300000E+05
  2.8741676474500000E+06   2.7272755639740000E+06  -1.0829419610000000E+05
  2.8758302700299998E+06   2.7288955782760000E+06  -1.0741312657500000E+05
  2.8762510692429999E+06   2.7309242055440000E+06  -1.0856528964400000E+05
  2.8244141096000001E+06   2.7127547590279998E+06  -1.5883766752399999E+05
  2.8263503381810002E+06   2.7135813071840000E+06  -1.5769900374799999E+05
  2.8325572010780000E+06   2.7453224098540000E+06  -1.9209271851000001E+05
  2.8339488926380002E+06   2.7474895680459999E+06  -1.9260482109799999E+05
  2.8901332950869999E+06   2.7608566301730000E+06  -1.1596336196500000E+05
  2.8259283989140000E+06   2.7270921298560002E+06  -1.7595847115000000E+05
  2.8245465706210001E+06   2.7251095473119998E+06  -1.7499929822600001E+05
  2.8482381900379998E+06   2.6757154580859998E+06  -8.6976092441000001E+04
  2.8075317751980000E+06   2.7166290794370002E+06  -1.8544991048500000E+05
  2.8608138287940002E+06   2.7963597043229998E+06  -2.0008135241900000E+05
  2.8185262996479999E+06   2.6982492831850001E+06  -1.4756838851200000E+05
  2.8205447451289999E+06   2.6989672117140000E+06  -1.4666917458799999E+05
  2.8180078000599998E+06   2.7429848984070001E+06  -2.1324780053300000E+05
  2.8169279815010000E+06   2.7411958220700002E+06  -2.1224001586099999E+05
  2.9128792622489999E+06   2.7632232265510000E+06  -8.4407089856000006E+04
  2.9121652381099998E+06   2.7644880696939998E+06  -8.6317939757000000E+04
  2.8630605301649999E+06   2.7748017194610001E+06  -1.7407393259300000E+05
  2.8615341182229999E+06   2.7736794498629998E+06  -1.7555361890700000E+05
  2.8606384481910001E+06   2.7715444184010001E+06  -1.7492307373300000E+05
  2.8600070639430000E+06   2.7725500403229999E+06  -1.7702715954900000E+05
  2.8591154006429999E+06   2.7704013999589998E+06  -1.7637592555900000E+05
  2.9065628085500002E+06   2.7189774694790002E+06  -5.9975671133999997E+04
  2.8732390255720001E+06   2.8387035615579998E+06  -1.8624594514500001E+05
  2.9016381254460001E+06   2.7148757463590000E+06  -6.3267645823999999E+04
  2.9136066529520000E+06   2.7619456124860002E+06  -8.2512400443999999E+04
  2.9039099038030002E+06   2.7449542885619998E+06  -8.2751166651000007E+04
  2.9022553284029998E+06   2.7440967010860001E+06  -8.4196605597999995E+04
  2.9012454862179998E+06   2.7419984098260002E+06  -8.3744411945999993E+04
  2.9005735669689998E+06   2.7432703138060002E+06  -8.5603776157000000E+04
  2.8995999131330000E+06   2.7411655847419999E+06  -8.5188592359999995E+04
  2.9096093921869998E+06   2.8349223358539999E+06  -1.3930326820200001E+05
  2.8520372653210000E+06   2.6779767697850000E+06  -8.5103121023000000E+04
  2.8539251098380000E+06   2.6790906299910001E+06  -8.4160511243000001E+04
  2.8685665527400002E+06   2.8282203752629999E+06  -1.9414141110400000E+05
  2.8968612661410002E+06   2.7986873528100001E+06  -1.3682640705700000E+05
  2.8762085474609998E+06   2.7589865827009999E+06  -1.3489463799500000E+05
  2.9105311316960002E+06   2.8021938742769998E+06  -1.1754054352900000E+05
  2.9093222193339998E+06   2.8001757584589999E+06  -1.1779975607000000E+05
  2.9397587432189998E+06   2.7930274110209998E+06  -7.4329691305999993E+04
  2.8492754851799998E+06   2.6878310352520002E+06  -1.0118553406700000E+05
  2.8117605487950002E+06   2.6873169063459998E+06  -1.4021663938899999E+05
  2.8106763049610001E+06   2.6880963052170002E+06  -1.4201848156900000E+05
  2.8224476296160002E+06   2.7119733927020002E+06  -1.5994575796799999E+05
  2.8617996064590001E+06   2.8031262019930002E+06  -2.0226648731600001E+05
  2.8628907582479999E+06   2.8046681026010001E+06  -2.0088714004100001E+05
  2.8621071440599998E+06   2.8053720587610002E+06  -2.0303955337899999E+05
  2.9200545097150002E+06   2.8453663521170001E+06  -1.3155880980799999E+05
  2.9209528469090001E+06   2.8439077265820000E+06  -1.2992275587700000E+05
  2.9226347191120000E+06   2.8447439858710002E+06  -1.2844018786400001E+05
  2.9218702821920002E+06   2.8424858935079998E+06  -1.2828196115400000E+05
  2.9235036517559998E+06   2.8433123521150001E+06  -1.2677584299100000E+05
  2.8716380992810000E+06   2.7645364439039999E+06  -1.4788976767800000E+05
  2.8701917081360002E+06   2.7627927689230000E+06  -1.4854207221099999E+05
  2.8698313789579999E+06   2.7609593067379999E+06  -1.4714846888999999E+05
  2.8690112378469999E+06   2.7270185160750002E+06  -1.1536530258800001E+05
  2.8830298595949998E+06   2.8308830914269998E+06  -1.7159187150600000E+05
  2.8816253514720001E+06   2.8296771620330000E+06  -1.7316415434899999E+05
  2.8988712056010002E+06   2.8252834574859999E+06  -1.4838947768499999E+05
  2.8973710851469999E+06   2.8240893298300002E+06  -1.4977327243099999E+05
  2.9356710225769999E+06   2.7998550913930000E+06  -8.3454549341999998E+04
  2.8899566543549998E+06   2.7846818490289999E+06  -1.3683709059000001E+05
  2.8016390189120001E+06   2.7097609294739999E+06  -1.8206429183599999E+05
  2.8001800121060000E+06   2.7080316112009999E+06  -1.8121727871499999E+05
  2.8004697936849999E+06   2.7069065187110002E+06  -1.7898665745699999E+05
  2.8217361228749999E+06   2.7130010800830000E+06  -1.6197815369300000E+05
  2.8525132116470002E+06   2.7304002059100000E+06  -1.4335675275799999E+05
  2.8841809448469998E+06   2.7258324782949998E+06  -9.3045004396999997E+04
  2.8824837157640001E+06   2.7241762484229999E+06  -9.3964025368000002E+04
  2.8429010694960002E+06   2.7065434468210000E+06  -1.3038894961400000E+05
  2.8314589131729999E+06   2.7297053470560000E+06  -1.7160023843800000E+05
  2.8445598841789998E+06   2.6912138880050001E+06  -1.1158489878800001E+05
  2.8413276431689998E+06   2.7364940070110001E+06  -1.6599860531099999E+05
  2.9102945903900000E+06   2.8292762202940001E+06  -1.3622090658400001E+05
  2.8335987673010002E+06   2.7522874213560000E+06  -1.9953652500900000E+05
  2.8229393805069998E+06   2.7504001750880000E+06  -2.1581111900400001E+05
  2.9322533663770002E+06   2.7618821473820000E+06  -6.2522179955000000E+04
  2.8894815695699998E+06   2.7121056100460002E+06  -7.4167628335000001E+04
  2.8241857177209998E+06   2.7523840654500001E+06  -2.1638498707700000E+05
  2.8705343616040000E+06   2.8076725923520001E+06  -1.8744854289200000E+05
  2.9393320068930001E+06   2.8049412659049998E+06  -8.2728181802999999E+04
  2.8844096105220001E+06   2.8320668967370000E+06  -1.7004718268100001E+05
  2.8846039553530002E+06   2.8344747209020001E+06  -1.7014109526000000E+05
  2.8495344642240000E+06   2.7176684985210001E+06  -1.3313755978400001E+05
  2.7977816905809999E+06   2.6911752223080001E+06  -1.5417860133800001E+05
  2.8223430544590000E+06   2.7525828587819999E+06  -2.1986394416799999E+05
  2.8259912009740002E+06   2.6762033446470001E+06  -1.1573121100200000E+05
  2.9191023215800002E+06   2.8468468445730000E+06  -1.3309933273100000E+05
  2.8383127543290001E+06   2.7462502677659998E+06  -1.8345464371700000E+05
  2.8779057146149999E+06   2.8072751376890000E+06  -1.7263895468699999E+05
  2.8807247281550001E+06   2.8121870878929999E+06  -1.6995396907399999E+05
  2.9273430586810000E+06   2.7838238006890002E+06  -8.2376459711000003E+04
  2.9282544799890001E+06   2.7824398817139999E+06  -8.0621059475000002E+04
  2.8982995812909999E+06   2.7071334471689998E+06  -6.1653766320000002E+04
  2.8964800404050001E+06   2.7058698062430001E+06  -6.2587485957999997E+04
  2.8253578074449999E+06   2.7334696768290000E+06  -1.8623702877400001E+05
  2.8253010914130001E+06   2.7319816759649999E+06  -1.8415937268500001E+05
  2.8310221674939999E+06   2.6805441542280000E+06  -1.1507601849000000E+05
  2.7971568652720000E+06   2.6971822559989998E+06  -1.6574604442799999E+05
  2.9352163009959999E+06   2.8404347467660001E+06  -1.1108356078699999E+05
  2.8985859511079998E+06   2.8062755327789998E+06  -1.3937210678599999E+05
  2.8966363763460000E+06   2.7301603123889999E+06  -7.9445086358000000E+04
  2.8413854629000002E+06   2.7084954885999998E+06  -1.3444838533600001E+05
  2.8405043490129998E+06   2.7093611521580000E+06  -1.3650505516500000E+05
  2.8599832988860002E+06   2.8217218353070002E+06  -2.1151455776400000E+05
  2.8667226751959999E+06   2.8251428523309999E+06  -1.9723051402100001E+05
  2.8669076275760001E+06   2.8227992563979998E+06  -1.9692007799399999E+05
  2.8628575075340001E+06   2.7232933826560001E+06  -1.2049104207000000E+05
  2.8616609787639999E+06   2.7237044051939999E+06  -1.2265889455600000E+05
  2.8612460042260000E+06   2.7216392024160000E+06  -1.2130359020000001E+05
  2.9181438832890000E+06   2.7790090425129998E+06  -9.0369175321999996E+04
  2.8768011059860000E+06   2.7217977796789999E+06  -9.9805153988999999E+04
  2.8779566969670001E+06   2.7213351316660000E+06  -9.7766109895999994E+04
  2.8415973704619999E+06   2.7279733385910001E+06  -1.5600689192400000E+05
  2.8422098398040002E+06   2.7268432103240001E+06  -1.5386999640400000E+05
  2.9233258937599999E+06   2.7866624172160001E+06  -8.8939600886999993E+04
  2.9218081515130000E+06   2.7859980566179999E+06  -9.0538225470000005E+04
  2.9415626148790000E+06   2.7904236906849998E+06  -7.0745613576999996E+04
  2.9105074455129998E+06   2.7367551899359999E+06  -6.8089669253999993E+04
  2.9114740818599998E+06   2.7390053390090000E+06  -6.8357803220000002E+04
  2.9105366499480000E+06   2.7404522280450002E+06  -7.0133593517999994E+04
  2.8868306951540001E+06   2.7873084277220001E+06  -1.4391888123900001E+05
  2.8855868188209999E+06   2.7852552006999999E+06  -1.4417964683600000E+05
  2.8856846094419998E+06   2.7835371060339999E+06  -1.4255331720399999E+05
  2.8843432186550000E+06   2.7832178786419998E+06  -1.4445355401800000E+05
  2.8191192544160001E+06   2.7447579407549999E+06  -2.1411866539400001E+05
  2.8057808536089999E+06   2.7102946697149999E+06  -1.7732162320100001E+05
  2.9270571819179999E+06   2.7560547865229999E+06  -6.3820562767000003E+04
  2.9349723788080001E+06   2.8013378921320001E+06  -8.5260013540000000E+04
  2.9047876075010002E+06   2.8487463784610000E+06  -1.4789240834299999E+05
  2.8985184836370000E+06   2.8229652501139999E+06  -1.4804307098300001E+05
  2.8970424809590001E+06   2.8218270196440001E+06  -1.4941671842100000E+05
  2.8407330357909999E+06   2.7218939809570001E+06  -1.5031160304500000E+05
  2.8639129997680001E+06   2.7646577247680002E+06  -1.6242694414100001E+05
  2.8774822440689998E+06   2.7304858174689999E+06  -1.0652121842400001E+05
  2.9156910351890000E+06   2.7378717720309999E+06  -6.3527770469000003E+04
  2.8164417524859998E+06   2.6976465388730001E+06  -1.4863515492700000E+05
  2.8600324692799998E+06   2.7221536753670000E+06  -1.2341102658999999E+05
  2.9031620721660000E+06   2.8497095389200002E+06  -1.4969375515499999E+05
  2.8027124665319999E+06   2.6990556780690001E+06  -1.6253928084600001E+05
  2.8047113373659998E+06   2.6998393430639999E+06  -1.6141184909700000E+05
  2.8603225341719999E+06   2.7942897756579998E+06  -1.9928079824900001E+05
  2.8960371156029999E+06   2.8228807487579999E+06  -1.5123408382500001E+05
  2.8956471314929998E+06   2.8205538787870002E+06  -1.5087116458300001E+05
  2.9107395112180002E+06   2.7842972668750002E+06  -1.0364291921300000E+05
  2.9109969849820002E+06   2.7864075767440000E+06  -1.0484882339400001E+05
  2.9060488771680002E+06   2.7330849025090002E+06  -7.0527867884000007E+04
  2.9025700674840002E+06   2.7589485371900001E+06  -9.5516123147000006E+04
  2.9016529969020002E+06   2.7567545114000002E+06  -9.5203364411999995E+04
  2.8595706478260001E+06   2.7948631026510000E+06  -2.0138670118199999E+05
  2.8354519840719998E+06   2.7516814067919999E+06  -1.9529087710200000E+05
  2.8363034872679999E+06   2.7512028062729998E+06  -1.9320608653999999E+05
  2.8523734747560001E+06   2.7439016319869999E+06  -1.5838967765800000E+05
  2.8343522780070002E+06   2.6782171236870000E+06  -1.0905444296299999E+05
  2.8770933966819998E+06   2.7285383231190001E+06  -1.0539460262799999E+05
  2.8305157167759999E+06   2.7510678626130000E+06  -2.0327916645200000E+05
  2.8498928455349999E+06   2.7480658929780000E+06  -1.6650484483200000E+05
  2.8492755216600001E+06   2.7491322296250002E+06  -1.6856043378299999E+05
  2.8499348775100000E+06   2.6948711265240000E+06  -1.0875520766700000E+05
  2.9008707473060000E+06   2.7832759077740000E+06  -1.1787310973600000E+05
  2.8405280605609999E+06   2.7328776847910001E+06  -1.6315607300400001E+05
  2.8779315463560000E+06   2.7325270506920000E+06  -1.0764539148300000E+05
  2.8860108099639998E+06   2.8126905837180000E+06  -1.6362107008899999E+05
  2.8848719565699999E+06   2.8137466226579999E+06  -1.6538550150099999E+05
  2.9154012638539998E+06   2.8301867903490001E+06  -1.3007745855900001E+05
  2.8878002145199999E+06   2.8053723865390001E+06  -1.5661749091200001E+05
  2.9354455707399999E+06   2.7960863137590000E+06  -8.1334383495999995E+04
  2.8542723245049999E+06   2.7383810072860001E+06  -1.4966327272300000E+05
  2.8532335301620001E+06   2.7363445540580000E+06  -1.4893723121800000E+05
  2.8005235533880000E+06   2.7000891632750002E+06  -1.6731658365300001E+05
  2.8498971863090000E+06   2.7787380543450001E+06  -2.0342513185100001E+05
  2.8872102158050002E+06   2.8030618948050002E+06  -1.5603215825600000E+05
  2.8857324711110000E+06   2.8016566734039998E+06  -1.5742297589999999E+05
  2.8548655593599998E+06   2.6783393827360002E+06  -8.2197736468000003E+04
  2.8558276586159999E+06   2.6801460898489999E+06  -8.3251694566999999E+04
  2.9046077505450002E+06   2.7841744257080001E+06  -1.1275860112500000E+05
  2.8251214787010001E+06   2.6743580189800002E+06  -1.1428944863800000E+05
  2.9259263816930000E+06   2.8305564846979999E+06  -1.1625882624700000E+05
  2.9273879002290000E+06   2.8310729724140000E+06  -1.1448397269100000E+05
  2.9269966356299999E+06   2.8327005361250001E+06  -1.1617842217000001E+05
  2.9284609022329999E+06   2.8332183360250001E+06  -1.1440046687900000E+05
  2.8273188704749998E+06   2.7328972380229998E+06  -1.8239922278499999E+05
  2.8259242716000001E+06   2.7309405062770001E+06  -1.8168985527299999E+05
  2.9083678727219999E+06   2.7850776164210001E+06  -1.0779523484300000E+05
  2.8858700338740000E+06   2.7275002360720001E+06  -9.2148411838000000E+04
  2.8863551434749998E+06   2.7297038399390001E+06  -9.3404547563999993E+04
  2.8621664427220002E+06   2.7797818646530001E+06  -1.8089271993900000E+05
  2.8630106310589998E+06   2.7817517236690000E+06  -1.8155340752800001E+05
  2.8612232520280001E+06   2.7778184158370001E+06  -1.8042350349500001E+05
  2.8719782511439999E+06   2.8352908715470000E+06  -1.8824253483200000E+05
  2.8221169609820000E+06   2.7322294832910001E+06  -1.8949117263399999E+05
  2.9264335589490002E+06   2.7539232072790000E+06  -6.2882807881000001E+04
  2.9201831528880000E+06   2.7939750505519998E+06  -9.7791621708999999E+04
  2.8477064968510000E+06   2.7104915191930002E+06  -1.2882960863600000E+05
  2.9163275718970001E+06   2.7273646071009999E+06  -5.6488240296999997E+04
  2.8774295077160001E+06   2.7192378461810001E+06  -9.6552033802999998E+04
  2.8791006030450002E+06   2.7209016106940000E+06  -9.5741603759999998E+04
  2.8877654042839999E+06   2.7060849358540000E+06  -7.1468850206000003E+04
  2.8896150924820001E+06   2.7073456996410000E+06  -7.0568597775999995E+04
  2.8390721846730001E+06   2.7723296858740002E+06  -2.1698844933700000E+05
  2.9123718383630002E+06   2.7412855756160002E+06  -6.8728845679999999E+04
  2.8602068865979998E+06   2.8081455280630002E+06  -2.0856943863900000E+05
  2.8356972792790001E+06   2.6966957555689998E+06  -1.2876062166300000E+05
  2.8267872391639999E+06   2.6915960739179999E+06  -1.3294170045300000E+05
  2.8288982322940002E+06   2.6923285781569998E+06  -1.3201006177599999E+05
  2.8301304797620000E+06   2.6941884930940000E+06  -1.3300499821399999E+05
  2.8309371145339999E+06   2.6931543305150000E+06  -1.3092855507100000E+05
  2.8297153495470001E+06   2.6912391174920001E+06  -1.3003850965100000E+05
  2.8116896971010002E+06   2.7172543501350000E+06  -1.8072588901799999E+05
  2.9379449366390002E+06   2.7955795576820001E+06  -7.7982331216000006E+04
  2.8776663603220000E+06   2.8208768842819999E+06  -1.7846481313500000E+05
  2.8777189414369999E+06   2.8233497604870000E+06  -1.7865198407800001E+05
  2.8789432380900001E+06   2.8246376367410002E+06  -1.7680098852300001E+05
  2.8765002441840000E+06   2.8219804241840001E+06  -1.8047519275100000E+05
  2.8350867010700000E+06   2.7560334468720001E+06  -2.0246175180400000E+05
  2.8542562087599998E+06   2.8075412826450001E+06  -2.1916801478100001E+05
  2.8138782921529999E+06   2.6770107892180001E+06  -1.2477414974700000E+05
  2.8148656482650000E+06   2.6787093818589998E+06  -1.2630552674900000E+05
  2.8128287626910000E+06   2.6753110048750001E+06  -1.2328647871300000E+05
  2.8629398633650001E+06   2.7674252095559998E+06  -1.6689691795700000E+05
  2.8947496538189999E+06   2.8294143228449998E+06  -1.5575154775200001E+05
  2.8949947335629999E+06   2.8316013981530000E+06  -1.5599805626499999E+05
  2.9264646303909998E+06   2.7851734388190000E+06  -8.4078115722999995E+04
  2.9224461757700001E+06   2.7434558238369999E+06  -5.9970141184000000E+04
  2.9241664001730001E+06   2.7448676091760001E+06  -5.9120572549999997E+04
  2.8590755497599998E+06   2.7027653671100000E+06  -1.0518307767899999E+05
  2.8331265432090000E+06   2.6844753657610002E+06  -1.1701701198500000E+05
  2.8099908272030000E+06   2.7008150557169998E+06  -1.5798041642800000E+05
  2.8214205407090001E+06   2.6979258365770001E+06  -1.4474838956899999E+05
  2.8226077198330001E+06   2.6997119089290001E+06  -1.4575104480599999E+05
  2.8235035157200000E+06   2.6986822878549998E+06  -1.4386031296200000E+05
  2.8246652129259999E+06   2.7004513260490000E+06  -1.4483188742200000E+05
  2.8582713966080002E+06   2.7138327941899998E+06  -1.1788570340300001E+05
  2.8576910643130001E+06   2.7119060646710000E+06  -1.1653289284700000E+05
  2.8587459420300000E+06   2.7114750893199998E+06  -1.1442822606700000E+05
  2.8571379034940000E+06   2.7100517067660000E+06  -1.1518546792900001E+05
  2.8580805852089999E+06   2.7095215143650002E+06  -1.1313374749500000E+05
  2.8587893192730001E+06   2.7158640084409998E+06  -1.1917609951400000E+05
  2.8255628112050002E+06   2.6994269577299999E+06  -1.4297866048699999E+05
  2.8353834912470002E+06   2.6774997777539999E+06  -1.0696381099500001E+05
  2.8528950692509999E+06   2.6928547759679998E+06  -1.0266649408500000E+05
  2.8385261107629999E+06   2.7502573150769998E+06  -1.8814824559700000E+05
  2.8400870434130002E+06   2.7512821663879999E+06  -1.8673082104600000E+05
  2.8405327935770000E+06   2.7502943888249998E+06  -1.8470792165800001E+05
  2.8416240760090002E+06   2.7523065259819999E+06  -1.8535457682700001E+05
  2.8149722114090002E+06   2.6861990137149999E+06  -1.3621364380600001E+05
  2.8270943672549999E+06   2.7056019261400001E+06  -1.4807443314899999E+05
  2.8695284293869999E+06   2.8031615150210001E+06  -1.8649813546799999E+05
  2.8632106353690000E+06   2.8069217171959998E+06  -2.0163839888900000E+05
  2.8624201791790002E+06   2.8075853067990001E+06  -2.0377977022300000E+05
  2.8635043682300001E+06   2.8091701871469999E+06  -2.0244310489600000E+05
  2.8397338924440001E+06   2.7356821059670001E+06  -1.6738777464200000E+05
  2.9062443018089999E+06   2.8476254696519999E+06  -1.4622372948600000E+05
  2.8313900455020000E+06   2.7385407335140002E+06  -1.8437012839699999E+05
  2.9207032408280000E+06   2.7420402919510002E+06  -6.0907580739999998E+04
  2.8383489388540001E+06   2.7288425215619998E+06  -1.6148898233299999E+05
  2.8417002170210001E+06   2.7237952378179999E+06  -1.5114434987100001E+05
  2.9246823774049999E+06   2.8174974362380002E+06  -1.0998696343200000E+05
  2.9236416401419998E+06   2.8153466761719999E+06  -1.1007850558200000E+05
  2.9220050583080002E+06   2.8148479520250000E+06  -1.1183473157200000E+05
  2.9224674546409999E+06   2.8132708177339998E+06  -1.1004315973499999E+05
  2.9240134213399999E+06   2.8137991993910000E+06  -1.0825508937700000E+05
  2.9228693694910002E+06   2.8117158468360002E+06  -1.0822117468500001E+05
  2.8499383370679999E+06   2.7722191939240000E+06  -1.9541399893100001E+05
  2.8508592694310001E+06   2.7718675381709998E+06  -1.9324164733599999E+05
  2.9227241165530002E+06   2.8240557040840001E+06  -1.1653401161200000E+05
  2.8927457365230001E+06   2.7579851849000002E+06  -1.0824100333799999E+05
  2.8888401410780000E+06   2.7147774241220001E+06  -7.7030463178000005E+04
  2.8299413172640000E+06   2.7605064550959999E+06  -2.1773096624800001E+05
  2.8307315876099998E+06   2.7599383998260000E+06  -2.1552754005000001E+05
  2.8317106767899999E+06   2.7619110546070002E+06  -2.1663763696300000E+05
  2.8344142662289999E+06   2.6756715339779998E+06  -1.0574859008400000E+05
  2.8363179126390000E+06   2.6768695129849999E+06  -1.0483359525499999E+05
  2.8390360519840000E+06   2.7632540646939999E+06  -2.0556163310599999E+05
  2.9009070301870001E+06   2.7580796210920000E+06  -9.6953432040000000E+04
  2.8733458752549998E+06   2.8127805031570001E+06  -1.8488117922399999E+05
  2.9072385689340001E+06   2.8082650313320002E+06  -1.2825608206000000E+05
  2.9083521448510000E+06   2.8103749631130002E+06  -1.2797105823400000E+05
  2.9080480328690000E+06   2.8120954481080002E+06  -1.2962877731799999E+05
  2.9094631047399999E+06   2.8125070076170000E+06  -1.2770588136699999E+05
  2.9097300486670001E+06   2.8107617076249998E+06  -1.2604276773000001E+05
  2.8511418098599999E+06   2.7459754477869999E+06  -1.6241970779099999E+05
  2.8513530182850002E+06   2.7803876895539998E+06  -2.0253621051999999E+05
  2.8237179822829999E+06   2.7213614503290001E+06  -1.7091374943100000E+05
  2.8877452558390000E+06   2.7154261931380001E+06  -7.9031098855999997E+04
  2.8860972164790002E+06   2.7141783679080000E+06  -8.0039503937999994E+04
  2.9287115910930000E+06   2.7636941521180002E+06  -6.7493404425999994E+04
  2.9278590536250002E+06   2.7615108444980001E+06  -6.7115018137000006E+04
  2.8353231424440001E+06   2.6750677356260000E+06  -1.0361310868600001E+05
  2.9338729292020001E+06   2.8101867836239999E+06  -9.2548329551999996E+04
  2.8549006278550001E+06   2.6809347203810001E+06  -8.5232004113999996E+04
  2.8568391300440002E+06   2.6819764993429999E+06  -8.4278002080000006E+04
  2.8577209123869999E+06   2.6811630064519998E+06  -8.2319315069000004E+04
  2.8587815802409998E+06   2.6829669675900000E+06  -8.3258773184000005E+04
  2.8493607392199999E+06   2.7702677693309998E+06  -1.9415187454700001E+05
  2.8502765351049998E+06   2.7699159055740000E+06  -1.9197691377399999E+05
  2.8487300426530000E+06   2.7683512314269999E+06  -1.9287201609300001E+05
  2.8496516200450002E+06   2.7679955444100001E+06  -1.9068126346900000E+05
  2.8480954083429999E+06   2.7664253234509998E+06  -1.9158750678200001E+05
  2.8490134129510000E+06   2.7660751980630001E+06  -1.8941062901500001E+05
  2.8474548936160002E+06   2.7645066490310002E+06  -1.9032336323100000E+05
  2.8499161575469999E+06   2.7924224072639998E+06  -2.1791124593100001E+05
  2.8511763146919999E+06   2.7939341824770002E+06  -2.1665436708000000E+05
  2.8520367075459999E+06   2.7933960959800002E+06  -2.1459631948300000E+05
  2.8523271988639999E+06   2.7955811242840001E+06  -2.1552032754200001E+05
  2.9209744102139999E+06   2.8181272452230002E+06  -1.1523609604600001E+05
  2.8995570431619999E+06   2.7238267940449999E+06  -7.1546775378000006E+04
  2.8321375001300001E+06   2.6797681711180001E+06  -1.1306892909300000E+05
  2.9339919125029999E+06   2.7626563475700002E+06  -6.1125925494000003E+04
  2.8930024811570002E+06   2.7959271410570000E+06  -1.4103181573700000E+05
  2.8927811326449998E+06   2.7976734242429999E+06  -1.4274588207100000E+05
  2.8916977876189998E+06   2.7955271737759998E+06  -1.4296214397000000E+05
  2.8397140852569998E+06   2.7199515587680000E+06  -1.4947464976900001E+05
  2.8216791689430000E+06   2.7483955585820000E+06  -2.1516771741000001E+05
  2.9425324534069998E+06   2.8127350714500002E+06  -8.4596225883999999E+04
  2.9431005949470000E+06   2.8112885777039998E+06  -8.2894379161999997E+04
  2.8393918907389999E+06   2.7071585320720002E+06  -1.3539312264099999E+05
  2.8434159637480001E+06   2.7221865915259998E+06  -1.4705424573500000E+05
  2.9034902569129998E+06   2.8522055970680001E+06  -1.4978762299800001E+05
  2.9019389440230001E+06   2.8511216171590001E+06  -1.5116369561600001E+05
  2.9273265415860000E+06   2.7803375324680000E+06  -8.0126641174999997E+04
  2.9290989656750001E+06   2.7811707429200001E+06  -7.8753700112000006E+04
  2.9280790265350002E+06   2.7790837323449999E+06  -7.8213925126999995E+04
  2.9298756336780000E+06   2.7799345804289998E+06  -7.6827437800000000E+04
  2.9288297789440001E+06   2.7778212951290002E+06  -7.6296079878999997E+04
  2.8597859453590000E+06   2.7110278541290001E+06  -1.1232691899400001E+05
  2.8591853721790002E+06   2.7090807610410000E+06  -1.1104565247500000E+05
  2.8608468594800001E+06   2.7105907101349998E+06  -1.1023621615900000E+05
  2.8603818663610001E+06   2.7086302462740000E+06  -1.0902271039900000E+05
  2.8619569592780001E+06   2.7100897432710002E+06  -1.0824201415600000E+05
  2.8588250719519998E+06   2.7072003556229998E+06  -1.0976701686200000E+05
  2.8614232532469998E+06   2.7081881576709999E+06  -1.0711219412800000E+05
  2.8629257117760000E+06   2.7096550068390002E+06  -1.0627592953500000E+05
  2.8635595420329999E+06   2.7964306111170002E+06  -1.9437193496000001E+05
  2.8629473929510000E+06   2.7943983851589998E+06  -1.9360281875499999E+05
  2.8641809935269998E+06   2.7956786513250000E+06  -1.9221648707199999E+05
  2.8616895260279998E+06   2.7930044752799999E+06  -1.9492415375900001E+05
  2.8441714729559999E+06   2.7814855316809998E+06  -2.1856009326900000E+05
  2.8432330665940000E+06   2.7819427877699998E+06  -2.2079452915200000E+05
  2.8448193889009999E+06   2.7839197114519998E+06  -2.1969288068300000E+05
  2.8351385385369998E+06   2.7649639533930002E+06  -2.1443040640599999E+05
  2.8954937827579998E+06   2.7656408299830002E+06  -1.1112715680300001E+05
  2.8880672859450001E+06   2.7893633842890002E+06  -1.4367139552100000E+05
  2.8115383025389998E+06   2.7227353593330001E+06  -1.9019680082300000E+05
  2.8463355380070000E+06   2.6745908013010002E+06  -8.7922838703999994E+04
  2.9341812962509999E+06   2.8382652462289999E+06  -1.1116062006600000E+05
  2.9185443423489998E+06   2.7809996924060001E+06  -9.1468736485999994E+04
  2.8952699998039999E+06   2.7066843184819999E+06  -6.4430876558000004E+04
  2.8946340791690000E+06   2.7046131522670002E+06  -6.3487735042000000E+04
  2.8934282852460002E+06   2.7054148070749999E+06  -6.5317007040999997E+04
  2.8927911751859998E+06   2.7033495345149999E+06  -6.4379573682000002E+04
  2.8915743590930002E+06   2.7041180753540001E+06  -6.6194628920000003E+04
  2.8708452600890002E+06   2.8340848204310001E+06  -1.9019119544800001E+05
  2.8258409980779998E+06   2.7414696802190002E+06  -1.9814472270300001E+05
  2.8400596156350002E+06   2.7627948215410002E+06  -2.0339939746599999E+05
  2.8394060295170001E+06   2.7608383426890001E+06  -2.0213593887600000E+05
  2.9056937481640000E+06   2.7608101756660002E+06  -9.2381878131000005E+04
  2.8896710020690002E+06   2.7524521910600001E+06  -1.0895921950700000E+05
  2.8829170518089999E+06   2.8179913861300000E+06  -1.6924972014100000E+05
  2.8558927954119998E+06   2.6827880871759998E+06  -8.6307288604000001E+04
  2.9046387272890001E+06   2.7755314814160001E+06  -1.0606339482800000E+05
  2.8640254808450001E+06   2.7228868206449999E+06  -1.1829444906699999E+05
  2.8518380945400000E+06   2.7313734173829998E+06  -1.4542560471099999E+05
  2.8135868735670000E+06   2.6794441420939998E+06  -1.2821045466900000E+05
  2.8157437984770001E+06   2.6803443939840002E+06  -1.2783220517500000E+05
  2.8145564546059999E+06   2.6810312932719998E+06  -1.2966291557899999E+05
  2.8757646799940001E+06   2.7570254275170001E+06  -1.3360842613499999E+05
  2.8402097616059999E+06   2.7162133319140002E+06  -1.4443138837999999E+05
  2.9192038747959998E+06   2.7874959721829998E+06  -9.4875598241999993E+04
  2.9268983841309999E+06   2.7628579824310001E+06  -6.8851864316000007E+04
  2.9260285370230000E+06   2.7606528443149999E+06  -6.8463156866000005E+04
  2.9250771383989998E+06   2.7620418136490001E+06  -7.0204060360999996E+04
  2.9242054602350001E+06   2.7598376851110002E+06  -6.9817755363000004E+04
  2.9201918588250000E+06   2.8416125029310002E+06  -1.2974427765000000E+05
  2.9211408196049999E+06   2.8402438891900000E+06  -1.2809232780499999E+05
  2.8908185987300002E+06   2.8107915896120002E+06  -1.5444677154200000E+05
  2.8920766163860001E+06   2.8120546643079999E+06  -1.5286039733899999E+05
  2.8901569796960000E+06   2.7092687322950000E+06  -7.1436760232999994E+04
  2.8199511473449999E+06   2.7321972227059999E+06  -1.9300632042100001E+05
  2.9035761316519999E+06   2.8108667016269998E+06  -1.3522518286299999E+05
  2.8584714827780002E+06   2.7713928139320002E+06  -1.7848709312599999E+05
  2.9205130576680000E+06   2.8197728518520002E+06  -1.1687339810999999E+05
  2.8828594546010001E+06   2.7546219652700000E+06  -1.2141267601000000E+05
  2.8824205240890002E+06   2.7526107077170000E+06  -1.2014924588500000E+05
  2.8665430701440000E+06   2.8273987607610002E+06  -1.9753197039000000E+05
  2.9250106296790000E+06   2.7584874241849999E+06  -6.7952512277000002E+04
  2.8596389976090002E+06   2.7199952837169999E+06  -1.2209170976400000E+05
  2.8522475334600001E+06   2.7801779789149999E+06  -2.0048785593500000E+05
  2.8928793206529999E+06   2.8146729519429998E+06  -1.5308907136599999E+05
  2.7986536806580001E+06   2.7040233809620002E+06  -1.7669747941800000E+05
  2.8518326424290002E+06   2.7888015458209999E+06  -2.1042992709099999E+05
  2.9322018375019999E+06   2.8096855236089998E+06  -9.4193153909000001E+04
  2.8266967666119998E+06   2.7011823890610002E+06  -1.4392533468599999E+05
  2.8276011408910002E+06   2.7001738335250001E+06  -1.4211727778300000E+05
  2.8129133970869998E+06   2.7245178051140001E+06  -1.9103649613300001E+05
  2.9105061150639998E+06   2.7636016987700001E+06  -8.7799885976999998E+04
  2.9114806625210000E+06   2.7657378680830002E+06  -8.8248706950000007E+04
  2.9098253579759998E+06   2.7648527708669999E+06  -8.9737804627999998E+04
  2.9131434505389999E+06   2.7666184573070002E+06  -8.6771313003999996E+04
  2.9124497665300001E+06   2.7678704062440000E+06  -8.8701833459000001E+04
  2.8486281608310002E+06   2.7156153110819999E+06  -1.3243540096800000E+05
  2.8383803790830001E+06   2.7151789065129999E+06  -1.4565583933900000E+05
  2.8373157211290002E+06   2.7132239362610001E+06  -1.4478216669899999E+05
  2.8959336690219999E+06   2.7634646389580001E+06  -1.0763935752900000E+05
  2.8364052504240000E+06   2.7372876408670000E+06  -1.7504104762299999E+05
  2.8251410225910000E+06   2.7117237579390001E+06  -1.5678484347200001E+05
  2.8270545644680001E+06   2.7125812130840002E+06  -1.5562945136599999E+05
  2.8988056424079998E+06   2.7143240690130000E+06  -6.6275983905000001E+04
  2.8035017323960001E+06   2.6970488419240001E+06  -1.5792822534999999E+05
  2.8909034676040001E+06   2.7020925130510000E+06  -6.5229196383000002E+04
  2.9152645749829998E+06   2.7592669641740001E+06  -7.8923432363999993E+04
  2.9042306079250001E+06   2.7322963703810000E+06  -7.1875318046999993E+04
  2.9051063149879999E+06   2.7309445090150000E+06  -7.0140585067000007E+04
  2.8452542508580000E+06   2.6954744535599998E+06  -1.1554469390600000E+05
  2.8435643681120002E+06   2.6944037593089999E+06  -1.1664381140799999E+05
  2.8427176638839999E+06   2.6925422508999999E+06  -1.1566457568600000E+05
  2.9114245668950002E+06   2.7426873863769998E+06  -7.0474278168999997E+04
  2.8860857718050000E+06   2.7706838415350001E+06  -1.3135908643000000E+05
  2.9270562029260001E+06   2.7769758597280001E+06  -7.7690758707999994E+04
  2.9278198249940001E+06   2.7756918035240001E+06  -7.5795447081000006E+04
  2.9260668088730001E+06   2.7748387250740002E+06  -7.7201038067999994E+04
  2.9141217486120001E+06   2.7687480440460001E+06  -8.7223940971999997E+04
  2.9134152968110000E+06   2.7700190164979999E+06  -8.9172933751000004E+04
  2.9151095492880000E+06   2.7708740085740001E+06  -8.7661641002000004E+04
  2.8766542858360000E+06   2.7609457386830002E+06  -1.3617634855400000E+05
  2.8783042115730001E+06   2.7625205022109998E+06  -1.3543308788499999E+05
  2.8282671500370000E+06   2.7144451852830001E+06  -1.5653531865800000E+05
  2.9347229736959999E+06   2.8191365592359998E+06  -9.8021099254000001E+04
  2.8915202410129998E+06   2.7497230503079998E+06  -1.0361587913700000E+05
  2.9050034018569998E+06   2.7620520282930001E+06  -9.4291875813000006E+04
  2.9065606496799998E+06   2.7629914505960001E+06  -9.2736756664999994E+04
  2.9295773625869998E+06   2.7765433641010001E+06  -7.4383349371999997E+04
  2.8493972664230000E+06   2.7244524076500000E+06  -1.4097411612699999E+05
  2.8500087291589999E+06   2.7235194768249998E+06  -1.3886002600400001E+05
  2.8986351266600001E+06   2.7972147627599998E+06  -1.3336128294599999E+05
  2.8503598023790000E+06   2.7510628746969998E+06  -1.6913724877999999E+05
  2.8406980951000000E+06   2.7647494716300000E+06  -2.0462760544099999E+05
  2.9415168043829999E+06   2.8209131648420002E+06  -9.1518140100999997E+04
  2.8910689757470000E+06   2.7541829490540000E+06  -1.0801986197500001E+05
  2.9058228711640001E+06   2.7751308673359999E+06  -1.0398896595400000E+05
  2.9043278705320000E+06   2.7734905136690000E+06  -1.0486921253400001E+05
  2.9072985471609998E+06   2.7767843918160000E+06  -1.0309483138500000E+05
  2.9092581552909999E+06   2.7544902164610000E+06  -8.2873049096000002E+04
  2.9117594949880000E+06   2.7690921417990001E+06  -9.0628409622000006E+04
  2.9194380313980002E+06   2.7967662303940002E+06  -1.0108328218200000E+05
  2.9181241949229999E+06   2.7970231613110001E+06  -1.0312475967600000E+05
  2.8220442012740001E+06   2.7276415146710002E+06  -1.8240129352499999E+05
  2.8412848765509999E+06   2.7758405223610001E+06  -2.1718560162900001E+05
  2.8636682967880000E+06   2.7627368503790000E+06  -1.6099294629299999E+05
  2.8162757833580002E+06   2.7418622219059998E+06  -2.1442122954299999E+05
  2.8152363217280000E+06   2.7399679927249998E+06  -2.1317640028400000E+05
  2.8687334754200000E+06   2.8040628209799998E+06  -1.8850261392500001E+05
  2.8682165450160000E+06   2.8018258677269998E+06  -1.8806431969500001E+05
  2.8289036759609999E+06   2.7240213324569999E+06  -1.6738906932499999E+05
  2.8293359654600001E+06   2.6981428820520001E+06  -1.3809650786899999E+05
  2.8302333550180001E+06   2.6971599600060000E+06  -1.3596034608700001E+05
  2.8565114620920001E+06   2.7516160956870001E+06  -1.6083721415200000E+05
  2.8569629868910001E+06   2.7505047873620000E+06  -1.5887960614600001E+05
  2.8581614984350000E+06   2.7525095879739998E+06  -1.5937333382199999E+05
  2.8510797076929999E+06   2.7255119352679998E+06  -1.3965268977999999E+05
  2.8566730158670000E+06   2.7797526433290001E+06  -1.9115324171400000E+05
  2.8413100590730002E+06   2.7319972147960002E+06  -1.6105955937300000E+05
  2.9023814960559998E+06   2.7848565108220000E+06  -1.1691630848300000E+05
  2.8411291579169999E+06   2.7532729458460002E+06  -1.8743596644300001E+05
  2.8426950316940001E+06   2.7543326476850002E+06  -1.8605422338000001E+05
  2.9277843492689999E+06   2.8294658038829998E+06  -1.1279604499600000E+05
  2.9223370734310001E+06   2.8256601734600002E+06  -1.1811260693700000E+05
  2.8771019759020000E+06   2.7629032969399998E+06  -1.3745383496499999E+05
  2.8787224143039999E+06   2.7644967317450000E+06  -1.3668962830200000E+05
  2.8252759383700001E+06   2.6965953512070002E+06  -1.3995613822100000E+05
  2.8991643350910000E+06   2.8028021789750000E+06  -1.3626660298400000E+05
  2.8482696596579999E+06   2.6834623578240001E+06  -9.6695020934999993E+04
  2.8157784630320002E+06   2.6851431545589999E+06  -1.3426323922100000E+05
  2.8551943597260001E+06   2.8094680921060001E+06  -2.1819109866600001E+05
  2.8830522089930000E+06   2.8101427842620001E+06  -1.6638712926600000E+05
  2.8593434309629998E+06   2.7735570861720000E+06  -1.7918802069000000E+05
  2.8745650670900000E+06   2.7574119347540000E+06  -1.3562916054700001E+05
  2.8939948697799998E+06   2.7025464482979998E+06  -6.2551323756999998E+04
  2.8638498758850000E+06   2.8190742832109998E+06  -2.0350576791699999E+05
  2.8647518659350001E+06   2.8182263278009999E+06  -2.0156912826699999E+05
  2.8316553350180001E+06   2.6920550832819999E+06  -1.2894636921200001E+05
  2.8786233489410002E+06   2.7188572077500001E+06  -9.4506270367999998E+04
  2.9015316482230001E+06   2.7293451662180000E+06  -7.2860687718999994E+04
  2.9099169746699999E+06   2.8269027125700000E+06  -1.3548628955799999E+05
  2.9000117476769998E+06   2.7559728303870000E+06  -9.6708895929000006E+04
  2.9006433639070000E+06   2.7546200111710001E+06  -9.4997670362000004E+04
  2.9140030403330000E+06   2.7366065051910002E+06  -6.4466637635999999E+04
  2.8463623072270001E+06   2.7824626777750002E+06  -2.1512115604700000E+05
  2.9172691295480002E+06   2.7392164634070001E+06  -6.2734244311000002E+04
  2.8673307230659998E+06   2.7255040663009998E+06  -1.1627716585799999E+05
  2.8233199640219999E+06   2.7493143872630000E+06  -2.1364905620399999E+05
  2.8101215116249998E+06   2.7209698174820002E+06  -1.8934846598199999E+05
  2.8853369643999999E+06   2.7253661682509999E+06  -9.0943418390999999E+04
  2.8438921493710000E+06   2.7434408427400002E+06  -1.7007599380100000E+05
  2.8981757238510000E+06   2.7276467877719998E+06  -7.5666190545000005E+04
  2.8444009382010000E+06   2.6760811736130002E+06  -9.2070799901999999E+04
  2.8392090047309999E+06   2.7365377946690000E+06  -1.6941156916799999E+05
  2.8863856494220002E+06   2.8151831803339999E+06  -1.6380033964300001E+05
  2.8535061957640001E+06   2.7324037210880001E+06  -1.4414482360999999E+05
  2.8253238381309998E+06   2.7555006273550000E+06  -2.1871206854700000E+05
  2.8371944816950001E+06   2.6762840464550001E+06  -1.0266733031300000E+05
  2.8361992222219999E+06   2.6744824420880000E+06  -1.0144782347300000E+05
  2.9177229768180000E+06   2.7769922519740001E+06  -8.9274472645000002E+04
  2.9160965131230000E+06   2.7756110327559998E+06  -9.0224972469999993E+04
  2.8665684869579999E+06   2.7685938408619999E+06  -1.6145120239500000E+05
  2.8575727912619999E+06   2.7692498360819998E+06  -1.7779699446799999E+05
  2.8581472267350000E+06   2.7683004603149998E+06  -1.7570644475699999E+05
  2.8565740643040002E+06   2.7671811311820000E+06  -1.7708735924200001E+05
  2.8571320183799998E+06   2.7662346988920001E+06  -1.7502841228900000E+05
  2.8899732686700001E+06   2.7480803580129999E+06  -1.0446515445500000E+05
  2.8392328812250001E+06   2.7442520897679999E+06  -1.7930383463900001E+05
  2.8280613874120000E+06   2.7565693642819999E+06  -2.1542832560600000E+05
  2.8874943588089999E+06   2.8085693378480002E+06  -1.5939692018500000E+05
  2.8741267407340002E+06   2.7554525002959999E+06  -1.3433700370400000E+05
  2.8451726052350001E+06   2.7878495716149998E+06  -2.2292674270100001E+05
  2.8235636295969998E+06   2.7176471480500000E+06  -1.6588183327500001E+05
  2.8607345995120001E+06   2.8016379734729999E+06  -2.0362351374500000E+05
  2.7995498384210002E+06   2.7015284877450000E+06  -1.7127628409000000E+05
  2.8828171244500000E+06   2.8284643877470000E+06  -1.7151922858299999E+05
  2.8656586668779999E+06   2.8259750548550002E+06  -1.9914366425999999E+05
  2.8974956977110002E+06   2.8042804816979999E+06  -1.3971577254500001E+05
  2.8437177832350000E+06   2.7055566669640001E+06  -1.2827300296100001E+05
  2.8455279982300000E+06   2.7064966177550000E+06  -1.2710549204000000E+05
  2.8539463277369998E+06   2.7426684929300002E+06  -1.5479613108100000E+05
  2.8556261875160001E+06   2.7435287895570002E+06  -1.5312090437000000E+05
  2.9004151776129999E+06   2.8265294938380001E+06  -1.4697083764799999E+05
  2.9123386649179999E+06   2.7859137685039998E+06  -1.0275059425800000E+05
  2.9125841742380001E+06   2.7880605555799999E+06  -1.0391557756600001E+05
  2.8666194042810001E+06   2.7866097101019998E+06  -1.7939867014199999E+05
  2.8680313950160001E+06   2.7879055162180001E+06  -1.7776399455900001E+05
  2.8686841912050000E+06   2.7867981428950001E+06  -1.7557753911600000E+05
  2.8693893419079999E+06   2.7890669057399998E+06  -1.7607892643900000E+05
  2.8687936807090002E+06   2.7901999442460001E+06  -1.7817531272399999E+05
  2.8700978554179999E+06   2.7912704797140001E+06  -1.7651989664900000E+05
  2.8707163757819999E+06   2.7902378721639998E+06  -1.7446197876000000E+05
  2.8714090337109999E+06   2.7924466090040002E+06  -1.7493809582300001E+05
  2.8707828041300001E+06   2.7933800803419999E+06  -1.7692910889300000E+05
  2.8720835690690000E+06   2.7945937179950001E+06  -1.7539858366000000E+05
  2.8727258806779999E+06   2.7936481765729999E+06  -1.7336627505000000E+05
  2.8734007731010001E+06   2.7958268757480001E+06  -1.7385217144100001E+05
  2.8727390068910001E+06   2.7967146626630002E+06  -1.7587464578200001E+05
  2.8651934214570001E+06   2.7851947865690002E+06  -1.8087262721599999E+05
  2.8922058010399998E+06   2.7061474933310002E+06  -6.7110349551000007E+04
  2.9288458012190000E+06   2.7970236289780000E+06  -8.9503813200000004E+04
  2.7996930348510002E+06   2.7089300901179998E+06  -1.8334504475900001E+05
  2.8011832296150001E+06   2.7106864919190002E+06  -1.8419402075900001E+05
  2.7979689464469999E+06   2.7071718163490002E+06  -1.8235652339799999E+05
  2.8708399463849999E+06   2.7763889847459998E+06  -1.6169127675300001E+05
  2.8717007791459998E+06   2.7785241544710002E+06  -1.6231582113200001E+05
  2.8711076736090002E+06   2.7795215394120002E+06  -1.6443231643400001E+05
  2.8725828114499999E+06   2.7806681410260000E+06  -1.6292374104200001E+05
  2.8699446400899999E+06   2.7742441711599999E+06  -1.6111919193000000E+05
  2.9019521916000000E+06   2.8456791461029998E+06  -1.5022603018700000E+05
  2.8731781201990000E+06   2.7796763804139998E+06  -1.6082230624700000E+05
  2.8740695217829999E+06   2.7818348511819998E+06  -1.6141539511300001E+05
  2.8734755087100002E+06   2.7828205306980000E+06  -1.6353439664799999E+05
  2.8748348993429998E+06   2.7840678885389999E+06  -1.6198832988000000E+05
  2.8755677376450002E+06   2.7830374525990002E+06  -1.5990797218099999E+05
  2.8763052215270000E+06   2.7852757668499998E+06  -1.6048450280799999E+05
  2.8755052326409998E+06   2.7863184262210000E+06  -1.6252582177800001E+05
  2.8769795134299998E+06   2.7874969988560001E+06  -1.6104646832600000E+05
  2.8777882040039999E+06   2.7864887292109998E+06  -1.5901661665800001E+05
  2.8784343009870001E+06   2.7886812041879999E+06  -1.5960229631199999E+05
  2.8776543218049998E+06   2.7897064775240002E+06  -1.6159895773699999E+05
  2.8790997270200001E+06   2.7908851642020000E+06  -1.6016565952200000E+05
  2.8784697549510002E+06   2.7300200373200001E+06  -1.0478470862400001E+05
  2.9078529652649998E+06   2.8312133750950000E+06  -1.3994347436200001E+05
  2.8532171460259999E+06   2.7949887175650001E+06  -2.1351571244300000E+05
  2.8410536337219998E+06   2.7823268189500002E+06  -2.2506698931400001E+05
  2.8230975189490002E+06   2.7388665824630000E+06  -1.9863623795400001E+05
  2.8287801787870000E+06   2.7472874801679999E+06  -2.0105097901099999E+05
  2.8271009615560002E+06   2.7458993249420002E+06  -2.0211124105499999E+05
  2.9145037639190000E+06   2.7387300911110002E+06  -6.5181952662999996E+04
  2.8486320352489999E+06   2.7125987400380000E+06  -1.2973691472900000E+05
  2.8563366068509999E+06   2.7081551843160000E+06  -1.1416399661100000E+05
  2.8231273445210001E+06   2.6715423390050000E+06  -1.1128499988700000E+05
  2.8501204069980001E+06   2.7440747101690001E+06  -1.6178601359799999E+05
  2.8222903428500001E+06   2.7158467378929998E+06  -1.6493457698099999E+05
  2.9116607804859998E+06   2.8058715107760001E+06  -1.1897999158900000E+05
  2.9115794875739999E+06   2.8075564284140002E+06  -1.2070610209499999E+05
  2.9102552853299999E+06   2.8072399067360000E+06  -1.2270826315499999E+05
  2.9113997212990001E+06   2.8093859733159998E+06  -1.2239951600400000E+05
  2.8842480923489998E+06   2.7849047436259999E+06  -1.4604888543600001E+05
  2.9394441755090002E+06   2.8329430670400001E+06  -1.0131141114500001E+05
  2.9399227630710001E+06   2.8313368658540002E+06  -9.9676989165000006E+04
  2.8158554592749998E+06   2.7001554643299999E+06  -1.5210094350299999E+05
  2.8421851877600001E+06   2.7554956355780000E+06  -1.8841005399300001E+05
  2.8437284253440001E+06   2.7562669687649999E+06  -1.8670312403400001E+05
  2.8813816215490000E+06   2.8272528611289999E+06  -1.7312912960300001E+05
  2.8803311350400001E+06   2.8283729827230000E+06  -1.7493000323000000E+05
  2.8484302374769999E+06   2.7770872178509999E+06  -2.0432492477300001E+05
  2.8654087346680001E+06   2.8197400352900000E+06  -2.0004021973400001E+05
  2.8342029736790000E+06   2.7305588440459999E+06  -1.6873933075900000E+05
  2.8640881623430001E+06   2.8167797877759999E+06  -2.0310933260100000E+05
  2.9330221570140002E+06   2.7604757289290000E+06  -6.0682074958999998E+04
  2.7992034649149999E+06   2.6904692598000001E+06  -1.5243092838100001E+05
  2.8603864629890001E+06   2.7242522165540000E+06  -1.2472984570200001E+05
  2.9066405903550000E+06   2.8549187573320000E+06  -1.4707812069600000E+05
  2.8182359490419999E+06   2.7313693418459999E+06  -1.9436951594600000E+05
  2.8169348822389999E+06   2.7297406207160000E+06  -1.9361211929000000E+05
  2.8332644543220000E+06   2.7545113935639998E+06  -2.0333291657999999E+05
  2.8835580673119999E+06   2.7015546647930001E+06  -7.2517818517000007E+04
  2.9382033634090000E+06   2.8308751507350001E+06  -1.0127111000200000E+05
  2.9386919730969998E+06   2.8292710996280001E+06  -9.9627024655000001E+04
  2.9369791373049999E+06   2.8288031815559999E+06  -1.0122938579299999E+05
  2.9375422867319998E+06   2.8271533248419999E+06  -9.9653433663000003E+04
  2.8532732844860000E+06   2.7293863865620000E+06  -1.4128115595499999E+05
  2.8513195295190001E+06   2.7961760824380000E+06  -2.1777080741700000E+05
  2.8526357647250001E+06   2.7977439704270000E+06  -2.1635070423400000E+05
  2.9208193937059999E+06   2.8127444947600001E+06  -1.1180809257100000E+05
  2.8166364983609999E+06   2.6818440635629999E+06  -1.2922953655900000E+05
  2.8577816085160002E+06   2.7723650797159998E+06  -1.8065767185300001E+05
  2.8352881423840001E+06   2.7324705654469999E+06  -1.6982157360199999E+05
  2.8830191459840001E+06   2.7828703232559999E+06  -1.4634197716800001E+05
  2.8831114013370001E+06   2.7811953551360001E+06  -1.4472101728800000E+05
  2.8818276178460000E+06   2.7808394528760002E+06  -1.4664652875900001E+05
  2.8819177386730001E+06   2.7792028137349999E+06  -1.4500104916100000E+05
  2.8806441333340001E+06   2.7788241222950001E+06  -1.4694754212999999E+05
  2.9194829821299999E+06   2.8393273792610001E+06  -1.2951285808200001E+05
  2.9204190283559998E+06   2.8380101847569998E+06  -1.2784496568700000E+05
  2.8086172001950000E+06   2.7308454170269999E+06  -2.0766823053199999E+05
  2.8103701431450001E+06   2.7326827923480002E+06  -2.0832969521400001E+05
  2.8117214965940001E+06   2.7344944267850001E+06  -2.0957239098200001E+05
  2.8130591012970000E+06   2.7361461928240000E+06  -2.1055112158300000E+05
  2.8089856531110001E+06   2.7298451236020001E+06  -2.0554630685600001E+05
  2.8137968766800002E+06   2.7354562032120000E+06  -2.0824602353400001E+05
  2.8431384735500002E+06   2.7533165868750000E+06  -1.8399969226099999E+05
  2.8495501605860000E+06   2.7117162870209999E+06  -1.2769707213600000E+05
  2.8321449459139998E+06   2.6953554369440000E+06  -1.3171011607399999E+05
  2.8104524965189998E+06   2.6947274412440001E+06  -1.4975058219099999E+05
  2.8127757385470001E+06   2.6955681797920000E+06  -1.4907285867399999E+05
  2.8115086149019999E+06   2.6935493293559998E+06  -1.4768275569799999E+05
  2.9108213799520000E+06   2.8128764024540000E+06  -1.2579667151600000E+05
  2.8867290062489999E+06   2.7889846957399999E+06  -1.4551578982100001E+05
  2.9058345057259998E+06   2.7641303413550002E+06  -9.4622613320999997E+04
  2.9074429459099998E+06   2.7651710956810000E+06  -9.3187750685999999E+04
  2.8160369169910001E+06   2.7396297262990000E+06  -2.1126505952400001E+05
  2.9105532512949998E+06   2.8316361069769999E+06  -1.3684845501500001E+05
  2.8303606706849998E+06   2.6902779512399998E+06  -1.2802394747400000E+05
  2.8283757149270000E+06   2.6895031333120000E+06  -1.2897643059700000E+05
  2.9095641085480000E+06   2.7346546700439998E+06  -6.7881511480000001E+04
  2.9132875921370001E+06   2.7435062797309998E+06  -6.9091683137000000E+04
  2.9124192352270000E+06   2.7448453245179998E+06  -7.0909997235999996E+04
  2.8516747480170000E+06   2.7245638271750002E+06  -1.3754550438699999E+05
  2.8506034564760001E+06   2.7225717151890001E+06  -1.3675376028500000E+05
  2.8857740972340000E+06   2.8332431618860001E+06  -1.6852035505700001E+05
  2.8380621476250002E+06   2.6756852032070002E+06  -1.0049424293399999E+05
  2.8370655939940000E+06   2.6738859027129998E+06  -9.9280081667999999E+04
  2.8197609508940000E+06   2.7002614483119999E+06  -1.4867441867300001E+05
  2.9243744910789998E+06   2.8122552114200001E+06  -1.0643107865000000E+05
  2.9255538262040000E+06   2.8143402730589998E+06  -1.0647578051500001E+05
  2.8936306154939998E+06   2.7748812629189999E+06  -1.2232943176799999E+05
  2.9358341000760002E+06   2.8266817774180002E+06  -1.0125651657900000E+05
  2.9364061968740001E+06   2.8250325473900000E+06  -9.9671098142999996E+04
  2.9346991758820000E+06   2.8245576426869999E+06  -1.0127095250800000E+05
  2.9352788902409999E+06   2.8229090700010001E+06  -9.9677546530000007E+04
  2.8555779367379998E+06   2.7651207763330000E+06  -1.7638303519400000E+05
  2.8561151897689998E+06   2.7641719729769998E+06  -1.7435669423699999E+05
  2.8523257748969998E+06   2.7735076415320002E+06  -1.9231510367300001E+05
  2.8778210560989999E+06   2.8257840345339999E+06  -1.7874185975500001E+05
  2.8946722610530001E+06   2.7745787996390001E+06  -1.2017564549500000E+05
  2.8960468710449999E+06   2.7762914718350000E+06  -1.1925063610200000E+05
  2.8503521462139999E+06   2.7196811114659999E+06  -1.3393340589900000E+05
  2.8436246004969999E+06   2.7769236557209999E+06  -2.1395733417399999E+05
  2.8855813472020002E+06   2.8308413932119999E+06  -1.6842530851100001E+05
  2.8486755768390000E+06   2.7502211299089999E+06  -1.7061604142800000E+05
  2.8497708391580000E+06   2.7521511477910001E+06  -1.7117648175499999E+05
  2.8476152893830002E+06   2.7482768335010000E+06  -1.6998993012100001E+05
  2.8859676413139999E+06   2.8356477197830002E+06  -1.6861480562000000E+05
  2.8847982450760002E+06   2.8368767870959998E+06  -1.7023427579900000E+05
  2.8860893976270002E+06   2.8380504631210002E+06  -1.6864151162400001E+05
  2.8848510184630002E+06   2.8392772124259998E+06  -1.7021997111700001E+05
  2.8861530614069998E+06   2.8404478047980000E+06  -1.6861189271099999E+05
  2.8849156624759999E+06   2.8416595198700000E+06  -1.7018880825900001E+05
  2.8862220804880001E+06   2.8428327192299999E+06  -1.6857529867900000E+05
  2.8835968872710001E+06   2.8405066418880001E+06  -1.7181823775500001E+05
  2.8836746624179999E+06   2.8428932715340001E+06  -1.7177070066599999E+05
  2.8823220003370000E+06   2.8417515415360001E+06  -1.7341088073700000E+05
  2.8874500078889998E+06   2.8416316903510001E+06  -1.6701048300800001E+05
  2.8875217233569999E+06   2.8440069750330001E+06  -1.6697030637899999E+05
  2.8887270782140000E+06   2.8428306355050001E+06  -1.6543488429700001E+05
  2.8888125284179999E+06   2.8451966472609998E+06  -1.6539295295499999E+05
  2.8900406327360002E+06   2.8440025910950000E+06  -1.6386222129200000E+05
  2.8901201307549998E+06   2.8463748422980001E+06  -1.6382772078700000E+05
  2.8913533175740000E+06   2.8451864365130002E+06  -1.6229093348099999E+05
  2.8914438981420002E+06   2.8475387912860001E+06  -1.6224237898700000E+05
  2.8926805664789998E+06   2.8463777379419999E+06  -1.6070206270899999E+05
  2.8862932661370002E+06   2.8451757547089998E+06  -1.6853511098299999E+05
  2.9193382044580001E+06   2.7784698153019999E+06  -8.8416090140000000E+04
  2.8635804212050000E+06   2.7115581149800001E+06  -1.0744849753399999E+05
  2.8646513632540000E+06   2.7110178353390000E+06  -1.0545746787500000E+05
  2.8060962782410001E+06   2.7262785648850002E+06  -2.0377864196700000E+05
  2.9045652293659998E+06   2.8388756068560001E+06  -1.4641802092300000E+05
  2.9031367821599999E+06   2.8399187003210001E+06  -1.4804468562100001E+05
  2.8989116019250001E+06   2.7424550521570002E+06  -8.6995439847000001E+04
  2.8979338027380002E+06   2.7403859202430001E+06  -8.6612184878000000E+04
  2.8985777989770002E+06   2.7390720233359998E+06  -8.4769318432999993E+04
  2.8998701065469999E+06   2.7445420136730000E+06  -8.7415492343999998E+04
  2.8776308571319999E+06   2.8184513047679998E+06  -1.7825518863500000E+05
  2.8798634753450002E+06   2.7898913439910002E+06  -1.5821799698800000E+05
  2.8805129837239999E+06   2.7920656745330002E+06  -1.5878488598200001E+05
  2.8797851656630002E+06   2.7931158929909999E+06  -1.6071687128900000E+05
  2.8812044731330001E+06   2.7943119240549998E+06  -1.5933789239900000E+05
  2.8805013334989999E+06   2.7953997972300001E+06  -1.6125831326800000E+05
  2.8819806113510001E+06   2.7966256379519999E+06  -1.5980580725499999E+05
  2.8827419071930000E+06   2.7954089517060001E+06  -1.5769795526399999E+05
  2.8812276624329998E+06   2.7977009993750001E+06  -1.6179631456800000E+05
  2.8827218931539999E+06   2.7989638237770000E+06  -1.6034723358299999E+05
  2.8654446790100001E+06   2.7707700640650000E+06  -1.6570472959700000E+05
  2.8483736852040002E+06   2.7641958312690002E+06  -1.8819558110700001E+05
  2.8468477462680000E+06   2.7626207320070001E+06  -1.8903861721299999E+05
  2.9075896463629999E+06   2.8440696100240001E+06  -1.4424857311999999E+05
  2.8640011595700001E+06   2.8062397628710000E+06  -1.9948510001400000E+05
  2.8959747176080002E+06   2.7313627288629999E+06  -8.1446567024999997E+04
  2.8950392589580002E+06   2.7292897835710002E+06  -8.0900676638999998E+04
  2.8969989317419999E+06   2.7335241758880001E+06  -8.1947465813000003E+04
  2.8638988085670001E+06   2.7091270908490000E+06  -1.0434454420500000E+05
  2.8657068149730000E+06   2.7104332237590002E+06  -1.0343754054900000E+05
  2.8664678221829999E+06   2.7123927100940002E+06  -1.0461552549900000E+05
  2.8675792364070001E+06   2.7118056771120001E+06  -1.0252011418400001E+05
  2.8682545213170000E+06   2.7138418280699998E+06  -1.0375338511900000E+05
  2.8694629964729999E+06   2.7132218836780000E+06  -1.0163634635800000E+05
  2.8325342515050001E+06   2.7687678617409999E+06  -2.2488973948200000E+05
  2.8149776637370000E+06   2.7198513115110002E+06  -1.8022538845999999E+05
  2.8409540992500000E+06   2.7290410308579998E+06  -1.5812891449000000E+05
  2.8397737288580001E+06   2.7269143138150000E+06  -1.5729420019900001E+05
  2.8124483883580002E+06   2.7368786991650001E+06  -2.1274593203299999E+05
  2.8571712763499999E+06   2.7929348492850000E+06  -2.0414240927700000E+05
  2.8895641669430002E+06   2.8093619914020002E+06  -1.5591214274899999E+05
  2.9280641083660000E+06   2.8348182531460002E+06  -1.1608389039900000E+05
  2.9296351106509999E+06   2.8353033176540001E+06  -1.1438505275500000E+05
  2.9300355805640002E+06   2.8337111626040000E+06  -1.1270313571900000E+05
  2.9069575934609999E+06   2.7747451252529998E+06  -1.0187898703000000E+05
  2.8183161098540002E+06   2.7467015574599998E+06  -2.1818927071700001E+05
  2.9232305305900001E+06   2.8101774266840001E+06  -1.0640166818100000E+05
  2.8925851236500000E+06   2.7751725750400000E+06  -1.2448025354200001E+05
  2.8993512605119999E+06   2.7815870628809999E+06  -1.1874619069300000E+05
  2.8990021740979999E+06   2.7795926817490002E+06  -1.1749997765000000E+05
  2.8996671547099999E+06   2.7835768272759998E+06  -1.2004054415500000E+05
  2.8439530205569998E+06   2.7322065723179998E+06  -1.5765995772000001E+05
  2.8299413534929999E+06   2.6815182681590002E+06  -1.1720821046300000E+05
  2.8278600214910000E+06   2.6802107609910001E+06  -1.1789001436900000E+05
  2.8352096948650000E+06   2.6726840992419999E+06  -1.0022472719500000E+05
  2.8360369085579999E+06   2.6721458324230001E+06  -9.8016419611999998E+04
  2.8690294946140000E+06   2.8372432605690002E+06  -1.9318804926199999E+05
  2.8817423961180001E+06   2.7002861356500001E+06  -7.3457408609000006E+04
  2.8810476977749998E+06   2.6983181835349998E+06  -7.2433995016000001E+04
  2.8799313077260000E+06   2.6990094157550000E+06  -7.4384000595000005E+04
  2.8792404733369998E+06   2.6970223992920001E+06  -7.3338286856000006E+04
  2.8781227113760002E+06   2.6977261750039998E+06  -7.5301596543000007E+04
  2.8774377522300002E+06   2.6957242272330001E+06  -7.4235086269000007E+04
  2.8762947715480002E+06   2.6964583582669999E+06  -7.6189776843000000E+04
  2.8755908599990001E+06   2.6944636769190002E+06  -7.5079283215000003E+04
  2.8744157878040001E+06   2.6952327447799998E+06  -7.7018570668000000E+04
  2.8737135699100001E+06   2.6932271203839998E+06  -7.5896181037000002E+04
  2.8725362422750001E+06   2.6940058197880001E+06  -7.7846737726000007E+04
  2.8718331644770000E+06   2.6919913086959999E+06  -7.6715405180000002E+04
  2.8706511952459998E+06   2.6927768526220000E+06  -7.8678762375000006E+04
  2.8699509051339999E+06   2.6907513041220000E+06  -7.7518195032000003E+04
  2.8687615167520000E+06   2.6915412930239998E+06  -7.9498094824999993E+04
  2.8680656222089999E+06   2.6895068831590000E+06  -7.8320005449000004E+04
  2.8668715615980001E+06   2.6902955752229998E+06  -8.0310085626999993E+04
  2.8662037179879998E+06   2.6882348589559998E+06  -7.9130264142000000E+04
  2.8651052520780000E+06   2.6889205922619998E+06  -8.1237486791999996E+04
  2.8644530044010002E+06   2.6868539979940001E+06  -8.0031579169999997E+04
  2.8633380647069998E+06   2.6875235667880001E+06  -8.2144133342999994E+04
  2.8626909149799999E+06   2.6854430945620001E+06  -8.0917822587999995E+04
  2.8657764250309998E+06   2.6910062360430001E+06  -8.2437745804999999E+04
  2.8615624260769999E+06   2.6861128376520001E+06  -8.3048140356000004E+04
  2.8638281619130000E+06   2.6848188561320002E+06  -7.8821333253999997E+04
  2.8692617575500002E+06   2.6887302778510000E+06  -7.6345593565999996E+04
  2.8822132975630001E+06   2.8134522787179998E+06  -1.6855653993599999E+05
  2.9212482269159998E+06   2.8235158886690000E+06  -1.1830275954699999E+05
  2.9214104501629998E+06   2.7569002291560001E+06  -7.0777508379000006E+04
  2.8368506511349999E+06   2.7492206926940000E+06  -1.8974983235800001E+05
  2.9295554322819998E+06   2.7658991284200000E+06  -6.7854729074000003E+04
  2.8603770297559998E+06   2.7993600023770002E+06  -2.0293844495800001E+05
  2.8649812767889998E+06   2.8158932403130000E+06  -2.0119436063499999E+05
  2.8641380138249998E+06   2.8146200757559999E+06  -2.0260452186199999E+05
  2.8407239312539999E+06   2.7122956034949999E+06  -1.3947547405100000E+05
  2.8388022517990000E+06   2.7112512352370000E+06  -1.4070097413700001E+05
  2.8516043138600001E+06   2.7843404557190002E+06  -2.0644333249299999E+05
  2.8572551710620001E+06   2.7143063881319999E+06  -1.1996739464499999E+05
  2.8594221552980002E+06   2.8178285470610000E+06  -2.1253229256400000E+05
  2.8477261392529998E+06   2.6961554678329998E+06  -1.1291492571400000E+05
  2.9061263174790000E+06   2.8061622724919999E+06  -1.2854407070800000E+05
  2.9312849797210000E+06   2.8357525567040001E+06  -1.1274287529800000E+05
  2.9308883613580000E+06   2.8373357305060001E+06  -1.1441339253500001E+05
  2.9007799032200002E+06   2.7386720979180001E+06  -8.1335306165999995E+04
  2.9112400111960000E+06   2.7886359069400001E+06  -1.0616551050200000E+05
  2.9045304984220001E+06   2.8129463325000000E+06  -1.3518942981700000E+05
  2.9029648355390001E+06   2.8122610151610002E+06  -1.3692490498100000E+05
  2.8902997178719998E+06   2.8085336093930001E+06  -1.5391177931200000E+05
  2.8418134036880000E+06   2.6932511725530000E+06  -1.1773278646200000E+05
  2.8427224808230000E+06   2.6953328316910001E+06  -1.1888001780900000E+05
  2.9022492393870000E+06   2.8531943985939999E+06  -1.5120366626500001E+05
  2.9006586288129999E+06   2.8520725813549999E+06  -1.5261283480099999E+05
  2.9276759456290002E+06   2.7476439878639998E+06  -5.7442471807000002E+04
  2.8766678486890001E+06   2.7329713454720001E+06  -1.0973863869800000E+05
  2.8783076478459998E+06   2.7345840843420001E+06  -1.0888237642400000E+05
  2.9111176474150000E+06   2.8259350364600001E+06  -1.3338399223599999E+05
  2.8913509950999999E+06   2.7850485269149998E+06  -1.3498346767499999E+05
  2.8925519756149999E+06   2.7870395526609998E+06  -1.3469565802400000E+05
  2.8926980086039999E+06   2.7853377766890000E+06  -1.3310174207099999E+05
  2.8939226207829998E+06   2.7873425197879998E+06  -1.3274856770700001E+05
  2.8665857848149999E+06   2.7233577679340001E+06  -1.1514416735000000E+05
  2.8557999345040000E+06   2.6907580233720001E+06  -9.6193934211000000E+04
  2.8567209217389999E+06   2.6927149407210001E+06  -9.7313167039000007E+04
  2.8558630950239999E+06   2.6934783874639999E+06  -9.9497265109999993E+04
  2.8576207812680001E+06   2.6947232637649998E+06  -9.8340072633999996E+04
  2.8583796456889999E+06   2.6940225222600000E+06  -9.6201373651000002E+04
  2.8592428331539999E+06   2.6959446969140000E+06  -9.7181029850999999E+04
  2.8600231425649999E+06   2.6953224474390000E+06  -9.5105241829999999E+04
  2.8608607680330002E+06   2.6972311065730001E+06  -9.6110357881000004E+04
  2.8616681955470000E+06   2.6966383655869998E+06  -9.4026597106999994E+04
  2.8625011707669999E+06   2.6985425775350002E+06  -9.5033849545000005E+04
  2.8633452797989999E+06   2.6979476593070002E+06  -9.2950929300999996E+04
  2.8641628073539999E+06   2.6998569390550000E+06  -9.3925730762000007E+04
  2.8651071789870001E+06   2.6992065312210000E+06  -9.1931767452000000E+04
  2.8835391316960002E+06   2.7522322971810000E+06  -1.1806683557500000E+05
  2.8819711476810002E+06   2.7505946003660001E+06  -1.1888153805400000E+05
  2.8852546445599999E+06   2.7602703667460000E+06  -1.2309012754099999E+05
  2.8867840850370000E+06   2.7619179890379999E+06  -1.2224251596500000E+05
  2.8837272328650001E+06   2.7586225234440002E+06  -1.2393425784500000E+05
  2.8878824382859999E+06   2.7615729404380000E+06  -1.2013705579300001E+05
  2.9122907950550001E+06   2.8353533860479998E+06  -1.3621013806999999E+05
  2.8633176922980002E+06   2.7779137008150001E+06  -1.7679168086399999E+05
  2.8872857722499999E+06   2.8116818159409999E+06  -1.6169617397300000E+05
  2.9079987507739998E+06   2.8562965852140002E+06  -1.4593952013799999E+05
  2.8539326205050000E+06   2.7794233828909998E+06  -1.9619088341700000E+05
  2.8480194469539998E+06   2.7195013719779998E+06  -1.3729965741900000E+05
  2.9165870715140002E+06   2.7955162032849998E+06  -1.0407166647900001E+05
  2.9170991819569999E+06   2.7975863226620001E+06  -1.0503329148299999E+05
  2.9055472774029998E+06   2.7458325708789998E+06  -8.1277674717999995E+04
  2.9049226611710000E+06   2.7470587391690002E+06  -8.3213602792000005E+04
  2.8156032478959998E+06   2.6825769048120002E+06  -1.3105107015499999E+05
  2.8134184638129999E+06   2.6817706103440002E+06  -1.3157326314600001E+05
  2.8347666425819998E+06   2.7455534296110002E+06  -1.8873641686500001E+05
  2.8992545150990002E+06   2.7512426524870000E+06  -9.3733477473999999E+04
  2.8987874676430002E+06   2.7493213228409998E+06  -9.2648230397000007E+04
  2.8097253901530001E+06   2.7219092952290000E+06  -1.9152817181999999E+05
  2.9057727424639999E+06   2.7837920933150002E+06  -1.1072412784200000E+05
  2.9060607596990000E+06   2.7858538598449999E+06  -1.1182353439299999E+05
  2.9221590781279998E+06   2.7895119363099998E+06  -9.2273487706999993E+04
  2.8305077060659998E+06   2.7487415992850000E+06  -1.9999679651900000E+05
  2.9096477983220001E+06   2.7418485273389998E+06  -7.1892830411000003E+04
  2.9404035894630002E+06   2.8297218175200000E+06  -9.8034006160000004E+04
  2.9107730721550002E+06   2.8004979187429999E+06  -1.1588637412199999E+05
  2.9120581278349999E+06   2.8024727869950002E+06  -1.1564649866000000E+05
  2.9145696661510002E+06   2.7640905314830001E+06  -8.2953336383999995E+04
  2.9402188922310001E+06   2.8070161216810001E+06  -8.3113341600000000E+04
  2.8504972882539998E+06   2.7333209880410000E+06  -1.4955085522999999E+05
  2.8504808244420001E+06   2.7806120022320002E+06  -2.0454521670900000E+05
  2.9148358989769998E+06   2.7674819427729999E+06  -8.5311930823999995E+04
  2.8127138135330002E+06   2.6890222172699999E+06  -1.4147378317000001E+05
  2.8116682923599998E+06   2.6898444347239998E+06  -1.4329157738800001E+05
  2.8095193931950000E+06   2.6889274552739998E+06  -1.4386226938000001E+05
  2.8608350682060001E+06   2.6947150714799999E+06  -9.2995651039000004E+04
  2.9407930806490001E+06   2.7882135039280001E+06  -7.0425406709999996E+04
  2.9399239453460001E+06   2.7895375682629999E+06  -7.2191001245000007E+04
  2.9025281504560001E+06   2.7474845486820000E+06  -8.6484943469000005E+04
  2.8231566843050001E+06   2.7222857635349999E+06  -1.7289656749600000E+05
  2.8077415853039999E+06   2.7000557699650000E+06  -1.5869561091200000E+05
  2.8090477038190002E+06   2.7018465643500001E+06  -1.6009269905800000E+05
  2.8478339979800000E+06   2.7442324358339999E+06  -1.6522515948900001E+05
  2.8105215520199998E+06   2.6906535505860001E+06  -1.4510763315400001E+05
  2.8125972265160000E+06   2.6915068344609998E+06  -1.4451385264200001E+05
  2.8520363070080001E+06   2.6805841254960001E+06  -8.8255952017000003E+04
  2.8501188272569999E+06   2.6794500805509998E+06  -8.9210095820999995E+04
  2.8851355406169998E+06   2.8160159378669998E+06  -1.6578340651999999E+05
  2.8428069956709999E+06   2.7683026416730001E+06  -2.0483095613499999E+05
  2.9153121226740000E+06   2.7628048674189998E+06  -8.1076855255000002E+04
  2.8259377577530001E+06   2.7369122647429998E+06  -1.9074307760100000E+05
  2.8472711947130002E+06   2.6764539288619999E+06  -8.9041202923999997E+04
  2.8477990389069999E+06   2.7623909417619999E+06  -1.8695396915100000E+05
  2.8463207076590001E+06   2.7607816251249998E+06  -1.8766344881100001E+05
  2.9094967915269998E+06   2.7985110600569998E+06  -1.1610556831800001E+05
  2.9081194471020000E+06   2.7981526179800001E+06  -1.1804331648400000E+05
  2.9243112887260001E+06   2.8455571834350000E+06  -1.2695323642299999E+05
  2.9250958420620002E+06   2.8441438615440000E+06  -1.2520677237000001E+05
  2.9185855053470000E+06   2.7384529714779998E+06  -6.0953179797999997E+04
  2.8204898690050002E+06   2.7111873540619998E+06  -1.6103880457000001E+05
  2.8212059232839998E+06   2.7101611416119998E+06  -1.5900343300900000E+05
  2.8503151191550000E+06   2.7167667308640000E+06  -1.3113201559800000E+05
  2.8528199815219999E+06   2.7333556634660000E+06  -1.4620611900100001E+05
  2.9088230552780000E+06   2.8278689549779999E+06  -1.3744772354000001E+05
  2.9144156798890000E+06   2.7722994013339998E+06  -8.9704654636000007E+04
  2.9383817080350001E+06   2.8028125980000002E+06  -8.2366483391999995E+04
  2.9377077365620001E+06   2.8042408759710002E+06  -8.4102263112000001E+04
  2.9242447867950001E+06   2.8419071758019999E+06  -1.2508862142800000E+05
  2.8890473137349999E+06   2.7053976395649998E+06  -6.9707660646000004E+04
  2.8624603652189998E+06   2.8098329642960001E+06  -2.0473048223699999E+05
  2.8866303297440000E+06   2.8008045276629999E+06  -1.5539481104500001E+05
  2.8850824476770000E+06   2.7991026730940002E+06  -1.5669135342599999E+05
  2.9231353678930001E+06   2.7916509071640000E+06  -9.2373270151000004E+04
  2.8164147997110002E+06   2.7261458466420001E+06  -1.8838337027200000E+05
  2.8160002276619999E+06   2.7270843995050001E+06  -1.9055980421900001E+05
  2.8583646963450001E+06   2.7513199671510002E+06  -1.5734758562900001E+05
  2.8598568725609998E+06   2.7535011692750002E+06  -1.5752809536300000E+05
  2.8593500481320000E+06   2.7545615914409999E+06  -1.5994137864300000E+05
  2.8572015059190001E+06   2.7494219294220000E+06  -1.5693416669400001E+05
  2.8609725793329999E+06   2.7556989907209999E+06  -1.5844494810499999E+05
  2.8604048775010002E+06   2.7565724767870000E+06  -1.6061035391599999E+05
  2.8927852879960001E+06   2.8486772919470002E+06  -1.6063485299499999E+05
  2.8940261595080001E+06   2.8475922627790002E+06  -1.5909141008999999E+05
  2.8237819213240002E+06   2.7016927531150002E+06  -1.4686367144400001E+05
  2.8917295665710000E+06   2.7453242434879998E+06  -9.9150658412999997E+04
  2.8902097530410001E+06   2.7436939195309998E+06  -1.0001393555100000E+05
  2.8891258385180002E+06   2.7440671634829999E+06  -1.0205859433000001E+05
  2.8886973935779999E+06   2.7420601288160002E+06  -1.0086231432000000E+05
  2.8897702060270002E+06   2.7416846260540001E+06  -9.8832939973000000E+04
  2.8882663427470000E+06   2.7400515494090002E+06  -9.9668678014000005E+04
  2.8893276997610000E+06   2.7396751164950002E+06  -9.7656377565000003E+04
  2.8878367682440002E+06   2.7380383254120001E+06  -9.8472408716999998E+04
  2.8889714656170001E+06   2.7376092041429998E+06  -9.6552694539000004E+04
  2.8874391886950000E+06   2.7360043765079998E+06  -9.7287032999999996E+04
  2.8885566841279999E+06   2.7355968605010002E+06  -9.5383793787999995E+04
  2.8870591376860002E+06   2.7339487548079998E+06  -9.6057962708000006E+04
  2.8882077879140000E+06   2.7336021159810000E+06  -9.4140208572999996E+04
  2.8969077315320000E+06   2.7382767693429999E+06  -8.6256994378000003E+04
  2.8975208429069999E+06   2.7369792825779999E+06  -8.4317550096999999E+04
  2.8907107891119998E+06   2.7521482717140000E+06  -1.0682976516700001E+05
  2.8041714122910001E+06   2.7084535696009998E+06  -1.7649594129100000E+05
  2.8043560337800002E+06   2.7006820991810001E+06  -1.6345143614400001E+05
  2.8062176090159998E+06   2.7014399284709999E+06  -1.6245386620700001E+05
  2.8968572597190002E+06   2.8194488762280000E+06  -1.4885207518200000E+05
  2.8952352214330002E+06   2.8182163965010000E+06  -1.5053638802400001E+05
  2.8941288921010001E+06   2.8192374828110002E+06  -1.5265244900100000E+05
  2.9092017980780001E+06   2.8143562188419998E+06  -1.2943141359400000E+05
  2.9380763553149998E+06   2.7992469799230001E+06  -8.0162945235000007E+04
  2.8197862356389998E+06   2.7122097205469999E+06  -1.6305624418400001E+05
  2.8194267537980000E+06   2.7330330772219999E+06  -1.9521510459100001E+05
  2.9217450026529999E+06   2.8096606642300002E+06  -1.0818144556599999E+05
  2.8583789261409999E+06   2.7206291144170002E+06  -1.2421680265899999E+05
  2.8550336853350000E+06   2.7373493811420002E+06  -1.4743567624599999E+05
  2.8224808032829999E+06   2.7350369766170001E+06  -1.9345649149099999E+05
  2.8805685052590002E+06   2.7804959127179999E+06  -1.4860192827100001E+05
  2.8271587434680001E+06   2.7229822253950001E+06  -1.6851030915600000E+05
  2.8064164580740002E+06   2.7251931463660002E+06  -2.0161258275199999E+05
  2.8553754761190000E+06   2.8073398684430001E+06  -2.1714017778999999E+05
  2.8659223567459998E+06   2.7011103169620000E+06  -9.2892057262999995E+04
  2.8669122332489998E+06   2.7004306346809999E+06  -9.0939232455999998E+04
  2.8677564146890002E+06   2.7022974196130000E+06  -9.1913905855999998E+04
  2.8687486635019998E+06   2.7016298805240002E+06  -8.9971263175000000E+04
  2.8705744446350001E+06   2.7647166138499998E+06  -1.4999605280100001E+05
  2.8720862798810001E+06   2.7665543149560001E+06  -1.4930889777800001E+05
  2.8691071205000002E+06   2.7628739934049998E+06  -1.5057581449100000E+05
  2.8640394176960001E+06   2.8252824367860002E+06  -2.0274352802999999E+05
  2.8394406511459998E+06   2.7171281419090000E+06  -1.4652863141700000E+05
  2.8242614473440000E+06   2.7203844394350001E+06  -1.6888136533400000E+05
  2.9188188989519998E+06   2.8371160056799999E+06  -1.2926476116600000E+05
  2.9196705628100000E+06   2.8357602844600002E+06  -1.2759005567700000E+05
  2.9277950616500000E+06   2.7581921268509999E+06  -6.4643715405000003E+04
  2.8944168685030001E+06   2.8272726979640000E+06  -1.5540411465900001E+05
  2.8953776018710001E+06   2.8262076732529998E+06  -1.5355308106299999E+05
  2.8740632533749999E+06   2.7979884994620001E+06  -1.7434813195700001E+05
  2.8733857354080002E+06   2.7988513160730000E+06  -1.7638065093500001E+05
  2.8973678958890000E+06   2.8060354309959998E+06  -1.4127613893099999E+05
  2.8962268839010000E+06   2.8040215236709998E+06  -1.4169238441800000E+05
  2.8561516324270000E+06   2.7104473527779998E+06  -1.1714465176700000E+05
  2.8982546628439999E+06   2.7436712401760002E+06  -8.8708962971999994E+04
  2.8991779241660000E+06   2.7458033898430001E+06  -8.9205773820000002E+04
  2.9335692263270002E+06   2.8398817874250002E+06  -1.1271625202900000E+05
  2.9345480471029999E+06   2.8422366770890001E+06  -1.1278743682400000E+05
  2.8612652318020002E+06   2.8061088114640000E+06  -2.0533954209700000E+05
  2.8932980532080000E+06   2.8130996367190001E+06  -1.5119596768100001E+05
  2.9150239888149998E+06   2.8281087761320001E+06  -1.2944134046199999E+05
  2.9136519416089999E+06   2.8268720679850001E+06  -1.3056854426900001E+05
  2.8408420593280001E+06   2.6914622174820001E+06  -1.1659310939400000E+05
  2.8417757486500000E+06   2.6907789336430002E+06  -1.1454695144200001E+05
  2.9060865314659998E+06   2.8133233737440002E+06  -1.3321662369600000E+05
  2.8559483520459998E+06   2.7394446111450000E+06  -1.4841118232800000E+05
  2.8860083357230001E+06   2.7047859603439998E+06  -7.2477002160999997E+04
  2.8313185573970000E+06   2.6993221951150000E+06  -1.3685410813899999E+05
  2.8788245642039999E+06   2.6997160147420000E+06  -7.6337061304999996E+04
  2.8435711199159999E+06   2.7574869818799999E+06  -1.8854600878800001E+05
  2.9223671253920002E+06   2.7845589565110002E+06  -8.8816010131999996E+04
  2.9240025046310001E+06   2.7854329732010001E+06  -8.7197729131999993E+04
  2.8545791094720000E+06   2.7630657468639999E+06  -1.7568954486600001E+05
  2.8550924613620001E+06   2.7621105984680001E+06  -1.7369663670300000E+05
  2.8535757560769999E+06   2.7610218685289999E+06  -1.7501681412500000E+05
  2.8540629993449999E+06   2.7600602814759999E+06  -1.7306100171499999E+05
  2.8525719683389999E+06   2.7589938005530001E+06  -1.7436329279000001E+05
  2.8530259590380001E+06   2.7580200409300001E+06  -1.7245008679800000E+05
  2.8566330658069998E+06   2.7632017747180001E+06  -1.7233847599300000E+05
  2.9229042010840001E+06   2.7456736245849999E+06  -6.0818217022999997E+04
  2.9245973623899999E+06   2.7470660463049999E+06  -6.0040744674000001E+04
  2.9234073166230000E+06   2.7476051242080000E+06  -6.1507431314000001E+04
  2.9248571138570001E+06   2.7494068609469999E+06  -6.1211229643999999E+04
  2.9419624394140001E+06   2.8079726503889998E+06  -8.1775691653999995E+04
  2.8879654630249999E+06   2.7910336269860002E+06  -1.4526337325700000E+05
  2.8321802616429999E+06   2.6911020232449998E+06  -1.2699768447199999E+05
  2.8544167882869998E+06   2.7343669275010000E+06  -1.4500795577599999E+05
  2.8624142747660000E+06   2.7922988616709998E+06  -1.9258914095299999E+05
  2.8241321349620000E+06   2.7262785575939999E+06  -1.7713067460400000E+05
  2.8253188470780002E+06   2.7280426643130002E+06  -1.7820730565699999E+05
  2.8563047460059999E+06   2.8090494825840001E+06  -2.1610389020800000E+05
  2.8288480549450000E+06   2.7261782819099999E+06  -1.7050446723099999E+05
  2.9146407176509998E+06   2.8260996608770001E+06  -1.2883015867200001E+05
  2.9184082118279999E+06   2.8445543652189998E+06  -1.3301293632199999E+05
  2.9175677110910001E+06   2.8459703364430000E+06  -1.3448737002199999E+05
  2.9179554926250000E+06   2.8483536708269999E+06  -1.3458435071900001E+05
  2.8793580716940002E+06   2.8109053972510002E+06  -1.7143289998799999E+05
  2.8804061454719999E+06   2.8098945522179999E+06  -1.6955850666799999E+05
  2.8227212791459998E+06   2.7245449205780001E+06  -1.7654994048900000E+05
  2.8986038612540001E+06   2.8082413654499999E+06  -1.4081060076800000E+05
  2.8976764889199999E+06   2.7050798551190002E+06  -6.0725349907000003E+04
  2.8994731867010002E+06   2.7063632751799999E+06  -5.9765168406999997E+04
  2.8720618009469998E+06   2.7975351066850000E+06  -1.7787154323400001E+05
  2.8550165240949998E+06   2.7660509920640001E+06  -1.7842895077900001E+05
  2.8862215295910002E+06   2.8172605633689999E+06  -1.6451936390200001E+05
  2.8936891041069999E+06   2.8304261821470000E+06  -1.5739121640300000E+05
  2.8939940467830002E+06   2.8325520899959998E+06  -1.5754412648800001E+05
  2.8695914768900000E+06   2.7034921668710001E+06  -9.0929207104000001E+04
  2.8705797062760000E+06   2.7028303172680000E+06  -8.9011215427000003E+04
  2.8714162416160000E+06   2.7046850698540001E+06  -8.9955097725000000E+04
  2.8724035107939998E+06   2.7040323720880002E+06  -8.8052175868999999E+04
  2.8419399386120001E+06   2.7046299159789998E+06  -1.2941557179200000E+05
  2.9254703964880002E+06   2.7440601141490000E+06  -5.7381997277000002E+04
  2.8609305522309998E+06   2.7788301189790000E+06  -1.8211416481700001E+05
  2.8245982773890002E+06   2.7350161026450000E+06  -1.8988754325399999E+05
  2.8409556616099998E+06   2.7055474647410000E+06  -1.3165893383699999E+05
  2.8286222698440002E+06   2.7020193125620000E+06  -1.4296866224000001E+05
  2.8381605054190001E+06   2.7512962733820002E+06  -1.9009684913600000E+05
  2.9041786960359998E+06   2.8557266436839998E+06  -1.4968447945300001E+05
  2.8678943962559998E+06   2.7274200131000001E+06  -1.1733348065899999E+05
  2.8694794839619999E+06   2.7290023334240001E+06  -1.1653947736800001E+05
  2.8471983038989999E+06   2.7452709851050000E+06  -1.6727639461700001E+05
  2.7986793573449999E+06   2.6993191764949998E+06  -1.6826882225900001E+05
  2.9296184107809998E+06   2.7591324116699998E+06  -6.3446331742000002E+04
  2.8734166937830001E+06   2.8409458724960000E+06  -1.8598084448400000E+05
  2.8744172215689998E+06   2.8396174322799998E+06  -1.8451769400600001E+05
  2.8681786168970000E+06   2.8318106345859999E+06  -1.9476364163900001E+05
  2.8690736522590001E+06   2.8328758899170002E+06  -1.9322146007000000E+05
  2.9170669606169998E+06   2.7749100680889999E+06  -8.8425647786999994E+04
  2.8802543697960000E+06   2.7205669008849999E+06  -9.3795498869999996E+04
  2.8145880630299998E+06   2.6983648607560000E+06  -1.5114527379700000E+05
  2.8961159299630001E+06   2.8171546263910001E+06  -1.4882066730299999E+05
  2.9282058847389999E+06   2.7860243954679999E+06  -8.2890035382999995E+04
  2.9272451230629999E+06   2.7873193315610001E+06  -8.4638905180999995E+04
  2.8225497333860002E+06   2.7312941577389999E+06  -1.8737537399200001E+05
  2.9006361661299998E+06   2.7272309916090001E+06  -7.2522764639000001E+04
  2.8294031689329999E+06   2.7010611212680000E+06  -1.4108226105800000E+05
  2.9128870781669999E+06   2.7901762287699999E+06  -1.0495614352800000E+05
  2.7989741648280001E+06   2.7029883945579999E+06  -1.7461394043700001E+05
  2.8807157103320002E+06   2.7772495784350000E+06  -1.4524898606200001E+05
  2.8793591829499998E+06   2.7768175006700000E+06  -1.4717398384199999E+05
  2.8512001651880001E+06   2.7695856861149999E+06  -1.8981506902699999E+05
  2.8888629162960001E+06   2.8475178069560002E+06  -1.6539264245900000E+05
  2.8866482181099998E+06   2.7160496716189999E+06  -8.1013674115000002E+04
  2.8882509283349998E+06   2.7173483324839999E+06  -7.9946477614000003E+04
  2.8732236223680000E+06   2.7058666786139999E+06  -8.8990342791000003E+04
  2.8742163161599999E+06   2.7052390245500002E+06  -8.7107310779000007E+04
  2.8750024660629998E+06   2.7070401879880000E+06  -8.8052010406000001E+04
  2.8760353830680000E+06   2.7064711791630001E+06  -8.6181794766000006E+04
  2.8767655319610001E+06   2.7084027157379999E+06  -8.7121820422000004E+04
  2.8777440865179999E+06   2.7078080093890000E+06  -8.5147184305999996E+04
  2.8258552384930002E+06   2.7519881329990001E+06  -2.1293472405300001E+05
  2.8260854943100000E+06   2.7535894397320002E+06  -2.1474687476000001E+05
  2.9004423054780001E+06   2.8499785997839998E+06  -1.5247475472999999E+05
  2.8991654212949998E+06   2.8506347682380001E+06  -1.5387037556600000E+05
  2.8941724095540000E+06   2.8498813242660002E+06  -1.5909912192800001E+05
  2.8953600858490001E+06   2.8489077268980001E+06  -1.5753758267900001E+05
  2.8596810409110002E+06   2.8002318470290001E+06  -2.0500835486900000E+05
  2.8674222431250000E+06   2.7592282615609998E+06  -1.4953989949400001E+05
  2.8672590576909999E+06   2.7574879023059998E+06  -1.4789660028399999E+05
  2.8658296168869999E+06   2.7555275307550002E+06  -1.4834465466299999E+05
  2.8672314296430000E+06   2.7556758931999998E+06  -1.4593071277600000E+05
  2.8655130100540002E+06   2.7536093611809998E+06  -1.4671135201300000E+05
  2.8685502115690000E+06   2.7578663768679998E+06  -1.4600402210700000E+05
  2.8625822505259998E+06   2.7628886588880001E+06  -1.6311644703300000E+05
  2.8622427459020000E+06   2.7607519353310000E+06  -1.6164370500200000E+05
  2.8628951879929998E+06   2.7648037719140002E+06  -1.6442072302599999E+05
  2.8593534217590000E+06   2.6820738655349999E+06  -8.1555608546000003E+04
  2.8926132381589999E+06   2.8107913263460002E+06  -1.5094982933499999E+05
  2.8577044796030000E+06   2.7162143491090001E+06  -1.2123773464100000E+05
  2.8784637565620001E+06   2.7097541547099999E+06  -8.6004747386000003E+04
  2.8794245264309999E+06   2.7091583627189999E+06  -8.4091656105000002E+04
  2.8801022928570001E+06   2.7110743990179999E+06  -8.4962134749000004E+04
  2.8811372116930000E+06   2.7104968627360002E+06  -8.3097184787999999E+04
  2.8818033538859999E+06   2.7124708387960000E+06  -8.4035523547000004E+04
  2.8828146171260001E+06   2.7117441143729999E+06  -8.2065140723000004E+04
  2.8804468246450000E+06   2.7084838685989999E+06  -8.2154624488000001E+04
  2.8834756790979998E+06   2.7136537311580000E+06  -8.2951368719999999E+04
  2.8652845756620001E+06   2.7679769598780000E+06  -1.6317957003000000E+05
  2.8901582914390001E+06   2.7830677248040000E+06  -1.3525840192700000E+05
  2.8887479051270001E+06   2.7826409995680000E+06  -1.3708946652399999E+05
  2.8889645687690000E+06   2.7808237879740000E+06  -1.3532803745300000E+05
  2.8674803031899999E+06   2.8028219051160002E+06  -1.9006463267100000E+05
  2.8670023281870000E+06   2.8005841231539999E+06  -1.8970260515399999E+05
  2.8677419303609999E+06   2.7995748695609998E+06  -1.8754048411100000E+05
  2.8665908543750001E+06   2.7981927813320002E+06  -1.8910793311200000E+05
  2.8527669603060000E+06   2.7820502611759999E+06  -2.0172917544100000E+05
  2.8649828118980001E+06   2.8135985812789998E+06  -2.0082241873000000E+05
  2.8527360015989998E+06   2.7264897530660001E+06  -1.3832415082300000E+05
  2.8823444474559999E+06   2.8440701915139998E+06  -1.7335702697800001E+05
  2.8810130332849999E+06   2.8430512977240002E+06  -1.7496472350600001E+05
  2.8809551858999999E+06   2.8407220853909999E+06  -1.7506113135600000E+05
  2.8796674521280001E+06   2.8421379556600000E+06  -1.7667533805399999E+05
  2.8797677576430002E+06   2.8444649635200002E+06  -1.7644090081900000E+05
  2.9213068192969998E+06   2.8367601713450002E+06  -1.2605516688000000E+05
  2.8914907219219999E+06   2.7086907905219998E+06  -6.9704272765999995E+04
  2.8059357255600002E+06   2.7022769993699999E+06  -1.6438748689000000E+05
  2.8078398744640001E+06   2.7030520231920001E+06  -1.6336684663300001E+05
  2.9207829036619999E+06   2.7839340057730000E+06  -9.0533106343000007E+04
  2.9203136069729999E+06   2.7854515194810000E+06  -9.2149494623999999E+04
  2.8515688029319998E+06   2.7569860628320002E+06  -1.7373245457199999E+05
  2.8519550424350002E+06   2.7559958771250001E+06  -1.7192494245700000E+05
  2.8504648671619999E+06   2.7550790275030001E+06  -1.7339638634900001E+05
  2.8535649904820002E+06   2.7569882145050000E+06  -1.7057503801500000E+05
  2.9252785402700002E+06   2.7547465488649998E+06  -6.4697535140000000E+04
  2.8170069534009998E+06   2.6797203019209998E+06  -1.2608528280800000E+05
  2.8234686925599999E+06   2.6751486331270002E+06  -1.1638866823700001E+05
  2.8382161893380000E+06   2.7347345201849998E+06  -1.6869005860200000E+05
  2.8376012455710000E+06   2.7355076814390002E+06  -1.7071253772699999E+05
  2.7999121486820001E+06   2.6920199397669998E+06  -1.5407369133199999E+05
  2.7987166530129998E+06   2.6926533513250002E+06  -1.5573669646100001E+05
  2.8006420897400002E+06   2.6935959078290001E+06  -1.5549758654100000E+05
  2.8521428032330000E+06   2.7412751822890001E+06  -1.5587280778300000E+05
  2.8150808635010002E+06   2.6761019399950001E+06  -1.2269406828399999E+05
  2.8836787998770000E+06   2.8456030630950001E+06  -1.7173983496000001E+05
  2.8067916140839998E+06   2.6986816759480000E+06  -1.5758333415400001E+05
  2.8561908616630002E+06   2.7424005897920001E+06  -1.5116262200100001E+05
  2.8571955319440002E+06   2.7446386655489998E+06  -1.5162950230500000E+05
  2.8564435982519998E+06   2.7456278855639999E+06  -1.5375965209100000E+05
  2.8385742412780002E+06   2.7082932880790001E+06  -1.3767463901300001E+05
  2.8955952455210001E+06   2.7280122302319999E+06  -7.8979812220000007E+04
  2.8589845945759998E+06   2.7929112954640002E+06  -2.0057002914999999E+05
  2.8597164685100000E+06   2.7922874920060001E+06  -1.9848349269899999E+05
  2.8807947237120001E+06   2.7225582294040001E+06  -9.4891900274000000E+04
  2.8818769132739999E+06   2.7220876282600001E+06  -9.2907610367000001E+04
  2.8835894700290002E+06   2.7236676748569999E+06  -9.1895939027000000E+04
  2.8333923817509999E+06   2.7311363918340001E+06  -1.7075111262800000E+05
  2.8681983631139998E+06   2.7293528930529999E+06  -1.1869497474999999E+05
  2.8330797543720002E+06   2.6816823321130001E+06  -1.1410143970700000E+05
  2.8082836955619999E+06   2.6898115907190000E+06  -1.4572422195199999E+05
  2.8243633379130000E+06   2.7302227955120001E+06  -1.8303775580099999E+05
  2.8072573465950000E+06   2.6880213332509999E+06  -1.4442342426500001E+05
  2.8680278955230000E+06   2.8049757865189998E+06  -1.9035144732700000E+05
  2.8521005205339999E+06   2.7599275519699999E+06  -1.7626711377100000E+05
  2.8246405988380001E+06   2.6771728051900002E+06  -1.1795151290500000E+05
  2.8790605993470000E+06   2.8270694953210000E+06  -1.7686018046900001E+05
  2.8785243548349999E+06   2.7234589140530000E+06  -9.8947666379999995E+04
  2.8773580453280001E+06   2.7239380256860000E+06  -1.0098585683800001E+05
  2.8048907296310002E+06   2.6872459704049998E+06  -1.4484382299799999E+05
  2.8037941876280000E+06   2.6858664439900001E+06  -1.4321382447200001E+05
  2.9066164028630001E+06   2.8571994421279998E+06  -1.4749176789900000E+05
  2.9244586799460002E+06   2.8300079506799998E+06  -1.1802056957100000E+05
  2.8237260755619998E+06   2.7270836710830000E+06  -1.7900881430200001E+05
  2.8486428076249999E+06   2.7094569935760000E+06  -1.2646159897599999E+05
  2.8939815493500000E+06   2.7272929599939999E+06  -8.0593926389999993E+04
  2.8936696468719998E+06   2.7285550092139998E+06  -8.2156957917000007E+04
  2.8955229913360002E+06   2.8515916981719998E+06  -1.5770184205700000E+05
  2.8794750164569998E+06   2.7750537149290000E+06  -1.4513369497300001E+05
  2.8779974938770002E+06   2.7747821707150000E+06  -1.4750505783300000E+05
  2.8321044515379998E+06   2.6980695503670000E+06  -1.3457675802700000E+05
  2.8426971027870001E+06   2.7036332380969999E+06  -1.2736171250800000E+05
  2.8449509996549999E+06   2.7859473631409998E+06  -2.2146401962300000E+05
  2.8461367370520001E+06   2.7877723750200002E+06  -2.2089566754400000E+05
  2.8460361947610001E+06   2.7861243058090000E+06  -2.1944306178900000E+05
  2.8133314248569999E+06   2.6843330069860001E+06  -1.3526072986600001E+05
  2.9139461971689998E+06   2.7875146119490000E+06  -1.0182609239500000E+05
  2.8586888562139999E+06   2.7745665926279998E+06  -1.8145552229200001E+05
  2.8948738335350002E+06   2.8160992198970001E+06  -1.5017941031199999E+05
  2.8742600279649999E+06   2.8374458234600001E+06  -1.8475264438499999E+05
  2.8753889331669998E+06   2.8383851996519999E+06  -1.8309656018900001E+05
  2.8755666830389998E+06   2.8404522291680002E+06  -1.8283171350099999E+05
  2.8610807694170000E+06   2.7910182398509998E+06  -1.9419552303899999E+05
  2.8365501830679998E+06   2.7141311626610002E+06  -1.4686575890200000E+05
  2.8825319466030002E+06   2.7145433208590001E+06  -8.4982914764000001E+04
  2.8325133007370001E+06   2.7614204765940001E+06  -2.1440897148800001E+05
  2.8315262879240001E+06   2.7592354013140001E+06  -2.1312272254600000E+05
  2.8277774054919998E+06   2.7031428236320000E+06  -1.4496106604800001E+05
  2.8586455456110002E+06   2.6967639788629999E+06  -9.9200346023999999E+04
  2.8951636746359998E+06   2.7325904227669998E+06  -8.3679476852000007E+04
  2.8621581886720001E+06   2.6881362436179998E+06  -8.4284482709000004E+04
  2.8604737004180001E+06   2.6867469410890001E+06  -8.5091434871999998E+04
  2.8146184209059998E+06   2.7370059064280000E+06  -2.0950423543700000E+05
  2.8309985917050000E+06   2.6893856368660000E+06  -1.2606542613300000E+05
  2.8155058076550001E+06   2.7358373458320000E+06  -2.0611828412699999E+05
  2.9300555527349999E+06   2.7832276928309998E+06  -7.9334922686999998E+04
  2.8778611858740002E+06   2.8283563130569998E+06  -1.7894094843399999E+05
  2.8801662824749998E+06   2.8259501994810002E+06  -1.7494889767700000E+05
  2.9083761114540002E+06   2.8254940563469999E+06  -1.3674141433599999E+05
  2.9120109121170002E+06   2.8567222141479999E+06  -1.4207412273000000E+05
  2.9137296352519998E+06   2.8573921507720002E+06  -1.4051129681900001E+05
  2.9131150803600000E+06   2.8550952951250002E+06  -1.4068728251300001E+05
  2.9149041332589998E+06   2.8558112225170000E+06  -1.3906396296100001E+05
  2.8136251051699999E+06   2.6881719748610002E+06  -1.3972709720900000E+05
  2.8423234502110002E+06   2.7340071769280001E+06  -1.6191871655799999E+05
  2.8952170078070001E+06   2.8336900666840002E+06  -1.5624877988900000E+05
  2.9202820382170002E+06   2.8143291684790002E+06  -1.1364598858000000E+05
  2.8919615060959999E+06   2.7105845749900001E+06  -7.0621041068999999E+04
  2.8914810883660000E+06   2.7971580207980000E+06  -1.4458001258000001E+05
  2.8904015551430001E+06   2.7950995690580001E+06  -1.4479091651600000E+05
  2.8924460042280001E+06   2.7995271575770001E+06  -1.4473707421699999E+05
  2.8279369517080002E+06   2.7453594674979998E+06  -1.9985325759200001E+05
  2.8262834919659998E+06   2.7440160816270001E+06  -2.0093025333000001E+05
  2.8967221485239998E+06   2.8501616037300001E+06  -1.5622071559300000E+05
  2.9068088105980000E+06   2.8169901590749999E+06  -1.3428163995600000E+05
  2.9258451841030000E+06   2.8427310122839999E+06  -1.2350507821900000E+05
  2.9267102975920001E+06   2.8450339185219998E+06  -1.2364695743500000E+05
  2.9283362016329998E+06   2.8461528627229999E+06  -1.2228765308700000E+05
  2.8607894016379998E+06   2.7195895455100001E+06  -1.1989806841800000E+05
  2.8586896083060000E+06   2.6803394023830001E+06  -8.0250559164999999E+04
  2.8634554365650001E+06   2.8113250783790001E+06  -2.0319017794900000E+05
  2.9111947801290001E+06   2.7351834286190001E+06  -6.6501044651000004E+04
  2.8474487184950002E+06   2.7605393166450001E+06  -1.8529366861600001E+05
  2.9120982303360002E+06   2.7837900991199999E+06  -1.0159512823700000E+05
  2.9047584755030000E+06   2.8462550474029998E+06  -1.4749293398599999E+05
  2.8415493593489998E+06   2.7210294588759998E+06  -1.4825478138599999E+05
  2.8672736190360002E+06   2.8308114647720000E+06  -1.9630853957399999E+05
  2.8775601608750001E+06   2.7105851414129999E+06  -8.8101241590999998E+04
  2.8136394870300000E+06   2.6944808592670001E+06  -1.4719999833100001E+05
  2.9017887145860000E+06   2.7603245342689999E+06  -9.7341491750000001E+04
  2.8376694563210001E+06   2.7065613032410000E+06  -1.3683718344699999E+05
  2.8376471721399999E+06   2.7091909584880001E+06  -1.3982378651000001E+05
  2.8616857228850001E+06   2.6992837983450000E+06  -9.7317246557999999E+04
  2.8061887256080001E+06   2.7091367596610002E+06  -1.7505682170700000E+05
  2.8077320741340001E+06   2.7110873807549998E+06  -1.7608868759799999E+05
  2.8083070271100001E+06   2.7102319213330001E+06  -1.7415094880000001E+05
  2.8096846621710001E+06   2.7118768026649999E+06  -1.7493068359999999E+05
  2.8842246598370001E+06   2.8002600533779999E+06  -1.5886788554100000E+05
  2.8093875036709998E+06   2.6917462315500001E+06  -1.4713364830500001E+05
  2.8666898227579999E+06   2.7534025870960001E+06  -1.4450171435600001E+05
  2.8651827060170001E+06   2.7515923349390002E+06  -1.4522731621700001E+05
  2.8285018380749999E+06   2.6817806690509999E+06  -1.1882078040300000E+05
  2.8268381677520000E+06   2.6811308454069998E+06  -1.1975236376900000E+05
  2.9001397864399999E+06   2.7593626323549999E+06  -9.8701918990000006E+04
  2.9027405315890000E+06   2.7625675101500000E+06  -9.7644070166000005E+04
  2.8547288224109998E+06   2.7789839415159998E+06  -1.9405951856500001E+05
  2.8541762879070002E+06   2.7770408047949998E+06  -1.9282284757700001E+05
  2.9185353356650001E+06   2.7990026065210002E+06  -1.0415535589900000E+05
  2.9176109355739998E+06   2.7995806143860002E+06  -1.0593366375000001E+05
  2.8347580455390001E+06   2.7497079971400001E+06  -1.9400257938000001E+05
  2.8339731992050000E+06   2.7502439622909999E+06  -1.9604403146000000E+05
  2.8658335981500000E+06   2.7992573780310000E+06  -1.9134068844100001E+05
  2.8165627295420002E+06   2.7306739313960001E+06  -1.9579729199200001E+05
  2.8528703147700001E+06   2.7929197224809998E+06  -2.1250031712800000E+05
  2.9037980043489998E+06   2.8174233569370001E+06  -1.3854876460800000E+05
  2.9127887512389999E+06   2.8096189943080000E+06  -1.2034453703500000E+05
  2.9126975949710002E+06   2.8117756883189999E+06  -1.2201814521700000E+05
  2.9246606042530001E+06   2.7526200270989998E+06  -6.3757627263000002E+04
  2.9257630673870002E+06   2.7517816192049999E+06  -6.1986372195000004E+04
  2.8875691436689999E+06   2.7291610886730002E+06  -9.1204148556999993E+04
  2.9335704026770000E+06   2.8224296023869999E+06  -1.0127636470100000E+05
  2.9329878112880001E+06   2.8240748854189999E+06  -1.0287102281600000E+05
  2.8334372331210002E+06   2.7634186356939999E+06  -2.1552224467200000E+05
  2.8343022597869998E+06   2.7653832807189999E+06  -2.1670275238699999E+05
  2.8964131381910001E+06   2.7266483872449999E+06  -7.7070094408000004E+04
  2.8220339111730000E+06   2.7471127328670002E+06  -2.1276455118200000E+05
  2.8239046721480000E+06   2.7484042514849999E+06  -2.1137473424500000E+05
  2.8363588640100001E+06   2.6793537087209998E+06  -1.0815041851400000E+05
  2.8352651100099999E+06   2.6801460236689998E+06  -1.1015195348200000E+05
  2.8278170414010002E+06   2.7318615552550000E+06  -1.8012924855200000E+05
  2.8291756439410001E+06   2.7337781150659998E+06  -1.8083533871300000E+05
  2.9206191526299999E+06   2.8342238948869999E+06  -1.2555440828700000E+05
  2.8867340546189998E+06   2.7318764261940001E+06  -9.4736042413999996E+04
  2.8885110562260002E+06   2.8043216781330002E+06  -1.5451304861699999E+05
  2.8024954535510000E+06   2.6999683899240000E+06  -1.6453034195199999E+05
  2.8940588561930000E+06   2.7855471239510002E+06  -1.3109544748500001E+05
  2.8952996233910001E+06   2.7876431244190000E+06  -1.3078943373000000E+05
  2.8954816811910002E+06   2.7858691251380001E+06  -1.2908022916800001E+05
  2.8967007492650002E+06   2.7880011115299999E+06  -1.2883764797700000E+05
  2.8969264957869998E+06   2.7863397603440001E+06  -1.2714872749700000E+05
  2.8791050559029998E+06   2.7255944923830000E+06  -1.0010579040400000E+05
  2.8779549890810000E+06   2.7261011935339998E+06  -1.0213280295500001E+05
  2.8761556687480002E+06   2.7243828529670001E+06  -1.0302809453100000E+05
  2.8649782504150001E+06   2.7019259773920001E+06  -9.5073791706999997E+04
  2.8881574715749999E+06   2.7316055361870001E+06  -9.2487837983000005E+04
  2.8685987173740002E+06   2.7043311094749998E+06  -9.3036269193999993E+04
  2.8828734892150001E+06   2.7213147647609999E+06  -9.0752645583999998E+04
  2.8576638301090002E+06   2.8165297376819998E+06  -2.1582123815500000E+05
  2.8819380481850002E+06   2.7999983048230000E+06  -1.6234646602500000E+05
  2.8804582955160001E+06   2.7987439689799999E+06  -1.6378911034900000E+05
  2.8836986491910000E+06   2.8147252430920000E+06  -1.6716574155599999E+05
  2.9069536208819998E+06   2.7317316521190000E+06  -6.8762850227000003E+04
  2.9059885555099999E+06   2.7296520012690001E+06  -6.8436450125000003E+04
  2.8457926864240002E+06   2.7589670417309999E+06  -1.8637024961100001E+05
  2.9408563253890001E+06   2.8089730789190000E+06  -8.3712957567000005E+04
  2.8796557203290001E+06   2.8396805113070002E+06  -1.7678516775500000E+05
  2.8783388053629999E+06   2.8411813317169999E+06  -1.7869878842800000E+05
  2.8626240721040000E+06   2.8118146207960001E+06  -2.0483702452199999E+05
  2.8006718393890001E+06   2.7048802328320001E+06  -1.7540289587700000E+05
  2.8957954371850002E+06   2.7842519511219999E+06  -1.2728605330400000E+05
  2.8899519077610001E+06   2.8416187078430001E+06  -1.6390767919900001E+05
  2.9185826890039998E+06   2.7309596420089998E+06  -5.6405148524999997E+04
  2.9189367412180002E+06   2.8120013583160001E+06  -1.1371640176800000E+05
  2.8354583304530000E+06   2.7122379168619998E+06  -1.4592550230299999E+05
  2.8362205234369999E+06   2.7112906465409999E+06  -1.4397460104400001E+05
  2.8327815808000001E+06   2.6902981956210001E+06  -1.2513662219700000E+05
  2.9019156295240000E+06   2.8477671386739998E+06  -1.5061742304600001E+05
  2.8387843920310000E+06   2.7337648085730001E+06  -1.6656843853000001E+05
  2.9187791125050001E+06   2.8335080826019999E+06  -1.2749832680200000E+05
  2.9177363180700000E+06   2.8313886482130000E+06  -1.2760664121800000E+05
  2.9172437086900002E+06   2.8330293981369999E+06  -1.2920717731499999E+05
  2.9129469664050001E+06   2.8172853406659998E+06  -1.2578271166200000E+05
  2.8561213788350001E+06   2.7146550120819998E+06  -1.2204113896800000E+05
  2.8251230531759998E+06   2.7232751529489998E+06  -1.7174883708999999E+05
  2.8667315395630002E+06   2.7097755533220000E+06  -1.0137675383099999E+05
  2.8692278654399998E+06   2.8303684655809999E+06  -1.9302240874700001E+05
  2.8700897120229998E+06   2.8322010710789999E+06  -1.9151742440300001E+05
  2.8704921827810002E+06   2.8301045445989999E+06  -1.9088775590399999E+05
  2.8533200083229998E+06   2.7254897600880000E+06  -1.3625021499600000E+05
  2.9030515633080001E+06   2.8374952803469999E+06  -1.4765563523399999E+05
  2.9016400901410002E+06   2.8385263734350000E+06  -1.4932112557100001E+05
  2.8663484500139998E+06   2.7260326202150001E+06  -1.1820925473200000E+05
  2.8694746939180000E+06   2.6935792990620001E+06  -8.0650431219000006E+04
  2.8896882591070002E+06   2.7027732645220002E+06  -6.7065828737999997E+04
  2.8568252141519999E+06   2.8144596972449999E+06  -2.1701243105499999E+05
  2.8436140317179998E+06   2.7840251700820001E+06  -2.2216366204299999E+05
  2.9215065876310002E+06   2.7909283991629998E+06  -9.4010197528999997E+04
  2.9048854818210001E+06   2.7862508836900000E+06  -1.1388721969899999E+05
  2.9063158556180000E+06   2.7878779649910000E+06  -1.1291104283900000E+05
  2.9075280167959998E+06   2.7875460901199998E+06  -1.1087664063500000E+05
  2.8341345870860000E+06   2.7564823422869998E+06  -2.0472439697300000E+05
  2.8957926725240001E+06   2.7742158748340001E+06  -1.1807480084800000E+05
  2.8820902587239998E+06   2.7776718300210000E+06  -1.4338880596000000E+05
  2.8074662717189998E+06   2.7038156024600002E+06  -1.6528190913300001E+05
  2.8121232948050001E+06   2.7264351470539998E+06  -1.9547652325400000E+05
  2.8138737919669999E+06   2.7272445699870000E+06  -1.9412338479499999E+05
  2.8887194230410000E+06   2.8500615143670002E+06  -1.6569241437400001E+05
  2.8228666783550000E+06   2.6734897209500000E+06  -1.1444053525500000E+05
  2.9142781295110001E+06   2.7421302938709999E+06  -6.7336479519999993E+04
  2.9168308792800000E+06   2.7296077197550000E+06  -5.7369155766999997E+04
  2.9150580167189999E+06   2.7282869740180001E+06  -5.8308810786000002E+04
  2.9369840913930000E+06   2.8233749690510002E+06  -9.8070855419000000E+04
  2.8499015310760001E+06   2.7656982802720000E+06  -1.8725548252300001E+05
  2.8840344802110000E+06   2.7934540566480001E+06  -1.5410583029300001E+05
  2.8827858740090001E+06   2.7933078136499999E+06  -1.5608091211300000E+05
  2.8621453314399999E+06   2.8182468185299998E+06  -2.0706045827300000E+05
  2.8379031842089999E+06   2.6733105159049998E+06  -9.7088399791999997E+04
  2.8135738060889998E+06   2.7341167232670002E+06  -2.0619212746100000E+05
  2.8117606271429998E+06   2.7326433125510002E+06  -2.0623226814500001E+05
  2.8674498157090000E+06   2.8156011931779999E+06  -1.9600996273299999E+05
  2.8672652718340000E+06   2.8180045460279998E+06  -1.9631972729400001E+05
  2.8681922790130000E+06   2.8195439976820000E+06  -1.9476668288499999E+05
  2.8664814137370000E+06   2.8164515916169998E+06  -1.9786393848899999E+05
  2.9220816126239998E+06   2.8081174802529998E+06  -1.0639450062999999E+05
  2.9206130234329998E+06   2.8076327508100001E+06  -1.0817576943000000E+05
  2.8990745261519998E+06   2.8484594146630000E+06  -1.5359233071200000E+05
  2.8334223435970000E+06   2.6928570146869998E+06  -1.2764845209399999E+05
  2.7991592432700000E+06   2.6984937845460000E+06  -1.6610001321199999E+05
  2.8238594304559999E+06   2.7332189283329998E+06  -1.8818568046800001E+05
  2.8470614719489999E+06   2.7493305172939999E+06  -1.7209418063300001E+05
  2.8769464297030000E+06   2.7171657624960002E+06  -9.5299071144000001E+04
  2.8782842001700001E+06   2.7167171154959998E+06  -9.2985996161000003E+04
  2.8752615418460001E+06   2.7155722328460002E+06  -9.6194674847999995E+04
  2.8016442260260000E+06   2.6915813680019998E+06  -1.5236686245099999E+05
  2.8719152902469998E+06   2.8328475392100001E+06  -1.8840969199900000E+05
  2.8729785920580002E+06   2.8340693844750002E+06  -1.8663741267600001E+05
  2.8905754584710002E+06   2.8058306283680000E+06  -1.5152382305899999E+05
  2.9358601500050002E+06   2.8212535021179998E+06  -9.8064520329999999E+04
  2.8764930294169998E+06   2.8390746928280001E+06  -1.8147735892800000E+05
  2.8767877579770000E+06   2.8414477483480000E+06  -1.8100900209400000E+05
  2.8041735732270000E+06   2.6950023918249998E+06  -1.5466246486599999E+05
  2.9172943207840002E+06   2.7414082720460002E+06  -6.3963222818000002E+04
  2.9161582365779998E+06   2.8542406770410002E+06  -1.3754040251900000E+05
  2.8747212442439999E+06   2.7970551281510000E+06  -1.7229534269100000E+05
  2.8490145149490000E+06   2.7546128413579999E+06  -1.7542652048700000E+05
  2.9084569627160002E+06   2.7763806452990002E+06  -1.0098765653100000E+05
  2.9097579914250001E+06   2.8166354739680002E+06  -1.3009903955800000E+05
  2.9377182563459999E+06   2.8324706039300002E+06  -1.0290540074500001E+05
  2.9073135715810000E+06   2.8265402195899999E+06  -1.3870517727499999E+05
  2.8722539995900001E+06   2.7066915287420000E+06  -9.1054085414000001E+04
  2.8102071198490001E+06   2.7109904708810002E+06  -1.7300991595200001E+05
  2.8115500617490001E+06   2.7125730804780000E+06  -1.7373941468900000E+05
  2.8111280023960001E+06   2.7135823322379999E+06  -1.7572147722000000E+05
  2.8130134433499998E+06   2.7142508960790001E+06  -1.7446575350500000E+05
  2.8126159608910000E+06   2.7153089004509998E+06  -1.7649021220899999E+05
  2.8145329121960001E+06   2.7160280062219999E+06  -1.7513249455199999E+05
  2.8120879197140001E+06   2.7115921405469999E+06  -1.7166151620899999E+05
  2.9142762215760001E+06   2.7456509737390000E+06  -6.9552584528000007E+04
  2.9135043624780001E+06   2.7469297258660002E+06  -7.1443757465999995E+04
  2.8888934785449998E+06   2.7008765673210002E+06  -6.5969547449999998E+04
  2.8402696474080002E+06   2.7035454504550002E+06  -1.3024821583600000E+05
  2.8673084826560002E+06   2.7972282337719998E+06  -1.8693255115200000E+05
  2.8659785093680001E+06   2.7958409970979998E+06  -1.8841993596599999E+05
  2.8209132179680001E+06   2.6724487244299999E+06  -1.1412895207400000E+05
  2.9434243099460001E+06   2.8097128089649999E+06  -8.1372060219000006E+04
  2.8609167818649998E+06   2.6884973848990002E+06  -8.6254871155000001E+04
  2.8140337056740001E+06   2.6744233275839998E+06  -1.2123272136700001E+05
  2.9247406429050001E+06   2.8107237987640002E+06  -1.0460998600500000E+05
  2.8199427468409999E+06   2.6798531295360001E+06  -1.2433845733700000E+05
  2.9068719362229998E+06   2.8242761112390002E+06  -1.3806559750800001E+05
  2.9094730866589998E+06   2.8245862847219999E+06  -1.3480779948799999E+05
  2.9193504356510001E+06   2.7428476676110001E+06  -6.2751258233000000E+04
  2.8227769403990000E+06   2.6762086248599999E+06  -1.1811805483600000E+05
  2.9266142691930002E+06   2.8343296970870001E+06  -1.1786099741900001E+05
  2.8685725981439999E+06   2.7986107947439998E+06  -1.8541458539100000E+05
  2.8800396239919998E+06   2.8235372859100001E+06  -1.7490675638700000E+05
  2.8925767451320002E+06   2.8440195803240002E+06  -1.6076662830800001E+05
  2.8359061927740001E+06   2.7579430630899998E+06  -2.0384979048100000E+05
  2.7965395374610000E+06   2.6917421515190001E+06  -1.5610575999399999E+05
  2.7977248607259998E+06   2.6931952240550001E+06  -1.5785194030100000E+05
  2.8962901608790001E+06   2.7396850937339999E+06  -8.8068248319000006E+04
  2.8305076872919998E+06   2.7030036801740001E+06  -1.4186278111200000E+05
  2.8415297369450000E+06   2.7350104653210002E+06  -1.6411136202999999E+05
  2.9153469179690001E+06   2.7477328163350001E+06  -7.0099937747000004E+04
  2.9145869589069998E+06   2.7490118738940000E+06  -7.1978417581000002E+04
  2.9171765861630002E+06   2.7485382805320001E+06  -6.8772088233000002E+04
  2.8235821952669998E+06   2.7431423335950002E+06  -2.0434674069400001E+05
  2.8245037995079998E+06   2.7423882747149998E+06  -2.0175853938599999E+05
  2.8230534536290001E+06   2.7402107152580000E+06  -2.0075427554100001E+05
  2.8795913481879998E+06   2.7341867599390000E+06  -1.0680187623500000E+05
  2.8799376145839998E+06   2.7362280678180000E+06  -1.0806600916500000E+05
  2.8786994803749998E+06   2.7366110698370002E+06  -1.1010797405700000E+05
  2.8075413660949999E+06   2.7280576511869999E+06  -2.0465515789599999E+05
  2.8093489429710000E+06   2.7288140091280001E+06  -2.0338178567000001E+05
  2.8109976548509998E+06   2.7308194762249999E+06  -2.0434259925400000E+05
  2.8135780968309999E+06   2.7180648423370002E+06  -1.7940161704499999E+05
  2.8646199601050001E+06   2.8110856153549999E+06  -2.0097589736100001E+05
  2.9255603463050001E+06   2.7863531797969998E+06  -8.5715235230000006E+04
  2.9220678399290000E+06   2.8011056148290001E+06  -1.0126466025500000E+05
  2.9207851994530000E+06   2.7989919261850002E+06  -1.0117849616500000E+05
  2.8048995021090000E+06   2.7177402487760000E+06  -1.9104966112800001E+05
  2.8067660382530000E+06   2.7185048693149998E+06  -1.8976682579000000E+05
  2.8052754074289999E+06   2.7167954032350001E+06  -1.8888889394700000E+05
  2.8037711694769999E+06   2.7150801319559999E+06  -1.8801991395300001E+05
  2.8018985258599999E+06   2.7143097036750000E+06  -1.8930122344000000E+05
  2.8022513723160001E+06   2.7133629350080001E+06  -1.8716932853999999E+05
  2.8003784849009998E+06   2.7125953083090000E+06  -1.8845582887900001E+05
  2.9193227957569999E+06   2.8176884558760002E+06  -1.1701006275300001E+05
  2.8382016095289998E+06   2.6780919779909998E+06  -1.0387877001800000E+05
  2.8803196610559998E+06   2.7382666250749999E+06  -1.0927922498200000E+05
  2.8791366179020000E+06   2.7386194184809998E+06  -1.1133506779700000E+05
  2.8807672070100000E+06   2.7402653691840000E+06  -1.1051652809800000E+05
  2.8796066566969999E+06   2.7406068809670000E+06  -1.1257413767100000E+05
  2.8779932492499999E+06   2.7390097269239998E+06  -1.1339697331299999E+05
  2.8146905800520000E+06   2.6898754519940000E+06  -1.4089187764100000E+05
  2.8607251695019999E+06   2.8234630714619998E+06  -2.0999986788800001E+05
  2.9352678300270000E+06   2.8283229228539998E+06  -1.0283084281200000E+05
  2.8939624772160002E+06   2.8249408964430001E+06  -1.5513446197400001E+05
  2.8997658992969999E+06   2.8192199117430001E+06  -1.4497433409600001E+05
  2.8984030126209999E+06   2.8194111801200002E+06  -1.4692789403400000E+05
  2.8996279747029999E+06   2.8215378724540002E+06  -1.4625778411899999E+05
  2.8999964948580000E+06   2.8240891880879998E+06  -1.4666233110400001E+05
  2.8670625037799999E+06   2.7144378858300000E+06  -1.0580702075200000E+05
  2.8688044485709998E+06   2.7159338038110002E+06  -1.0497807656300000E+05
  2.8670874461229998E+06   2.8204113603880000E+06  -1.9661823501999999E+05
  2.8130108730899999E+06   2.6857392008529999E+06  -1.3726479894600000E+05
  2.8933039155430002E+06   2.7728368294529999E+06  -1.2110116828000000E+05
  2.8159956118600001E+06   2.7178730736529999E+06  -1.7596592577999999E+05
  2.9017024463740001E+06   2.8252264362019999E+06  -1.4501588930600000E+05
  2.8430875051449998E+06   2.7357511850749999E+06  -1.6271400963600000E+05
  2.8990851238960000E+06   2.8530895260089999E+06  -1.5432179754500001E+05
  2.8677045529530002E+06   2.7610208630659999E+06  -1.5109795274499999E+05
  2.8165207649320001E+06   2.7168267335540000E+06  -1.7374861869000000E+05
  2.8533119498200002E+06   2.7904452912220000E+06  -2.0918276642800000E+05
  2.8333472307040002E+06   2.7110643685789998E+06  -1.4685610742700001E+05
  2.8301442354230001E+06   2.7000316265289998E+06  -1.3905095522100001E+05
  2.8666412917320002E+06   2.7949595629790002E+06  -1.8620088924600001E+05
  2.8859138850280000E+06   2.8556284474419998E+06  -1.6997889832599999E+05
  2.8174169424279998E+06   2.6767141405969998E+06  -1.2197066471899999E+05
  2.8978515628789999E+06   2.7799289316099999E+06  -1.1961575361699999E+05
  2.8471954762430000E+06   2.7667389404469999E+06  -1.9379596020800000E+05
  2.8796618460280001E+06   2.8527946275120000E+06  -1.7687647307400001E+05
  2.8479694582460001E+06   2.7935401922430000E+06  -2.2266034659800000E+05
  2.8477271069370001E+06   2.7914262318620002E+06  -2.2134546462200000E+05
  2.8491850467490000E+06   2.7933730522340001E+06  -2.2018670791800000E+05
  2.8501306791139999E+06   2.7957234638990001E+06  -2.1980651610800001E+05
  2.9318749170289999E+06   2.7580580044120001E+06  -6.0270248803000002E+04
  2.8437377254110002E+06   2.6843255279629999E+06  -1.0405628321300000E+05
  2.8455290980929998E+06   2.6855348105629999E+06  -1.0303957769900000E+05
  2.8446648169769999E+06   2.6861744627299998E+06  -1.0518680998599999E+05
  2.8464401015599999E+06   2.6848466839069999E+06  -1.0093159948500000E+05
  2.8477061751640001E+06   2.7523951638859999E+06  -1.7489867271899999E+05
  2.9310679233630002E+06   2.8468418332870002E+06  -1.1935529084500000E+05
  2.8852480943089998E+06   2.7954466703349999E+06  -1.5372684714000000E+05
  2.8851493569749999E+06   2.7971997683069999E+06  -1.5518374184599999E+05
  2.8591765347070000E+06   2.7500286702709999E+06  -1.5402821544500001E+05
  2.8553584174509998E+06   2.7335084377680002E+06  -1.4282858846900001E+05
  2.8742454459960000E+06   2.8190406978360000E+06  -1.8380370291299999E+05
  2.8742082721810001E+06   2.8214412177590001E+06  -1.8412828795699999E+05
  2.8731576883029998E+06   2.8223210178689999E+06  -1.8609378283300000E+05
  2.8753579442429999E+06   2.8204978801699998E+06  -1.8216218729500001E+05
  2.8753135681480002E+06   2.8229527740349998E+06  -1.8250442667200000E+05
  2.8764859542210000E+06   2.8246892339019999E+06  -1.8079666339599999E+05
  2.8297525481329998E+06   2.7516785483740000E+06  -2.0552687693299999E+05
  2.8314678265030002E+06   2.7530449549349998E+06  -2.0438513979900000E+05
  2.8322979231010000E+06   2.7523075196980000E+06  -2.0183581899400000E+05
  2.8320410356769999E+06   2.7506081195830000E+06  -1.9987288469300000E+05
  2.8317928585999999E+06   2.7490927746910001E+06  -1.9818570306900001E+05
  2.8050076736900001E+06   2.7234273700779998E+06  -2.0087420449700000E+05
  2.8241709364689998E+06   2.7286943633900001E+06  -1.8096202791000000E+05
  2.8658043742189999E+06   2.7874964619999998E+06  -1.8163053745300000E+05
  2.8643939020409998E+06   2.7860202254269999E+06  -1.8302560421500000E+05
  2.8399241028080001E+06   2.7718820376269999E+06  -2.1478898530299999E+05
  2.8406025770399999E+06   2.7738563199860002E+06  -2.1598468849000000E+05
  2.8124937522510001E+06   2.7254797606680002E+06  -1.9325918062100001E+05
  2.8164239814340002E+06   2.6991170158480001E+06  -1.5022271819799999E+05
  2.8113754473990002E+06   2.7024835832179999E+06  -1.5915280384199999E+05
  2.8106635698360000E+06   2.7035593811019999E+06  -1.6114621173499999E+05
  2.8120206666830000E+06   2.7052077105919998E+06  -1.6231270690600001E+05
  2.8639564659360000E+06   2.6896040493339999E+06  -8.3407777531000000E+04
  2.8646658660030002E+06   2.6917383557219999E+06  -8.4634850663000005E+04
  2.8372448900690000E+06   2.6813202468739999E+06  -1.0919857266100000E+05
  2.8223036471040002E+06   2.6968783327600001E+06  -1.4279311289500000E+05
  2.8785809499400002E+06   2.8436749449069998E+06  -1.7824292515299999E+05
  2.9184926501940000E+06   2.8406601630259999E+06  -1.3119451561199999E+05
  2.8049421767870001E+06   2.6964651082489998E+06  -1.5603360138300000E+05
  2.8459033314600000E+06   2.7628815545760002E+06  -1.9120865423600000E+05
  2.8692632955850000E+06   2.8062983235840001E+06  -1.8891652812999999E+05
  2.8697582833340000E+06   2.8085262272239998E+06  -1.8938921831100000E+05
  2.8710245546439998E+06   2.8099251045780000E+06  -1.8794515178099999E+05
  2.8952263097839998E+06   2.8465055815510000E+06  -1.5758889751099999E+05
  2.8331486469919998E+06   2.7394054385319999E+06  -1.8293315578100001E+05
  2.8318421372159999E+06   2.7375407803570000E+06  -1.8222274012599999E+05
  2.8070975440389998E+06   2.6975131392390002E+06  -1.5577848266300000E+05
  2.9405593473860002E+06   2.7848616920059999E+06  -6.8110485946000001E+04
  2.8554835384979998E+06   2.7032208700799998E+06  -1.1051218684600000E+05
  2.8562013792440002E+06   2.7052264152040002E+06  -1.1142955749200001E+05
  2.8570801880350001E+06   2.7043444195150002E+06  -1.0942769680999999E+05
  2.8580931014000000E+06   2.7035489748539999E+06  -1.0732742852800000E+05
  2.9285809778060000E+06   2.7744042724600001E+06  -7.3900353728000002E+04
  2.9303371283519999E+06   2.7752508615370002E+06  -7.2486038652999996E+04
  2.8412004526669998E+06   2.7601347483780002E+06  -1.9763889153500000E+05
  2.8403331885509999E+06   2.7604649049300002E+06  -1.9990601098900000E+05
  2.8611255976209999E+06   2.7367265834390000E+06  -1.3784172701900001E+05
  2.8625463472560002E+06   2.7385802801629999E+06  -1.3722610066400000E+05
  2.8626803668419998E+06   2.7404053507490000E+06  -1.3869871147800001E+05
  2.8638946502689999E+06   2.7404219750259998E+06  -1.3671841055100001E+05
  2.8639282670930000E+06   2.7420780778259998E+06  -1.3823067406799999E+05
  2.8623432704429999E+06   2.7366585448090001E+06  -1.3577732488599999E+05
  2.8621174745519999E+06   2.7346650078280000E+06  -1.3429860134500000E+05
  2.8635792845720001E+06   2.7366386148709999E+06  -1.3368779080700001E+05
  2.8633606652779998E+06   2.7345886827890002E+06  -1.3189616586300000E+05
  2.8617309408439999E+06   2.7326300210340000E+06  -1.3283644186600001E+05
  2.8382153558589998E+06   2.7727836913100001E+06  -2.1920536759000001E+05
  2.8356257845080001E+06   2.7081182137910002E+06  -1.4113787144500000E+05
  2.9226023515440002E+06   2.7931013393060002E+06  -9.4131697081000006E+04
  2.8837951842870000E+06   2.8248836136630001E+06  -1.6979714315200000E+05
  2.8175692573680002E+06   2.7337562877819999E+06  -1.9942305931700001E+05
  2.8183634275170001E+06   2.7332662575579998E+06  -1.9733173678800001E+05
  2.8191937653310001E+06   2.7347819016450001E+06  -1.9842249412799999E+05
  2.8887669712189999E+06   2.7285319658499998E+06  -8.8971558191000004E+04
  2.8098383042130000E+06   2.7044173795389999E+06  -1.6332937460899999E+05
  2.9151571410929998E+06   2.7443264858060000E+06  -6.7721474719000005E+04
  2.9208817164240000E+06   2.7924352408810002E+06  -9.5767248991000000E+04
  2.9220631994030001E+06   2.7945961835170002E+06  -9.5931434521999996E+04
  2.9216320417720000E+06   2.7961342615589998E+06  -9.7699013137000002E+04
  2.8899186706059999E+06   2.7327335995999998E+06  -9.1058270529000001E+04
  2.8427312421220001E+06   2.6972538650850002E+06  -1.2087691167900000E+05
  2.8408300780349998E+06   2.6964115950870002E+06  -1.2237093111100000E+05
  2.8264392337630000E+06   2.6983901702029998E+06  -1.4104139970200000E+05
  2.8484706304029999E+06   2.7705753874169998E+06  -1.9634623634700000E+05
  2.9276956671980000E+06   2.7896007694779998E+06  -8.5588703064000001E+04
  2.8351402875120002E+06   2.7673240489840000E+06  -2.1790153920699999E+05
  2.8972442437180001E+06   2.7758951242370000E+06  -1.1718976669700000E+05
  2.9155752370580002E+06   2.7305014295750000E+06  -5.9223020278999997E+04
  2.8986893435180001E+06   2.8333270954319998E+06  -1.5153019347400000E+05
  2.8988749382569999E+06   2.8356666762569998E+06  -1.5200565694600000E+05
  2.8975551336269998E+06   2.8342132341629998E+06  -1.5334536196600000E+05
  2.8975754396509998E+06   2.8365018608740000E+06  -1.5384268611700000E+05
  2.8987651858819998E+06   2.8381001704310002E+06  -1.5240320908999999E+05
  2.8962185552619998E+06   2.8369597900009998E+06  -1.5564106133200001E+05
  2.8828073192309998E+06   2.8477686162069999E+06  -1.7275923681599999E+05
  2.8601925134129999E+06   2.7817827653850000E+06  -1.8683213042999999E+05
  2.8608730292650000E+06   2.7811126131950002E+06  -1.8480678049100001E+05
  2.8616631234240001E+06   2.7831590436300002E+06  -1.8565485824500001E+05
  2.8336167541029998E+06   2.7383999349079998E+06  -1.8078931948599999E+05
  2.8764987947000000E+06   2.8170741361940000E+06  -1.7993720582800001E+05
  2.7997018213470001E+06   2.6882849587059999E+06  -1.4882649322999999E+05
  2.8411325535960002E+06   2.7558356186580001E+06  -1.9066918968600000E+05
  2.8763045456249998E+06   2.8354697526320000E+06  -1.8176121120600001E+05
  2.8595521204780000E+06   2.6872548915229999E+06  -8.6792425145999994E+04
  2.8587897343159998E+06   2.6856155755280000E+06  -8.6153911710000000E+04
  2.8765050578820002E+06   2.8194956540080002E+06  -1.8019374523999999E+05
  2.9013359859500001E+06   2.8212216263660002E+06  -1.4391822571800000E+05
  2.9113729683349999E+06   2.8386249266610001E+06  -1.3864127502999999E+05
  2.8535009337120000E+06   2.7048652584239999E+06  -1.1470498127500000E+05
  2.8356528821660001E+06   2.7492847370330002E+06  -1.9191242639700000E+05
  2.8352002731389999E+06   2.7474695391650000E+06  -1.9040468764300001E+05
  2.8199910727659999E+06   2.7475768859339999E+06  -2.1672951336300001E+05
  2.8813683987360001E+06   2.7246589808390001E+06  -9.6022010345000002E+04
  2.8680172368919998E+06   2.8219408262680001E+06  -1.9506052398100001E+05
  2.8951110884529999E+06   2.7373536459390000E+06  -8.7930681542000006E+04
  2.9216822443889999E+06   2.8218812006919999E+06  -1.1674711528600000E+05
  2.9200858884490002E+06   2.8214075937560000E+06  -1.1846110450400000E+05
  2.8540674770080000E+06   2.7446917266370002E+06  -1.5671045230199999E+05
  2.8342012711069998E+06   2.7702232098130002E+06  -2.2359951625499999E+05
  2.8599991630710000E+06   2.7970312295280001E+06  -2.0223377828299999E+05
  2.8586075995809999E+06   2.7953192021750002E+06  -2.0366784286400001E+05
  2.8746523679749998E+06   2.8086690930630001E+06  -1.8046256586000000E+05
  2.8652491414580001E+06   2.7935448611070001E+06  -1.8763417048400000E+05
  2.8645402833380001E+06   2.7943750787269999E+06  -1.9006409158400001E+05
  2.8732494492540001E+06   2.6960172288449998E+06  -7.8963000178999995E+04
  2.8964672987730000E+06   2.7348529189100000E+06  -8.3880057245999997E+04
  2.8822778779159999E+06   2.8393952506909999E+06  -1.7344882969700001E+05
  2.8429691931779999E+06   2.7493230013060002E+06  -1.7924699263800000E+05
  2.8414169898580001E+06   2.7482893747919998E+06  -1.8063778574399999E+05
  2.8425155195590002E+06   2.7503185638000001E+06  -1.8129339747200001E+05
  2.8131527273929999E+06   2.7189812215359998E+06  -1.8155799599600001E+05
  2.8145385729830000E+06   2.7207674552839999E+06  -1.8238755154399999E+05
  2.8875203246650002E+06   2.7997273397160000E+06  -1.5322315970799999E+05
  2.8093165743390000E+06   2.7228487527190000E+06  -1.9372557028799999E+05
  2.9100006243909998E+06   2.8090161873889999E+06  -1.2437369341900000E+05
  2.9232563128700000E+06   2.7612356572880000E+06  -7.1561543055000002E+04
  2.9241298048470002E+06   2.7634367149919998E+06  -7.1944288119000004E+04
  2.8396730628729998E+06   2.7652022111379998E+06  -2.0678470746100001E+05
  2.8905222345610000E+06   2.7934583528089998E+06  -1.4319319204100000E+05
  2.8891930616170000E+06   2.7930729932650002E+06  -1.4501713430199999E+05
  2.8891118254149999E+06   2.7947046199159999E+06  -1.4654276971100000E+05
  2.8246885121700000E+06   2.7413610672619999E+06  -1.9991761068200000E+05
  2.8683447936209999E+06   2.7646337363809999E+06  -1.5414592127600001E+05
  2.8785322946139998E+06   2.8384652037499999E+06  -1.7849070874400000E+05
  2.8889860600680001E+06   2.8188824647360002E+06  -1.6094115332799999E+05
  2.9105973849289999E+06   2.8467481174989999E+06  -1.4166287424100001E+05
  2.8625445788980001E+06   2.7906057798299999E+06  -1.9053568299800000E+05
  2.8844280897550001E+06   2.7815379841780001E+06  -1.4288079098100000E+05
  2.8857637109449999E+06   2.7816505909970002E+06  -1.4089496239599999E+05
  2.9232199697520002E+06   2.7577098280949998E+06  -6.9366975621000005E+04
  2.9083517879770002E+06   2.7253379296280001E+06  -6.2748325211000003E+04
  2.9077276054329998E+06   2.7232386832320001E+06  -6.1792049315999997E+04
  2.9094922221410000E+06   2.7245473758800002E+06  -6.0821806765000001E+04
  2.9059575080920001E+06   2.7219394269989999E+06  -6.2776026933000001E+04
  2.8289360354869999E+06   2.7546822876100000E+06  -2.1128709022000001E+05
  2.8298620216049999E+06   2.7567539151499998E+06  -2.1255212752000001E+05
  2.8423067867480000E+06   2.7729828523920001E+06  -2.1159391642500000E+05
  2.8472699384300001E+06   2.7866090430109999E+06  -2.1743045544699999E+05
  2.9394971272649998E+06   2.7792605850089998E+06  -6.5606456105999998E+04
  2.9376240130710001E+06   2.7784724408970000E+06  -6.6953452376999994E+04
  2.8308811996220001E+06   2.7624454357429999E+06  -2.1886163148300000E+05
  2.8770572713139998E+06   2.7843000169640002E+06  -1.5837063765200000E+05
  2.8762548986020000E+06   2.7820506731989998E+06  -1.5777660924500000E+05
  2.8300769792040000E+06   2.7366839997919998E+06  -1.8368128736399999E+05
  2.8694430359240002E+06   2.8115860384660000E+06  -1.9185141232500001E+05
  2.9150301036160002E+06   2.8502591237110002E+06  -1.3790714300000001E+05
  2.8432190022280002E+06   2.7332114933540002E+06  -1.5980542514899999E+05
  2.9409346916870000E+06   2.8280688540260000E+06  -9.6443411835999999E+04
  2.9075035088620000E+06   2.8065309829600002E+06  -1.2660414261500000E+05
  2.8408917392420000E+06   2.6787232949259998E+06  -1.0068771852200000E+05
  2.8334567039760002E+06   2.6738468591180001E+06  -1.0452457023200000E+05
  2.8961118391519999E+06   2.8057952677950002E+06  -1.4324525246500000E+05
  2.8949638251720001E+06   2.8038463089970001E+06  -1.4372313938400001E+05
  2.9276670742609999E+06   2.8363679405840002E+06  -1.1773298086200000E+05
  2.8914226053419998E+06   2.7562176877899999E+06  -1.0921907593399999E+05
  2.9022583870060001E+06   2.8157204144379999E+06  -1.3970899049200001E+05
  2.9019431834339998E+06   2.8133488097589999E+06  -1.3887239455699999E+05
  2.9004536489050002E+06   2.8119631885950002E+06  -1.4013960339400001E+05
  2.9015142867879998E+06   2.8111156308149998E+06  -1.3826174618399999E+05
  2.9000864431119999E+06   2.8098115238250000E+06  -1.3948386624300000E+05
  2.8562674280240000E+06   2.7711376935970001E+06  -1.8207675713799999E+05
  2.9110438143010000E+06   2.7988011521740002E+06  -1.1425648367900000E+05
  2.8661772469589999E+06   2.8318033715920001E+06  -1.9814594119799999E+05
  2.8535051328759999E+06   2.7971354217619998E+06  -2.1440503240500001E+05
  2.8538199134320002E+06   2.7992401980940001E+06  -2.1518715377700000E+05
  2.8529828225079998E+06   2.7997894801630001E+06  -2.1703714070799999E+05
  2.8541985351970000E+06   2.8013969591890001E+06  -2.1588820632000000E+05
  2.8544725710120001E+06   2.7966592059749998E+06  -2.1230774827300000E+05
  2.8550060017420002E+06   2.8005671610840000E+06  -2.1391190789000000E+05
  2.8556130682629999E+06   2.8031840405760002E+06  -2.1449812062100001E+05
  2.8606217726210002E+06   2.7327899309080001E+06  -1.3501826960699999E+05
  2.8601710948529998E+06   2.7307997469770000E+06  -1.3356011566899999E+05
  2.8612142117269998E+06   2.7304127120900000E+06  -1.3142166206500001E+05
  2.8605094881489999E+06   2.7284699469920001E+06  -1.2986393143500001E+05
  2.8621493378519998E+06   2.7299656817529998E+06  -1.2919646979800001E+05
  2.8615595247430000E+06   2.7280298613350000E+06  -1.2768496411400000E+05
  2.8598385617849999E+06   2.7266158229160002E+06  -1.2833427369500000E+05
  2.8609035214760001E+06   2.7261940826019999E+06  -1.2615800076300000E+05
  2.8786022655239999E+06   2.8063522733000000E+06  -1.7056416803000000E+05
  2.8976854792550001E+06   2.7586782826290000E+06  -1.0125601780200000E+05
  2.9342234878739999E+06   2.7803026237650001E+06  -7.2024383503000005E+04
  2.9324290477610002E+06   2.7794834343289998E+06  -7.3483337440000003E+04
  2.8323523074440002E+06   2.7550503721389999E+06  -2.0565882634599999E+05
  2.8528206026200000E+06   2.7754756161219999E+06  -1.9362320587199999E+05
  2.8559243444510000E+06   2.6855269254820002E+06  -8.9516392099000004E+04
  2.8225836027990002E+06   2.6901326979180002E+06  -1.3470226911600001E+05
  2.9019930500750002E+06   2.8279257674840000E+06  -1.4556156421000001E+05
  2.9079334399069999E+06   2.8589529232720002E+06  -1.4646825706400000E+05
  2.8811288772490001E+06   2.8010197120139999E+06  -1.6435005914800000E+05
  2.8463702393649998E+06   2.6998692758980002E+06  -1.1900284197900000E+05
  2.8455095395800001E+06   2.6980123941199998E+06  -1.1812228308800000E+05
  2.8472618910590000E+06   2.6990785550370002E+06  -1.1693160095900000E+05
  2.8747010358150001E+06   2.7808251821340001E+06  -1.5927433822899999E+05
  2.8737389347330001E+06   2.7786818918079999E+06  -1.5880318835000001E+05
  2.8173284959180001E+06   2.7288206487070001E+06  -1.9141621966800001E+05
  2.8416289085070002E+06   2.7643561509039998E+06  -2.0243333830400000E+05
  2.9111306001149998E+06   2.8111821706360001E+06  -1.2410216783999999E+05
  2.8586993994069998E+06   2.7775907029169998E+06  -1.8486158471500000E+05
  2.8254037109500002E+06   2.7444919079629998E+06  -2.0317676951400001E+05
  2.8341718920180001E+06   2.6809243238260001E+06  -1.1213804105499999E+05
  2.8428182787930002E+06   2.7773797267870000E+06  -2.1619196552500001E+05
  2.8443038643419999E+06   2.7789186500510001E+06  -2.1512857177099999E+05
  2.9274852664859998E+06   2.8133542755080000E+06  -1.0289361876700001E+05
  2.9259048180249999E+06   2.8128148759619999E+06  -1.0464892582000000E+05
  2.9271311749339998E+06   2.8148780098110000E+06  -1.0472338780300001E+05
  2.9251057818390001E+06   2.8091874447249998E+06  -1.0278628242400000E+05
  2.9240860587809999E+06   2.7705711201720000E+06  -7.6229074301999994E+04
  2.9250759812880000E+06   2.7727019049350000E+06  -7.6713251182000007E+04
  2.8690387020390001E+06   2.8008932216420001E+06  -1.8599094157100000E+05
  2.8454742940360000E+06   2.6830158082499998E+06  -9.9762511138000002E+04
  2.8473542711280002E+06   2.6841565427810000E+06  -9.8816796461000005E+04
  2.8386815436829999E+06   2.7568306224320000E+06  -1.9715050035799999E+05
  2.8408742668329999E+06   2.6938761035540001E+06  -1.1974593126700001E+05
  2.9267875760579999E+06   2.8164066355130002E+06  -1.0654264778000000E+05
  2.8505192197280000E+06   2.7470168584900000E+06  -1.6445537762099999E+05
  2.8375345443460001E+06   2.7049659063929999E+06  -1.3521573389000000E+05
  2.8393408084430001E+06   2.7053936259699999E+06  -1.3346978239600000E+05
  2.8715549120669998E+06   2.7754153189599998E+06  -1.5940473926000000E+05
  2.8704670653599999E+06   2.7734155458940002E+06  -1.5932876836099999E+05
  2.8690508017400000E+06   2.7719048767499998E+06  -1.6034585132099999E+05
  2.8621468755950001E+06   2.6834251592589999E+06  -7.9619763659000004E+04
  2.9358357456769999E+06   2.7705160399650000E+06  -6.4162156849999999E+04
  2.8353177872270001E+06   2.7258713041010001E+06  -1.6180627234400000E+05
  2.8372491428299998E+06   2.7268189676839998E+06  -1.6063638242499999E+05
  2.8379545160650001E+06   2.7258383288719999E+06  -1.5855577804199999E+05
  2.8351256041830000E+06   2.7353827918819999E+06  -1.7422523330500000E+05
  2.8356633793750000E+06   2.7342675222620000E+06  -1.7182862150099999E+05
  2.9160650002509998E+06   2.7544015884079998E+06  -7.4958456833999997E+04
  2.9043556439470001E+06   2.7633057590629999E+06  -9.6149175807000007E+04
  2.8883036730450001E+06   2.8077740110229999E+06  -1.5728088380099999E+05
  2.8571385236080000E+06   2.7732812610729998E+06  -1.8288415456900001E+05
  2.8596839098729999E+06   2.7769992338470002E+06  -1.8235973550899999E+05
  2.8201951767460001E+06   2.6961017865749998E+06  -1.4367955586100000E+05
  2.9041705683430000E+06   2.7288158628940000E+06  -6.9753764133000004E+04
  2.8739461291620000E+06   2.7723232014080002E+06  -1.5208592323399999E+05
  2.8752546947849998E+06   2.7725519854919999E+06  -1.5004101139900001E+05
  2.8766309436039999E+06   2.7745303563910001E+06  -1.4962769344999999E+05
  2.8765647036649999E+06   2.7728112561690002E+06  -1.4798094211500001E+05
  2.8751671744140000E+06   2.7708652947390000E+06  -1.4840248926900001E+05
  2.8738592741259998E+06   2.7705296578680002E+06  -1.5041338474600000E+05
  2.8737692905710000E+06   2.7685918391890000E+06  -1.4846833719399999E+05
  2.8724098864640002E+06   2.7685182745180000E+06  -1.5085795951500000E+05
  2.8264620474760002E+06   2.7298902508669998E+06  -1.7933799273299999E+05
  2.8571367854399998E+06   2.7213018646769999E+06  -1.2635199749700000E+05
  2.9035930240190001E+06   2.7694622415089998E+06  -1.0245317264600001E+05
  2.9024667042879998E+06   2.7698355137919998E+06  -1.0453902759100001E+05
  2.9008199107039999E+06   2.7682700599230002E+06  -1.0531525721400000E+05
  2.9013202577020000E+06   2.7702061047530002E+06  -1.0661224364200000E+05
  2.8996415288640000E+06   2.7686456003290000E+06  -1.0735930470500000E+05
  2.9001403769769999E+06   2.7705816349410000E+06  -1.0865838707400000E+05
  2.8991386568220002E+06   2.7667047774379998E+06  -1.0606093061400000E+05
  2.8980312305000001E+06   2.7670327259860002E+06  -1.0814641692900000E+05
  2.8974776755650002E+06   2.7651187388579999E+06  -1.0681758886200000E+05
  2.8908934651190001E+06   2.7649075236720000E+06  -1.1840599852400000E+05
  2.8145325464169998E+06   2.6833981712870002E+06  -1.3302605337800001E+05
  2.8569209964180002E+06   2.6846661270559998E+06  -8.7371126701000001E+04
  2.8539600245309998E+06   2.6817124720259998E+06  -8.7287356929999994E+04
  2.8481633320619999E+06   2.7010138965349998E+06  -1.1792044195800000E+05
  2.8480981925630001E+06   2.6980446982700001E+06  -1.1458212638300000E+05
  2.8796638385780002E+06   2.7230027758439998E+06  -9.6908279846999998E+04
  2.8559373172749998E+06   2.7829234845230002E+06  -1.9643985502600000E+05
  2.8545266637479998E+06   2.7814563743340001E+06  -1.9747856725500000E+05
  2.8280174772999999E+06   2.7551951213870002E+06  -2.1360586870600001E+05
  2.9333601947720000E+06   2.8117620155480001E+06  -9.4293544771999994E+04
  2.9350308316540001E+06   2.8122582864140002E+06  -9.2657512766999993E+04
  2.8521859892469998E+06   2.7478930801700000E+06  -1.6303911760500001E+05
  2.9188861357310000E+06   2.8193263479280001E+06  -1.1861162538600000E+05
  2.9185405590780000E+06   2.8209142056439999E+06  -1.2022023510100000E+05
  2.8436940064929998E+06   2.7589703816410000E+06  -1.9058844226700001E+05
  2.8875510697240001E+06   2.7424602242100001E+06  -1.0285712340300001E+05
  2.8410424960409999E+06   2.7247868534329999E+06  -1.5313132213600000E+05
  2.8427744107459998E+06   2.7256749679580000E+06  -1.5181006929900000E+05
  2.8441933518780000E+06   2.7277843592810002E+06  -1.5227188270500000E+05
  2.8443411555160000E+06   2.7261640159840002E+06  -1.5026347502499999E+05
  2.8404077299649999E+06   2.7258591201020000E+06  -1.5519941580799999E+05
  2.8779921240599998E+06   2.7765133645420000E+06  -1.4924519312700001E+05
  2.8638989154150002E+06   2.7695813892780002E+06  -1.6728469072799999E+05
  2.8648540719030001E+06   2.7717738732119999E+06  -1.6781202256799999E+05
  2.9017066674980000E+06   2.8409492338859998E+06  -1.4966963466499999E+05
  2.8481848125390001E+06   2.7792744543050001E+06  -2.0752223496000000E+05
  2.8234272707400001E+06   2.6890914124730001E+06  -1.3272053032200001E+05
  2.8255181858859998E+06   2.6898154630000000E+06  -1.3184077463599999E+05
  2.8263230491330000E+06   2.6887607997530000E+06  -1.2987543574099999E+05
  2.8258461019140002E+06   2.7107214865100002E+06  -1.5472405657399999E+05
  2.9081041840390000E+06   2.7743315827640002E+06  -9.9766942341000002E+04
  2.9100491421900000E+06   2.7779726900040000E+06  -1.0014907623300000E+05
  2.9113114274700000E+06   2.7774904713440002E+06  -9.8082525855999993E+04
  2.9116249527860000E+06   2.7795677738120002E+06  -9.9291877443000005E+04
  2.9102833785899999E+06   2.7800797080219998E+06  -1.0131357507100000E+05
  2.8408828582299999E+06   2.6864645288430001E+06  -1.1026703017400000E+05
  2.8427508107090001E+06   2.6876168614579998E+06  -1.0931391658100000E+05
  2.8417581851809998E+06   2.6883422799740001E+06  -1.1134610080099999E+05
  2.8934236036910000E+06   2.8281902223520000E+06  -1.5715861730799999E+05
  2.8922429089500001E+06   2.8293231647390001E+06  -1.5898570415400001E+05
  2.9297157627050001E+06   2.7904728344620001E+06  -8.4073998642999999E+04
  2.8784721198860002E+06   2.7409942480460000E+06  -1.1463564601100000E+05
  2.8800808090080000E+06   2.7425899308230001E+06  -1.1381957526200000E+05
  2.8797822933060001E+06   2.8052983528880002E+06  -1.6874737376700001E+05
  2.8581067568410002E+06   2.7567216567199999E+06  -1.6401416476799999E+05
  2.8314867993830000E+06   2.6727390122389998E+06  -1.0536894847600001E+05
  2.8113738648259998E+06   2.7061345832520002E+06  -1.6449849969900001E+05
  2.9375838157420000E+06   2.7749367471989999E+06  -6.4841938639000000E+04
  2.8300558899690001E+06   2.7629755718109999E+06  -2.2107221358800001E+05
  2.8632270515669999E+06   2.6828073169430001E+06  -7.7603720684000000E+04
  2.8923141049970002E+06   2.8202367336430000E+06  -1.5594678408200000E+05
  2.8934583604770000E+06   2.8210397765680002E+06  -1.5430458466500000E+05
  2.9120221760630002E+06   2.8330262618900002E+06  -1.3560787364199999E+05
  2.9108204554220000E+06   2.8339705109060002E+06  -1.3745536172099999E+05
  2.8260084545220002E+06   2.6822985909060002E+06  -1.2167593199800000E+05
  2.8063701674609999E+06   2.6841417390040001E+06  -1.3954203727599999E+05
  2.8039934770220001E+06   2.6836550115069998E+06  -1.3975995749599999E+05
  2.8029233721309998E+06   2.6821982865040000E+06  -1.3820421764100000E+05
  2.8341720122600002E+06   2.6709729817039999E+06  -9.8927984675999993E+04
  2.8297247844969998E+06   2.7124106061680000E+06  -1.5240636205400000E+05
  2.9051983816379998E+06   2.7124001608010000E+06  -5.7615252006000002E+04
  2.8148951374670002E+06   2.7147316114929998E+06  -1.7275356611000001E+05
  2.8711767214409998E+06   2.7684275691290000E+06  -1.5299958910700001E+05
  2.9105026976770000E+06   2.8443411260159998E+06  -1.4134433155599999E+05
  2.8791975602279999E+06   2.7494170735220001E+06  -1.2169531430500001E+05
  2.9037328286509998E+06   2.7882468785540001E+06  -1.1741132738600000E+05
  2.8502697537050000E+06   2.7827421809810000E+06  -2.0752825673299999E+05
  2.8866387162460000E+06   2.8093750657489998E+06  -1.6132531883300000E+05
  2.8848377074239999E+06   2.6935790245520002E+06  -6.3223875620999999E+04
  2.8999928063820000E+06   2.7135003078180002E+06  -6.4364178550999997E+04
  2.9004812738549998E+06   2.7156883742640000E+06  -6.5199115666999998E+04
  2.9021249778910000E+06   2.7170584962680000E+06  -6.4101072955000003E+04
  2.8230306457600002E+06   2.7464471044060001E+06  -2.1018052438500000E+05
  2.8050878467450002E+06   2.6850465016580001E+06  -1.4135392538299999E+05
  2.8630993590179998E+06   2.8260655746180001E+06  -2.0474389421200001E+05
  2.9063916845519999E+06   2.8044265450950000E+06  -1.2689025905500000E+05
  2.8460684892670000E+06   2.7291998350789999E+06  -1.5134495110599999E+05
  2.8573961295289998E+06   2.7015315164609998E+06  -1.0637097684900000E+05
  2.8598706374499998E+06   2.7049592915269998E+06  -1.0620581279800000E+05
  2.8869368256440000E+06   2.8214655222860002E+06  -1.6447574640400000E+05
  2.8068455971550001E+06   2.6905914833900002E+06  -1.4761025796100000E+05
  2.8501999162519998E+06   2.6871503284200002E+06  -9.9069833599999998E+04
  2.8518794126680000E+06   2.7821564323280002E+06  -2.0363735149100001E+05
  2.8243817271710001E+06   2.6976386142090000E+06  -1.4191359404100000E+05
  2.8276416957709999E+06   2.7425819189149998E+06  -1.9656272111799999E+05
  2.8544745626670001E+06   2.8054606436780002E+06  -2.1799217968000000E+05
  2.9233257349689999E+06   2.7718480568710002E+06  -7.8114980385000003E+04
  2.8730197880020002E+06   2.6912181971450001E+06  -7.4754184162000005E+04
  2.9007241398720001E+06   2.8289797046599998E+06  -1.4741261983000001E+05
  2.9090832338109999E+06   2.8302433796080002E+06  -1.3808934393599999E+05
  2.9311172113649999E+06   2.7962408444510000E+06  -8.6193081781999994E+04
  2.9101033822460002E+06   2.7266635354709998E+06  -6.1806343816000001E+04
  2.9113241448240001E+06   2.7258039965499998E+06  -5.9955375642999999E+04
  2.8905020516200000E+06   2.7757580175780002E+06  -1.2877009075100000E+05
  2.8648491924510002E+06   2.7790446657790001E+06  -1.7531209124199999E+05
  2.8654874088289998E+06   2.7780610382240000E+06  -1.7321777631500000E+05
  2.9286013187040002E+06   2.7672823319899999E+06  -6.9579969897999996E+04
  2.8813654402600001E+06   2.6908054408669998E+06  -6.5087644348000002E+04
  2.8673405946289999E+06   2.7892142819320001E+06  -1.8019088462800000E+05
  2.8683882186039998E+06   2.7914990660319999E+06  -1.8003850380999999E+05
  2.8541453533999999E+06   2.7840373390680002E+06  -2.0113257704999999E+05
  2.9055441128270002E+06   2.8355159818350002E+06  -1.4411743106999999E+05
  2.8326373184500001E+06   2.7638781710689999E+06  -2.1778182122600000E+05
  2.8394257531920001E+06   2.7482752223470001E+06  -1.8407976343799999E+05
  2.9032186481579999E+06   2.8423482723460002E+06  -1.4838010473500000E+05
  2.8403675045830002E+06   2.7583202647389998E+06  -1.9627967210500001E+05
  2.8611270370160001E+06   2.7985965371639999E+06  -2.0082080514200000E+05
  2.8322231820540000E+06   2.6853718036050000E+06  -1.1897448776100000E+05
  2.8312610334560000E+06   2.6835084036260000E+06  -1.1791143418100000E+05
  2.8500298078820002E+06   2.7975532194429999E+06  -2.2114219672899999E+05
  2.9003136152650001E+06   2.7663285407300000E+06  -1.0402097492199999E+05
  2.8960128666860000E+06   2.7433854616850000E+06  -9.1201666400999995E+04
  2.8767036485730000E+06   2.8004937970360001E+06  -1.7126979365700000E+05
  2.8452958515189998E+06   2.7609591300479998E+06  -1.8983790669400000E+05
  2.9281815447129998E+06   2.7498924797550002E+06  -5.8321505286000000E+04
  2.8463390345399999E+06   2.7669762566439998E+06  -1.9604023731800000E+05
  2.9077702514709998E+06   2.8489637851350000E+06  -1.4490835050700000E+05
  2.9076752029809998E+06   2.8465132983789998E+06  -1.4458268425300001E+05
  2.8832550713419998E+06   2.7795720473969998E+06  -1.4311450470399999E+05
  2.8455346391710001E+06   2.7443792752910000E+06  -1.6867081617400001E+05
  2.9231769806220001E+06   2.8224125417010002E+06  -1.1494690796000000E+05
  2.8787690562029998E+06   2.7473899935309999E+06  -1.2045155822799999E+05
  2.8799000683160000E+06   2.7469782657380002E+06  -1.1839807355800000E+05
  2.8794238124710000E+06   2.7449745489150002E+06  -1.1713545132599999E+05
  2.8810263217130001E+06   2.7465724759160001E+06  -1.1633074155999999E+05
  2.8815013385150000E+06   2.7485840920290002E+06  -1.1760295917500000E+05
  2.8826328753060000E+06   2.7482021748939999E+06  -1.1552522154100001E+05
  2.8805530765209999E+06   2.7445792887829999E+06  -1.1507400198700000E+05
  2.8803724318789998E+06   2.7489850367040001E+06  -1.1966946292799999E+05
  2.8652883196899998E+06   2.6965772291770000E+06  -8.8914245353999999E+04
  2.8610500966300000E+06   2.7534756311920001E+06  -1.5523167446499999E+05
  2.8626222177490001E+06   2.7569627919660001E+06  -1.5677924095300000E+05
  2.8388830871919999E+06   2.6879216808469999E+06  -1.1430812723699999E+05
  2.8539501279750001E+06   2.6765532416719999E+06  -8.1115465360000002E+04
  2.8557973579580002E+06   2.6776313177640000E+06  -8.0307465435999999E+04
  2.8568467911490002E+06   2.6770870049589998E+06  -7.8478371775000007E+04
  2.8883512343380000E+06   2.8138570234190002E+06  -1.6062858948500000E+05
  2.8349711088319998E+06   2.6977378132650000E+06  -1.3066676347700000E+05
  2.8339329009409999E+06   2.6958796459610001E+06  -1.3004136154200000E+05
  2.9058159848480001E+06   2.8378828807029999E+06  -1.4466926755799999E+05
  2.9143502450469998E+06   2.7535332704420001E+06  -7.6394489128999994E+04
  2.9150051886339998E+06   2.7523140440560002E+06  -7.4450699966000000E+04
  2.9335293655860000E+06   2.7815990588489999E+06  -7.3950782668000000E+04
  2.8775821469109999E+06   2.7929992627409999E+06  -1.6413830678099999E+05
  2.8184961315049999E+06   2.7140986029849998E+06  -1.6717896311600000E+05
  2.9197839886269998E+06   2.8160242067310000E+06  -1.1536092146899999E+05
  2.9386697741359998E+06   2.8238349649760001E+06  -9.6455244321000006E+04
  2.8785710624690000E+06   2.6950139529630002E+06  -7.2247536387999993E+04
  2.8364467550220001E+06   2.7278240100920000E+06  -1.6267238813599999E+05
  2.8981110491860001E+06   2.7883998908030000E+06  -1.2690382398099999E+05
  2.8979136495280000E+06   2.7900826271360000E+06  -1.2857564468899999E+05
  2.9272336818390000E+06   2.8202223846470001E+06  -1.0809840191000000E+05
  2.8754532901249998E+06   2.7895744934979999E+06  -1.6510133404099999E+05
  2.8747979316329998E+06   2.7873326825339999E+06  -1.6458616515200000E+05
  2.8441658779389998E+06   2.7552810810540002E+06  -1.8469713031000001E+05
  2.9044767592940000E+06   2.7936636321520000E+06  -1.2047981232700001E+05
  2.9056522319260002E+06   2.7957164540100000E+06  -1.2024355498700000E+05
  2.9043572350829998E+06   2.7953166260440000E+06  -1.2221702297000001E+05
  2.8970632175030001E+06   2.7520991502589998E+06  -9.7767247317000001E+04
  2.8988774373289999E+06   2.7537793893530001E+06  -9.6775499907999998E+04
  2.8974787574189999E+06   2.7541205396240000E+06  -9.8951278992000007E+04
  2.8310842322359998E+06   2.6961753307300000E+06  -1.3388026847899999E+05
  2.8246812711479999E+06   2.6908647308970001E+06  -1.3382655748900000E+05
  2.9212870334970001E+06   2.7821979592539999E+06  -8.8682601563999997E+04
  2.9037518048689999E+06   2.8148467109810002E+06  -1.3724259799000001E+05
  2.8920640170439999E+06   2.7538999552110001E+06  -1.0585567382900001E+05
  2.8186263604730000E+06   2.7354997867609998E+06  -2.0051100924099999E+05
  2.8202670478429999E+06   2.7364156235520002E+06  -1.9930656695899999E+05
  2.8681567012470001E+06   2.7772330264659999E+06  -1.6745564493099999E+05
  2.8475712324230000E+06   2.7708951750260000E+06  -1.9850930469500000E+05
  2.8289530340379998E+06   2.7064479978140001E+06  -1.4690585864200001E+05
  2.8036658380519999E+06   2.7202237166740000E+06  -1.9771013181300001E+05
  2.8859580295970002E+06   2.7183945611669999E+06  -8.3877545052000001E+04
  2.8345705751930000E+06   2.7520740968209999E+06  -1.9740857118599999E+05
  2.8814484468029998E+06   2.7593691001149998E+06  -1.2807345103900001E+05
  2.8898041107160002E+06   2.7717008773579998E+06  -1.2630735036500001E+05
  2.8912168247280000E+06   2.7734291537350002E+06  -1.2540440067800001E+05
  2.8908849198639998E+06   2.7713864459890001E+06  -1.2418709003399999E+05
  2.8922594327819999E+06   2.7731342636320000E+06  -1.2325561240300001E+05
  2.8929679810560001E+06   2.7707775317620002E+06  -1.1987638484100001E+05
  2.8501409186040000E+06   2.6768481352889999E+06  -8.6038181087000004E+04
  2.8465411977690002E+06   2.7648054303190000E+06  -1.9251376285599999E+05
  2.8318764993440001E+06   2.7423413956180001E+06  -1.8936980583600001E+05
  2.8847855240460001E+06   2.7347625418759999E+06  -9.9993376296000002E+04
  2.8695055846259999E+06   2.7948540021589999E+06  -1.8063459300600001E+05
  2.8525126879949998E+06   2.7055563425260000E+06  -1.1689074470000000E+05
  2.8544465909270002E+06   2.7071515884179999E+06  -1.1584269389200000E+05
  2.8929055450350000E+06   2.7771902060440001E+06  -1.2570997650400001E+05
  2.8900021419360000E+06   2.7141147068150002E+06  -7.5119449552999999E+04
  2.8904949534319998E+06   2.7160441975810002E+06  -7.5943071171000003E+04
  2.8914768540940001E+06   2.7134621908109998E+06  -7.3194019862999994E+04
  2.8918811212459998E+06   2.7938278142390000E+06  -1.4130753203199999E+05
  2.9031767244549999E+06   2.7932610444629998E+06  -1.2245984963200000E+05
  2.9042435258070002E+06   2.7969733248810000E+06  -1.2394712936799999E+05
  2.8614618716970002E+06   2.7125190290839998E+06  -1.1152926002900000E+05
  2.8624948849740000E+06   2.7120707086339998E+06  -1.0944742395400000E+05
  2.8641672744250000E+06   2.7135413733569998E+06  -1.0864371641199999E+05
  2.8604076949749999E+06   2.7129688253310001E+06  -1.1364577074900000E+05
  2.8368633860280002E+06   2.7575254436440002E+06  -2.0162399017999999E+05
  2.8386180505390000E+06   2.7589936648070002E+06  -2.0078893603899999E+05
  2.8364344087040001E+06   2.6955600612039999E+06  -1.2676106265199999E+05
  2.8471421184740001E+06   2.7574025957499999E+06  -1.8209607130499999E+05
  2.8465384664400001E+06   2.7583042431089999E+06  -1.8424898183999999E+05
  2.8980813522930001E+06   2.7356911772429999E+06  -8.2371900466999999E+04
  2.8711422343640001E+06   2.6899758843250000E+06  -7.5549905580000006E+04
  2.8662942552919998E+06   2.8019152390970001E+06  -1.9199468205599999E+05
  2.9212697408579998E+06   2.7874268737220000E+06  -9.2133614222000004E+04
  2.8919149345109998E+06   2.8343666342850002E+06  -1.6071486025900001E+05
  2.9309258660240001E+06   2.7820863277329998E+06  -7.7385519931999996E+04
  2.9173409244039999E+06   2.8421336922289999E+06  -1.3311635622500000E+05
  2.8703321761230002E+06   2.8022684574790001E+06  -1.8446685201500001E+05
  2.8556002031450002E+06   2.8053813148929998E+06  -2.1592602473800001E+05
  2.8996547730359999E+06   2.7871360579869999E+06  -1.2326567956600001E+05
  2.8982930664869999E+06   2.7867829922719998E+06  -1.2523679677299999E+05
  2.8984048563680002E+06   2.7852941302840002E+06  -1.2359955845100000E+05
  2.9282379878619998E+06   2.8494016345569999E+06  -1.2408782203600000E+05
  2.9250343216090002E+06   2.7418366580460002E+06  -5.6451552656000000E+04
  2.9234100000660000E+06   2.8470168333700001E+06  -1.2859300411900000E+05
  2.8395068290769998E+06   2.7586488129240000E+06  -1.9853106120900001E+05
  2.8689217961869999E+06   2.6990429751860001E+06  -8.6966327990000005E+04
  2.9029463496510000E+06   2.7965734596070000E+06  -1.2592450328500000E+05
  2.8210360948660001E+06   2.7140270294070002E+06  -1.6399623885900000E+05
  2.8789704552549999E+06   2.7728629346099999E+06  -1.4366657690499999E+05
  2.9100896784870001E+06   2.7531494071889999E+06  -8.1073277935000006E+04
  2.9083803391479999E+06   2.7522918569870000E+06  -8.2509800656000007E+04
  2.8042056460449998E+06   2.6812275210540001E+06  -1.3643841401600000E+05
  2.8725870948490002E+06   2.7014833500520000E+06  -8.5084902589000005E+04
  2.8396457325430000E+06   2.7102973172289999E+06  -1.3861342257800000E+05
  2.8415580073859999E+06   2.7113383779989998E+06  -1.3741879038500000E+05
  2.8833986442220001E+06   2.8012938123460002E+06  -1.6090700777699999E+05
  2.8840329823889998E+06   2.8036079371460001E+06  -1.6149655830500001E+05
  2.8250356634180001E+06   2.6869815571030001E+06  -1.2879033200500000E+05
  2.8270462787839998E+06   2.6877834427979998E+06  -1.2787590789500000E+05
  2.8893008015930001E+06   2.7914121591420001E+06  -1.4342360980400001E+05
  2.9126740699740001E+06   2.7711909486630000E+06  -9.1120727926000007E+04
  2.9195948780260002E+06   2.8492232446570001E+06  -1.3308771593999999E+05
  2.9184370920930002E+06   2.8508047224840000E+06  -1.3459940100799999E+05
  2.9165983633249998E+06   2.8499524224430001E+06  -1.3630349705800001E+05
  2.9173275284420000E+06   2.8525173973940001E+06  -1.3607169133199999E+05
  2.9178459919710001E+06   2.8548523931769999E+06  -1.3599714785000001E+05
  2.8949565060239998E+06   2.7911138593110000E+06  -1.3411252613200000E+05
  2.9287074192090002E+06   2.8154262296690000E+06  -1.0298170771300000E+05
  2.8539374618730000E+06   2.6843589972859998E+06  -9.0513729676000003E+04
  2.9346065601869998E+06   2.8367055844120001E+06  -1.0947344340100000E+05
  2.8292575787000000E+06   2.7201737109269998E+06  -1.6245864663500001E+05
  2.9111634813520000E+06   2.7472585005310001E+06  -7.4877920008999994E+04
  2.8638689900580002E+06   2.7986709698410002E+06  -1.9509495401500000E+05
  2.8111333439739998E+06   2.7236904154360001E+06  -1.9238575872600000E+05
  2.8761913618170000E+06   2.7885355734899999E+06  -1.6306593425300001E+05
  2.8698550451310002E+06   2.8277498382339999E+06  -1.9198218847900000E+05
  2.8853266398000000E+06   2.7903013176699998E+06  -1.4892236225700000E+05
  2.8453687318930002E+06   2.6753345243620002E+06  -8.9994835582999993E+04
  2.9162582703900002E+06   2.7649622921400000E+06  -8.1505406969999996E+04
  2.8751143294580001E+06   2.8109540126930000E+06  -1.8094261137800000E+05
  2.8738893568879999E+06   2.8095617363519999E+06  -1.8248517728000000E+05
  2.8919839316079998E+06   2.7645622668530000E+06  -1.1629080907700000E+05
  2.8943405481309998E+06   2.7725151654780000E+06  -1.1895279984599999E+05
  2.8178162201330001E+06   2.6812849104610002E+06  -1.2756885305600001E+05
  2.9332685192260002E+06   2.8005781375850001E+06  -8.6782578513999993E+04
  2.9315937975160000E+06   2.7998100742370002E+06  -8.8299013649999994E+04
  2.9325332782200002E+06   2.8020252547840001E+06  -8.8659009774999999E+04
  2.9308740345399999E+06   2.8011584465370001E+06  -9.0089613563999999E+04
  2.9316651959219999E+06   2.8032256373290000E+06  -9.0529651668999999E+04
  2.9300585395670002E+06   2.8023203772410001E+06  -9.1870184162999998E+04
  2.9342733246729998E+06   2.8028613861260000E+06  -8.7109281321000002E+04
  2.9259091908129998E+06   2.7462695616190000E+06  -5.8301343515000000E+04
  2.8840042576250001E+06   2.7306068988810000E+06  -9.7538058585999999E+04
  2.9223334712540000E+06   2.7697206683870000E+06  -7.7636195504000003E+04
  2.8368364977219999E+06   2.7237900760539998E+06  -1.5772595063599999E+05
  2.8707278248919998E+06   2.7869579086500001E+06  -1.7188111794299999E+05
  2.8713910873349998E+06   2.7892023408570001E+06  -1.7238358706900000E+05
  2.8727390562910000E+06   2.7904099863910000E+06  -1.7080689782000001E+05
  2.8734009295720002E+06   2.7926415840570000E+06  -1.7130201410299999E+05
  2.8720537282520002E+06   2.7914318997640000E+06  -1.7287569350500000E+05
  2.8740553003600002E+06   2.7948539026509998E+06  -1.7179617865799999E+05
  2.8566953751820000E+06   2.6900887385430001E+06  -9.4059957890999998E+04
  2.8787363683950002E+06   2.8173895420240001E+06  -1.7634757623300000E+05
  2.8481433587570000E+06   2.7512997600059998E+06  -1.7272996805299999E+05
  2.8920759075039998E+06   2.7013363417850002E+06  -6.3359710500000001E+04
  2.8210979949530000E+06   2.7176940750449998E+06  -1.6912875593900000E+05
  2.9223098253110000E+06   2.7626296136269998E+06  -7.3300388099000003E+04
  2.8597288183990000E+06   2.7694044302550000E+06  -1.7429318557300000E+05
  2.8892945138659999E+06   2.7211809547330001E+06  -8.1724489107999994E+04
  2.8152877883560001E+06   2.6734929369520000E+06  -1.1926227179899999E+05
  2.8700395655910000E+06   2.7880001681039999E+06  -1.7397113674300001E+05
  2.9310946835619998E+06   2.8075967612890000E+06  -9.4140453399000005E+04
  2.9300126774729998E+06   2.8055131310879998E+06  -9.4061093378999998E+04
  2.9294160424899999E+06   2.8070439532690002E+06  -9.5781588640999995E+04
  2.9305304114500000E+06   2.8091668412830001E+06  -9.5848138078000004E+04
  2.9299954220570000E+06   2.8107589187869998E+06  -9.7590099791000001E+04
  2.9276934903759998E+06   2.8065204470290001E+06  -9.7494465364999996E+04
  2.8746770382829998E+06   2.7636810664090002E+06  -1.4149007387299999E+05
  2.8674605649560001E+06   2.7510782619599998E+06  -1.4098934812000001E+05
  2.8663369995809998E+06   2.7513591352340002E+06  -1.4310576693099999E+05
  2.8660276045300001E+06   2.7493786221750001E+06  -1.4172751272500001E+05
  2.8649004629040002E+06   2.7496055257609999E+06  -1.4379956648899999E+05
  2.8646272815330001E+06   2.7476597130840002E+06  -1.4239607695700001E+05
  2.8682203588769999E+06   2.7550442974049998E+06  -1.4359892957599999E+05
  2.8419183263590001E+06   2.7686671105300002E+06  -2.0702633357399999E+05
  2.8516667370540001E+06   2.7781739337120000E+06  -1.9920890932300000E+05
  2.8628241764819999E+06   2.7422102487349999E+06  -1.4017604596799999E+05
  2.8641231003930001E+06   2.7438765173620000E+06  -1.3962288087500000E+05
  2.9382465174320000E+06   2.8078328201979999E+06  -8.5900414208000002E+04
  2.9371122021140000E+06   2.8057452349270000E+06  -8.5787611380999995E+04
  2.8442198721929998E+06   2.7212292792870002E+06  -1.4491030569899999E+05
  2.8619947976890001E+06   2.7257818311879998E+06  -1.2398542920000000E+05
  2.8296495648050001E+06   2.7377021133630001E+06  -1.8581727826399999E+05
  2.8450061112509998E+06   2.7343187851169999E+06  -1.5847851468900000E+05
  2.8213197983920001E+06   2.7215186146590002E+06  -1.7418419229899999E+05
  2.8444399409480002E+06   2.6734610020400002E+06  -8.8839419993999996E+04
  2.9014578002980002E+06   2.8566722976170001E+06  -1.5251026938000001E+05
  2.9353860766099999E+06   2.8051640072160000E+06  -8.7357269671000002E+04
  2.7981019451350002E+06   2.7000200336230001E+06  -1.7017123282199999E+05
  2.7966257799340002E+06   2.6987128905630000E+06  -1.6905348107700000E+05
  2.8978673496920001E+06   2.7225771084530000E+06  -7.2519328059000007E+04
  2.8984275182079999E+06   2.7245464707360002E+06  -7.3344266189000002E+04
  2.8509022185920002E+06   2.6940732094120001E+06  -1.0670120437100000E+05
  2.8519675068600001E+06   2.6961353006890002E+06  -1.0769054576300000E+05
  2.8506760953150000E+06   2.6968303703709999E+06  -1.1002341984900000E+05
  2.8893721221139999E+06   2.7167056098830001E+06  -7.7915681125000003E+04
  2.8357190949619999E+06   2.7150504281219998E+06  -1.4894929680000001E+05
  2.8870855990340002E+06   2.7839018256259998E+06  -1.4063418539400000E+05
  2.8826254197479999E+06   2.7717431076270002E+06  -1.3754975311699999E+05
  2.8822789805250000E+06   2.7697263608539999E+06  -1.3634442222300000E+05
  2.8806823886839999E+06   2.7681127585379998E+06  -1.3712976657099999E+05
  2.8819110519849998E+06   2.7677188414380001E+06  -1.3512074591299999E+05
  2.8834430747790001E+06   2.7693672903689998E+06  -1.3428708536200001E+05
  2.8872078986769998E+06   2.7468398838930000E+06  -1.0729064887500000E+05
  2.8883929596239999E+06   2.7464588473160001E+06  -1.0527852246199999E+05
  2.8389217382749999E+06   2.6750785355460001E+06  -9.8321394541000001E+04
  2.8624054639490000E+06   2.7212444064020002E+06  -1.1907908388999999E+05
  2.8637715165820001E+06   2.7208869968539998E+06  -1.1661463107000000E+05
  2.8650587918940000E+06   2.7225811376829999E+06  -1.1651732845200000E+05
  2.8603364759010002E+06   2.7175232863050001E+06  -1.1846961005100000E+05
  2.8334413361780001E+06   2.7610991190209999E+06  -2.1209927199600000E+05
  2.8328382137500001E+06   2.7012198627619999E+06  -1.3693873520100000E+05
  2.8892604358669999E+06   2.8213355230000000E+06  -1.6112021880999999E+05
  2.8517626100450000E+06   2.7715045537120001E+06  -1.9109751160000000E+05
  2.8533522972680000E+06   2.7731649212730001E+06  -1.8995851726299999E+05
  2.8938550285700001E+06   2.7329351259920001E+06  -8.5811935029999993E+04
  2.8420998555129999E+06   2.7311214537189999E+06  -1.5895775008299999E+05
  2.9138573296440002E+06   2.7653544557599998E+06  -8.4861316053000002E+04
  2.8332539224500000E+06   2.6789957211350002E+06  -1.1106443456400000E+05
  2.8539326947169998E+06   2.6922254807010000E+06  -1.0050348775299999E+05
  2.8549487454209998E+06   2.6944467838470000E+06  -1.0191862334200001E+05
  2.8535204473279999E+06   2.6946488844150002E+06  -1.0406906717500000E+05
  2.9107363781800000E+06   2.7236561784080002E+06  -5.9005242334000002E+04
  2.8375672792940000E+06   2.7392557111979998E+06  -1.7579499522000001E+05
  2.9063198702210002E+06   2.7400715715350001E+06  -7.4901557067999995E+04
  2.9189379815429999E+06   2.7762183956309999E+06  -8.7105538878000007E+04
  2.9205628167249998E+06   2.7780666683240002E+06  -8.6534465989999997E+04
  2.8466401311499998E+06   2.7084543139370000E+06  -1.2794290934100001E+05
  2.8473009315040000E+06   2.7073887613209998E+06  -1.2592998130100001E+05
  2.8462886673110002E+06   2.7055106196710002E+06  -1.2505935209000000E+05
  2.8479724077150002E+06   2.7064131591389999E+06  -1.2400524457600000E+05
  2.8812618218620000E+06   2.7530152296859999E+06  -1.2219543619500000E+05
  2.9022848550029998E+06   2.7554124885260002E+06  -9.3326782997999995E+04
  2.8373291228749999E+06   2.6786803426720002E+06  -1.0604333675900000E+05
  2.8739754397029998E+06   2.6980178606480001E+06  -8.0055934546000004E+04
  2.8280694237469998E+06   2.7183006836430002E+06  -1.6157166803000000E+05
  2.8287710420550001E+06   2.7173045138989999E+06  -1.5951005491899999E+05
  2.8970976337179998E+06   2.7477111280979998E+06  -9.3328206059000004E+04
  2.9214841573230000E+06   2.8286743967539999E+06  -1.2113748089300000E+05
  2.8720113031430002E+06   2.6845496724049998E+06  -6.9129892084999999E+04
  2.8491475554960002E+06   2.6801932114229999E+06  -9.1286024399000002E+04
  2.8818887170480001E+06   2.8111625373240001E+06  -1.6816941931100001E+05
  2.8275610190400002E+06   2.7154437706800001E+06  -1.5860521690999999E+05
  2.8294779086580002E+06   2.7163078289239998E+06  -1.5744166545500001E+05
  2.9090290421569999E+06   2.7430683255300000E+06  -7.3877901561000006E+04
  2.8980446547490000E+06   2.7174234403130002E+06  -6.8941799929000001E+04
  2.8674669138079998E+06   2.7210972762940000E+06  -1.1158881332700000E+05
  2.9031735637010001E+06   2.7738699064969998E+06  -1.0694927908900000E+05
  2.8742109734820002E+06   2.6904501179020000E+06  -7.2792914416000000E+04
  2.8657319400499999E+06   2.7474327730399999E+06  -1.4035969895100000E+05
  2.8643654172490002E+06   2.7457469167789998E+06  -1.4100539064500001E+05
  2.8969705531339999E+06   2.7737963616909999E+06  -1.1601727118000000E+05
  2.8987151599829998E+06   2.7775510765689998E+06  -1.1631058535300000E+05
  2.8231701529620001E+06   2.7109430957479998E+06  -1.5789845564400000E+05
  2.8219290565570001E+06   2.7091344147500000E+06  -1.5695993009300000E+05
  2.8199661330530001E+06   2.7083516040980001E+06  -1.5806245890400000E+05
  2.8699970123069999E+06   2.7310349738179999E+06  -1.1768861900599999E+05
  2.8689970662570000E+06   2.7315645583690000E+06  -1.1960882865800000E+05
  2.8705500481840000E+06   2.7330795281019998E+06  -1.1879811322499999E+05
  2.8695151266069999E+06   2.7335409710260001E+06  -1.2070497472200000E+05
  2.9049210415010001E+06   2.7176098166560000E+06  -6.1072977121999997E+04
  2.8811914142729999E+06   2.7358894623440001E+06  -1.0603101566400001E+05
  2.8792880025900002E+06   2.7320150725810002E+06  -1.0536869874199999E+05
  2.8600688484930000E+06   2.8057935817290000E+06  -2.0773413776099999E+05
  2.9129212309249998E+06   2.7790616481030001E+06  -9.7245956896000003E+04
  2.8751916720949998E+06   2.8252675288689998E+06  -1.8295679726600001E+05
  2.8809929431019998E+06   2.7573937692080000E+06  -1.2679118378300000E+05
  2.8971690069990000E+06   2.7969155134160002E+06  -1.3523415492800000E+05
  2.8983235183000001E+06   2.7989804872189998E+06  -1.3495499476900001E+05
  2.8460840281839999E+06   2.7123786291570002E+06  -1.3299796895800001E+05
  2.9267111244919999E+06   2.8273142660500002E+06  -1.1287561242300000E+05
  2.9281950972920000E+06   2.8278761899110000E+06  -1.1109938494800001E+05
  2.8738378124279999E+06   2.7597235863080001E+06  -1.3896181149800000E+05
  2.8832701632630001E+06   2.6969944384170002E+06  -6.8450851532999994E+04
  2.9409239116489999E+06   2.8172727729329998E+06  -8.9733399705000003E+04
  2.8875888807120002E+06   2.7659404067870001E+06  -1.2472666021099999E+05
  2.9349326076260000E+06   2.7648017070499999E+06  -6.1577510850999999E+04
  2.9033555201180000E+06   2.7336631006430001E+06  -7.3618746931000001E+04
  2.9290858061540001E+06   2.7845416336490000E+06  -8.1104419867000004E+04
  2.8695472970050001E+06   2.7922776545540001E+06  -1.7842443477200001E+05
  2.8305206587950001E+06   2.7356692251639999E+06  -1.8152522913500000E+05
  2.8296839798539998E+06   2.7327675449330001E+06  -1.7859926851200001E+05
  2.8463611677919999E+06   2.7735063215720002E+06  -2.0407308733200000E+05
  2.8658694577509998E+06   2.8236487325990000E+06  -1.9880947254900000E+05
  2.8208896722189998E+06   2.7227653098690002E+06  -1.7644211115499999E+05
  2.8212838366810000E+06   2.7295001187390001E+06  -1.8653938206599999E+05
  2.8231940311739999E+06   2.7303468667500000E+06  -1.8501005998200001E+05
  2.8457082933490002E+06   2.7332432180289999E+06  -1.5633713711600000E+05
  2.8821688048430001E+06   2.7462140256110001E+06  -1.1426561714100000E+05
  2.8817031741459998E+06   2.7442303384690001E+06  -1.1301276446500000E+05
  2.8311454263060000E+06   2.7210692506220001E+06  -1.6128100818100001E+05
  2.8707616384100001E+06   2.7962105972420000E+06  -1.7930927830999999E+05
  2.9118597050190000E+06   2.7816787187859998E+06  -1.0044570344899999E+05
  2.9137008187719998E+06   2.7853828918329999E+06  -1.0069028651300000E+05
  2.9154798554710001E+06   2.7891399534140001E+06  -1.0081892789599999E+05
  2.9141510687580002E+06   2.7896795614669998E+06  -1.0291312994300001E+05
  2.9144444604839999E+06   2.7918075398980002E+06  -1.0408185953900000E+05
  2.9160730784290000E+06   2.7933992194240000E+06  -1.0307453589600000E+05
  2.8412882364639998E+06   2.7181750229969998E+06  -1.4529453277500000E+05
  2.8848862636819999E+06   2.7103015871710000E+06  -7.8125127598000006E+04
  2.8960498634009999E+06   2.7675589672340001E+06  -1.1245641566600000E+05
  2.9072613158029998E+06   2.7617649874100001E+06  -9.0823198363000003E+04
  2.9216020269849999E+06   2.7709776569200000E+06  -7.9531429736000006E+04
  2.9243163846290000E+06   2.7739820678869998E+06  -7.8600800143999993E+04
  2.9286611241669999E+06   2.8262704025090002E+06  -1.0944387818299999E+05
  2.8567171229889998E+06   2.6793698443990001E+06  -8.1328452220000006E+04
  2.8483448972499999E+06   2.6885055912890001E+06  -1.0330009960200000E+05
  2.9184843950149999E+06   2.7725175337530002E+06  -8.4705984465999994E+04
  2.8653237663190002E+06   2.7409043661280000E+06  -1.3481705443399999E+05
  2.8608989592619999E+06   2.7838729012090000E+06  -1.8772027767899999E+05
  2.8834793973280001E+06   2.7979054102909998E+06  -1.5836195267800000E+05
  2.9321103363830000E+06   2.8326069874490001E+06  -1.0937894744200000E+05
  2.8464003904519998E+06   2.7183861747400002E+06  -1.3863231037299999E+05
  2.8425219016069998E+06   2.7639888127350002E+06  -2.0022596601800001E+05
  2.8760437271799999E+06   2.7694120862610000E+06  -1.4522880823600001E+05
  2.9164160425760001E+06   2.8371523448080001E+06  -1.3192832728500001E+05
  2.8693775555210002E+06   2.7857470596840000E+06  -1.7345961295300000E+05
  2.9061533031640002E+06   2.7446162508959998E+06  -7.9313563156000004E+04
  2.8940807159509999E+06   2.8166978362560002E+06  -1.5198702346400000E+05
  2.8380277020390001E+06   2.7122575030620000E+06  -1.4273774025900001E+05
  2.8915414516420001E+06   2.7754627312030001E+06  -1.2662675404099999E+05
  2.9048258122680001E+06   2.7227415717400000E+06  -6.4701799095000002E+04
  2.9042580071859998E+06   2.7206043379210001E+06  -6.3828877294999998E+04
  2.9214662687260001E+06   2.8164800654440001E+06  -1.1355977885700000E+05
  2.8541981314739999E+06   2.7313873507969999E+06  -1.4215499287500000E+05
  2.8135523086350001E+06   2.7031016842200002E+06  -1.5825988366399999E+05
  2.8679391661530002E+06   2.7230446609419999E+06  -1.1290559293499999E+05
  2.8291400406229999E+06   2.7610570162680000E+06  -2.1992862978500000E+05
  2.8420530678980001E+06   2.7172510656430000E+06  -1.4320386801599999E+05
  2.9213321764190001E+06   2.8112097894279999E+06  -1.0996797530500000E+05
  2.8007929929539999E+06   2.7032800944830002E+06  -1.7286263063000000E+05
  2.8025274487839998E+06   2.7066351373290000E+06  -1.7575408360099999E+05
  2.8410394661470000E+06   2.7623663142100000E+06  -2.0121543750100001E+05
  2.9034685752289998E+06   2.7611586982089998E+06  -9.5848574879000007E+04
  2.8887008134460002E+06   2.7655956630699998E+06  -1.2262455587800000E+05
  2.8732162437519999E+06   2.7231656628270000E+06  -1.0593178735499999E+05
  2.8538212317090002E+06   2.7094470704080001E+06  -1.1949391456200001E+05
  2.8334891570939999E+06   2.7658260700550000E+06  -2.1896377417500000E+05
  2.8700107008920000E+06   2.7153546629710002E+06  -1.0292197331000000E+05
  2.8712487004109998E+06   2.7147855215560002E+06  -1.0083491965600000E+05
  2.8707236166539998E+06   2.7125607517630002E+06  -9.9264839429000000E+04
  2.8725341093750000E+06   2.7144171562760002E+06  -9.8872191787000003E+04
  2.8729755124909999E+06   2.7164195795669998E+06  -1.0014533042200000E+05
  2.9051686365899998E+06   2.7504644816009998E+06  -8.5524235954999996E+04
  2.8760888984340001E+06   2.7106354043450002E+06  -9.0252338826000007E+04
  2.8343384200100000E+06   2.6732680594790000E+06  -1.0238093638000000E+05
  2.9144741510950001E+06   2.7261149945370001E+06  -5.7338541251000002E+04
  2.8060255183669999E+06   2.7149226590419998E+06  -1.8459907342700000E+05
  2.8862313017429998E+06   2.7535223841650002E+06  -1.1516253117000000E+05
  2.8445055074319998E+06   2.7424305736300000E+06  -1.6799535780100001E+05
  2.8894159346119999E+06   2.7632243660519999E+06  -1.1928664221900000E+05
  2.8794518255989999E+06   2.7685033101030001E+06  -1.3913848035900001E+05
  2.8841181404789998E+06   2.7734214588870001E+06  -1.3668737126099999E+05
  2.8837805481560002E+06   2.7713951755630001E+06  -1.3548799751399999E+05
  2.8518311170999999E+06   2.6933718589539998E+06  -1.0472477681200000E+05
  2.8805030439080000E+06   2.8308482018949999E+06  -1.7490503259200000E+05
  2.8927645563579998E+06   2.7190547044020002E+06  -7.5647270185999994E+04
  2.8700018757580002E+06   2.7585785478730001E+06  -1.4419498725000001E+05
  2.9198960010070000E+06   2.7450624747759998E+06  -6.3484858252999999E+04
  2.8938752025690000E+06   2.7180882141880002E+06  -7.3651506611999997E+04
  2.8711343008949999E+06   2.7521319836140000E+06  -1.3594859110300001E+05
  2.8722222076340001E+06   2.7518144372140002E+06  -1.3385589847499999E+05
  2.8718353684810000E+06   2.7498166166719999E+06  -1.3258858053300000E+05
  2.8733025457830001E+06   2.7514882994110002E+06  -1.3177037075500001E+05
  2.8729308424340002E+06   2.7494741729720002E+06  -1.3051643741899999E+05
  2.8737027078860002E+06   2.7534811044140002E+06  -1.3304599542500000E+05
  2.8714577593000000E+06   2.7478040849090000E+06  -1.3132904300999999E+05
  2.8725532761590001E+06   2.7474542270030002E+06  -1.2926649628399999E+05
  2.8710814346670001E+06   2.7457836349410000E+06  -1.3007666576500000E+05
  2.8721707265969999E+06   2.7454319235530002E+06  -1.2802231992400000E+05
  2.8707013177020000E+06   2.7437623477340001E+06  -1.2882955205899999E+05
  2.8717848193290001E+06   2.7434116606850000E+06  -1.2678535215000001E+05
  2.8703207620790000E+06   2.7417469445500001E+06  -1.2758852585900000E+05
  2.8713947854550001E+06   2.7413953744629999E+06  -1.2555858914900001E+05
  2.8699205823300001E+06   2.7397524566609999E+06  -1.2634584405699999E+05
  2.8709783074289998E+06   2.7393975011780001E+06  -1.2433381379700000E+05
  2.8728576113129999E+06   2.7430510650129998E+06  -1.2474910583200000E+05
  2.8694546705479999E+06   2.7378064224200002E+06  -1.2508190516100000E+05
  2.8704937414480001E+06   2.7374442831540001E+06  -1.2309160974400000E+05
  2.8689827184520001E+06   2.7358695961950002E+06  -1.2383680061900000E+05
  2.8688434032080001E+06   2.7400892461709999E+06  -1.2836962410500000E+05
  2.8707330959720002E+06   2.7606883572979998E+06  -1.4523138036700001E+05
  2.9018301948070000E+06   2.7407717207410000E+06  -8.1802680496000001E+04
  2.8812363337659999E+06   2.7422489976960002E+06  -1.1176404928399999E+05
  2.9046767199380002E+06   2.8058264400909999E+06  -1.3042158492900000E+05
  2.8779097877320000E+06   2.6929896263680002E+06  -7.1130205040999994E+04
  2.8803769982840000E+06   2.6963200697240001E+06  -7.1354388963000005E+04
  2.8704567644859999E+06   2.6879603019440002E+06  -7.4378562875999996E+04
  2.9086177210960002E+06   2.8086412761909999E+06  -1.2631835784400000E+05
  2.8331093821919998E+06   2.7287957542309999E+06  -1.6787855754400001E+05
  2.8313139078279999E+06   2.7279609768429999E+06  -1.6936192347899999E+05
  2.8885324401250002E+06   2.7843036476079999E+06  -1.3872754378300000E+05
  2.9087651640969999E+06   2.7784447461020001E+06  -1.0219215892600000E+05
  2.8575299608089998E+06   2.6920600859150002E+06  -9.5148785646000004E+04
  2.8591843711740002E+06   2.6933891145529998E+06  -9.4071064520999993E+04
  2.9032803890030002E+06   2.7162439563739998E+06  -6.2170101607999997E+04
  2.8030948633490000E+06   2.7114801635270002E+06  -1.8289911948200001E+05
  2.8292116584870000E+06   2.6951984275549999E+06  -1.3504460213700001E+05
  2.8423671488049999E+06   2.7201459909410002E+06  -1.4616797095799999E+05
  2.8426104442920000E+06   2.7133164994009999E+06  -1.3826768660700001E+05
  2.8681999522370002E+06   2.8101519636349999E+06  -1.9323151539099999E+05
  2.9248020434780000E+06   2.7922785125020002E+06  -9.0799586240999997E+04
  2.8932055113769998E+06   2.7941989904209999E+06  -1.3936300292400000E+05
  2.8894263860300002E+06   2.7897316348790000E+06  -1.4178435529199999E+05
  2.9088794004950002E+06   2.8068931610019999E+06  -1.2466166398000000E+05
  2.8664607873200001E+06   2.7451955156210000E+06  -1.3702841366300001E+05
  2.8757729324090001E+06   2.7175979285900001E+06  -9.7364199569000004E+04
  2.8295263631340000E+06   2.7467389619979998E+06  -1.9894187268599999E+05
  2.8723073956610002E+06   2.7775768641229998E+06  -1.6025204942900001E+05
  2.9013743509740001E+06   2.7787951714389999E+06  -1.1338282309100000E+05
  2.8771057978989999E+06   2.7349915623770002E+06  -1.1096097527800000E+05
  2.8655519967640000E+06   2.6861906590069998E+06  -7.7945916780000000E+04
  2.8673835966830002E+06   2.6874802742300001E+06  -7.7134750792999999E+04
  2.9313684612719999E+06   2.7667138708750000E+06  -6.6499816923999999E+04
  2.9090904724960001E+06   2.8454192246450000E+06  -1.4296059052299999E+05
  2.8705301395939998E+06   2.7174684526849999E+06  -1.0420521888900000E+05
  2.8693210594839999E+06   2.7180184588529998E+06  -1.0623815994000000E+05
  2.8848644819620000E+06   2.7054977317610001E+06  -7.4396585684999998E+04
  2.8831386979840002E+06   2.7041998410740001E+06  -7.5439065304999996E+04
  2.8885875343229999E+06   2.7592117505609998E+06  -1.1680191223000000E+05
  2.9187284605370001E+06   2.7645385978740002E+06  -7.8209023967000001E+04
  2.8666508220440000E+06   2.7305169199100002E+06  -1.2199781561799999E+05
  2.8296924619100001E+06   2.7579504756709998E+06  -2.1450101290000000E+05
  2.9078552376609999E+06   2.7338764293140001E+06  -6.9194358861999994E+04
  2.8014536210220000E+06   2.6952383271849998E+06  -1.5707689181199999E+05
  2.8958948095789999E+06   2.7087524184849998E+06  -6.5382877357999998E+04
  2.9063866322280001E+06   2.7595620083949999E+06  -9.0463571450999996E+04
  2.9256719630390001E+06   2.8196793569080001E+06  -1.0985184608300000E+05
  2.8842124409329998E+06   2.8296617265180000E+06  -1.6995713827100000E+05
  2.8853900292679998E+06   2.8284415834120000E+06  -1.6832876015500000E+05
  2.9348768783559999E+06   2.7719140876650000E+06  -6.5867678107999993E+04
  2.8958472200179999E+06   2.7038156002799999E+06  -6.1654192573000000E+04
  2.8607300367310001E+06   2.7040246564330002E+06  -1.0389425729300000E+05
  2.8615549013089999E+06   2.7059637354310001E+06  -1.0460696972400000E+05
  2.8562907276849998E+06   2.8116207127080001E+06  -2.1701523427099999E+05
  2.9012857925470001E+06   2.7855443106120001E+06  -1.1926219445400000E+05
  2.9117950788960001E+06   2.8041820251150001E+06  -1.1727543792300000E+05
  2.9131117970460001E+06   2.8061345928880000E+06  -1.1697661005100000E+05
  2.9099799071320002E+06   2.7951340963039999E+06  -1.1283245239900000E+05
  2.8024177904280000E+06   2.7078009414610001E+06  -1.7780703774400000E+05
  2.8424737151360000E+06   2.7841523807199998E+06  -2.2432651598699999E+05
  2.8756212758960002E+06   2.7222702160600000E+06  -1.0184168164000000E+05
  2.9125002884979998E+06   2.7373827643800001E+06  -6.6392155301000006E+04
  2.8238479562590001E+06   2.7534195011760001E+06  -2.1840301256599999E+05
  2.8914210605710000E+06   2.8097064692549999E+06  -1.5252994045900000E+05
  2.8506064177399999E+06   2.7676629483810002E+06  -1.8845774756799999E+05
  2.8524094964830000E+06   2.7695123116819998E+06  -1.8744641187000001E+05
  2.8970630912029999E+06   2.7821562335740002E+06  -1.2299543137000001E+05
  2.9388271725260001E+06   2.7942708070850000E+06  -7.6139793302000005E+04
  2.9381537786650001E+06   2.7920698979690000E+06  -7.5695448655000000E+04
  2.9370197741450001E+06   2.7930784046700001E+06  -7.7654161441999997E+04
  2.9362758728970001E+06   2.7946928116190000E+06  -7.9505897395000007E+04
  2.9371309569830000E+06   2.7969918312280001E+06  -7.9801811098000006E+04
  2.9345185898250001E+06   2.7936184131959998E+06  -8.1027841239000001E+04
  2.9288597312480002E+06   2.8316210029589999E+06  -1.1271585956800000E+05
  2.8511873465789999E+06   2.7393213143540001E+06  -1.5512063336300000E+05
  2.8834198505000002E+06   2.8357203324070000E+06  -1.7178108587400001E+05
  2.8835439290740001E+06   2.8381258904289999E+06  -1.7183478069300001E+05
  2.8608891051690001E+06   2.7746910029989998E+06  -1.7768710874600001E+05
  2.8287288306709998E+06   2.7348138845330002E+06  -1.8302673971500000E+05
  2.8006124662569999E+06   2.6983388721369999E+06  -1.6392321902500000E+05
  2.8358224854899999E+06   2.7745474019510001E+06  -2.2576511718999999E+05
  2.9257308377029998E+06   2.7569408979620002E+06  -6.5913551026000001E+04
  2.8686507572269998E+06   2.7111280454580002E+06  -1.0037636193899999E+05
  2.8713004994970001E+06   2.7113135576869999E+06  -9.7134412794999997E+04
  2.8977180262389998E+06   2.8025265433479999E+06  -1.3812695904300001E+05
  2.9255192479240000E+06   2.8322193910929998E+06  -1.1800082340900000E+05
  2.8900954778229999E+06   2.7001519746539998E+06  -6.4102610509999999E+04
  2.9092120065990002E+06   2.7509506765990001E+06  -8.0709630522000007E+04
  2.9075038054570002E+06   2.7500959078560001E+06  -8.2146581034999996E+04
  2.8229873875799999E+06   2.7148150829200000E+06  -1.6291254505600000E+05
  2.8854937961439998E+06   2.7869412766180001E+06  -1.4577089632400000E+05
  2.8376001422290001E+06   2.7160794613180002E+06  -1.4775119244200000E+05
  2.9012348938640002E+06   2.7498907869460001E+06  -9.0143289976999993E+04
  2.8610583389570001E+06   2.8038413735900000E+06  -2.0433417954899999E+05
  2.8164085512680002E+06   2.6779861608980000E+06  -1.2422350581800001E+05
  2.8113891624909998E+06   2.6785682304010000E+06  -1.2865066067800000E+05
  2.8754048638590002E+06   2.7268539671840002E+06  -1.0625618765599999E+05
  2.8706467097009998E+06   2.7285860327229998E+06  -1.1448558289999999E+05
  2.8832945633569998E+06   2.7566250590530001E+06  -1.2267426089600001E+05
  2.8918709095410001E+06   2.7774814835049999E+06  -1.2785789257000000E+05
  2.8881205618659998E+06   2.7507960234010001E+06  -1.0979452402000000E+05
  2.8873775230120001E+06   2.8392346499049999E+06  -1.6705116874699999E+05
  2.8641582731329999E+06   2.7664628952020002E+06  -1.6374672330400001E+05
  2.8175547088720002E+06   2.6896754274169998E+06  -1.3833115426200000E+05
  2.8887172740679998E+06   2.8103574284160002E+06  -1.5824383021799999E+05
  2.9105087392699998E+06   2.8145411733129998E+06  -1.2747577046800000E+05
  2.9006177336650002E+06   2.8031057845350001E+06  -1.3441452566900000E+05
  2.8933113964680000E+06   2.8357039687919999E+06  -1.5924553799800001E+05
  2.8827657327790000E+06   2.7653053599540000E+06  -1.3188370911699999E+05
  2.8973126396059999E+06   2.7289099755299999E+06  -7.7499757343999998E+04
  2.8711379599110000E+06   2.7306008860909999E+06  -1.1565573344200000E+05
  2.9408005464360001E+06   2.8121409805999999E+06  -8.6104979347000000E+04
  2.9275833080910002E+06   2.7530506964960000E+06  -6.1036964120999997E+04
  2.9024209075910002E+06   2.7395405741249998E+06  -7.9848491045000002E+04
  2.8378923866699999E+06   2.7189254174390002E+06  -1.5069857616999999E+05
  2.9081601196010001E+06   2.7639506215140000E+06  -9.1226203112999996E+04
  2.9091373650460001E+06   2.7661295073370002E+06  -9.1706471065999998E+04
  2.9083930749090002E+06   2.7675854243399999E+06  -9.3897543420000002E+04
  2.9082427971009999E+06   2.7965143841050002E+06  -1.1631587174500000E+05
  2.9034541977220001E+06   2.7759268941640002E+06  -1.0812086954400000E+05
  2.9355538807979999E+06   2.8106627072190000E+06  -9.0908746396999995E+04
  2.8755051879270002E+06   2.7333803632870000E+06  -1.1183202119699999E+05
  2.8552534118369999E+06   2.7403982125949999E+06  -1.5044750835399999E+05
  2.9024028040880002E+06   2.7878345264949999E+06  -1.1933379379200000E+05
  2.7983399891820000E+06   2.7052363453500001E+06  -1.7892473207900001E+05
  2.8710502670490001E+06   2.7350782615299998E+06  -1.1994047836100000E+05
  2.8529899507380002E+06   2.6798359873250001E+06  -8.6195344695000007E+04
  2.8768701206620000E+06   2.7394117012000000E+06  -1.1545470817500001E+05
  2.8789503732949998E+06   2.7429850162399998E+06  -1.1588258898000000E+05
  2.8855462247620001E+06   2.7388442218050002E+06  -1.0241815691000001E+05
  2.8841586228310000E+06   2.7606165613560001E+06  -1.2519295808600000E+05
  2.9075755985519998E+06   2.7788553889279999E+06  -1.0428252913500000E+05
  2.8478356872649998E+06   2.7686559949800000E+06  -1.9508617948399999E+05
  2.8792188989530001E+06   2.7877474511870001E+06  -1.5760343734900001E+05
  2.8696056095850002E+06   2.7441056398660000E+06  -1.3088638845100001E+05
  2.8875813285969999E+06   2.8463085550090000E+06  -1.6694377082500001E+05
  2.8863061075249999E+06   2.8476509660970001E+06  -1.6856690001499999E+05
  2.8335397772559999E+06   2.7433276480109999E+06  -1.8793299201300001E+05
  2.9263005670820000E+06   2.7782494788199998E+06  -7.9593025443999999E+04
  2.8986731241740002E+06   2.7344250227450002E+06  -8.0411169112999996E+04
  2.8614835138050001E+06   2.7404706344260001E+06  -1.4072812093400001E+05
  2.8564559144299999E+06   2.7122500084810001E+06  -1.1880791774600001E+05
  2.8306876169039998E+06   2.7181697391860001E+06  -1.5834832589199999E+05
  2.8313993803429999E+06   2.7171762124569998E+06  -1.5627814924699999E+05
  2.8720372651220001E+06   2.7236419587760000E+06  -1.0796561273300000E+05
  2.8939089024620000E+06   2.7998632190230000E+06  -1.4248676500900000E+05
  2.8671315310720000E+06   2.7491085758250002E+06  -1.3965372602000000E+05
  2.8105136142259999E+06   2.7200333040399998E+06  -1.8717950462100000E+05
  2.8314056012949999E+06   2.7433753889629999E+06  -1.9146355643000000E+05
  2.8808073496500002E+06   2.7510109686980001E+06  -1.2092098180600000E+05
  2.8264639174199998E+06   2.7553279303120002E+06  -2.1649092058899999E+05
  2.8778311684840000E+06   2.7433900340610002E+06  -1.1793871904800000E+05
  2.8463831548979999E+06   2.6823192511890000E+06  -9.7646131481000004E+04
  2.9366557782259998E+06   2.7763173858309998E+06  -6.6562381502999997E+04
  2.8873233127580001E+06   2.7823190699180001E+06  -1.3902473879100001E+05
  2.8730916476699999E+06   2.7386380737450002E+06  -1.2032616651500000E+05
  2.8123832407140001E+06   2.6801816147750001E+06  -1.3011499684399999E+05
  2.8112035319070001E+06   2.6809129517580001E+06  -1.3204579604799999E+05
  2.8906844146610000E+06   2.7112439347910001E+06  -7.2357140595000004E+04
  2.8892615985579998E+06   2.7504435493150000E+06  -1.0773522479900000E+05
  2.8861134347170000E+06   2.7642586050559999E+06  -1.2560193515500000E+05
  2.8830972801049999E+06   2.7502086394380000E+06  -1.1680237424000000E+05
  2.8324358337840000E+06   2.6745570816759998E+06  -1.0659432418300000E+05
  2.8741415735080000E+06   2.7850829838870000E+06  -1.6406674935500001E+05
  2.8727927881939998E+06   2.7838526425259998E+06  -1.6562737960799999E+05
  2.8617592994829998E+06   2.6940529329559999E+06  -9.0952610669999995E+04
  2.9220069671359998E+06   2.8390007028450002E+06  -1.2636616298800000E+05
  2.8703706915930002E+06   2.7481441110930000E+06  -1.3340479039300000E+05
  2.8750443794479999E+06   2.7313609091719999E+06  -1.1062969292099999E+05
  2.8379669306919998E+06   2.7526108359240000E+06  -1.9209482836000001E+05
  2.9025786675350000E+06   2.7349832999080000E+06  -7.5446613511000003E+04
  2.9268826219720002E+06   2.7508301673430000E+06  -6.0134159076000004E+04
  2.9241954946860000E+06   2.7507928298050002E+06  -6.2881501063999996E+04
  2.8454956987149999E+06   2.6905496501890002E+06  -1.0952467414200000E+05
  2.8888962686480000E+06   2.7100706783190002E+06  -7.3260631714999996E+04
  2.8653269069170002E+06   2.7129714076919998E+06  -1.0665495793100000E+05
  2.8687243868109998E+06   2.7834932735640001E+06  -1.7293108700599999E+05
  2.8680216627019998E+06   2.7845250802969998E+06  -1.7503996637499999E+05
  2.8174803232180001E+06   2.7404870003950000E+06  -2.1016207357400001E+05
  2.8713666064430000E+06   2.6948010856470000E+06  -7.9804589324000000E+04
  2.9311582385700000E+06   2.7739184133759998E+06  -7.0649932497000002E+04
  2.9178150146200000E+06   2.7859237593040001E+06  -9.5716343169999993E+04
  2.9070947466589999E+06   2.7211369532499998E+06  -6.0843681492000003E+04
  2.8874487935680002E+06   2.7595771797960000E+06  -1.1888029681499999E+05
  2.8828535792230000E+06   2.7439000217180001E+06  -1.1095183236200000E+05
  2.8718151633359999E+06   2.8090604726200001E+06  -1.8597121718700000E+05
  2.8723052283540000E+06   2.8113260478830002E+06  -1.8647611885299999E+05
  2.8146624607250001E+06   2.6925148584099999E+06  -1.4404416505000001E+05
  2.8548733435320002E+06   2.6888417355000000E+06  -9.5039663629999995E+04
  2.8769594053270002E+06   2.7566302540560002E+06  -1.3158602579099999E+05
  2.8252492946589999E+06   2.6722972520619999E+06  -1.1074106049900000E+05
  2.9050040501279999E+06   2.8040661362100001E+06  -1.2882538211300000E+05
  2.9376638837150000E+06   2.7713348751309998E+06  -6.2804773867000004E+04
  2.9069016534660002E+06   2.7548577888739998E+06  -8.6257905478999994E+04
  2.8827427994929999E+06   2.8078334056899999E+06  -1.6597459085499999E+05
  2.9025539202470002E+06   2.8089317665360002E+06  -1.3544368957600000E+05
  2.8258632601520000E+06   2.6792752749899998E+06  -1.1885598290100000E+05
  2.8485755107860002E+06   2.7909452316950001E+06  -2.1914304819999999E+05
  2.8425128453030000E+06   2.7229949890680001E+06  -1.4916429881800001E+05
  2.9303989445369998E+06   2.7681038091670000E+06  -6.8216223312999995E+04
  2.8821763631670000E+06   2.6976360454660002E+06  -7.0452034950000001E+04
  2.8775477060320000E+06   2.7370017580670002E+06  -1.1218271246400000E+05
  2.8636650157039999E+06   2.8039602787779998E+06  -1.9875255498099999E+05
  2.8647853875380000E+06   2.8055368880030001E+06  -1.9735692202599999E+05
  2.8846798100950001E+06   2.7518584321510000E+06  -1.1599229452600000E+05
  2.9010762273700000E+06   2.7530032623939998E+06  -9.3021781642000002E+04
  2.8246905533750001E+06   2.7563726055990001E+06  -2.2102496473300000E+05
  2.8764138026850000E+06   2.7374061413920000E+06  -1.1424371435300000E+05
  2.8775870775629999E+06   2.8104844772020001E+06  -1.7515365157600000E+05
  2.9035060784250000E+06   2.7845117954580002E+06  -1.1483391975800000E+05
  2.9000914392680000E+06   2.7084166635270002E+06  -6.0698722693000003E+04
  2.8850878016340001E+06   2.7538910456019999E+06  -1.1723658491600001E+05
  2.8798084928839998E+06   2.7306110758369998E+06  -1.0346918447300000E+05
  2.8817248483670000E+06   2.7550032171390001E+06  -1.2347960486500000E+05
  2.8991448210450001E+06   2.7378150776109998E+06  -8.2824404521999997E+04
  2.8513705997730000E+06   2.7190185411800002E+06  -1.3171269770600001E+05
  2.8519690875559999E+06   2.7176832380769998E+06  -1.2982240771299999E+05
  2.8271502733660000E+06   2.7289516755309999E+06  -1.7692066536700001E+05
  2.8421770182719999E+06   2.7075719471140001E+06  -1.3243661316400001E+05
  2.8639748410180002E+06   2.7517484214499998E+06  -1.4734166019000000E+05
  2.9182510056400001E+06   2.7506180466370001E+06  -6.9313684059000007E+04
  2.9138698743489999E+06   2.8010827174020000E+06  -1.1218797284800000E+05
  2.8795052123900000E+06   2.7621330327499998E+06  -1.3340951769899999E+05
  2.8481315038510002E+06   2.7402926090650000E+06  -1.6048759202800001E+05
  2.8497769388259999E+06   2.7411781491970001E+06  -1.5912220270800000E+05
  2.8250956407180000E+06   2.7048609724690001E+06  -1.4910834479800001E+05
  2.8259382834129999E+06   2.7035927098160000E+06  -1.4708187850799999E+05
  2.9213505636930000E+06   2.7486689076000000E+06  -6.4337179821999998E+04
  2.9002008582420000E+06   2.7399130260720002E+06  -8.3282239117999998E+04
  2.8501643182799998E+06   2.7303534534680001E+06  -1.4672618449499999E+05
  2.9388071603130000E+06   2.7840294905780000E+06  -6.9550300220999998E+04
  2.8937204571030000E+06   2.7577233737039999E+06  -1.0605841786800000E+05
  2.9126258185210000E+06   2.8527420826980001E+06  -1.4072976522900001E+05
  2.8072881954790000E+06   2.7120794615360000E+06  -1.7819372945099999E+05
  2.8246227364779999E+06   2.7088952870280002E+06  -1.5380883833400000E+05
  2.8321293154930002E+06   2.7161809942540000E+06  -1.5421001747200001E+05
  2.9065893825150002E+06   2.7727195936520002E+06  -1.0066211967000000E+05
  2.9127250467599998E+06   2.7597476426519998E+06  -8.2159735723000005E+04
  2.8751869724110002E+06   2.8023868549290001E+06  -1.7536742272199999E+05
  2.8725105925710001E+06   2.7256737733640000E+06  -1.0916705133400000E+05
  2.8830618910480002E+06   2.7609621211819998E+06  -1.2729630959200001E+05
  2.8752418767900001E+06   2.7486794044459998E+06  -1.2647368991299999E+05
  2.8799492835059999E+06   2.7640987537320000E+06  -1.3467955989500001E+05
  2.9105115560679999E+06   2.7821857173110000E+06  -1.0247220866900000E+05
  2.8949412308950000E+06   2.7637276210289998E+06  -1.0979743057100000E+05
  2.8623349070319999E+06   2.7480020256159999E+06  -1.4649286389300000E+05
  2.8969538892589998E+06   2.7631885589200002E+06  -1.0549868360200000E+05
  2.7972748288010000E+06   2.7016175525460001E+06  -1.7386449855600001E+05
  2.8210061166770002E+06   2.7034803010229999E+06  -1.5102876926900001E+05
  2.8218577311890000E+06   2.7021827531320001E+06  -1.4896415203400000E+05
  2.9169779558859998E+06   2.7601315179229998E+06  -7.7482047672000001E+04
  2.8879603749190001E+06   2.8201793479749998E+06  -1.6271122607199999E+05
  2.8520501297499998E+06   2.7519483302630000E+06  -1.6766995644200000E+05
  2.8819455813350002E+06   2.7399271039229999E+06  -1.0846421548499999E+05
  2.8077078128089998E+06   2.7081512172079999E+06  -1.7180798209199999E+05
  2.8856865023449999E+06   2.7622636447350001E+06  -1.2434733069100000E+05
  2.8696329767390001E+06   2.7783790477890000E+06  -1.6594437618399999E+05
  2.8705166003200002E+06   2.7805185791070000E+06  -1.6655824658100001E+05
  2.9167508553479998E+06   2.7531668978450000E+06  -7.3041523069000003E+04
  2.9156689321579998E+06   2.7510911382070002E+06  -7.2511384134000007E+04
  2.8391577066380000E+06   2.7403123961709999E+06  -1.7436246495299999E+05
  2.8721434129229998E+06   2.7346385938570001E+06  -1.1797068428400000E+05
  2.8196195857859999E+06   2.6838754063599999E+06  -1.2956013964300000E+05
  2.8220165191540001E+06   2.6940211366360001E+06  -1.3973896337899999E+05
  2.9224600005390001E+06   2.7996007112010000E+06  -9.9502400984000007E+04
  2.9029987926179999E+06   2.7541227531050001E+06  -9.1347439597000004E+04
  2.9110669436369999E+06   2.7702676737680002E+06  -9.2514108512000006E+04
  2.9119557040169998E+06   2.7725837577579999E+06  -9.3210290445000006E+04
  2.8918885740009998E+06   2.8156399687009999E+06  -1.5530187278500001E+05
  2.8940645084159998E+06   2.7074789946470000E+06  -6.6254504782000004E+04
  2.8511634637179999E+06   2.7323437758780001E+06  -1.4749056636800000E+05
  2.8719249645099998E+06   2.7560733720459999E+06  -1.3851843356700000E+05
  2.9097805321249999E+06   2.7867229665230000E+06  -1.0691456380100000E+05
  2.8646805600500000E+06   2.7978345982840001E+06  -1.9288747224999999E+05
  2.8777356345159998E+06   2.6882063563410002E+06  -6.6820395963999996E+04
  2.8599945129979998E+06   2.7067712509519998E+06  -1.0780032391700000E+05
  2.9095272236279999E+06   2.7614621959199999E+06  -8.7354143234999996E+04
  2.9367669068319998E+06   2.8127170499640000E+06  -9.1052810029000000E+04
  2.8210668627929999E+06   2.7392018390170000E+06  -2.0235760105900001E+05
  2.9014644549240000E+06   2.7200641806450002E+06  -6.6861209468000001E+04
  2.8469819972760002E+06   2.7144446859030002E+06  -1.3375311494699999E+05
  2.8674913465370000E+06   2.7343027699110000E+06  -1.2455939479000001E+05
  2.9135533673950001E+06   2.7584076633850001E+06  -8.0365583176999993E+04
  2.8767716640130002E+06   2.6937075748459999E+06  -7.3132796747999993E+04
  2.8748980759450002E+06   2.6924600943720001E+06  -7.3948927586999998E+04
  2.9125676389049999E+06   2.8376797329030000E+06  -1.3680203189899999E+05
  2.8371972832900002E+06   2.7442288777319998E+06  -1.8283832415199999E+05
  2.8487732777869999E+06   2.7253902268579998E+06  -1.4310105983000001E+05
  2.8871802592870002E+06   2.7041167842950001E+06  -7.0610351664999995E+04
  2.9054880650070002E+06   2.7817221895849998E+06  -1.0958239707200001E+05
  2.8826323938719998E+06   2.7589700886789998E+06  -1.2603652742699999E+05
  2.8644978929829998E+06   2.7829834187050001E+06  -1.8018136948100000E+05
  2.8490281738149999E+06   2.7614681411069999E+06  -1.8358555128000001E+05
  2.9012526506190002E+06   2.7995917394900001E+06  -1.3122197006600001E+05
  2.8872171351270000E+06   2.7639117937940001E+06  -1.2349831629900000E+05
  2.8883170996579998E+06   2.7635685200660001E+06  -1.2139200143700000E+05
  2.9205448947140002E+06   2.7582391900559999E+06  -7.2559468955999997E+04
  2.8312663961720001E+06   2.6778313340540002E+06  -1.1193686029800000E+05
  2.9108000386319999E+06   2.7669849523530002E+06  -9.0183174457000001E+04
  2.9406706639910000E+06   2.7917371362830000E+06  -7.2532289745000002E+04
  2.8799208879410001E+06   2.7187536951589999E+06  -9.2572746880000006E+04
  2.9252126598860002E+06   2.8158763540949998E+06  -1.0829812566500000E+05
  2.8762603867299999E+06   2.8440924473999999E+06  -1.8169858713400000E+05
  2.8730892528450000E+06   2.8364075237250002E+06  -1.8647028761900001E+05
  2.8737016276679998E+06   2.7252151668600002E+06  -1.0712778463900000E+05
  2.9079802940799999E+06   2.7409576632849998E+06  -7.3399938343000002E+04
  2.9069395629039998E+06   2.7388448772339998E+06  -7.2931383088000002E+04
  2.8793216606200002E+06   2.7784991625440000E+06  -1.4892046358400001E+05
  2.8396638145170002E+06   2.7805291375259999E+06  -2.2578083233599999E+05
  2.8851798767410000E+06   2.7794906308809998E+06  -1.4009374888200001E+05
  2.9223787209990001E+06   2.7590407298289998E+06  -7.1186382593999995E+04
  2.9173785326129999E+06   2.7816386962420000E+06  -9.3470427278000003E+04
  2.8330116258439999E+06   2.7443040805609999E+06  -1.9004586843700000E+05
  2.8768818626910001E+06   2.7907560631690002E+06  -1.6360154776200000E+05
  2.9133196763519999E+06   2.7514253929659999E+06  -7.5911711779999998E+04
  2.8612505468879999E+06   2.7705338114459999E+06  -1.7284701628499999E+05
  2.8436303125760001E+06   2.6918692670089998E+06  -1.1362626716600001E+05
  2.8821846760029998E+06   2.7569854907269999E+06  -1.2476264449000001E+05
  2.8993228131010002E+06   2.7904393274099999E+06  -1.2665325911800000E+05
  2.9131841068259999E+06   2.7939700974240000E+06  -1.0756305156199999E+05
  2.9148243228940000E+06   2.7941485808700002E+06  -1.0545119848100000E+05
  2.8089935597199998E+06   2.6800446708700000E+06  -1.3249954494200001E+05
  2.9149843108999999E+06   2.7760629347600001E+06  -9.2049369858000005E+04
  2.9362441845300002E+06   2.8143115590130002E+06  -9.2800430282999994E+04
  2.9330629163360000E+06   2.8186362397400001E+06  -9.9649756475000002E+04
  2.8434756460690000E+06   2.6742118763370002E+06  -9.0919783964000002E+04
  2.8445047198069999E+06   2.7045604110050001E+06  -1.2618300357299999E+05
  2.8414489084439999E+06   2.7015083259330001E+06  -1.2662252363900001E+05
  2.9292391664600000E+06   2.8369107651410000E+06  -1.1607307155900000E+05
  2.9304039817720000E+06   2.8390087843070002E+06  -1.1595132547300000E+05
  2.9231853215529998E+06   2.7648307718839999E+06  -7.3681190522999997E+04
  2.8522404815610000E+06   2.7235493050290002E+06  -1.3540188718399999E+05
  2.8526745634630001E+06   2.7224478732639998E+06  -1.3335671207600000E+05
  2.9161258990340000E+06   2.7728843287960002E+06  -8.7984584703000000E+04
  2.8923664956809999E+06   2.7887389366489998E+06  -1.3632475281999999E+05
  2.9107404094230002E+06   2.7901130541389999E+06  -1.0797982943500001E+05
  2.8498279514620001E+06   2.7343046318089999E+06  -1.5161712002300000E+05
  2.8857336845419998E+06   2.7686537447919999E+06  -1.3014696990800000E+05
  2.8693094362849998E+06   2.8186745103000002E+06  -1.9289447838399999E+05
  2.9049724401969998E+06   2.8537993352760002E+06  -1.4856765155499999E+05
  2.8806272046090001E+06   2.7128682678550002E+06  -8.5931037584000005E+04
  2.8734508035780001E+06   2.7861068187440000E+06  -1.6614717522100001E+05
  2.8714014618640002E+06   2.7826607307899999E+06  -1.6717258305399999E+05
  2.9423406013730001E+06   2.7996344482539999E+06  -7.5514694380000001E+04
  2.9367063684140001E+06   2.7727278324330002E+06  -6.4506194544999998E+04
  2.8919049671769999E+06   2.8521204389109998E+06  -1.6213141377799999E+05
  2.9262606032230002E+06   2.8180280002879999E+06  -1.0822623612300000E+05
  2.8800777459769999E+06   2.7534319505300000E+06  -1.2422162450999999E+05
  2.8269320788019998E+06   2.6782722286609998E+06  -1.1686826063999999E+05
  2.8590542567670001E+06   2.7587934800459999E+06  -1.6455548187500000E+05
  2.8016272869730000E+06   2.6831316516959998E+06  -1.3997933254000000E+05
  2.9313552243519998E+06   2.8235466503019999E+06  -1.0453114479000001E+05
  2.8762444569310001E+06   2.7039271567130000E+06  -8.3216957007999998E+04
  2.9042943360710000E+06   2.8365071957560000E+06  -1.4589106268999999E+05
  2.8289780944900000E+06   2.7134486717980001E+06  -1.5446237674099999E+05
  2.8997623947210000E+06   2.7854380821070001E+06  -1.2156682357800000E+05
  2.9080199807119998E+06   2.7998021033410002E+06  -1.1976854282000000E+05
  2.9234261975360001E+06   2.8278006712699998E+06  -1.1800222874500000E+05
  2.8881083583829999E+06   2.6989446567199999E+06  -6.4829429470000003E+04
  2.9066029815520002E+06   2.7479174426259999E+06  -8.1765669920999993E+04
  2.8965175591489999E+06   2.7897278439340000E+06  -1.3051086887500000E+05
  2.8494919278589999E+06   2.7383013784150002E+06  -1.5643813967599999E+05
  2.8276143312849998E+06   2.6905371125719999E+06  -1.3095367962000000E+05
  2.9364406203760002E+06   2.8195882453210000E+06  -9.6419311671999996E+04
  2.9403983820110001E+06   2.8188449544529999E+06  -9.1467861967999997E+04
  2.9071983581719999E+06   2.7467130168420002E+06  -7.9795051128999999E+04
  2.8478422586030001E+06   2.7751471030529998E+06  -2.0313308302300001E+05
  2.8975366603790000E+06   2.7152089475730001E+06  -6.8109749597999995E+04
  2.9088457555340002E+06   2.7627077596479999E+06  -8.9288492721000002E+04
  2.8760703430559998E+06   2.7526871469649998E+06  -1.2899851616100001E+05
  2.9426123181530000E+06   2.8064723126570000E+06  -7.9980294425999993E+04
  2.9227027833119999E+06   2.8411515235520001E+06  -1.2663474014200000E+05
  2.8368433614699999E+06   2.6716073579409998E+06  -9.5795818729999999E+04
  2.8731336563559999E+06   2.7662639152540001E+06  -1.4709011838299999E+05
  2.9381143212919999E+06   2.8254932972240001E+06  -9.8061818786000003E+04
  2.8618783275090000E+06   2.7441921575320000E+06  -1.4362279424399999E+05
  2.9016272738509998E+06   2.7328360704629999E+06  -7.5032661634000004E+04
  2.9255457276760000E+06   2.7795256997179999E+06  -8.1483799226999996E+04
  2.8762671470510000E+06   2.7652898778900001E+06  -1.4070943102100000E+05
  2.8601964557659999E+06   2.8104571523589999E+06  -2.0906808075600001E+05
  2.8612425775830001E+06   2.8096166597230001E+06  -2.0694927979800000E+05
  2.8854955977360001E+06   2.7122629738220000E+06  -7.9071135540999996E+04
  2.9135378507099999E+06   2.7344874595090002E+06  -6.3718998427999999E+04
  2.8990597499319999E+06   2.7709002050500000E+06  -1.1075849354500000E+05
  2.8864254073200002E+06   2.7727212502600001E+06  -1.3256475529999999E+05
  2.9035616197629999E+06   2.7110390376639999E+06  -5.8704164076000001E+04
  2.8979515041399999E+06   2.8549483075219998E+06  -1.5571601593400000E+05
  2.8947675446680002E+06   2.8535785735050002E+06  -1.5887878638000001E+05
  2.9221563483920000E+06   2.7556398147140001E+06  -6.8935651293999996E+04
  2.9268273451450001E+06   2.7735535295890002E+06  -7.5308481490000006E+04
  2.9390556920960001E+06   2.7908381944240001E+06  -7.3942501222000006E+04
  2.9375291733309999E+06   2.7899715418850002E+06  -7.5266038297000006E+04
  2.9086055942549999E+06   2.7697498133250000E+06  -9.5376112739999997E+04
  2.8165849380509998E+06   2.7095996422819998E+06  -1.6319422606799999E+05
  2.8417424179759999E+06   2.6780991337430002E+06  -9.8512392269999997E+04
  2.8904069579759999E+06   2.7205492150590001E+06  -7.9714480872000000E+04
  2.8490533247799999E+06   2.7725539658969999E+06  -1.9758615524100000E+05
  2.9345212042390001E+06   2.8138462430690001E+06  -9.4406158968000003E+04
  2.8473024002970001E+06   2.7204656510439999E+06  -1.3936764265699999E+05
  2.8274043765880000E+06   2.6730845838009999E+06  -1.1021178171300000E+05
  2.8368504052550001E+06   2.7102243736939998E+06  -1.4196560541399999E+05
  2.9390669627260002E+06   2.8014391129640001E+06  -8.0565036080000005E+04
  2.8940674294500002E+06   2.7704019535400001E+06  -1.1777684612000000E+05
  2.8829188029310000E+06   2.7862071467990000E+06  -1.4954668668700001E+05
  2.9090528852499998E+06   2.8051742844570000E+06  -1.2297065739800000E+05
  2.8474750240059998E+06   2.7413151555710002E+06  -1.6252627352700001E+05
  2.8203411719990000E+06   2.7465255988779999E+06  -2.1466408061500001E+05
  2.8451012597400001E+06   2.7784659983950001E+06  -2.1288497873500001E+05
  2.8428974628150002E+06   2.6849478618290001E+06  -1.0621302400400001E+05
  2.8908264254279998E+06   2.7412920310350000E+06  -9.6813648778000002E+04
  2.8307212332790000E+06   2.7250670157289999E+06  -1.6619856190900001E+05
  2.9084636674270001E+06   2.7558073978189998E+06  -8.4703412612999993E+04
  2.8690401882830001E+06   2.7793720507080001E+06  -1.6806923613800001E+05
  2.8880260515000001E+06   2.8021348625850002E+06  -1.5396077586699999E+05
  2.8757325090770000E+06   2.6870791871190001E+06  -6.7496878358999995E+04
  2.8340938810680001E+06   2.6836250586810000E+06  -1.1508802642800000E+05
  2.9041321339130001E+06   2.7986332917100000E+06  -1.2567605311500000E+05
  2.8809538732039998E+06   2.8382919504399998E+06  -1.7508585462100001E+05
  2.9277523986390000E+06   2.7650710158020002E+06  -6.9220285986000003E+04
  2.8873877370030000E+06   2.7788352026399998E+06  -1.3618692335100000E+05
  2.8814822670120001E+06   2.6956530484770001E+06  -6.9338910698000007E+04
  2.9087311080570002E+06   2.7396472734719999E+06  -7.1538968296999999E+04
  2.8619929118510000E+06   2.7145278921639998E+06  -1.1277598486000000E+05
  2.9069342749879998E+06   2.7834030157019999E+06  -1.0868528850900001E+05
  2.8932585315490002E+06   2.7469533701220001E+06  -9.8271936151999995E+04
  2.8849339401039998E+06   2.7710420209579999E+06  -1.3342447600000000E+05
  2.8569581875169999E+06   2.6955647528760000E+06  -1.0049563272900000E+05
  2.8488267864879998E+06   2.6955658246030002E+06  -1.1086559702400000E+05
  2.8663278740659999E+06   2.7215030355540002E+06  -1.1361794882400001E+05
  2.8639955075790002E+06   2.7065596933060000E+06  -1.0140173905600001E+05
  2.8333480245289998E+06   2.6714884998499998E+06  -1.0113632163000001E+05
  2.8885698597920001E+06   2.7785383893450000E+06  -1.3413768931399999E+05
  2.9271685633479999E+06   2.8257009552590000E+06  -1.1121901695300000E+05
  2.8430916620890000E+06   2.7372587442190000E+06  -1.6432487289699999E+05
  2.8882224808060001E+06   2.8225595039679999E+06  -1.6289085981900000E+05
  2.8240997957930001E+06   2.6947846615140000E+06  -1.3886345690600001E+05
  2.8951332885599998E+06   2.7893929219979998E+06  -1.3245417352099999E+05
  2.9012629146659998E+06   2.7076491938450001E+06  -5.8814575453999998E+04
  2.8675759653880000E+06   2.6923503310790001E+06  -8.1491819904999997E+04
  2.8917737452880000E+06   2.7582522705069999E+06  -1.1042309365000000E+05
  2.8395837245580000E+06   2.7521620351510001E+06  -1.8871767832300000E+05
  2.8702040960169998E+06   2.6956080199920000E+06  -8.1765794985999994E+04
  2.9024287504560002E+06   2.7315091343899998E+06  -7.3229292459999997E+04
  2.8092022983309999E+06   2.7128583614730001E+06  -1.7694364905499999E+05
  2.8648095140140001E+06   2.7627230430279998E+06  -1.5890410830699999E+05
  2.8726185244160001E+06   2.7537961606259998E+06  -1.3513875412400000E+05
  2.8691376832249998E+06   2.8210726575679998E+06  -1.9318280830700000E+05
  2.8658196689479998E+06   2.7195720699439999E+06  -1.1236890115300000E+05
  2.8477380617650002E+06   2.7135541385440002E+06  -1.3170050033499999E+05
  2.8915070938570001E+06   2.7625925969810002E+06  -1.1501094613300000E+05
  2.9385281829200001E+06   2.7771087721389998E+06  -6.5218098407999998E+04
  2.9054165024979999E+06   2.7666811184720001E+06  -9.7151611973999999E+04
  2.8909460431050002E+06   2.8275018740909998E+06  -1.6020056859499999E+05
  2.8576691648249999E+06   2.7652710061829998E+06  -1.7298486208100000E+05
  2.8417110250309999E+06   2.7801847916609999E+06  -2.2172167580999999E+05
  2.8559596086720000E+06   2.7527058525879998E+06  -1.6282896140800000E+05
  2.9192391540859998E+06   2.8430402576310001E+06  -1.3142655590300000E+05
  2.8301917230210002E+06   2.7153142986079999E+06  -1.5536908722200000E+05
  2.8380908646600000E+06   2.7382996310729999E+06  -1.7364420745200000E+05
  2.8159481960430001E+06   2.7105570314509999E+06  -1.6523916748900001E+05
  2.9239103336900002E+06   2.7564143986780001E+06  -6.7560368182000006E+04
  2.8489543901419998E+06   2.7215383814070001E+06  -1.3805538925199999E+05
  2.8837783615199998E+06   2.7478616707210001E+06  -1.1346166805500000E+05
  2.8333304514990002E+06   2.7180549858499998E+06  -1.5511636244699999E+05
  2.9167960058840001E+06   2.7716511703289999E+06  -8.6148641950999998E+04
  2.8889897715119999E+06   2.7612242227280000E+06  -1.1803647128400000E+05
  2.8684640600930001E+06   2.7730834191049999E+06  -1.6260985410000000E+05
  2.8683979298190000E+06   2.7381503927059998E+06  -1.2708116571700000E+05
  2.8649111484810002E+06   2.6841623722870001E+06  -7.6763259682000004E+04
  2.8437919601870002E+06   2.6868076512150001E+06  -1.0731883163099999E+05
  2.8569335766349998E+06   2.7702012669670000E+06  -1.7991617696000001E+05
  2.8573203019480002E+06   2.7073418030590001E+06  -1.1191307439800000E+05
  2.8494447512679999E+06   2.7147013877280001E+06  -1.3048648262300000E+05
  2.8991458366520000E+06   2.7921235079109999E+06  -1.2833701533500000E+05
  2.8399115288630002E+06   2.6921388350570002E+06  -1.1862658609000000E+05
  2.8380239420619998E+06   2.6910621698860000E+06  -1.1951258703400000E+05
  2.8937534842770002E+06   2.7890674458140000E+06  -1.3439789651399999E+05
  2.8731523715599999E+06   2.8019207262960002E+06  -1.7891010039599999E+05
  2.8604124401309998E+06   2.7916565826880001E+06  -1.9633589012000000E+05
  2.9201148737559998E+06   2.8515977121759998E+06  -1.3304763463799999E+05
  2.8749079101439998E+06   2.7247752892610002E+06  -1.0508470889600000E+05
  2.8606222115320000E+06   2.7596566309670000E+06  -1.6314804107599999E+05
  2.9306262669509999E+06   2.7786588114860002E+06  -7.4898702546000000E+04
  2.8496159015980000E+06   2.7205954153419998E+06  -1.3597994722700000E+05
  2.8299799083320000E+06   2.7191639884990002E+06  -1.6041466379500000E+05
  2.8238947943190001E+06   2.7099157572760000E+06  -1.5585259542600001E+05
  2.9253051023539999E+06   2.7761212909840001E+06  -7.9092936528999999E+04
  2.8549365896239998E+06   2.6836017408440001E+06  -8.8386951442999998E+04
  2.8376604814220001E+06   2.7593971397020002E+06  -2.0299482347100001E+05
  2.9076072175190002E+06   2.8136809091850002E+06  -1.3127487281199999E+05
  2.8900013321699998E+06   2.7801619127090001E+06  -1.3321509980400000E+05
  2.8993017860380001E+06   2.7165225563590000E+06  -6.7110362643000000E+04
  2.9144335862550000E+06   2.7606060329760001E+06  -8.0720101494999995E+04
  2.8106687448249999E+06   2.7145983514540000E+06  -1.7775760660800000E+05
  2.8453372241190001E+06   2.6779408898299998E+06  -9.3195270892999994E+04
  2.8515295396650000E+06   2.7353326228230000E+06  -1.5028954567900000E+05
  2.8514699751209999E+06   2.7529933206039998E+06  -1.6965379829199999E+05
  2.9099581630819999E+06   2.7317015718669998E+06  -6.5700429841000005E+04
  2.8504730368249998E+06   2.7402330112959999E+06  -1.5712925789199999E+05
  2.8449404899800001E+06   2.7454007623919998E+06  -1.7075869302000001E+05
  2.9235526863589999E+06   2.7752564326519999E+06  -8.0488691372000001E+04
  2.8792756552510001E+06   2.8295442908620001E+06  -1.7676507000599999E+05
  2.8962740605690000E+06   2.8328455653070002E+06  -1.5465689098400000E+05
  2.8359672760729999E+06   2.7669011733869999E+06  -2.1564235471499999E+05
  2.9000366495659999E+06   2.7975502226010002E+06  -1.3146065839800000E+05
  2.8121926495969999E+06   2.7014534699039999E+06  -1.5713950620400000E+05
  2.8903205540900002E+06   2.8574847153500002E+06  -1.6484052115600000E+05
  2.8876798065459998E+06   2.7243714444060000E+06  -8.6738407053000003E+04
  2.8865161397310002E+06   2.7249008346310002E+06  -8.8832841218000001E+04
  2.9065225897880001E+06   2.8116670665310002E+06  -1.3153188602999999E+05
  2.8272438358550002E+06   2.7387225416850001E+06  -1.9151408087500001E+05
  2.8217969577290001E+06   2.7332607454110002E+06  -1.9170492501300000E+05
  2.8402074971710001E+06   2.7299688669400001E+06  -1.6023146933399999E+05
  2.8637408683770001E+06   2.7497849340889999E+06  -1.4588140531900001E+05
  2.8116636498210002E+06   2.7099559818890002E+06  -1.6976345754900001E+05
  2.8501576621860000E+06   2.6846113535050000E+06  -9.5749777822999997E+04
  2.8472194482930000E+06   2.7819634943639999E+06  -2.1289655777300001E+05
  2.9042396415080000E+06   2.7483157943920000E+06  -8.5106675558000003E+04
  2.8163501921000001E+06   2.7216273023170000E+06  -1.8107424562599999E+05
  2.8842945618750001E+06   2.8192103517419999E+06  -1.6773139490799999E+05
  2.9015414973309999E+06   2.7453812403070000E+06  -8.6030562506999995E+04
  2.9275911029320001E+06   2.7722673758890000E+06  -7.3411384437999994E+04
  2.8905344339600001E+06   2.7628687061729999E+06  -1.1719922520800000E+05
  2.9268409132050001E+06   2.7593608480320000E+06  -6.6568912574000002E+04
  2.9072241503590001E+06   2.7854724771550000E+06  -1.0981167951000000E+05
  2.9182098345349999E+06   2.7362786037090002E+06  -6.0060711026999998E+04
  2.9158148660860001E+06   2.7695941718469998E+06  -8.5749911296000006E+04
  2.8349554901490002E+06   2.7583860097840000E+06  -2.0610140625700000E+05
  2.8997865439980002E+06   2.7992830293749999E+06  -1.3308864006800001E+05
  2.8993303633630001E+06   2.7572870804510000E+06  -9.8336235262000002E+04
  2.8102193027769998E+06   2.7155477204140001E+06  -1.7988572416499999E+05
  2.8981671341710002E+06   2.7818775652910001E+06  -1.2087357141800001E+05
  2.9012511177289998E+06   2.7255438201080002E+06  -7.0701429720999993E+04
  2.8787165819040001E+06   2.8459434171670000E+06  -1.7795484883800001E+05
  2.8600105705080000E+06   2.6927864055420002E+06  -9.1946135949000003E+04
  2.8450431022740002E+06   2.7631141726819999E+06  -1.9345471190900001E+05
  2.9316981410550000E+06   2.7807863556110002E+06  -7.5411582552000007E+04
  2.9320050454960000E+06   2.7844739956160001E+06  -7.8105086580999996E+04
  2.8573655921470001E+06   2.7817619150330001E+06  -1.9216146423000001E+05
  2.8904487410660000E+06   2.7564853182390002E+06  -1.1140539936700001E+05
  2.8277690341650001E+06   2.7115761906340001E+06  -1.5356591116600001E+05
  2.8299993372100000E+06   2.7259679906600001E+06  -1.6850491146199999E+05
  2.9258860089759999E+06   2.8464156027629999E+06  -1.2542062001600000E+05
  2.9133601562460000E+06   2.8044314618850001E+06  -1.1537185287200000E+05
  2.9149089135779999E+06   2.8046937510420000E+06  -1.1349966911600000E+05
  2.8504414795380002E+06   2.7871814250900000E+06  -2.1160981155400001E+05
  2.8518296994540002E+06   2.7984557443110002E+06  -2.1824903266900001E+05
  2.8263347850199998E+06   2.6737442646220000E+06  -1.1224462215100000E+05
  2.8851605452979999E+06   2.7301600495980000E+06  -9.5502675464999993E+04
  2.9421480201530000E+06   2.8192546435980001E+06  -8.9812193287999995E+04
  2.8602753649519999E+06   2.7684332141550002E+06  -1.7222478411300000E+05
  2.9106976571869999E+06   2.7439672401870000E+06  -7.2376647842999999E+04
  2.9165247811170002E+06   2.7683464122250001E+06  -8.3857852599999998E+04
  2.9054089321559998E+06   2.7197913740090001E+06  -6.1904368790000000E+04
  2.8558824178720000E+06   2.7486402921389998E+06  -1.5835587745900001E+05
  2.9137650604450000E+06   2.7292103109410000E+06  -6.0106323189000002E+04
  2.8211269716880000E+06   2.6815193508690000E+06  -1.2551196388400000E+05
  2.8421404782480001E+06   2.7821769971579998E+06  -2.2297742623899999E+05
  2.8733814775470002E+06   2.8072925346289999E+06  -1.8196974564000001E+05
  2.8455436814100002E+06   2.7830203291779999E+06  -2.1732647757799999E+05
  2.8931513485790002E+06   2.7513144423340000E+06  -1.0280675961400000E+05
  2.8876973623029999E+06   2.8284392370320000E+06  -1.6506390572600000E+05
  2.8504608641769998E+06   2.7264332590649999E+06  -1.4176395043400000E+05
  2.8984508364169998E+06   2.7471995340430001E+06  -9.1230452403000003E+04
  2.9094063875170001E+06   2.8551965181620000E+06  -1.4434741178400000E+05
  2.8654502486240002E+06   2.8282626766249998E+06  -1.9947479065000001E+05
  2.8923944506549998E+06   2.7559499465390001E+06  -1.0703666277200000E+05
  2.8850609104260001E+06   2.7147962998179998E+06  -8.1943079215000005E+04
  2.9032887289300002E+06   2.7301450567720002E+06  -7.1480495964000002E+04
  2.8454462470669998E+06   2.7897864770590002E+06  -2.2431890234700000E+05
  2.8299121578380000E+06   2.7277992954980000E+06  -1.7120909604100001E+05
  2.8206997000170001E+06   2.7073345924990000E+06  -1.5600680237900000E+05
  2.8977437992139999E+06   2.7917794992069998E+06  -1.3025876202600000E+05
  2.8766576822520001E+06   2.7762479641249999E+06  -1.5129845695399999E+05
  2.8437024543070002E+06   2.7679544284799998E+06  -2.0264162174999999E+05
  2.9075907845979999E+06   2.7536058360690000E+06  -8.4342161263000002E+04
  2.9054599050099999E+06   2.7731119524969999E+06  -1.0276977266900000E+05
  2.8941198947290001E+06   2.8118439846250000E+06  -1.4913900467299999E+05
  2.8610060702010002E+06   2.7936646013890002E+06  -1.9712061575699999E+05
  2.9009727240220001E+06   2.7178770420070002E+06  -6.6030831162000002E+04
  2.8403160156379999E+06   2.7462586468920000E+06  -1.7998447672400001E+05
  2.9283612814560002E+06   2.8169503140520002E+06  -1.0480057761199999E+05
  2.8592025543930000E+06   2.7179166615510001E+06  -1.2065264657200000E+05
  2.8986702251519999E+06   2.8406397521540001E+06  -1.5270132190200000E+05
  2.8643418117300002E+06   2.8085493451089999E+06  -2.0022716585399999E+05
  2.8753222157430002E+06   2.7550593761510001E+06  -1.3231555489900001E+05
  2.8577109833049998E+06   2.7405583011190002E+06  -1.4700288967900001E+05
  2.8085262792570000E+06   2.6871594441160001E+06  -1.4256330194100001E+05
  2.9086587985270000E+06   2.7871119331210000E+06  -1.0888865854400001E+05
  2.9054257761039999E+06   2.7990310354439998E+06  -1.2370311644600000E+05
  2.8501889831099999E+06   2.6994677132549998E+06  -1.1352932676600000E+05
  2.8397563891540002E+06   2.7743103899470000E+06  -2.1818128631600001E+05
  2.8758989037130000E+06   2.7632854646649999E+06  -1.3947512456200001E+05
  2.9032268325270000E+06   2.7462190507029998E+06  -8.4627712266000002E+04
  2.8685798474300001E+06   2.6867122490010001E+06  -7.5168248334000004E+04
  2.9319496126210000E+06   2.8218963186220000E+06  -1.0293730182800000E+05
  2.8747470825689998E+06   2.7938590495969998E+06  -1.6973631583599999E+05
  2.9101403121850002E+06   2.7682352328510000E+06  -9.2092295385999998E+04
  2.8369490848790002E+06   2.7363195626369999E+06  -1.7284587592900000E+05
  2.8509689607790001E+06   2.7892583237040001E+06  -2.1261859025499999E+05
  2.9120149061590000E+06   2.7227338050290002E+06  -5.7221359789000002E+04
  2.9026155770870000E+06   2.7192415856949999E+06  -6.4930182072000003E+04
  2.8891410117560001E+06   2.8067452246090001E+06  -1.5494497829999999E+05
  2.8326093981849998E+06   2.7190400393220000E+06  -1.5718683656100000E+05
  2.8776087348050000E+06   2.8160388455099999E+06  -1.7802533509700000E+05
  2.8391764609449999E+06   2.6799479079900002E+06  -1.0502700703900000E+05
  2.8397703874390000E+06   2.6744691333450000E+06  -9.6148312371000007E+04
  2.8785520905990000E+06   2.7856642616949999E+06  -1.5691593752899999E+05
  2.8433732310219998E+06   2.7443880164100002E+06  -1.7220711539100000E+05
  2.9088620237340000E+06   2.7224352217819998E+06  -5.9862131185999999E+04
  2.8719942023800001E+06   2.7816654560250002E+06  -1.6504543783700000E+05
  2.9179487121529998E+06   2.7658377110540001E+06  -8.0058056058999995E+04
  2.8967109765909999E+06   2.8274362341060000E+06  -1.5207717473999999E+05
  2.8814056722690002E+06   2.7911290748330001E+06  -1.5667407543500001E+05
  2.8090263995320001E+06   2.7183337734810002E+06  -1.8631400353600000E+05
  2.8587292604270000E+06   2.7556303338279999E+06  -1.6201011295800001E+05
  2.8148795805210001E+06   2.7299896664720001E+06  -1.9725975726899999E+05
  2.9090112096910002E+06   2.8429964934410001E+06  -1.4262371224100000E+05
  2.8754514322890001E+06   2.7613273719660002E+06  -1.3819682134900001E+05
  2.8599252828650000E+06   2.7872197616670001E+06  -1.9278289399099999E+05
  2.8935103652160000E+06   2.7556078941230001E+06  -1.0494237703700000E+05
  2.8635150992999999E+06   2.7608942776839999E+06  -1.5946913804500000E+05
  2.8179656678579999E+06   2.6859040945400000E+06  -1.3339371910799999E+05
  2.8803158436010000E+06   2.7661071005020002E+06  -1.3590580752100001E+05
  2.8644019166890001E+06   2.7535738692009998E+06  -1.4895324857400000E+05
  2.9298526608360000E+06   2.8476091783099999E+06  -1.2124458048999999E+05
  2.9008435056659998E+06   2.7466550700810002E+06  -8.7837281369999997E+04
  2.9139304560329998E+06   2.7502315132829999E+06  -7.3930064807999996E+04
  2.8937352699500001E+06   2.8037994212940000E+06  -1.4579284333999999E+05
  2.9117761568419999E+06   2.7460597845850000E+06  -7.2889039103999996E+04
  2.9058513649100000E+06   2.7492140382599998E+06  -8.3618840056000001E+04
  2.8963812666610000E+06   2.8251644986089999E+06  -1.5164737607000000E+05
  2.8815426631789999E+06   2.7657088587090001E+06  -1.3389558006800001E+05
  2.8859767057699999E+06   2.7228420690850001E+06  -8.7729186809000006E+04
  2.9067203366490002E+06   2.7514074002850000E+06  -8.3979698143000001E+04
  2.8751317993979999E+06   2.6972305481420001E+06  -7.8119312499000007E+04
  2.8078355701130000E+06   2.7211418537969999E+06  -1.9283863939000000E+05
  2.8796772715039998E+06   2.7997651646840000E+06  -1.6578443287500000E+05
  2.9161419938630001E+06   2.7614678607939999E+06  -7.9282765480999995E+04
  2.8150662138089999E+06   2.7243895328299999E+06  -1.8754631552400001E+05
  2.8168247288830001E+06   2.7252184998380002E+06  -1.8623245473800000E+05
  2.9098612329380000E+06   2.8372659195309998E+06  -1.3986929864299999E+05
  2.8831046287070001E+06   2.7673373428819999E+06  -1.3308591493200001E+05
  2.8515085784809999E+06   2.7913489486540002E+06  -2.1361660973400000E+05
  2.8576306808940000E+06   2.7536191823939998E+06  -1.6140428998599999E+05
  2.9155471777220001E+06   2.7662222690889998E+06  -8.3408671482000005E+04
  2.8506061653310000E+06   2.7110646110410001E+06  -1.2558383378500000E+05
  2.8513565861149998E+06   2.7130791669859998E+06  -1.2671179203700001E+05
  2.9068246948890002E+06   2.7977659766480001E+06  -1.2000970323400000E+05
  2.8911429286039998E+06   2.7366948016670002E+06  -9.2803064352999994E+04
  2.8207089165210002E+06   2.7259399769359999E+06  -1.8161804631100001E+05
  2.9110933815469998E+06   2.8363000005250000E+06  -1.3805330430600001E+05
  2.8454984041019999E+06   2.7483527504690001E+06  -1.7358028702799999E+05
  2.8645890898460001E+06   2.7759306164640002E+06  -1.7259728882300001E+05
  2.9316814275590000E+06   2.8112615762990001E+06  -9.5938298234000002E+04
  2.8262904343860000E+06   2.7464643710550000E+06  -2.0435896497500001E+05
  2.8255507576690000E+06   2.7378425956299999E+06  -1.9291592058300000E+05
  2.8333347442780002E+06   2.6999976758790002E+06  -1.3504712400300000E+05
  2.9125727383929999E+06   2.8276296419380000E+06  -1.3239707730599999E+05
  2.8928031018800000E+06   2.7449297260099999E+06  -9.7102461893000000E+04
  2.8553077621499998E+06   2.7061347070350000E+06  -1.1347585706400000E+05
  2.8100044372890000E+06   2.6816303610330001E+06  -1.3397165635500001E+05
  2.9199102861000001E+06   2.7376513177029998E+06  -5.9141252559000000E+04
  2.8638010322980001E+06   2.7386539168340000E+06  -1.3523228101700000E+05
  2.8783417016110001E+06   2.7919381577940001E+06  -1.6214777964800000E+05
  2.8375037746569999E+06   2.7227946873900001E+06  -1.5565452496499999E+05
  2.8054069837540002E+06   2.7039897467100001E+06  -1.6828155637899999E+05
  2.9112774260010002E+06   2.7971143399149999E+06  -1.1262999477900000E+05
  2.8368069657490002E+06   2.7664966742240000E+06  -2.1338508889200000E+05
  2.9126053546469999E+06   2.7248830066640000E+06  -5.8170035202999999E+04
  2.9148820508070001E+06   2.8459334229150000E+06  -1.3722655686700001E+05
  2.9146245936909998E+06   2.8436277364770002E+06  -1.3677116697600001E+05
  2.8231977170589999E+06   2.6958314967310000E+06  -1.4082933823299999E+05
  2.8950811985080000E+06   2.8239898124589999E+06  -1.5309577928399999E+05
  2.8844627022440000E+06   2.7129475673119999E+06  -8.1031079970000006E+04
  2.8521568960500001E+06   2.7274641323810001E+06  -1.4038571936500000E+05
  2.9248595776100000E+06   2.8402402556570000E+06  -1.2342139487100000E+05
  2.9131890052120001E+06   2.7270432515759999E+06  -5.9132421036000000E+04
  2.9299444640509998E+06   2.7990905057910001E+06  -8.9754666280999998E+04
  2.8790875647430001E+06   2.7665017272689999E+06  -1.3791491484899999E+05
  2.8970388939140001E+06   2.7672920470630000E+06  -1.1029980291600000E+05
  2.8521757612629998E+06   2.7343342264640001E+06  -1.4823593284900000E+05
  2.9170188237310001E+06   2.7636695234730002E+06  -7.9643257809999996E+04
  2.8666601811739998E+06   2.7609446066609998E+06  -1.5318474792699999E+05
  2.9061752196970000E+06   2.8451544368170002E+06  -1.4586822077900000E+05
  2.7982805525880000E+06   2.6890570644970001E+06  -1.5067090483300001E+05
  2.8422183580540000E+06   2.7663342849249998E+06  -2.0363720179200001E+05
  2.8624250680600000E+06   2.7758042368180002E+06  -1.7618186344500000E+05
  2.9296828418540000E+06   2.8284532970220000E+06  -1.0932814069600000E+05
  2.9332175447519999E+06   2.8430733498930000E+06  -1.1476593206599999E+05
  2.9202894177589999E+06   2.7398401746470002E+06  -6.0038698063000003E+04
  2.8256070342359999E+06   2.7496273144629998E+06  -2.1007235036200000E+05
  2.9311714823139999E+06   2.8128514742549998E+06  -9.7690730897999994E+04
  2.8994738483679998E+06   2.8010448414059998E+06  -1.3468132868300000E+05
  2.8638091455029999E+06   2.7838023694119998E+06  -1.8228800469100001E+05
  2.8919251703679999E+06   2.7517399893769999E+06  -1.0481649735200001E+05
  2.9392487408300000E+06   2.8276122858529999E+06  -9.8044951497999995E+04
  2.8631289280630001E+06   2.7295570745440000E+06  -1.2692951136700000E+05
  2.8617826050379998E+06   2.7768108441150002E+06  -1.7830595762299999E+05
  2.9082569586789999E+06   2.7203118358610002E+06  -5.8931553653000003E+04
  2.8597217841449999E+06   2.7576517311049998E+06  -1.6260128998000000E+05
  2.8464451104720002E+06   2.6898674799259999E+06  -1.0745071693200000E+05
  2.8750065995970001E+06   2.7593693510799999E+06  -1.3691496442999999E+05
  2.8821494637670000E+06   2.7097712372150002E+06  -8.1126525131000002E+04
  2.8774951400090000E+06   2.7648921951569999E+06  -1.3869808810500000E+05
  2.8592187743340000E+06   2.7877607430850002E+06  -1.9486183260699999E+05
  2.8811034229799998E+06   2.8224439879680001E+06  -1.7306618930299999E+05
  2.9037671608529999E+06   2.7184248969620001E+06  -6.3002446605999998E+04
  2.9055363807390002E+06   2.7973714011329999E+06  -1.2197592207600000E+05
  2.9002364244630001E+06   2.7479006606239998E+06  -8.9649260251000000E+04
  2.8882671064459998E+06   2.8331828445500000E+06  -1.6540111122300001E+05
  2.9319840735249999E+06   2.8394093575100000E+06  -1.1431826752199999E+05
  2.8187383239690000E+06   2.7065489182970002E+06  -1.5709891897900001E+05
  2.8731021742699998E+06   2.8104511126779998E+06  -1.8448428108900000E+05
  2.8723692225279999E+06   2.8136814465890001E+06  -1.8680742058999999E+05
  2.8833729448739998E+06   2.8124434138139999E+06  -1.6678272211999999E+05
  2.9240021076480001E+06   2.8493354592570001E+06  -1.2860334251300000E+05
  2.8469544655700000E+06   2.7754497799740001E+06  -2.0525845815100000E+05
  2.8622279960759999E+06   2.7853342910739998E+06  -1.8646343732900001E+05
  2.8845945960189998E+06   2.7690084466659999E+06  -1.3222160823700001E+05
  2.8326968361060000E+06   2.7296299010910001E+06  -1.6966207648200000E+05
  2.8628600728099998E+06   2.7517848613290000E+06  -1.4946986110899999E+05
  2.8122435339690000E+06   2.6825370935999998E+06  -1.3355009755599999E+05
  2.8913415615030001E+06   2.7999712180400002E+06  -1.4696930917699999E+05
  2.8402273790560002E+06   2.7384697009910000E+06  -1.7011082405000000E+05
  2.8290398872500001E+06   2.6885909147490002E+06  -1.2696165939600000E+05
  2.9071175319460002E+06   2.7944584870179999E+06  -1.1659463999200000E+05
  2.8646994433390000E+06   2.7554133173619998E+06  -1.5056443713400001E+05
  2.8559417024989999E+06   2.7776942690940001E+06  -1.9019400311600001E+05
  2.8121241822040002E+06   2.7163271216940000E+06  -1.7857666863199999E+05
  2.9159648455690001E+06   2.7981570089790002E+06  -1.0708426560400000E+05
  2.9363534644619999E+06   2.7984214805979999E+06  -8.1613172508999996E+04
  2.9181146543709999E+06   2.8296542895100000E+06  -1.2610406989300001E+05
  2.8521710731199998E+06   2.8016580389439999E+06  -2.1968525900200001E+05
  2.8709180108249998E+06   2.7665851564859999E+06  -1.5145871056100001E+05
  2.8180002094290000E+06   2.7075591083559999E+06  -1.5915590997899999E+05
  2.8191799927369999E+06   2.7415887370850001E+06  -2.0901060318400001E+05
  2.8390849685330000E+06   2.7279067804700001E+06  -1.5939184746799999E+05
  2.8963807283319999E+06   2.7782833805780001E+06  -1.2049274607800000E+05
  2.8734268610149999E+06   2.7577467573980000E+06  -1.3769389247300001E+05
  2.9320946441250001E+06   2.7760908760670000E+06  -7.1065933948999998E+04
  2.8413278141129999E+06   2.7667028129309998E+06  -2.0584115304899999E+05
  2.8386951098540002E+06   2.7770918805359998E+06  -2.2354938051600000E+05
  2.9128545084090000E+06   2.7481466118850000E+06  -7.3408825486999995E+04
  2.8814895743610002E+06   2.7077568248230000E+06  -8.0184554696000007E+04
  2.8625521179479999E+06   2.6960041191039998E+06  -9.1956035226000007E+04
  2.9250758711999999E+06   2.8478239723430001E+06  -1.2711516386600000E+05
  2.8577240140780001E+06   2.7889983291179999E+06  -1.9908620659900000E+05
  2.8192454428349999E+06   2.7093727074440001E+06  -1.6009637523800001E+05
  2.8380055626510000E+06   2.7637163624649998E+06  -2.0773843832700001E+05
  2.8451394626569999E+06   2.7533761305519999E+06  -1.8059813173100000E+05
  2.8145062609919999E+06   2.6970313478589999E+06  -1.4951194055500001E+05
  2.8838281614350001E+06   2.7110181061990000E+06  -8.0092461039000002E+04
  2.9282680325610000E+06   2.8049235611939998E+06  -9.5756865487000003E+04
  2.9289102638240000E+06   2.8032450068669999E+06  -9.3884645816999997E+04
  2.9325278263099999E+06   2.8377838654250000E+06  -1.1278287481400000E+05
  2.9123244282650002E+06   2.8007842235460002E+06  -1.1402867162800000E+05
  2.8560298399439999E+06   2.7299340485240002E+06  -1.3820672005599999E+05
  2.9118376612129998E+06   2.8150563507800000E+06  -1.2573896146599999E+05
  2.8376643528129999E+06   2.7432293911959999E+06  -1.8074166997200000E+05
  2.8612972649969999E+06   2.7585438555339999E+06  -1.6120314521700001E+05
  2.8450000277550002E+06   2.7809187136080000E+06  -2.1627124525199999E+05
  2.8797734396719998E+06   2.7064633647739999E+06  -8.1218996711999993E+04
  2.8285120646440000E+06   2.7105351032860000E+06  -1.5152738381500001E+05
  2.8242188937789998E+06   2.6729205977909998E+06  -1.1267891811100001E+05
  2.8578017313770000E+06   2.7182312668329999E+06  -1.2292805392100000E+05
  2.8386212610650002E+06   2.7248287533640000E+06  -1.5646866715699999E+05
  2.8964859820070001E+06   2.7653794171710000E+06  -1.0897145401400000E+05
  2.9157772090530000E+06   2.8253790354660000E+06  -1.2686788516000001E+05
  2.9148018201279999E+06   2.8230881455029999E+06  -1.2689854881800000E+05
  2.8492377860400002E+06   2.6853049803780001E+06  -9.7876688938000007E+04
  2.8980173382299999E+06   2.8007519811680000E+06  -1.3654481908900000E+05
  2.8746749053199999E+06   2.7136055218349998E+06  -9.5151141134000005E+04
  2.8464785246540001E+06   2.6873544864130002E+06  -1.0421523113900000E+05
  2.7999092791980002E+06   2.7054861881570001E+06  -1.7742640356300000E+05
  2.8730208435399998E+06   2.7557721995359999E+06  -1.3642009245800000E+05
  2.8510835781740001E+06   2.6787121345520001E+06  -8.7148340998000000E+04
  2.8506832824700000E+06   2.7651960297810002E+06  -1.8513910679100000E+05
  2.8185376845120001E+06   2.7103935715330001E+06  -1.6211630932100001E+05
  2.8743206282589999E+06   2.8118564826090001E+06  -1.8295645418000000E+05
  2.8460703236290002E+06   2.7757647687610001E+06  -2.0739155542200000E+05
  2.9063365628840001E+06   2.8298537611980001E+06  -1.4116516989799999E+05
  2.9235827168620001E+06   2.8086406914679999E+06  -1.0459692029100000E+05
  2.9097546817109999E+06   2.7968191589449998E+06  -1.1446586653800000E+05
  2.8538012527009998E+06   2.7352952117570001E+06  -1.4693990934499999E+05
  2.9039643328000000E+06   2.7714767877910002E+06  -1.0365549810400000E+05
  2.8787299067290002E+06   2.7071750788750001E+06  -8.3181658360000001E+04
  2.9259458851629999E+06   2.7642467827450000E+06  -7.0591493751000002E+04
  2.8675334370260001E+06   2.7709246692440002E+06  -1.6208736952400001E+05
  2.8574901202309998E+06   2.7370963796870001E+06  -1.4375006638100001E+05
  2.9239426403049999E+06   2.8070895931009999E+06  -1.0279515865400000E+05
  2.8242775246489998E+06   2.7360587829880002E+06  -1.9213310127000001E+05
  2.9301094893990001E+06   2.7867785213359999E+06  -8.1482018412000005E+04
  2.9249957934800000E+06   2.7656429689340000E+06  -7.2319818188000005E+04
  2.8491770632420001E+06   2.6775823487350000E+06  -8.8094338290000000E+04
  2.9028328369780001E+06   2.7718467690619999E+06  -1.0574651233899999E+05
  2.9313054056770001E+06   2.7598019671740001E+06  -6.2124262753000003E+04
  2.8760473556700000E+06   2.7982976025769999E+06  -1.7075120652700000E+05
  2.8744171724810000E+06   2.8032774235040001E+06  -1.7740151727800001E+05
  2.8463033687720001E+06   2.6772000866600000E+06  -9.1116612294999999E+04
  2.8794863621979998E+06   2.8320920097050001E+06  -1.7668451716700001E+05
  2.8082434459279999E+06   2.7202072377010002E+06  -1.9065093555500000E+05
  2.8407812306240001E+06   2.7714416920550000E+06  -2.1258876717000001E+05
  2.8178383879700000E+06   2.7114145492050000E+06  -1.6412743066499999E+05
  2.8572769975109999E+06   2.8082762502710000E+06  -2.1413606531100001E+05
  2.8407956724660001E+06   2.7452836678149998E+06  -1.7788751026400001E+05
  2.8790434654740002E+06   2.7941921042320002E+06  -1.6269009581100001E+05
  2.9233192625449998E+06   2.7966916543290000E+06  -9.5978817259999996E+04
  2.8901654161290000E+06   2.8487608600300001E+06  -1.6383534945300000E+05
  2.8797511669399999E+06   2.7964682179430001E+06  -1.6323928056200000E+05
  2.8629220609800001E+06   2.8198360572420000E+06  -2.0550400041899999E+05
  2.8014041812740001E+06   2.6853064651730000E+06  -1.4344302570000000E+05
  2.8888113195070000E+06   2.7484589463030002E+06  -1.0649357173700001E+05
  2.9119575284870001E+06   2.8225212708859998E+06  -1.3042358267400000E+05
  2.9116073989880001E+06   2.8242206341110002E+06  -1.3180808733400001E+05
  2.8386480077010002E+06   2.7373983158010002E+06  -1.7150500608699999E+05
  2.8748815730800000E+06   2.7530903827889999E+06  -1.3101812384800000E+05
  2.8323138277710001E+06   2.7365324392490000E+06  -1.8006162969000000E+05
  2.8573980760780000E+06   2.7480750485890000E+06  -1.5470409108799999E+05
  2.8403166103820000E+06   2.7671478930400000E+06  -2.0799451190099999E+05
  2.8770443816379998E+06   2.7058413146560001E+06  -8.4241177815000003E+04
  2.8752285736910002E+06   2.7045984131499999E+06  -8.5186545568000001E+04
  2.8559883735980000E+06   2.7681098167840000E+06  -1.7917297575400001E+05
  2.8643134698870000E+06   2.6972662443909999E+06  -9.0941037771999996E+04
  2.8257206629300001E+06   2.6860517807999998E+06  -1.2675406063800000E+05
  2.8912804592120000E+06   2.7433064241889999E+06  -9.7976702453000005E+04
  2.8314517736700000E+06   2.7578322225980000E+06  -2.1124839905000001E+05
  2.8464216021110001E+06   2.7896434629170001E+06  -2.2219893995599999E+05
  2.8649410808159998E+06   2.7882476646819999E+06  -1.8384045497799999E+05
  2.8814127819860000E+06   2.8167695904589999E+06  -1.7068138024699999E+05
  2.8482094821020002E+06   2.6783233837000001E+06  -9.0163258562000003E+04
  2.8956451144409999E+06   2.7243908415230000E+06  -7.6421453536999994E+04
  2.9087720705430000E+06   2.7326127159970002E+06  -6.7473237234999993E+04
  2.8146633841220001E+06   2.7253299901589998E+06  -1.8970799929899999E+05
  2.8584675698020002E+06   2.7446593428250002E+06  -1.4960263623800001E+05
  2.8793050991469999E+06   2.7801782199740000E+06  -1.5058848202900001E+05
  2.8612527138310000E+06   2.7630851634260002E+06  -1.6534865240600001E+05
  2.9292661153050000E+06   2.8300331161600002E+06  -1.1102675655999999E+05
  2.9293934712669998E+06   2.7955838335400000E+06  -8.7757997313999993E+04
  2.8568585437889998E+06   2.7335062928920002E+06  -1.4089191270399999E+05
  2.8699660148780001E+06   2.8358644161250000E+06  -1.9163615915900000E+05
  2.8734046150670000E+06   2.7033743888269998E+06  -8.6118591262999995E+04
  2.8965560295980000E+06   2.8004799285370000E+06  -1.3842867931199999E+05
  2.8455772578590000E+06   2.6880113098220001E+06  -1.0632318623500000E+05
  2.8541038479169998E+06   2.7284073308020001E+06  -1.3889647879600001E+05
  2.9304440956270001E+06   2.8321301456010002E+06  -1.1101996063099999E+05
  2.8772064197280002E+06   2.8082025734859998E+06  -1.7472244041600000E+05
  2.8473977287829998E+06   2.6866758489760002E+06  -1.0210912763000000E+05
  2.8972519167390000E+06   2.8525311418400002E+06  -1.5604865283000001E+05
  2.8697487578220000E+06   2.7009493937380002E+06  -8.8004983737999995E+04
  2.8660802814449999E+06   2.6985337028930001E+06  -8.9924394526000004E+04
  2.9373767795420000E+06   2.8006388161360002E+06  -8.1994590616999994E+04
  2.8549669000670002E+06   2.7952501427460001E+06  -2.1042408447400000E+05
  2.9341614103020001E+06   2.8207775772609999E+06  -9.9668548399000007E+04
  2.8639560748510002E+06   2.7769261500160000E+06  -1.7469393186099999E+05
  2.8715795038089999E+06   2.7021586544690002E+06  -8.7054824013999998E+04
  2.9017001039229999E+06   2.7722079102790002E+06  -1.0783163936900000E+05
  2.8722160898139998E+06   2.8208214725620002E+06  -1.8773815236199999E+05
  2.8770169945740001E+06   2.6984458489899999E+06  -7.7265652725000007E+04
  2.8270954612610000E+06   2.7434850652820002E+06  -1.9872777332599999E+05
  2.9313623796310001E+06   2.7773742208670001E+06  -7.2979564270999996E+04
  2.8618787042210000E+06   2.7576534178209999E+06  -1.5916878522200001E+05
  2.8602428464850001E+06   2.7757437006270001E+06  -1.7989748985899999E+05
  2.8191040266200001E+06   2.7132083113790001E+06  -1.6508238957999999E+05
  2.9005187355120000E+06   2.7725882007370000E+06  -1.0988313542799999E+05
  2.8586990228109998E+06   2.7673372185340002E+06  -1.7363838685800001E+05
  2.9173581254369998E+06   2.8188430960410000E+06  -1.2040522434500000E+05
  2.8875229965499998E+06   2.8175145582710002E+06  -1.6271608082300000E+05
  2.8174755605810001E+06   2.7437847184430002E+06  -2.1538824644100000E+05
  2.8421304326430000E+06   2.7753842822010000E+06  -2.1498747085400001E+05
  2.8282214128029998E+06   2.6831789174170000E+06  -1.2045237268900000E+05
  2.9197025514619998E+06   2.7804449109200002E+06  -8.9548965410999997E+04
  2.8679143580939998E+06   2.6997387127959998E+06  -8.8958111564999999E+04
  2.9181039929590002E+06   2.8156250886519998E+06  -1.1719585791100000E+05
  2.8651192274569999E+06   2.8078112498550001E+06  -1.9806630824899999E+05
  2.8676557507529999E+06   2.7089914746679999E+06  -9.9306869714000000E+04
  2.8170762847660002E+06   2.7019366310319998E+06  -1.5304987839699999E+05
  2.8006912284720000E+06   2.6897170731870001E+06  -1.5058684719000000E+05
  2.7977630775040002E+06   2.6943461287969998E+06  -1.5995185113800000E+05
  2.9023330789830000E+06   2.7279608981969999E+06  -7.1079028972000000E+04
  2.8826931969869998E+06   2.8541445070079998E+06  -1.7350056796600000E+05
  2.8847733492600000E+06   2.7232469192849998E+06  -8.9796266860999996E+04
  2.9033171150190001E+06   2.8447974996770001E+06  -1.4870209122999999E+05
  2.8483180022040000E+06   2.6859936465280000E+06  -9.9996884202000001E+04
  2.8390666000620001E+06   2.6774905505410000E+06  -1.0170577387200001E+05
  2.8140574492540001E+06   2.7170721450000000E+06  -1.7728530353100001E+05
  2.9133864354949999E+06   2.7399001182289999E+06  -6.6944623879000006E+04
  2.8744633315240000E+06   2.7511022934730002E+06  -1.2973719335000000E+05
  2.8676334396569999E+06   2.7682774334700000E+06  -1.5920328308200001E+05
  2.8895500961759998E+06   2.7460720121430000E+06  -1.0325939790800000E+05
  2.8927399374899999E+06   2.7835396770339999E+06  -1.3159709558699999E+05
  2.8589619272269998E+06   2.8011504365829998E+06  -2.0697824177200001E+05
  2.8912888127060002E+06   2.6994127553400001E+06  -6.2229657949000000E+04
  2.8840072836000002E+06   2.8272592509010001E+06  -1.6987736355400001E+05
  2.8903913469400001E+06   2.7500859834199999E+06  -1.0567635761900000E+05
  2.9208453663770002E+06   2.8251131961159999E+06  -1.1984076227100000E+05
  2.9069418372900002E+06   2.7961131515420000E+06  -1.1827695429800000E+05
  2.9209075990700000E+06   2.8060655082689999E+06  -1.0643132074600000E+05
  2.9093457489399998E+06   2.8325859833570002E+06  -1.3870526546299999E+05
  2.9164223697700002E+06   2.7498138783550002E+06  -7.0641476358999993E+04
  2.8215155065879999E+06   2.7382058802930000E+06  -2.0014853270300000E+05
  2.8985837784620002E+06   2.7689441132049998E+06  -1.0947391148100000E+05
  2.8537475527730002E+06   2.7751910275190002E+06  -1.9152372250500001E+05
  2.9015155288260002E+06   2.8361241754419999E+06  -1.4889536632199999E+05
  2.8630269626130001E+06   2.7845854224600000E+06  -1.8437423010200000E+05
  2.8721681147210002E+06   2.8231653700720002E+06  -1.8803935345800000E+05
  2.8700675698000002E+06   2.8381763663360002E+06  -1.9140689565600001E+05
  2.9316950541280000E+06   2.8341786573720002E+06  -1.1106319712100000E+05
  2.8229836775360000E+06   2.7185628726789998E+06  -1.6797990577099999E+05
  2.9153123580129999E+06   2.7408184129100000E+06  -6.5574799146000005E+04
  2.9274530992190000E+06   2.8472860312970001E+06  -1.2397397695100000E+05
  2.9001857186139999E+06   2.7792045738019999E+06  -1.1543004776300000E+05
  2.8789829632000001E+06   2.7975155815110002E+06  -1.6523345973900001E+05
  2.8969137243550001E+06   2.8095113182109999E+06  -1.4390716248200001E+05
  2.9398493128080000E+06   2.7860996878840001E+06  -7.0007530081999997E+04
  2.8524082128780000E+06   2.7909323288810002E+06  -2.1142588685499999E+05
  2.8999030737109999E+06   2.7771364511279999E+06  -1.1426041376400000E+05
  2.8849959617110002E+06   2.8440491067440002E+06  -1.7013816822299999E+05
  2.8593842536169998E+06   2.8156966311189998E+06  -2.1205575510700000E+05
  2.8888521519909999E+06   2.8568217635059999E+06  -1.6656293904299999E+05
  2.8167514025929999E+06   2.6841886656990000E+06  -1.3229947461599999E+05
  2.8786662773970002E+06   2.8118368574939999E+06  -1.7350188664800001E+05
  2.8260517476769998E+06   2.7212345532729998E+06  -1.6769105391900000E+05
  2.9129080241789999E+06   2.8078491065500001E+06  -1.1861447707800000E+05
  2.9383221151399999E+06   2.7886819021510002E+06  -7.3609761048000000E+04
  2.9190851540629999E+06   2.7833034204799999E+06  -9.2399638934999995E+04
  2.8086382428540001E+06   2.7192696006629998E+06  -1.8847626627500000E+05
  2.8248441701110001E+06   2.7194247022279999E+06  -1.6682266694800000E+05
  2.7989342728129998E+06   2.7065691645080000E+06  -1.8048651321800001E+05
  2.8607571067670002E+06   2.6838307723949999E+06  -8.1826938206000006E+04
  2.9305242631950001E+06   2.7976856222549998E+06  -8.7996848729999998E+04
  2.9237897155169998E+06   2.8317137514970000E+06  -1.1997685368099999E+05
  2.8587935821670000E+06   2.7270450297380001E+06  -1.3049076097700000E+05
  2.8805115719460002E+06   2.7821778250839999E+06  -1.5022869124900000E+05
  2.8864158660419998E+06   2.8272583192790002E+06  -1.6661510555000001E+05
  2.8731066731850002E+06   2.8246450493749999E+06  -1.8639894322300001E+05
  2.8284674056919999E+06   2.6991110468770000E+06  -1.4016594991000000E+05
  2.9018120919030001E+06   2.8433585775779998E+06  -1.4997280783800001E+05
  2.8825551547329999E+06   2.8157302375490000E+06  -1.6891834956400000E+05
  2.9146540592880002E+06   2.7742048369870000E+06  -9.0957252848000004E+04
  2.8216834862939999E+06   2.7167765759480000E+06  -1.6702092720400001E+05
  2.8778372993250000E+06   2.7729808783740001E+06  -1.4585354646700001E+05
  2.9144386046079998E+06   2.8080698839059998E+06  -1.1665139415399999E+05
  2.9329412601959999E+06   2.8362224299740000E+06  -1.1110856501500000E+05
  2.8581411131679998E+06   2.6977532424120000E+06  -1.0127887702900000E+05
  2.8963799184070001E+06   2.8022447338430001E+06  -1.4007208031700001E+05
  2.8137195920130000E+06   2.6907619338619998E+06  -1.4272578560300000E+05
  2.8446009825539999E+06   2.6887353100069999E+06  -1.0838714186100000E+05
  2.8919493282110002E+06   2.7408163673350001E+06  -9.4874474908000004E+04
  2.8545378199800001E+06   2.7590802361220000E+06  -1.7110485795999999E+05
  2.8071488923579999E+06   2.7175644269209998E+06  -1.8760397778500000E+05
  2.8741506281550000E+06   2.7160004038499999E+06  -9.8163504547999997E+04
  2.7992746536030001E+06   2.7099166803440000E+06  -1.8549576172499999E+05
  2.8083559457979999E+06   2.6939950707299998E+06  -1.5039187504300001E+05
  2.8203887287200000E+06   2.7149895865590000E+06  -1.6605392410500001E+05
  2.8740614538199999E+06   2.7490967851760001E+06  -1.2847629509699999E+05
  2.8453264317279998E+06   2.7035966004750002E+06  -1.2408678278700000E+05
  2.8458541573919998E+06   2.7265839352790001E+06  -1.4867960155799999E+05
  2.9065381488009999E+06   2.7661422279790002E+06  -9.5195780671000000E+04
  2.8851577584580001E+06   2.8461446272629998E+06  -1.6996083703400000E+05
  2.9040209688809998E+06   2.8341407360939998E+06  -1.4534107699599999E+05
  2.9265085689900001E+06   2.8044255010319999E+06  -9.7603137260000003E+04
  2.8685611004889999E+06   2.7593234894320001E+06  -1.4760517256300000E+05
  2.8586454071129998E+06   2.7464776684770002E+06  -1.5100885040000000E+05
  2.8873133985210001E+06   2.8368256237019999E+06  -1.6708112062400000E+05
  2.8971332814540002E+06   2.7848344493860002E+06  -1.2545100344600000E+05
  2.8325984391480000E+06   2.6970548541830000E+06  -1.3290940880800001E+05
  2.8056500185159999E+06   2.7158546351580000E+06  -1.8673699349399999E+05
  2.8840036821550000E+06   2.7953016708700000E+06  -1.5561016062300000E+05
  2.8863761398640000E+06   2.7428442077790000E+06  -1.0485764447699999E+05
  2.8581869247869998E+06   2.7642911031990000E+06  -1.7095550666300001E+05
  2.9180543421180001E+06   2.8350571269660001E+06  -1.2919493126899999E+05
  2.8870420567470002E+06   2.7269919744429998E+06  -8.9984880829999995E+04
  2.8255061865349999E+06   2.7221423323080000E+06  -1.6970697344999999E+05
  2.8974197930669999E+06   2.7255155973990001E+06  -7.5154274736000007E+04
  2.8387589150169999E+06   2.7452376046589999E+06  -1.8139968229999999E+05
  2.8179592960959999E+06   2.7008090492400001E+06  -1.5073440421899999E+05
  2.8654238254180001E+06   2.7968071826510001E+06  -1.9065152144400001E+05
  2.8923281050890000E+06   2.7267872915770002E+06  -8.2447928192000007E+04
  2.8566603725410001E+06   2.7192270128799998E+06  -1.2520775209600000E+05
  2.8993179093490001E+06   2.8126575463560000E+06  -1.4205513844899999E+05
  2.8488465891950000E+06   2.7056389477550001E+06  -1.2205766320800000E+05
  2.8732516110310000E+06   2.7450736774829999E+06  -1.2597535749600000E+05
  2.9131560261969999E+06   2.8246613255389999E+06  -1.3001585574600000E+05
  2.8680251768209999E+06   2.8362586099069999E+06  -1.9491330979999999E+05
  2.9263468195179999E+06   2.7485302385120001E+06  -5.9252867485000002E+04
  2.8454716622839998E+06   2.7738280826180000E+06  -2.0622502841500001E+05
  2.9165414784010001E+06   2.8293419261900000E+06  -1.2807589425400000E+05
  2.8825870113650002E+06   2.8260574601340001E+06  -1.7146975011200001E+05
  2.9140417655819999E+06   2.8115506512830001E+06  -1.1979670552700000E+05
  2.9274522130550002E+06   2.8012742073300001E+06  -9.4328742379999996E+04
  2.8795336441859999E+06   2.7016968402260002E+06  -7.7355668130000005E+04
  2.8876293894420001E+06   2.8153375355239999E+06  -1.6205644516500001E+05
  2.8529394857580001E+06   2.7857993793560001E+06  -2.0529318972600001E+05
  2.8436600315560000E+06   2.6894231263819998E+06  -1.1044817993200000E+05
  2.9212070630970001E+06   2.7975759664579998E+06  -9.9451487179999996E+04
  2.8125191440949999E+06   2.6979205028400002E+06  -1.5214423390900000E+05
  2.8448432634200002E+06   2.7591830337999999E+06  -1.8838506022499999E+05
  2.8198883884319998E+06   2.7018896692949999E+06  -1.5027941721000001E+05
  2.8932616041740002E+06   2.7005938502010000E+06  -6.1490894257000000E+04
  2.8879712492860002E+06   2.7444575819669999E+06  -1.0406713822500000E+05
  2.8975101750400001E+06   2.7779426269490002E+06  -1.1836801072999999E+05
  2.8332115556800002E+06   2.7483837573119998E+06  -1.9496165681799999E+05
  2.8062031870030002E+06   2.6864232984620002E+06  -1.4297109442400001E+05
  2.8871253343050000E+06   2.7404546312940000E+06  -1.0164750265500000E+05
  2.8647773431070000E+06   2.7368706076300000E+06  -1.3170044215700001E+05
  2.8937780590420002E+06   2.8018070811430002E+06  -1.4419673321199999E+05
  2.8634934202540000E+06   2.7478459435800002E+06  -1.4444200841300000E+05
  2.8950835779780000E+06   2.8019883004520000E+06  -1.4209779789300001E+05
  2.8511651226300001E+06   2.7216278564550001E+06  -1.3470410931500001E+05
  2.8457830731600001E+06   2.7804391150940000E+06  -2.1402258896100000E+05
  2.8713910458869999E+06   2.8145657516310001E+06  -1.8873504661799999E+05
  2.8563060194130000E+06   2.7905514103970001E+06  -2.0345944205799999E+05
  2.8399239358239998E+06   2.6768799749850002E+06  -9.9530421895000007E+04
  2.8675994431230002E+06   2.7165066870010002E+06  -1.0702686130400001E+05
  2.8943231727089998E+06   2.7303228299270002E+06  -8.2825294458000004E+04
  2.8777243047989998E+06   2.7004405815289998E+06  -7.8299300690000004E+04
  2.8635646534350002E+06   2.7315854706410002E+06  -1.2829277769800001E+05
  2.8652509275000002E+06   2.8305341686550002E+06  -1.9978680637599999E+05
  2.9243044490800002E+06   2.7937312974970001E+06  -9.2516216602000000E+04
  2.8562971567210001E+06   2.7372805539839999E+06  -1.4551844560199999E+05
  2.8053006948230001E+06   2.6989552279059999E+06  -1.5910042473000000E+05
  2.8812196744680000E+06   2.8248369308960000E+06  -1.7312318586400000E+05
  2.8724018569020000E+06   2.8423683610950001E+06  -1.8746476030299999E+05
  2.8815309300640002E+06   2.7892461592959999E+06  -1.5479939728700000E+05
  2.8736544363680002E+06   2.7470882632030002E+06  -1.2721974644300000E+05
  2.8903173134679999E+06   2.7047727356509999E+06  -6.7963135466000007E+04
  2.8325924504990000E+06   2.7317488378070001E+06  -1.7280593373200000E+05
  2.8631610497349999E+06   2.8153064794109999E+06  -2.0456282516099999E+05
  2.9121850495950002E+06   2.8134284941079998E+06  -1.2400827180100000E+05
  2.9037586810260001E+06   2.7864963803490000E+06  -1.1598557881599999E+05
  2.9381219729789998E+06   2.7852855714940000E+06  -7.1432166910999993E+04
  2.8631435516720000E+06   2.7072174776880001E+06  -1.0341549480000000E+05
  2.8414545455060001E+06   2.7734124148980002E+06  -2.1378986132000000E+05
  2.8866996852440001E+06   2.7384447100370000E+06  -1.0043385623600001E+05
  2.8769018451899998E+06   2.8267755176809998E+06  -1.8033706956900001E+05
  2.9132014858909999E+06   2.7811549522420000E+06  -9.8415642021000007E+04
  2.8817684026560001E+06   2.7825136035560002E+06  -1.4827036553899999E+05
  2.8494894353669998E+06   2.7451069092999999E+06  -1.6382351324500001E+05
  2.8991455417269999E+06   2.7602703374399999E+06  -1.0048113361800001E+05
  2.8531086274219998E+06   2.7798535059620002E+06  -1.9836658614299999E+05
  2.8626445736830002E+06   2.7321401130760000E+06  -1.3060535864000001E+05
  2.9194245478039999E+06   2.8056233900629999E+06  -1.0822782769200001E+05
  2.8361783671140000E+06   2.6820930959190000E+06  -1.1118571967599999E+05
  2.8651868103049998E+06   2.8221198949369998E+06  -2.0039591979200000E+05
  2.8952210314819999E+06   2.7017751733220001E+06  -6.0724752153000001E+04
  2.8427134683309998E+06   2.6900995260620001E+06  -1.1250098769800000E+05
  2.8042981517610000E+06   2.7072174067170001E+06  -1.7448281673699999E+05
  2.8534834394260002E+06   2.7648978023620001E+06  -1.7973388947299999E+05
  2.9262389927679999E+06   2.8359712525840001E+06  -1.1935610599000000E+05
  2.8968355924820001E+06   2.8158029888800001E+06  -1.4711683251599999E+05
  2.9076082925669998E+06   2.8288693451810000E+06  -1.3934373187200000E+05
  2.9366982891279999E+06   2.8020711675860002E+06  -8.3792607162999993E+04
  2.8741516976549998E+06   2.8238005270190001E+06  -1.8447975921200000E+05
  2.8408106682569999E+06   2.6890205237750001E+06  -1.1340251435600000E+05
  2.8571318347169999E+06   2.7622154332920001E+06  -1.7033405354200001E+05
  2.8904602335390002E+06   2.7392131670160000E+06  -9.5737631657000005E+04
  2.8144556875760001E+06   2.7380709308179999E+06  -2.1148376802500000E+05
  2.8150134527119999E+06   2.6959022043989999E+06  -1.4777767727300001E+05
  2.8316979519730001E+06   2.6885607729850002E+06  -1.2414035625899999E+05
  2.9189149624390001E+06   2.7406282755350000E+06  -6.1893029665000002E+04
  2.8874899688769998E+06   2.7807257195390002E+06  -1.3751611682800000E+05
  2.8665049047349999E+06   2.6930891251110001E+06  -8.3609902774999995E+04
  2.8753846286980002E+06   2.7992396708080000E+06  -1.7280848086499999E+05
  2.8928374579900000E+06   2.7082142693030001E+06  -6.8032896720000004E+04
  2.8544206509520002E+06   2.7669491635309998E+06  -1.8051119196000000E+05
  2.8848739897949998E+06   2.8026278750519999E+06  -1.5947067959099999E+05
  2.8863121386250001E+06   2.7364044169959999E+06  -9.9235274353999994E+04
  2.8948043825280000E+06   2.8057752025850001E+06  -1.4519194181200000E+05
  2.8772556254639998E+06   2.8301679181110002E+06  -1.8011086602099999E+05
  2.8180110967179998E+06   2.7397169708730001E+06  -2.0802332191299999E+05
  2.8551656846889998E+06   2.7445413763970002E+06  -1.5480402605600000E+05
  2.9283015971980002E+06   2.7984257545360001E+06  -9.1216950610999993E+04
  2.8740449033710002E+06   2.7773969719070001E+06  -1.5698693363900000E+05
  2.8156018015760002E+06   2.7280296883089999E+06  -1.9276375768600000E+05
  2.9294749914660002E+06   2.8452706591249998E+06  -1.2042840919100000E+05
  2.8027081859280001E+06   2.6844957029980002E+06  -1.4159257719200000E+05
  2.8597408364050002E+06   2.6848290632830001E+06  -8.4137905123999997E+04
  2.8557520711159999E+06   2.7089331951959999E+06  -1.1596553023800001E+05
  2.9389633281069999E+06   2.8345391625170000E+06  -1.0294140831400000E+05
  2.9058472908080001E+06   2.8252565783540001E+06  -1.3996101243199999E+05
  2.8744072831970002E+06   2.7446545117810001E+06  -1.2398179525200000E+05
  2.8933656582680000E+06   2.7102433596589998E+06  -6.8991783521000005E+04
  2.8176747768529998E+06   2.6832949417289998E+06  -1.3045055767600000E+05
  2.8398641050720001E+06   2.7472636558280000E+06  -1.8203975597100001E+05
  2.8799821812900002E+06   2.8466936233310001E+06  -1.7615798679400000E+05
  2.8591770888870000E+06   2.7247880066160001E+06  -1.2682641930199999E+05
  2.8886525498799998E+06   2.8404327160510002E+06  -1.6547754039700000E+05
  2.8782843736310001E+06   2.8095545403250000E+06  -1.7307322721099999E+05
  2.9001313883659998E+06   2.8371335284050000E+06  -1.5060585772100001E+05
  2.8568488278609999E+06   2.8037675429949998E+06  -2.1265859363300001E+05
  2.8657567911060001E+06   2.8124657000310002E+06  -1.9914886174900000E+05
  2.8587702036290001E+06   2.7227516205230001E+06  -1.2550869248600000E+05
  2.9179019153600000E+06   2.8383419240649999E+06  -1.3081825518100000E+05
  2.8728921554760002E+06   2.8316779290789999E+06  -1.8678429205200000E+05
  2.8915000732749999E+06   2.7153330839379998E+06  -7.4342270724999995E+04
  2.9055880915839998E+06   2.8150945350660002E+06  -1.3491195592199999E+05
  2.9170690261070002E+06   2.8203981769220000E+06  -1.2201688547300000E+05
  2.8970552053029998E+06   2.7030477996020000E+06  -5.9811842826000000E+04
  2.8800930296709999E+06   2.8075997240160001E+06  -1.6915552831900000E+05
  2.8399305478639998E+06   2.6945653658500002E+06  -1.2163295069300001E+05
  2.9132927704599998E+06   2.8157028007200002E+06  -1.2406584250499999E+05
  2.9158254654720002E+06   2.8323089356999998E+06  -1.3066921333400000E+05
  2.8218665386830000E+06   2.7371714285060000E+06  -1.9791091156499999E+05
  2.8867018197929999E+06   2.8296237437769999E+06  -1.6678060354300000E+05
  2.9372301407949999E+06   2.8340573338350002E+06  -1.0453704765500000E+05
  2.8389381615140000E+06   2.6903791070599998E+06  -1.1749054656400000E+05
  2.9211819408479999E+06   2.7442798415150000E+06  -6.1733806326999998E+04
  2.8930570113800000E+06   2.7137011680140002E+06  -7.1759348333000002E+04
  2.8398707513500000E+06   2.6897003516650000E+06  -1.1545172267300000E+05
  2.8829690438110000E+06   2.7845407000640002E+06  -1.4794598792700001E+05
  2.8806358150109998E+06   2.7009815641830000E+06  -7.5399860037999999E+04
  2.9182559724170002E+06   2.8224687008949998E+06  -1.2182473907000000E+05
  2.8600845888910000E+06   2.6976449215150001E+06  -9.7917728547000006E+04
  2.8066748762940001E+06   2.7240359586970001E+06  -1.9944539138799999E+05
  2.8574243864000002E+06   2.8105735425330000E+06  -2.1467051595100001E+05
  2.8785826188409999E+06   2.7284402148000002E+06  -1.0328926719400000E+05
  2.8869353930520001E+06   2.8320119461449999E+06  -1.6691062101700000E+05
  2.8959388140890002E+06   2.7361363809690000E+06  -8.5766946280999997E+04
  2.8859291101770001E+06   2.7343545016879998E+06  -9.8020445108999993E+04
  2.8912611440209998E+06   2.8428083068329999E+06  -1.6234075305599999E+05
  2.8581264967550002E+06   2.7252190468720002E+06  -1.2899384332200000E+05
  2.8631321923540002E+06   2.8175415321470001E+06  -2.0507984377800001E+05
  2.8407108669650001E+06   2.7804043789329999E+06  -2.2378704561800000E+05
  2.8746889341779999E+06   2.8001553763589999E+06  -1.7485791688700000E+05
  2.9009853383350000E+06   2.8543714724099999E+06  -1.5263594036199999E+05
  2.8911706266970001E+06   2.8404024958390002E+06  -1.6238782086099999E+05
  2.8041386090990002E+06   2.7141433246300002E+06  -1.8588488573899999E+05
  2.8217018484990001E+06   2.7005641513649998E+06  -1.4739269967800000E+05
  2.8638068527070000E+06   2.8276085226590000E+06  -2.0311642504100001E+05
  2.9136143875799999E+06   2.8027500865569999E+06  -1.1377551631200001E+05
  2.9364792454369999E+06   2.8304023901829999E+06  -1.0286289349000000E+05
  2.8883781756759998E+06   2.8117887111579999E+06  -1.5988452338200001E+05
  2.9247486034129998E+06   2.7842616080189999E+06  -8.5401210093999995E+04
  2.8404601721720002E+06   2.7540006900399998E+06  -1.8951846207600000E+05
  2.8459961309710001E+06   2.7473635105630001E+06  -1.7143221293400001E+05
  2.8227741445760000E+06   2.7233186725209998E+06  -1.7480063248100001E+05
  2.9163736346109998E+06   2.8472425055959998E+06  -1.3597211359900000E+05
  2.8544176224890002E+06   2.8034749982400001E+06  -2.1682456938900001E+05
  2.8900762214110000E+06   2.7371645349679999E+06  -9.4662736355999994E+04
  2.8634000930180000E+06   2.7926692758820001E+06  -1.9080047556600001E+05
  2.9151556561019998E+06   2.8030399022840001E+06  -1.1193390942900001E+05
  2.8386572882780000E+06   2.7180193939499999E+06  -1.4861724225600000E+05
  2.8915914958469998E+06   2.8498559025760000E+06  -1.6220487568500001E+05
  2.8855525094750002E+06   2.7322830498380000E+06  -9.6772808302999998E+04
  2.8420660132539999E+06   2.7513114112030002E+06  -1.8332913025900000E+05
  2.8739807897259998E+06   2.7426439689500001E+06  -1.2275023055599999E+05
  2.8694257344129998E+06   2.7647116340279998E+06  -1.5204881207600000E+05
  2.9001688322689999E+06   2.8395643787600002E+06  -1.5098105237900000E+05
  2.8990610319790002E+06   2.8105738926160000E+06  -1.4128391586800001E+05
  2.8680230992939998E+06   2.7628260675769998E+06  -1.5262372639000000E+05
  2.8346004489770001E+06   2.7107138723499998E+06  -1.4507155011300000E+05
  2.8662806693489999E+06   2.8188723375100000E+06  -1.9817078133800000E+05
  2.8646871478889999E+06   2.7353880480749998E+06  -1.3027792579199999E+05
  2.8841690859090001E+06   2.7865869483800000E+06  -1.4764004549799999E+05
  2.9077006587319998E+06   2.7895000286190002E+06  -1.1203540552700000E+05
  2.9287271048710002E+06   2.7603062227400001E+06  -6.5247527705000000E+04
  2.8370372760859998E+06   2.6892909655169998E+06  -1.1837764410400001E+05
  2.9094408950100001E+06   2.8575370368389999E+06  -1.4474905695900001E+05
  2.8789786810400002E+06   2.8086308802490002E+06  -1.7100300658099999E+05
  2.9347522588700000E+06   2.8299265055089998E+06  -1.0445572091300000E+05
  2.8555887416659999E+06   2.7611351567110000E+06  -1.7170919824600001E+05
  2.9355704605769999E+06   2.7928317802120000E+06  -7.9282538012000005E+04
  2.8767160445500002E+06   2.7265184933779999E+06  -1.0419092380200000E+05
  2.8405043862310001E+06   2.7190726338599999E+06  -1.4739124831400000E+05
  2.8549831895909999E+06   2.7304803642150001E+06  -1.4021479196700000E+05
  2.8623547839910001E+06   2.7824784709359999E+06  -1.8359696754200000E+05
  2.8094372679960001E+06   2.6932482462829999E+06  -1.4879282473500000E+05
  2.8583819255280001E+06   2.7935328660260001E+06  -2.0237956372599999E+05
  2.8739220882090000E+06   2.8010491901219999E+06  -1.7688853793100000E+05
  2.8320303761250000E+06   2.6824887730230000E+06  -1.1607089263700000E+05
  2.8409697314129998E+06   2.7492910879139998E+06  -1.8268081668700001E+05
  2.8971402829260002E+06   2.8077443617250002E+06  -1.4271793243799999E+05
  2.8166974467710000E+06   2.6906795668959999E+06  -1.4022746347799999E+05
  2.8648718077480001E+06   2.7084898087840001E+06  -1.0237360828400000E+05
  2.9341250629639998E+06   2.8262002691700002E+06  -1.0285475451699999E+05
  2.8644310915250001E+06   2.7683848380689998E+06  -1.6513063776499999E+05
  2.8026499968679999E+06   2.7124206253760001E+06  -1.8503837956400000E+05
  2.8081738091690000E+06   2.7258950001559998E+06  -2.0029397626100000E+05
  2.8142497815780002E+06   2.7262834301950000E+06  -1.9190746287100000E+05
  2.9197773179390002E+06   2.8107007345980001E+06  -1.1162359761700001E+05
  2.9360247126349998E+06   2.8035698216559999E+06  -8.5562725997000001E+04
  2.8551828858249998E+06   2.7579934266229998E+06  -1.6922563110000000E+05
  2.8973180723790000E+06   2.7416905075039999E+06  -8.8342765255000006E+04
  2.8327832575460002E+06   2.6940238248370001E+06  -1.2956272595800000E+05
  2.8249386101219999E+06   2.6803729426679998E+06  -1.2080044265100000E+05
  2.8475504278830001E+06   2.7773768767450000E+06  -2.0641868408800001E+05
  2.8585384056460001E+06   2.8182676509199999E+06  -2.1446579776799999E+05
  2.9092241551009999E+06   2.8224752623350001E+06  -1.3398529945500000E+05
  2.9391514092970002E+06   2.7873513043889999E+06  -7.1887666847000000E+04
  2.8824467615609998E+06   2.7022377219910002E+06  -7.4454254327000002E+04
  2.9004117115549999E+06   2.7507960709030000E+06  -9.1931736059000003E+04
  2.8878231186710000E+06   2.7943390399310002E+06  -1.4831805829500000E+05
  2.8161397492780001E+06   2.7385275904640001E+06  -2.0932884962500000E+05
  2.9208703304989999E+06   2.7799441034570001E+06  -8.7660644056999998E+04
  2.8536965925360001E+06   2.7819072113859998E+06  -1.9969170165500001E+05
  2.8815739359209999E+06   2.8088645223030001E+06  -1.6776739579400001E+05
  2.8861533355339998E+06   2.7988610222769999E+06  -1.5480852479600001E+05
  2.8939062779279999E+06   2.8452486436319998E+06  -1.5917596507199999E+05
  2.8562101115440000E+06   2.7478481089189998E+06  -1.5664233695200001E+05
  2.8399839656739999E+06   2.7337046386020002E+06  -1.6486283225300000E+05
  2.8714398213579999E+06   2.8121934351110002E+06  -1.8842978034699999E+05
  2.8506590922719999E+06   2.7587717363209999E+06  -1.7745809964700000E+05
  2.8249285958699998E+06   2.7503294077750002E+06  -2.1225421223300000E+05
  2.8930302227440001E+06   2.8172205243409998E+06  -1.5387760555800001E+05
  2.8736254603550001E+06   2.8431504326900002E+06  -1.8567025869799999E+05
  2.8937711106699998E+06   2.8428740239650002E+06  -1.5923437032399999E+05
  2.8446483526519998E+06   2.7543316541080000E+06  -1.8265898537200000E+05
  2.9054962176259998E+06   2.8231247793049999E+06  -1.3929894295299999E+05
  2.9324092557810000E+06   2.8257166476850002E+06  -1.0445920419600001E+05
  2.8578385678440002E+06   2.6837865912670000E+06  -8.5293827560999998E+04
  2.9197259621649999E+06   2.8229993338489998E+06  -1.2004148135900000E+05
  2.8492792705279998E+06   2.7532566914940001E+06  -1.7325409143000000E+05
  2.8649599332190002E+06   2.8244712679010001E+06  -2.0076409748299999E+05
  2.8242302772289999E+06   2.7237463621040001E+06  -1.7353240656199999E+05
  2.8435991855799998E+06   2.7523373005829998E+06  -1.8196162667200001E+05
  2.8963893330319999E+06   2.8349543201500000E+06  -1.5505186067600001E+05
  2.8632485619709999E+06   2.7459318909729999E+06  -1.4302210065499999E+05
  2.8751471842120001E+06   2.8274177850919999E+06  -1.8325366487300000E+05
  2.8542018445740002E+06   2.7559118320479998E+06  -1.6872222641800001E+05
  2.8820787176419999E+06   2.7760073010010002E+06  -1.4199696269600000E+05
  2.8616379304160001E+06   2.7007142993410002E+06  -9.9051289449000004E+04
  2.8114931068090000E+06   2.6920990638970002E+06  -1.4605796889399999E+05
  2.8660833669309998E+06   2.7698288341000001E+06  -1.6358918054199999E+05
  2.8152212661560001E+06   2.7289867537389998E+06  -1.9500284095600000E+05
  2.8724566071469998E+06   2.7410309244519998E+06  -1.2353625682900001E+05
  2.9204060893259998E+06   2.8266847579040001E+06  -1.2134186756899999E+05
  2.9293195715020001E+06   2.8003788519310001E+06  -9.1451909975999995E+04
  2.8620337855529999E+06   2.7653899185850001E+06  -1.6633074591699999E+05
  2.8871258595179999E+06   2.8344205139110000E+06  -1.6700944144400000E+05
  2.8842591192859998E+06   2.7034882171930000E+06  -7.3501716841000001E+04
  2.8854041122909999E+06   2.7886191162859998E+06  -1.4734970017100000E+05
  2.8235852845810000E+06   2.7544463054880002E+06  -2.2027853525200000E+05
  2.8660783357640002E+06   2.8212765859010001E+06  -1.9848203719800001E+05
  2.9131904970479999E+06   2.7921259920549998E+06  -1.0610159857000000E+05
  2.8067489476890001E+06   2.7007662140529999E+06  -1.6050231812300000E+05
  2.8545609893939998E+06   2.7736305340280002E+06  -1.8817955058000001E+05
  2.8277312621419998E+06   2.6868798213330000E+06  -1.2585183619300000E+05
  2.8494924594769999E+06   2.6974934453199999E+06  -1.1219036172299999E+05
  2.8610000470079998E+06   2.8075578425659998E+06  -2.0684460678900001E+05
  2.9144225383299999E+06   2.8535879219080000E+06  -1.3912309219299999E+05
  2.9161223869880000E+06   2.8448936458669999E+06  -1.3568178010599999E+05
  2.9231103850030000E+06   2.7832900485510002E+06  -8.6957581588999994E+04
  2.8647374493399998E+06   2.8267943128000000E+06  -2.0112418879700001E+05
  2.8078676924109999E+06   2.7269909459380000E+06  -2.0248421284900000E+05
  2.8492216193110002E+06   2.7638691807590001E+06  -1.8618068103099999E+05
  2.8540431785430000E+06   2.7640006090110000E+06  -1.7769734259099999E+05
  2.8101460765149998E+06   2.7313873579270002E+06  -2.0643342671400000E+05
  2.8503430812760000E+06   2.7138198484390001E+06  -1.2861225972000000E+05
  2.9206352275169999E+06   2.7887209931009999E+06  -9.3770459759000005E+04
  2.8621745101800002E+06   2.8134232201720001E+06  -2.0600617699599999E+05
  2.8465709182549999E+06   2.7463278718699999E+06  -1.6933595084100001E+05
  2.8239367744990001E+06   2.7032959251370002E+06  -1.4841976730300000E+05
  2.8995669277260001E+06   2.7528823365330002E+06  -9.4828980299000003E+04
  2.8929974834190002E+06   2.8191425464260001E+06  -1.5449564133200000E+05
  2.8740826280169999E+06   2.8329526142810001E+06  -1.8502214992200001E+05
  2.8398967635949999E+06   2.7000211822409998E+06  -1.2705680655400000E+05
  2.8525695163400001E+06   2.7549421250220002E+06  -1.7012359907800000E+05
  2.8856879786250000E+06   2.8496670471089999E+06  -1.6928436760000000E+05
  2.8495368775379998E+06   2.7074482228760002E+06  -1.2309548983100000E+05
  2.8866474805600001E+06   2.7906564429810001E+06  -1.4707617261099999E+05
  2.9189826247169999E+06   2.7854139812880000E+06  -9.3864853797999996E+04
  2.8896415521370000E+06   2.7352152999920002E+06  -9.3575356360000005E+04
  2.8656597910090000E+06   2.7242285449740002E+06  -1.1734553937100001E+05
  2.8763776285040001E+06   2.7711214926519999E+06  -1.4648219019800000E+05
  2.8549624530179999E+06   2.7264861268159999E+06  -1.3527247645799999E+05
  2.8187061874429998E+06   2.7456875529789999E+06  -2.1611237210600000E+05
  2.8963300083010001E+06   2.8454595332120000E+06  -1.5607981701500001E+05
  2.8900522703580000E+06   2.8067841785929999E+06  -1.5319610932300001E+05
  2.8768801525790002E+06   2.7812603876490002E+06  -1.5592321103499999E+05
  2.8996288402590002E+06   2.8079595386040001E+06  -1.3898212299999999E+05
  2.8568287098389999E+06   2.7414120458709998E+06  -1.4921661131099999E+05
  2.9177908771380000E+06   2.7737281214410001E+06  -8.6551213059999995E+04
  2.8726577879969999E+06   2.7996881730289999E+06  -1.7839336587600000E+05
  2.8466922544709998E+06   2.6963809005860002E+06  -1.1460402190599999E+05
  2.8135284921030002E+06   2.7386361161930002E+06  -2.1397431605400000E+05
  2.8490214126970000E+06   2.7789979033700000E+06  -2.0547469963200000E+05
  2.8720243237250000E+06   2.7390290210159998E+06  -1.2232620533100000E+05
  2.8524473985469998E+06   2.6981075000629998E+06  -1.0928965106200000E+05
  2.8878860625490001E+06   2.7926894394959998E+06  -1.4680669892299999E+05
  2.8335258327440000E+06   2.6896061916129999E+06  -1.2324633428400000E+05
  2.8690010721920002E+06   2.8350316325920001E+06  -1.9329097353600000E+05
  2.9033397428219998E+06   2.8472433862569998E+06  -1.4909622145499999E+05
  2.8630192176470002E+06   2.7440486608580002E+06  -1.4160598998899999E+05
  2.8614305828120001E+06   2.7549759380569998E+06  -1.5657980845499999E+05
  2.8073538614180000E+06   2.7047272121250001E+06  -1.6713510357300000E+05
  2.8440273587170001E+06   2.6970612995110000E+06  -1.1907245537800000E+05
  2.8007564367100000E+06   2.7116418229680001E+06  -1.8633306935599999E+05
  2.8456514059259999E+06   2.7562968576790001E+06  -1.8339963105200001E+05
  2.8509281503790002E+06   2.7540406566189998E+06  -1.7158462164400000E+05
  2.8553046169690001E+06   2.7809373828819999E+06  -1.9528680335700000E+05
  2.8853780062670000E+06   2.7028272505350001E+06  -7.1577022536000004E+04
  2.8840361190570001E+06   2.8169724561520000E+06  -1.6752238872100000E+05
  2.8886836716339998E+06   2.8013616054290002E+06  -1.5214999969500001E+05
  2.9096732266710000E+06   2.7693972299480001E+06  -9.3665783685999995E+04
  2.8885852549419999E+06   2.8380193360529998E+06  -1.6551137642499999E+05
  2.8633405611680001E+06   2.7002446615530001E+06  -9.5776806909999999E+04
  2.8687974510329999E+06   2.7610326884200000E+06  -1.4908271428600000E+05
  2.9248842500560000E+06   2.7874593959700000E+06  -8.7373359544000006E+04
  2.8592521416679998E+06   2.8199961734699998E+06  -2.1300755301000000E+05
  2.8591950090439999E+06   2.7979106503499998E+06  -2.0433558625900000E+05
  2.8530693893040000E+06   2.7619596392270001E+06  -1.7697748770600001E+05
  2.8964514714250001E+06   2.8478090665670000E+06  -1.5611991466700000E+05
  2.8574317697259998E+06   2.7947344123970000E+06  -2.0542275504100000E+05
  2.8559023499349998E+06   2.7131425016259998E+06  -1.2069744987600000E+05
  2.8482323353039999E+06   2.7472020224529998E+06  -1.6792540883299999E+05
  2.8473027174620000E+06   2.7893873828340000E+06  -2.2015629084599999E+05
  2.8595933570840000E+06   2.7517336601920002E+06  -1.5558978247400001E+05
  2.8562677644830002E+06   2.8017265379140000E+06  -2.1239401917700001E+05
  2.9051194008519999E+06   2.7276800653430000E+06  -6.8080434007000003E+04
  2.9415084249840002E+06   2.8108041285150000E+06  -8.4326774527000001E+04
  2.8679044094770001E+06   2.7699125952690002E+06  -1.6038334659900001E+05
  2.8715269334610002E+06   2.7370646572079998E+06  -1.2110502169400000E+05
  2.9102700014970000E+06   2.7334904371369998E+06  -6.6502415074999997E+04
  2.9221354749349998E+06   2.8357666996340002E+06  -1.2447709711400000E+05
  2.8947243425150001E+06   2.8217682428199998E+06  -1.5272638907800001E+05
  2.8811225197279998E+06   2.8452636314119999E+06  -1.7480777865800000E+05
  2.8702359458860001E+06   2.8107650619480000E+06  -1.8990021900000001E+05
  2.8713729797290000E+06   2.7983199375900002E+06  -1.7986163454000000E+05
  2.8792369005620000E+06   2.7850413890720000E+06  -1.5511860503300000E+05
  2.8346103187020002E+06   2.6947550483960002E+06  -1.2812354379900001E+05
  2.8041047249659998E+06   2.7015469475739999E+06  -1.6539738417100001E+05
  2.9189406759179998E+06   2.8006759068140001E+06  -1.0498209010000000E+05
  2.8715574445710001E+06   2.7736980182400001E+06  -1.5764646518000000E+05
  2.8331066340490002E+06   2.7505741612979998E+06  -1.9794602469799999E+05
  2.8517123051160001E+06   2.7207802825569999E+06  -1.3297833586399999E+05
  2.8914713697750000E+06   2.7834281967819999E+06  -1.3352472979099999E+05
  2.9367529159920001E+06   2.7878885491880002E+06  -7.5024610694000003E+04
  2.8990533734970000E+06   2.7264992662350000E+06  -7.3891288335000005E+04
  2.8223794279959998E+06   2.6722891543310001E+06  -1.1292092802700000E+05
  2.8804461770739998E+06   2.7890040379430000E+06  -1.5653281571200001E+05
  2.9191202267189999E+06   2.8072411859220001E+06  -1.0985725413600000E+05
  2.8206878260329999E+06   2.7355522559150001E+06  -1.9722285468100000E+05
  2.8745935138869998E+06   2.8417336834229999E+06  -1.8425487801900000E+05
  2.8534769837819999E+06   2.6976753900339999E+06  -1.0756467817100001E+05
  2.8361108002200001E+06   2.7473511180260000E+06  -1.8867257098200000E+05
  2.9289296275800001E+06   2.7882816253610002E+06  -8.3575719733000005E+04
  2.9236079503410002E+06   2.7533906216739998E+06  -6.5512260071999997E+04
  2.8318712739849999E+06   2.7031907084880001E+06  -1.4035647829800000E+05
  2.8615707956790002E+06   2.7805149061050001E+06  -1.8283139815100000E+05
  2.8559631433259998E+06   2.7356057168749999E+06  -1.4419424919100001E+05
  2.8251566941600000E+06   2.7540477629620000E+06  -2.1699527533500001E+05
  2.8623030519300001E+06   2.7077831623399998E+06  -1.0531612196600001E+05
  2.8183726516570002E+06   2.6825384945860002E+06  -1.2889046837000000E+05
  2.8245399311520001E+06   2.7513456179689998E+06  -2.1433419120599999E+05
  2.9305266002650000E+06   2.7611205525260000E+06  -6.3914119197000000E+04
  2.8431601789199999E+06   2.7246265440560002E+06  -1.5012293495500000E+05
  2.9386953221570002E+06   2.8063132387899999E+06  -8.4371429539999997E+04
  2.9233845619410002E+06   2.8400331669500000E+06  -1.2517569221500000E+05
  2.8510780571519998E+06   2.7157931281760000E+06  -1.2935062983599999E+05
  2.8451044576929999E+06   2.7571431877810000E+06  -1.8541951457100001E+05
  2.8663517861549999E+06   2.8295990037929998E+06  -1.9785298492300001E+05
  2.8930027415319998E+06   2.8508651023889999E+06  -1.6064033448500000E+05
  2.8143524685920002E+06   2.6872592801029999E+06  -1.3801613787100001E+05
  2.8257855757209999E+06   2.7020054914549999E+06  -1.4554076963699999E+05
  2.8488592282280000E+06   2.7461478607259998E+06  -1.6586955627000000E+05
  2.8741494218350002E+06   2.8352318669599998E+06  -1.8491942465400000E+05
  2.8496491436040001E+06   2.7808655590630001E+06  -2.0653864368400001E+05
  2.8155374314810000E+06   2.6889239961680002E+06  -1.3907261357600000E+05
  2.8975466366209998E+06   2.7447393469190001E+06  -9.0372231413000001E+04
  2.9194043589059999E+06   2.7984600172839998E+06  -1.0253547838400000E+05
  2.8392340892159999E+06   2.7787836106799999E+06  -2.2456993042200000E+05
  2.8928013226589998E+06   2.8248766387450001E+06  -1.5682585813600000E+05
  2.8689864014940001E+06   2.8093527096110000E+06  -1.9130549556800001E+05
  2.8648959324200000E+06   2.7033840991960000E+06  -9.6709752590999997E+04
  2.8801869584309999E+06   2.7295086232759999E+06  -1.0201447042600000E+05
  2.9157964978970001E+06   2.7962662785600000E+06  -1.0580081795600000E+05
  2.8736860859659999E+06   2.7140994447940001E+06  -9.7042779250000007E+04
  2.8699986304020002E+06   2.7354979548479998E+06  -1.2187289195300000E+05
  2.8864865953050000E+06   2.7022158930500001E+06  -6.9653150808999999E+04
  2.8077481796459998E+06   2.7020510941740000E+06  -1.6161135909600000E+05
  2.9023559260979998E+06   2.8104102333769999E+06  -1.3667450101000001E+05
  2.8987064135940000E+06   2.7555000639610002E+06  -9.8136461022000003E+04
  2.9329687725200001E+06   2.8411923292890000E+06  -1.1408865917299999E+05
  2.9026382651999998E+06   2.8552473084910000E+06  -1.5113404374299999E+05
  2.8714301374420002E+06   2.7954393237480000E+06  -1.7736996977500001E+05
  2.8853326435190002E+06   2.8181964395409999E+06  -1.6600953175600001E+05
  2.8600581721600001E+06   2.8024403585450002E+06  -2.0560641031100001E+05
  2.8702257270490001E+06   2.7718135126860002E+06  -1.5812897927200000E+05
  2.8209114733690000E+06   2.7346030996900001E+06  -1.9532304761800001E+05
  2.8532099765869998E+06   2.8016767908399999E+06  -2.1783711453399999E+05
  2.8929320883280002E+06   2.7255677730700001E+06  -8.0513488303999999E+04
  2.8110693193810000E+06   2.7294531626309999E+06  -2.0203963295200001E+05
  2.8266006988920001E+06   2.7236080270870002E+06  -1.7021618640700000E+05
  2.8973380433640000E+06   2.8178477862269999E+06  -1.4753368922599999E+05
  2.8056918382390002E+06   2.7031291288259998E+06  -1.6629997988800000E+05
  2.8132769400249999E+06   2.6930860210980000E+06  -1.4583837400200000E+05
  2.8884355688189999E+06   2.7034393702420001E+06  -6.8840786544000002E+04
  2.8523790306270001E+06   2.7839290705570001E+06  -2.0452529642699999E+05
  2.9299785299660000E+06   2.8404535711440002E+06  -1.1719556486499999E+05
  2.8584747897069999E+06   2.7989098604350002E+06  -2.0636215380000000E+05
  2.9194955160429999E+06   2.7918191275430000E+06  -9.7193541043999998E+04
  2.8674650665699998E+06   2.8287599356950000E+06  -1.9598728350100000E+05
  2.8654395676340000E+06   2.7455100489360001E+06  -1.3900961882199999E+05
  2.9219635539299999E+06   2.8272127807419999E+06  -1.1965013721600000E+05
  2.8528877303950000E+06   2.7193446677760002E+06  -1.3006661884900001E+05
  2.8515972369780000E+06   2.7608157429439998E+06  -1.7822495849399999E+05
  2.8983923177089998E+06   2.7837073897310002E+06  -1.2216680071900001E+05
  2.8232640736380001E+06   2.7346066670590001E+06  -1.9145718689800001E+05
  2.8411690022249999E+06   2.7029706963840001E+06  -1.2849474304099999E+05
  2.8685080906130001E+06   2.7339466376580000E+06  -1.2261005069800001E+05
  2.9027131725869998E+06   2.7865844536440000E+06  -1.1782224761700000E+05
  2.8524407750940002E+06   2.6949302887229999E+06  -1.0578498058700000E+05
  2.8511539392630002E+06   2.7579129993679998E+06  -1.7555046135400000E+05
  2.8667839476310001E+06   2.7027863814249998E+06  -9.3625210166000004E+04
  2.8932345540550002E+06   2.8096864130609999E+06  -1.4939247920199999E+05
  2.8563112730330001E+06   2.8071550294470000E+06  -2.1543907372200000E+05
  2.8656220508190002E+06   2.8173437278180001E+06  -1.9970436735300001E+05
  2.9204283489930001E+06   2.7764716160740000E+06  -8.5416581170000005E+04
  2.9160536531360000E+06   2.7396568196000000E+06  -6.4186301009000003E+04
  2.8484755937760002E+06   2.7432066634889999E+06  -1.6317956126900000E+05
  2.9105906233899998E+06   2.8564263451089999E+06  -1.4341354456400001E+05
  2.8503698181240000E+06   2.7943040712890001E+06  -2.1845676169200000E+05
  2.9104065472090002E+06   2.8239348640190000E+06  -1.3322829684900001E+05
  2.9158146005759998E+06   2.8272859134340002E+06  -1.2790051580300000E+05
  2.9202424234070000E+06   2.8092031352789998E+06  -1.0987431524600000E+05
  2.9202505549840000E+06   2.7957868207609998E+06  -9.9210215767999995E+04
  2.8414597863409999E+06   2.6954803469360000E+06  -1.2068710040700001E+05
  2.7996360525000002E+06   2.6939297237000000E+06  -1.5693344826999999E+05
  2.8544922203879999E+06   2.7985511013980000E+06  -2.1354281576500001E+05
  2.8339167601760002E+06   2.7460116347289998E+06  -1.9076805451600000E+05
  2.8927102375139999E+06   2.7289827199349999E+06  -8.3876682320000007E+04
  2.7960443868890000E+06   2.6994429964450002E+06  -1.7092127828900001E+05
  2.8840904167280002E+06   2.7969931893610000E+06  -1.5671752244500001E+05
  2.8279025420980002E+06   2.7047724242050000E+06  -1.4640614988000001E+05
  2.8123906374220001E+06   2.7309342082449999E+06  -2.0260609397799999E+05
  2.8560176736470000E+06   2.7804000332869999E+06  -1.9320272142200000E+05
  2.8829452505810000E+06   2.7198232499730000E+06  -8.9268580444000007E+04
  2.9174682159899999E+06   2.8364354873239999E+06  -1.3045142853300000E+05
  2.8280903484589998E+06   2.7246302448200001E+06  -1.6944900427999999E+05
  2.8573805265350002E+06   2.6786095521829999E+06  -7.9679244047999993E+04
  2.8624583611889998E+06   2.7593403446360002E+06  -1.5987078753400000E+05
  2.8524845319849998E+06   2.7710873665250000E+06  -1.8923835910000000E+05
  2.8756252349990001E+06   2.8423305006990000E+06  -1.8271487639399999E+05
  2.7987192525169998E+06   2.6973261695320001E+06  -1.6448453949699999E+05
  2.9071881570469998E+06   2.8152276561550000E+06  -1.3283715319099999E+05
  2.8257534461630001E+06   2.7425654017440001E+06  -1.9984180811899999E+05
  2.9099085264380001E+06   2.7883858438610001E+06  -1.0796095290900000E+05
  2.8866378450290002E+06   2.8192060838029999E+06  -1.6437701731000000E+05
  2.8336683130430002E+06   2.6917783179380000E+06  -1.2602794524800000E+05
  2.8863646399790002E+06   2.7806622637850000E+06  -1.3919488163700001E+05
  2.8979481923920000E+06   2.8094437892459999E+06  -1.4235599100200000E+05
  2.9315776317810002E+06   2.7880685505160000E+06  -8.0817567607999998E+04
  2.8680518372300002E+06   2.7320585567720002E+06  -1.2141782629000000E+05
  2.8695338891099999E+06   2.7594747200360000E+06  -1.4603030183700001E+05
  2.8890544832380000E+06   2.7963167062680000E+06  -1.4801300316699999E+05
  2.8386315092910002E+06   2.7024906392210000E+06  -1.3107439641700001E+05
  2.8491136520059998E+06   2.7421859135329998E+06  -1.6114454455100000E+05
  2.8944901348310001E+06   2.8141870244789999E+06  -1.4973153534400000E+05
  2.9055020667170002E+06   2.8559097374359998E+06  -1.4839342763200001E+05
  2.8685323625739999E+06   2.7057731813369999E+06  -9.4646152864999996E+04
  2.9360567879539998E+06   2.7892925744730001E+06  -7.6630034792000006E+04
  2.8503577616249998E+06   2.7561929358230000E+06  -1.7491711209099999E+05
  2.8023110060609998E+06   2.7008412957669999E+06  -1.6640457587599999E+05
  2.8685241315449998E+06   2.8071496824329998E+06  -1.9078854194000000E+05
  2.8116399892910002E+06   2.6845064475150001E+06  -1.3679229333300001E+05
  2.8307445690299999E+06   2.7477310989649999E+06  -1.9815173090200001E+05
  2.8698041665030001E+06   2.8340031242800001E+06  -1.9195636864900001E+05
  2.9051852335859998E+06   2.7650262028700002E+06  -9.6218688976000005E+04
  2.8909746675300002E+06   2.8295662564039999E+06  -1.6069668083600001E+05
  2.8951506592509998E+06   2.7342705251719998E+06  -8.5198716335000005E+04
  2.8486965994070000E+06   2.7079691885159998E+06  -1.2477964058200001E+05
  2.8583453982859999E+06   2.7909564581990000E+06  -1.9984745591200000E+05
  2.8822718827129998E+06   2.8460132509030001E+06  -1.7342142123599999E+05
  2.8598201040460002E+06   2.7896936989070000E+06  -1.9559538744699999E+05
  2.9156582677620002E+06   2.8520699472929998E+06  -1.3762735415100001E+05
  2.9170544120609998E+06   2.8440359808939998E+06  -1.3427487377499999E+05
  2.8603864607759998E+06   2.8043339269440002E+06  -2.0610846263500000E+05
  2.8632791407610001E+06   2.8132467367690001E+06  -2.0391628349700000E+05
  2.8909287007700000E+06   2.7067570696959998E+06  -6.8848120903999996E+04
  2.8547373155020000E+06   2.7090011805240000E+06  -1.1758178389700000E+05
  2.9287205352329998E+06   2.8014058516350002E+06  -9.2877570162000004E+04
  2.9134264859210001E+06   2.7729503879419998E+06  -9.1548834730999995E+04
  2.9021705962299998E+06   2.7638044399660002E+06  -9.9125877684999999E+04
  2.9307588791510002E+06   2.8042527358450000E+06  -9.2329236564999999E+04
  2.8892952914780001E+06   2.7335630567689999E+06  -9.2623402644000002E+04
  2.8908461955260001E+06   2.8078220612450000E+06  -1.5235980972399999E+05
  2.8701788006449998E+06   2.7942090437289998E+06  -1.7879047576299999E+05
  2.9262678398600002E+06   2.7880846892420002E+06  -8.6075903632000001E+04
  2.9287898721799999E+06   2.8480784896600000E+06  -1.2278696073000001E+05
  2.8576531697100000E+06   2.7917383272549999E+06  -2.0201580235000001E+05
  2.7974213166299998E+06   2.7058563840470002E+06  -1.8077842793100001E+05
  2.8590933924989998E+06   2.7903218887660000E+06  -1.9771798911100000E+05
  2.9064037526280000E+06   2.8224043913530000E+06  -1.3769955084499999E+05
  2.8223844681609999E+06   2.7266988148349999E+06  -1.8036957707100001E+05
  2.8461057033250001E+06   2.7848337200020002E+06  -2.1800517795899999E+05
  2.8225797520289999E+06   2.7256352888259999E+06  -1.7835645304600001E+05
  2.9216887078669998E+06   2.7467652282489999E+06  -6.2675535629999998E+04
  2.8510921836600001E+06   2.7824183710659998E+06  -2.0554849458599999E+05
  2.8987976728730001E+06   2.7584277157089999E+06  -9.9711241320999994E+04
  2.8507468259970001E+06   2.7430520970919998E+06  -1.5976724784699999E+05
  2.8367518420350002E+06   2.7340143893350000E+06  -1.6984371562100001E+05
  2.8812611783489999E+06   2.7203200781390001E+06  -9.2139573881999997E+04
  2.9229719524110002E+06   2.8293020912779998E+06  -1.1959480381700001E+05
  2.8774987132689999E+06   2.8431321537700002E+06  -1.7988222975800000E+05
  2.8190282249349998E+06   2.6807063187130000E+06  -1.2594577801700000E+05
  2.8585662647090000E+06   2.7054320546300001E+06  -1.0845754053200000E+05
  2.8939172936800001E+06   2.8149446604080000E+06  -1.5125266934900000E+05
  2.8921946715040002E+06   2.7122415133500001E+06  -7.1598905004000000E+04
  2.8253503811160000E+06   2.7345786345830001E+06  -1.8790864094000001E+05
  2.8122498485369999E+06   2.7338897318150001E+06  -2.0772514917600001E+05
  2.8658171494939998E+06   2.8149469852629998E+06  -1.9940860620000001E+05
  2.8549573617460001E+06   2.6959216145219998E+06  -1.0374357355600000E+05
  2.8751784987559998E+06   2.7695605513149998E+06  -1.4696223636099999E+05
  2.8902692554290001E+06   2.7966547465980002E+06  -1.4627223397199999E+05
  2.8009938187500001E+06   2.6995066701930002E+06  -1.6561516381699999E+05
  2.8704501140500000E+06   2.7051558779219999E+06  -9.1639295564999993E+04
  2.8023580356120002E+06   2.6943724093809999E+06  -1.5521678940600000E+05
  2.8876945914920000E+06   2.8482760824660002E+06  -1.6684295946600000E+05
  2.9271920585520002E+06   2.8376009740869999E+06  -1.1906336451100001E+05
  2.8752657742720000E+06   2.8363423883940000E+06  -1.8328136807100000E+05
  2.8601441605690001E+06   2.7790914508489999E+06  -1.8387340638000000E+05
  2.8205042126210001E+06   2.7455393165730000E+06  -2.1299380611899999E+05
  2.9218035696310000E+06   2.7794020368849998E+06  -8.6036975909999994E+04
  2.8555709325669999E+06   2.7156619299750002E+06  -1.2358353954100001E+05
  2.8922068772950000E+06   2.7170889983589998E+06  -7.4789802119000000E+04
  2.8551763694890002E+06   2.7105680227580001E+06  -1.1876319395600000E+05
  2.8676750246000001E+06   2.7303943219860001E+06  -1.2040994994900000E+05
  2.8539978894280000E+06   2.7229580096629998E+06  -1.3209528760499999E+05
  2.8609811966929999E+06   2.7066611643389999E+06  -1.0622604979600001E+05
  2.8669289992889999E+06   2.7276021803410002E+06  -1.1888159224800000E+05
  2.8928943044360001E+06   2.8314880904190000E+06  -1.5869845224000001E+05
  2.8710274088670001E+06   2.8318825764400000E+06  -1.8993727332700000E+05
  2.8585283965759999E+06   2.8162008256480000E+06  -2.1395231812700001E+05
  2.8214203483060002E+06   2.7242890257210000E+06  -1.7788900161800001E+05
  2.7973848986860001E+06   2.6981511307089999E+06  -1.6734059557800001E+05
  2.8942055317750000E+06   2.8517810291530001E+06  -1.5931438651200000E+05
  2.8601201207790002E+06   2.6804476953850002E+06  -7.8764295545999994E+04
  2.8073272681740001E+06   2.7089120645659999E+06  -1.7337619902500001E+05
  2.8641235222709998E+06   2.8127674967850000E+06  -2.0224737656400001E+05
  2.8294702103490001E+06   2.7035863142749998E+06  -1.4357985745000001E+05
  2.9421870881369999E+06   2.8097006703920001E+06  -8.2753004467999999E+04
  2.9140998951900001E+06   2.8131377492450001E+06  -1.2091622582700000E+05
  2.8728859672260000E+06   2.7769370010119998E+06  -1.5855290922700000E+05
  2.9084734447050001E+06   2.8153724119589999E+06  -1.3112294695799999E+05
  2.8513947537190001E+06   2.7420768156610001E+06  -1.5780975020400001E+05
  2.7976236844609999E+06   2.7007882754739998E+06  -1.7201851491599999E+05
  2.8524258401440000E+06   2.7166800265190001E+06  -1.2840154206500000E+05
  2.8997916104740002E+06   2.7255260128629999E+06  -7.2393083612000002E+04
  2.8508769770360002E+06   2.7974588141049999E+06  -2.1943200988299999E+05
  2.9015637943879999E+06   2.8493466126589999E+06  -1.5123952374599999E+05
  2.9395426883840002E+06   2.8080374192249998E+06  -8.4566188456000003E+04
  2.8817154989740001E+06   2.7932431320679998E+06  -1.5773737497100001E+05
  2.8369668449289999E+06   2.7507130808959999E+06  -1.9143421923100000E+05
  2.8722087715500002E+06   2.7081231287280000E+06  -9.2626952875000003E+04
  2.8691467224760000E+06   2.7931798713420001E+06  -1.7995013142900000E+05
  2.8528058997909999E+06   2.7429201044600001E+06  -1.5670913217800000E+05
  2.7961378879990000E+06   2.6932724799119998E+06  -1.5939879126999999E+05
  2.8910335181510001E+06   2.7179358730319999E+06  -7.6766099455000003E+04
  2.8469502072910001E+06   2.7877363141029999E+06  -2.1921119954500001E+05
  2.8229162192290002E+06   2.6772034615949998E+06  -1.1926649813900000E+05
  2.9065816789350002E+06   2.7895811762009999E+06  -1.1375040337299999E+05
  2.8391429206190002E+06   2.7528810284790001E+06  -1.9039254808499999E+05
  2.8555503649479998E+06   2.7971820905140000E+06  -2.1064991503400001E+05
  2.8576785384820001E+06   2.7466390108190002E+06  -1.5271424403999999E+05
  2.8651443190469998E+06   2.7436240525409998E+06  -1.3769947822100000E+05
  2.9264436834100001E+06   2.8415334733790001E+06  -1.2210904573600000E+05
  2.9125842224829998E+06   2.7354113754280000E+06  -6.5199924693000001E+04
  2.8604873131510001E+06   2.7891407618559999E+06  -1.9354657419000001E+05
  2.8302690770910000E+06   2.7464555693640001E+06  -1.9726787276699999E+05
  2.8613620976470001E+06   2.7614193689979999E+06  -1.6370082831499999E+05
  2.8673984710209998E+06   2.7910783136629998E+06  -1.8161847260600000E+05
  2.8565434886880000E+06   2.7386857399760000E+06  -1.4672682790700000E+05
  2.8445265241689999E+06   2.6962258956209999E+06  -1.1741803512299999E+05
  2.8615825424859999E+06   2.7903850379710002E+06  -1.9242799364599999E+05
  2.9303592209939999E+06   2.7581235539139998E+06  -6.1924520230000002E+04
  2.8898878191200001E+06   2.7186229268760001E+06  -7.8813667797999995E+04
  2.8132434004620002E+06   2.7114516534090000E+06  -1.7004461217400001E+05
  2.8370431959440000E+06   2.7331318674630001E+06  -1.6815408927200001E+05
  2.8406585665380000E+06   2.7068595710930000E+06  -1.3350048762999999E+05
  2.8617798394330000E+06   2.8081383171859998E+06  -2.0552437761299999E+05
  2.9184668575120000E+06   2.8100984347790000E+06  -1.1288729203000000E+05
  2.8980993815790000E+06   2.8210454102429999E+06  -1.4790666791700001E+05
  2.9368476534460001E+06   2.7910923338429998E+06  -7.6705703112999996E+04
  2.8240261000760002E+06   2.7320362775309999E+06  -1.8619256943000000E+05
  2.8127501673929999E+06   2.6867870683019999E+06  -1.3875708931600000E+05
  2.8549195002870001E+06   2.7130580065730000E+06  -1.2199044981400001E+05
  2.8178734030089998E+06   2.6992181873980002E+06  -1.4913440216400000E+05
  2.8871407541450001E+06   2.8137243360029999E+06  -1.6237973725599999E+05
  2.8809043401480000E+06   2.7761204674359998E+06  -1.4370469198100001E+05
  2.8948593066870002E+06   2.7824555934839998E+06  -1.2726095718700001E+05
  2.9101930543169999E+06   2.8155891466109999E+06  -1.2872276342800001E+05
  2.9322007857410000E+06   2.8049435430459999E+06  -9.1043640268000003E+04
  2.8231534072989998E+06   2.7336783684510002E+06  -1.9012319139200001E+05
  2.8209422604510002E+06   2.7336317362000002E+06  -1.9370290844999999E+05
  2.8895150034420001E+06   2.8053130396429999E+06  -1.5323567962000001E+05
  2.8012477020520000E+06   2.7063822155970000E+06  -1.7707572073999999E+05
  2.8887601315239999E+06   2.7192543175920001E+06  -8.0843763059000004E+04
  2.8740414795840001E+06   2.7074646633460000E+06  -8.9680792442999998E+04
  2.8215893225529999E+06   2.6752490832409998E+06  -1.1764437614800000E+05
  2.8255312816880001E+06   2.7246690001160000E+06  -1.7314067641200000E+05
  2.9230089002200002E+06   2.7490632246260000E+06  -6.2828764475999997E+04
  2.8687250931350002E+06   2.7567580955079999E+06  -1.4445798644499999E+05
  2.8089621833770000E+06   2.7095605957590002E+06  -1.7238831074900000E+05
  2.8309800018980000E+06   2.7503793810660001E+06  -2.0145924250399999E+05
  2.8556498846010002E+06   2.7462944378669998E+06  -1.5565670730600000E+05
  2.8761927644210001E+06   2.8373077191039999E+06  -1.8192107626700000E+05
  2.8309413631409998E+06   2.7017159024370001E+06  -1.3987881004700001E+05
  2.8681841359990002E+06   2.8299752713739998E+06  -1.9478260840500001E+05
  2.8425037573770001E+06   2.7571077330270000E+06  -1.9003280055000001E+05
  2.7989302125599999E+06   2.7020018644289998E+06  -1.7296726179600001E+05
  2.9124254347999999E+06   2.8258780351789999E+06  -1.3163687053099999E+05
  2.8929947912349999E+06   2.8334166330499998E+06  -1.5906608106600001E+05
  2.8379860386839998E+06   2.7773967659900002E+06  -2.2519979675499999E+05
  2.8911683287229999E+06   2.7983354993019998E+06  -1.4601599621300001E+05
  2.8345191693400000E+06   2.6913618367960001E+06  -1.2437791341600000E+05
  2.8949919819009998E+06   2.7391252990379999E+06  -8.9413847120999999E+04
  2.9066340926899998E+06   2.7285163761510001E+06  -6.7070462048000001E+04
  2.8522211722820001E+06   2.8001749330779999E+06  -2.1864730541800000E+05
  2.8486615426579998E+06   2.7623222185189999E+06  -1.8525896037700001E+05
  2.8756449956530002E+06   2.7088055957880002E+06  -8.9113451149999994E+04
  2.8529803118010000E+06   2.7834703377970001E+06  -2.0286580815900001E+05
  2.9242676104520001E+06   2.7551918298849999E+06  -6.6188842510999995E+04
  2.9198869093800001E+06   2.7821568500509998E+06  -9.0544708748999998E+04
  2.8871272486560000E+06   2.7179085718899998E+06  -8.1912310427000004E+04
  2.8825033137010001E+06   2.7160061603939999E+06  -8.6353710120999996E+04
  2.8673819992450001E+06   2.8057864556680000E+06  -1.9207503767600001E+05
  2.8855289817590001E+06   2.7165256007320001E+06  -8.2903768349999998E+04
  2.8577731248659999E+06   2.8147903148139999E+06  -2.1514320444999999E+05
  2.8810569216720001E+06   2.7146371371800001E+06  -8.7031141883000004E+04
  2.8089962962199999E+06   2.7030473656629999E+06  -1.6185677668400001E+05
  2.8775497254710002E+06   2.7120661131620002E+06  -8.9551317605999997E+04
  2.9119438288580002E+06   2.7906171990069998E+06  -1.0660638873000001E+05
  2.9004476480279998E+06   2.8480012492000000E+06  -1.5213355102000001E+05
  2.8555870299470001E+06   2.7321328622430000E+06  -1.4112659079500000E+05
  2.8942874059620001E+06   2.8346490059320000E+06  -1.5770460044899999E+05
  2.8131339285970000E+06   2.7132135363349998E+06  -1.7278435510900000E+05
  2.8635141844480000E+06   2.7939273436799999E+06  -1.9186097937099999E+05
  2.9165735993440002E+06   2.8312437180369999E+06  -1.2911283526599999E+05
  2.8553807795870001E+06   2.7784262210070002E+06  -1.9210577596599999E+05
  2.8315220165169998E+06   2.7009004204990002E+06  -1.3823865923799999E+05
  2.8807279076200002E+06   2.7323100649040001E+06  -1.0363668218600001E+05
  2.8341507014739998E+06   2.7326427561090002E+06  -1.7176076805099999E+05
  2.8844330157860001E+06   2.7800523080170001E+06  -1.4168258786000000E+05
  2.8791865948700001E+06   2.7114409200419998E+06  -8.6606425950000004E+04
  2.8131098359830002E+06   2.6970979598889998E+06  -1.5058431386200001E+05
  2.9035416212350000E+06   2.8540431481349999E+06  -1.5004805254500001E+05
  2.8955635349519998E+06   2.8154121534719998E+06  -1.4874994112800001E+05
  2.8709963806329998E+06   2.8283917797770002E+06  -1.9006979905300000E+05
  2.8289074696220001E+06   2.7566081220579999E+06  -2.1401059155700001E+05
  2.8954001322639999E+06   2.8354702129009999E+06  -1.5647067809299999E+05
  2.8462330676779998E+06   2.6972423558530002E+06  -1.1623327241500000E+05
  2.8335423473189999E+06   2.6969223715610001E+06  -1.3159783329400001E+05
  2.8775206004110002E+06   2.8395077786470000E+06  -1.7997082969499999E+05
  2.8539422350840000E+06   2.7944649582819999E+06  -2.1180394534899999E+05
  2.8394525736610000E+06   2.7041370849410002E+06  -1.3191844938999999E+05
  2.8957929370610001E+06   2.8386501590330000E+06  -1.5631141563700000E+05
  2.9306081502800002E+06   2.7850656380469999E+06  -7.9929402820999996E+04
  2.8551037284909999E+06   2.7359877495760000E+06  -1.4581501450300001E+05
  2.8978426466370001E+06   2.8491191341800001E+06  -1.5494329291100000E+05
  2.8333987927790000E+06   2.7096594129710002E+06  -1.4526151256900001E+05
  2.8454768816650002E+06   2.7276457998640002E+06  -1.5040223105100001E+05
  2.8605439621799998E+06   2.6819594438680001E+06  -8.0076408009999999E+04
  2.8327327749859998E+06   2.7491093716660002E+06  -1.9667207491600001E+05
  2.8541064215719998E+06   2.7270212896710001E+06  -1.3712618189000001E+05
  2.8105611898139999E+06   2.7102025412730002E+06  -1.7143336068000001E+05
  2.8242631745920000E+06   2.7402669851040002E+06  -1.9893567944599999E+05
  2.8653060426150002E+06   2.7216582267029998E+06  -1.1522527874199999E+05
  2.8300196289400002E+06   2.7269666689149998E+06  -1.6987921223400001E+05
  2.8841455488479999E+06   2.7152662547700000E+06  -8.3555327013999995E+04
  2.8575668933319999E+06   2.7059410850709998E+06  -1.1027149540699999E+05
  2.8364210833239998E+06   2.7054148011139999E+06  -1.3711774451500000E+05
  2.8596670577540002E+06   2.6886120576550001E+06  -8.7996585042999999E+04
  2.9143560166940000E+06   2.8243782723260000E+06  -1.2824083108100000E+05
  2.8618861883930000E+06   2.8112822021340001E+06  -2.0609823149000001E+05
  2.8798328412130000E+06   2.7173260338360001E+06  -9.1362934334000005E+04
  2.9156518855430000E+06   2.7739786959970002E+06  -8.9471029135000004E+04
  2.8583535567230000E+06   2.7501244711500001E+06  -1.5571991143499999E+05
  2.8373882342030001E+06   2.7322377015809999E+06  -1.6648105598599999E+05
  2.8054457457360001E+06   2.6977222452890002E+06  -1.5733311747900001E+05
  2.8658157795380000E+06   2.7267744513739999E+06  -1.1970264319000000E+05
  2.8998388031669999E+06   2.7490466670889999E+06  -9.1124352457000001E+04
  2.8230785196960000E+06   2.7290732384199998E+06  -1.8319234211699999E+05
  2.8147884595410000E+06   2.7342302195250001E+06  -2.0461729756300000E+05
  2.8194685179229998E+06   2.6726004915709998E+06  -1.1531088368200000E+05
  2.8722518801350002E+06   2.7129211699500000E+06  -9.7675407749999998E+04
  2.8903993396609998E+06   2.7818286564250002E+06  -1.3391402380299999E+05
  2.8197101530340002E+06   2.7342424301189999E+06  -1.9670577684599999E+05
  2.8573815790920001E+06   2.7431807005820000E+06  -1.4997334817000001E+05
  2.8973984895330002E+06   2.7837574819620000E+06  -1.2393404385000000E+05
  2.8566753900279999E+06   2.7164006294080000E+06  -1.2281030334899999E+05
  2.8877337655940000E+06   2.8103106123919999E+06  -1.6012809130800000E+05
  2.8760115379590001E+06   2.8265521674330002E+06  -1.8176050730200001E+05
  2.8632974595639999E+06   2.7664813477989999E+06  -1.6533018429899999E+05
  2.8969417897669999E+06   2.7428814589450001E+06  -8.9698079129999998E+04
  2.9345372971930001E+06   2.7918251606580000E+06  -7.9958544869000005E+04
  2.8181797575670001E+06   2.6792993776079998E+06  -1.2471376477100000E+05
  2.8154212312540002E+06   2.7369302165100002E+06  -2.0800843188100000E+05
  2.8939949748479999E+06   2.8229463291290002E+06  -1.5428089287400001E+05
  2.8296846202520002E+06   2.6829213163109999E+06  -1.1882218012300000E+05
  2.8446074784050002E+06   2.7578085317469998E+06  -1.8710106233300001E+05
  2.8271422329219999E+06   2.7551450558640002E+06  -2.1505868992000000E+05
  2.8933530772130000E+06   2.8263745434630001E+06  -1.5661474177699999E+05
  2.8648650195849999E+06   2.7419910104310000E+06  -1.3660403073400000E+05
  2.8178168632209999E+06   2.7320225371340001E+06  -1.9614737958499999E+05
  2.9200509116910002E+06   2.7868517982020001E+06  -9.3366872524000006E+04
  2.8014802088990002E+06   2.6930068753419998E+06  -1.5408936766200000E+05
  2.8979988406130001E+06   2.8511123345840001E+06  -1.5510128576699999E+05
  2.8032978560899999E+06   2.6956494987260001E+06  -1.5620665287900000E+05
  2.9168587446400002E+06   2.8002037341919998E+06  -1.0748243693400000E+05
  2.8670934667199999E+06   2.8038900587249999E+06  -1.9152439285800001E+05
  2.8610790859860000E+06   2.6898412067240002E+06  -8.7412359993000005E+04
  2.8402995689790002E+06   2.7349658820259999E+06  -1.6579433632800000E+05
  2.8154842579089999E+06   2.6980431699509998E+06  -1.4986941092299999E+05
  2.8548221392190000E+06   2.7766893693579999E+06  -1.9118456614000001E+05
  2.8307500986939999E+06   2.7045654627990001E+06  -1.4315938464500001E+05
  2.8442019547790000E+06   2.7369561881220001E+06  -1.6243828365500001E+05
  2.9009295986130000E+06   2.8230248068080000E+06  -1.4520573490499999E+05
  2.8086502762139998E+06   2.7042008685949999E+06  -1.6446627537700001E+05
POLYGONS 13265 53060
3 4759 6196 3649
3 3650 4759 3649
3 4102 5271 3847
3 285 4115 287
3 4898 6281 4906
3 4215 6160 3347
3 1095 5367 1093
3 3979 4415 605
3 4142 5049 3903
3 4159 4844 2893
3 4930 5757 3832
3 3351 3990 2926
3 704 4146 62
3 777 4308 726
3 4103 4128 949
3 3664 6363 3348
3 3832 5757 4014
3 4245 6160 4215
3 5690 6338 4599
3 2219 6372 4944
3 4019 5822 2311
3 3760 5961 4726
3 4370 5760 5571
3 4054 5823 2185
3 839 5165 837
3 4130 5981 2139
3 4199 6723 1906
3 4944 6372 3893
3 4109 4667 1765
3 2289 6446 4614
3 2152 5492 5217
3 4161 4844 4159
3 5050 5158 3781
3 3864 6249 4500
3 1751 5163 3933
3 660 6089 63
3 4008 5746 1415
3 4343 6584 3305
3 2927 3989 3988
3 2601 4634 4633
3 4614 6057 2289
3 918 6689 3971
3 288 6031 286
3 2973 4615 2972
3 4043 4045 2693
3 1403 6147 1341
3 2601 5552 4634
3 3858 5556 4804
3 2445 4199 1906
3 1993 6215 5153
3 882 6661 4693
3 4095 4800 3948
3 3990 5981 4130
3 5109 5670 2929
3 4515 6141 6117
3 2686 4859 4855
3 1403 5049 4142
3 1350 4009 3985
3 3971 4181 918
3 62 4146 60
3 3160 5297 4318
3 5571 5760 3433
3 2929 5820 5109
3 5851 6158 3489
3 3917 6444 2937
3 3584 5866 4565
3 3933 6505 1751
3 4611 4615 2973
3 1013 4115 285
3 3563 5029 3564
3 4062 4925 2193
3 3985 4108 1350
3 2744 6499 5427
3 4500 6370 3864
3 5005 6674 2955
3 764 4003 766
3 1982 4613 2560
3 2731 6141 4385
3 4476 5141 4030
3 3994 3996 912
3 1742 6015 4097
3 4599 6338 3643
3 5427 6356 2744
3 3991 5820 2929
3 1745 4926 2852
3 682 5182 5059
3 3978 4312 265
3 3995 5005 2955
3 2929 6127 3991
3 1016 4075 3984
3 4030 5926 4476
3 2348 5707 5233
3 3781 6147 5050
3 2937 6441 3917
3 2931 5533 4256
3 605 6059 3979
3 4007 6584 4343
3 3448 4041 4000
3 4245 6207 3113
3 3489 6158 4072
3 5059 5183 682
3 3959 5266 376
3 3344 4754 3343
3 4148 5500 1914
3 882 4693 4344
3 4304 5948 5486
3 4011 5487 681
3 4424 4425 1688
3 4726 6384 3760
3 1815 4124 2012
3 3984 4074 1016
3 5154 5455 1045
3 4128 4400 949
3 4056 6536 4261
3 526 4400 528
3 4256 5533 4303
3 4030 4929 369
3 4016 4018 3198
3 5153 6215 3855
3 3847 5272 4102
3 4425 4596 1688
3 4510 4806 477
3 4855 4857 2686
3 522 4394 524
3 2923 5874 5224
3 3507 6677 6076
3 4615 5866 3584
3 6076 6098 3507
3 3371 5204 4570
3 1914 5500 4388
3 3869 5967 3356
3 5967 6092 3356
3 4050 4146 704
3 5224 6028 2923
3 4001 4124 2020
3 4853 4859 2987
3 4307 6015 1742
3 2991 5298 4069
3 2687 4413 4412
3 4069 5298 3176
3 3175 4557 4556
3 3999 6650 1475
3 4110 4667 4109
3 4927 6363 3664
3 1491 6162 1489
3 376 6414 3959
3 4939 6602 1825
3 4581 5473 3804
3 4099 6089 660
3 1045 5223 5154
3 4119 4121 2322
3 265 4240 3978
3 5029 6523 3564
3 1993 5153 4168
3 2972 4615 3584
3 3246 6295 6140
3 2020 4124 1815
3 3411 6382 5982
3 477 6190 4510
3 5515 6270 3085
3 6186 6221 4517
3 2348 6419 5707
3 2185 6106 4054
3 3020 4981 2993
3 4496 4759 4497
3 4000 4041 3071
3 3344 6353 4754
3 1093 5367 1187
3 3926 6692 4892
3 1825 5526 4939
3 847 5392 845
3 4121 4143 2322
3 3960 6182 6164
3 4051 6182 3960
3 1756 5317 4583
3 1346 4540 3993
3 4222 6151 3744
3 5014 5015 2646
3 3175 4556 4074
3 370 4929 373
3 790 4136 4135
3 3948 4800 3947
3 4015 5426 1700
3 4334 4335 3072
3 701 4302 784
3 3624 4353 3622
3 5015 5016 2646
3 1825 6044 5526
3 1756 4583 4113
3 2214 6580 6562
3 6562 6580 3986
3 5015 5420 5016
3 1487 4354 1724
3 3923 6397 6062
3 4518 4900 3455
3 5077 6207 4245
3 2137 5012 4020
3 2426 5858 5205
3 3988 4433 2927
3 4312 5194 1658
3 1204 4268 4192
3 6117 6141 2731
3 3697 6353 5305
3 4004 6103 4668
3 3198 4169 4016
3 2708 5473 4581
3 5027 5763 4380
3 5825 6337 4827
3 3047 5962 4572
3 4261 4539 4056
3 4155 5858 2426
3 4385 6253 2731
3 3486 5746 4008
3 2020 4600 4001
3 3980 6121 3721
3 2174 4800 4095
3 3900 5979 5632
3 6121 6335 3721
3 3567 6323 6276
3 1700 5427 4015
3 1475 5296 3999
3 2973 4612 4611
3 5016 5420 3690
3 1906 6723 1908
3 2264 4464 2267
3 4042 4244 2425
3 5526 6044 4032
3 4261 6536 4462
3 3070 4336 3518
3 4570 5204 3587
3 4335 4336 3072
3 3495 6157 3309
3 502 4205 504
3 6157 6375 3309
3 2781 4339 3459
3 912 4675 3994
3 2272 5601 4040
3 2071 4533 4483
3 4014 5757 1381
3 1381 6066 4014
3 2103 4888 4083
3 4068 5784 2654
3 3845 6085 4860
3 3897 6436 5892
3 1062 6143 1060
3 4253 5978 2723
3 2301 6486 4072
3 5037 6304 3786
3 726 4308 724
3 6304 6354 3786
3 5050 6147 1403
3 4040 6135 2266
3 5424 5953 3286
3 360 5172 20
3 2701 5763 5027
3 1036 4656 1038
3 2266 6169 4040
3 4059 4060 298
3 2926 3990 2927
3 3659 4244 3342
3 681 5948 4011
3 4038 4191 3484
3 2723 6518 4253
3 2567 4320 2010
3 2687 5683 4413
3 3797 6344 6278
3 4441 6268 3586
3 4027 4147 2636
3 3586 6403 4441
3 2452 4397 4170
3 3928 6692 3926
3 4002 4126 4125
3 2008 4934 4033
3 4318 5297 4317
3 4076 6213 546
3 4126 5160 2418
3 3993 5515 1346
3 3751 5513 4453
3 546 6321 4076
3 4003 6103 4004
3 3111 5784 4068
3 5125 6051 2816
3 4034 4239 1724
3 679 4483 4482
3 4101 5272 1675
3 4497 4759 3650
3 4116 4128 3044
3 5236 6059 605
3 2531 6071 4154
3 4029 4106 2464
3 3358 6441 5162
3 4925 4926 2193
3 6278 6344 330
3 1724 4353 4034
3 3747 6281 4898
3 2311 6555 4019
3 5162 6332 3358
3 3777 4128 4116
3 4005 4528 3687
3 6276 6323 3943
3 1343 6147 4077
3 3564 6068 4188
3 4045 5332 2693
3 521 6521 6078
3 2587 4928 2192
3 760 4207 758
3 758 4207 763
3 349 5791 352
3 1091 5165 839
3 3401 6569 6164
3 605 6358 5236
3 2158 6337 5825
3 6252 6333 4298
3 5305 6291 3697
3 912 4003 764
3 2071 4534 4533
3 2425 4243 4042
3 4855 4859 4853
3 2866 6236 3863
3 6140 6295 4602
3 6439 6611 4417
3 6164 6569 3960
3 1206 5688 4173
3 4093 4430 2863
3 5217 6058 2152
3 4055 5126 2281
3 3484 6787 4038
3 4041 4249 3071
3 682 5975 5182
3 837 5165 2216
3 2636 4308 777
3 3978 5194 4312
3 2866 6314 6236
3 3878 6611 6439
3 4114 4999 2353
3 4000 5601 3448
3 2429 5061 2430
3 369 5926 4030
3 2267 4464 4139
3 4067 5012 1729
3 4003 4004 766
3 1087 4355 1064
3 3072 4426 4334
3 263 4878 265
3 6174 6324 3458
3 6400 6490 3922
3 4020 5013 2137
3 6062 6397 2913
3 468 6490 6400
3 11 5637 13
3 4804 5556 4358
3 3639 4822 4075
3 84 4058 2403
3 4328 6523 3752
3 4082 4675 2146
3 4493 6168 4492
3 1489 6162 4354
3 5327 6691 6587
3 3507 6098 5349
3 4518 6186 4517
3 4048 4303 1452
3 3305 6772 4343
3 4007 4343 3854
3 3465 5944 5775
3 2226 5811 5429
3 3587 5702 4570
3 1729 5011 4067
3 4344 5928 882
3 5048 6515 6280
3 270 6079 5865
3 3902 5014 3386
3 2293 4817 4012
3 915 4797 4066
3 90 4427 91
3 5402 6594 4213
3 2989 4295 4294
3 4348 4842 1697
3 4595 5822 4019
3 369 4929 370
3 6196 6535 3829
3 5728 6168 4493
3 2507 4433 2019
3 4073 4087 2151
3 4188 6642 3564
3 2210 6151 4222
3 2816 5061 2429
3 5349 6228 3507
3 3976 6518 5143
3 1452 4487 4048
3 2193 4926 1745
3 2430 5061 5058
3 2816 6051 5061
3 3433 5760 4781
3 2636 4915 4027
3 3363 6323 5888
3 91 4427 2433
3 3721 6335 3722
3 4693 6661 4694
3 2151 4088 4073
3 1489 4354 1487
3 588 4205 502
3 6335 6470 3722
3 4002 4125 4124
3 6190 6408 4510
3 2927 3990 3989
3 6138 6455 4555
3 6280 6515 1567
3 2603 6031 288
3 890 4572 4021
3 2027 5367 1095
3 1982 4671 4613
3 4111 4355 1087
3 3926 4892 4083
3 4649 5970 4086
3 5143 6607 3976
3 4149 6159 4037
3 3651 5702 3587
3 3351 5981 3990
3 759 4675 761
3 4021 4571 890
3 286 6031 911
3 4345 5928 4344
3 834 4571 836
3 5312 6216 3424
3 5865 6079 3792
3 4905 6474 6225
3 6078 6521 4010
3 704 4740 4050
3 2193 4928 4062
3 5196 6263 5580
3 5312 6465 6216
3 4510 6408 4509
3 5608 6072 2637
3 4343 4583 3854
3 6216 6263 3013
3 2933 4339 2781
3 2560 4613 2973
3 3971 6689 4246
3 494 5183 496
3 3072 4336 3070
3 5182 5975 4158
3 4100 6129 1407
3 4785 6195 2596
3 4149 6380 6159
3 4005 6549 2671
3 4384 5763 2701
3 4174 4523 367
3 1873 4825 1848
3 4115 6414 287
3 6230 6241 5321
3 4098 4759 4496
3 2477 6182 4051
3 3286 5953 4211
3 2596 6208 4785
3 4216 4834 4833
3 3804 4582 4581
3 1593 5000 1351
3 348 4667 4110
3 2733 4900 4518
3 3342 4244 4042
3 3450 6333 6252
3 367 4523 364
3 949 4400 526
3 6340 6565 2211
3 528 4400 2275
3 4781 6178 3433
3 4066 5392 915
3 2637 4394 522
3 4166 5538 1735
3 4083 4892 2103
3 1003 5917 946
3 3428 6203 6000
3 6587 6691 3846
3 524 4394 949
3 1549 6114 1551
3 3752 6523 5029
3 2464 4929 4029
3 4182 6009 5986
3 1404 6136 1542
3 5892 6436 2461
3 5632 5979 1090
3 2472 6595 4852
3 2993 4981 3424
3 4386 4513 4512
3 4051 6598 2477
3 4824 6166 4081
3 5017 6264 5117
3 2717 4500 4499
3 2464 4106 3199
3 6174 6279 4179
3 55 5644 57
3 4075 4822 3984
3 4212 6743 2462
3 4150 6382 3411
3 2433 4302 701
3 5181 5560 3244
3 2462 6743 4464
3 4438 6171 3382
3 4179 6279 4348
3 4804 6566 3858
3 4268 6347 4192
3 4002 5160 4126
3 3916 6444 3917
3 4294 6672 2989
3 75 5869 74
3 4178 4348 1697
3 4083 4888 4084
3 5601 5900 5074
3 3152 6310 6177
3 2462 4464 2264
3 940 4172 4171
3 4413 6248 6189
3 6000 6203 4762
3 4355 6143 1062
3 1974 6087 5832
3 2430 5058 5057
3 3650 4499 4497
3 4906 6281 4859
3 4960 5815 3333
3 915 5392 847
3 409 4307 412
3 4278 4280 304
3 4161 6622 2273
3 4364 6402 6367
3 1038 4656 4306
3 6106 6108 5245
3 2158 5825 4037
3 6367 6402 2445
3 4213 6533 5402
3 5287 6046 3725
3 2138 5013 2307
3 3566 5029 3563
3 4926 6757 2852
3 3630 5815 4960
3 4124 4125 2012
3 1666 5135 1547
3 348 5791 349
3 6177 6310 4425
3 6284 6420 4200
3 2645 5016 2848
3 4221 6205 6179
3 4086 5970 4085
3 3863 6236 5003
3 2664 6036 3313
3 2837 6695 4438
3 2281 5959 4055
3 4034 4353 3624
3 4173 6255 1206
3 4105 5695 5451
3 5296 6285 4086
3 3566 4824 4081
3 3622 4353 3626
3 4263 4981 3020
3 268 5513 4117
3 2701 6105 4384
3 4106 4107 3199
3 2353 5000 4114
3 4113 5000 1756
3 4733 6420 6284
3 4302 4527 784
3 2072 6306 6298
3 6225 6474 3654
3 4362 6554 6463
3 6298 6306 4250
3 4211 5463 3286
3 203 6495 5315
3 88 4098 92
3 4634 6559 1991
3 2141 6226 6220
3 3917 6441 5250
3 4860 6085 3656
3 4609 6097 3834
3 3382 6646 4438
3 6220 6226 4144
3 5287 6486 2301
3 3952 6191 4270
3 1991 6621 4634
3 949 4394 4103
3 3085 6270 4703
3 4154 6202 2531
3 1064 4355 1062
3 3723 6455 6138
3 2626 6342 6233
3 6132 6274 5529
3 3176 5117 4069
3 4077 6147 3781
3 2637 6072 4394
3 1327 6530 4063
3 1170 4983 1292
3 4048 4487 3320
3 6186 6192 1006
3 4110 5791 348
3 3428 6000 4262
3 5315 6425 203
3 5077 6587 6207
3 790 6707 4136
3 3247 6304 5037
3 6187 6395 5201
3 1013 4152 4115
3 4108 5209 3353
3 6275 6309 2114
3 4384 6105 4385
3 4105 6309 6275
3 3996 4003 912
3 4063 6627 1327
3 6231 6260 1961
3 186 4512 188
3 2971 4600 3055
3 4186 5164 1091
3 4572 5962 4021
3 4290 6260 6231
3 2215 5636 4803
3 4982 6339 3823
3 4487 4935 3320
3 3197 4169 3198
3 1407 6632 4100
3 4104 5695 4105
3 63 6089 65
3 4179 6324 6174
3 4032 6044 546
3 5486 5948 681
3 1047 5515 1015
3 4264 4283 2395
3 2452 6491 4397
3 4852 6443 2472
3 3902 5015 5014
3 6023 6042 5156
3 5003 6624 3863
3 4045 6340 5332
3 5327 6587 2045
3 3194 6077 4444
3 412 4307 1742
3 4301 4306 4229
3 3115 5298 2991
3 3985 5209 4108
3 3459 4339 4338
3 1006 6192 4584
3 4399 6095 2191
3 5888 6411 3363
3 6312 6389 3525
3 4825 6166 4824
3 845 5392 2207
3 5492 6394 5217
3 4033 6115 2008
3 1214 4663 1217
3 5057 5134 2430
3 1724 4354 4353
3 6105 6253 4385
3 298 6656 4059
3 3823 6567 4982
3 4273 6095 3303
3 5037 6597 3247
3 117 6545 6292
3 6463 6554 2051
3 3345 5161 3431
3 3649 6196 3829
3 2693 6511 4043
3 4430 4431 2863
3 3967 6312 4218
3 4246 6650 3999
3 20 5172 18
3 4334 4426 1935
3 224 5427 1700
3 4861 6244 5648
3 933 4569 4088
3 3047 4572 3878
3 2538 6529 6483
3 5429 6489 2226
3 3424 6216 3013
3 4935 5612 3320
3 1415 6561 4008
3 4263 4980 2280
3 3583 5837 5612
3 3633 4431 4430
3 5644 6241 6230
3 6189 6248 4164
3 3856 6529 2538
3 4565 5837 3584
3 1773 6046 5287
3 3583 5612 4935
3 4247 5185 2603
3 4389 4398 1186
3 4933 6336 2216
3 4037 6159 2158
3 952 5191 4915
3 5858 6201 6129
3 2944 6332 5162
3 4262 6756 3428
3 4072 6158 2301
3 3331 6020 4595
3 4401 6386 3653
3 1735 5541 4166
3 5271 6085 3847
3 546 6213 4032
3 2211 6565 4486
3 4438 6695 6171
3 4318 6512 3160
3 2045 6587 5077
3 221 6056 219
3 4699 6037 5982
3 2890 5998 1296
3 660 6042 6023
3 104 5677 101
3 6157 6293 4036
3 3096 4928 2587
3 4297 5134 5057
3 3384 4527 4302
3 4142 5050 1403
3 2191 5907 4399
3 3025 5172 360
3 3384 4683 4527
3 4386 6141 4513
3 38 5364 40
3 2955 6674 2954
3 363 4523 4338
3 3490 6322 4082
3 1096 4656 1036
3 4081 5029 3566
3 3096 5682 4928
3 4096 5716 1965
3 2216 6532 4933
3 3498 5825 4827
3 2192 4928 2193
3 4095 5373 2174
3 3584 5837 3583
3 4270 6629 3952
3 4335 6153 4984
3 2395 4980 4264
3 4546 5890 5882
3 1475 6285 5296
3 4060 4061 298
3 4725 6407 3757
3 4345 6004 2243
3 4443 4444 4236
3 4933 6002 1189
3 2570 6113 5494
3 4098 4496 92
3 4731 6232 3686
3 4040 5601 4000
3 226 5427 224
3 3498 4827 4623
3 1983 4641 4395
3 4304 6797 5948
3 4203 4872 3524
3 1341 6147 1343
3 6286 6376 3449
3 3386 5014 4020
3 2630 5463 4211
3 5968 6366 2984
3 3946 5531 5519
3 4123 4143 4121
3 848 6496 6302
3 4059 5776 3748
3 1408 6262 5169
3 3384 4295 2917
3 842 6165 6148
3 4313 5631 3595
3 988 4872 4203
3 576 4180 2334
3 6237 6341 5770
3 2654 5982 4068
3 761 4675 912
3 4583 5317 3854
3 4040 6169 2272
3 4013 6041 4578
3 3653 6517 4401
3 4020 5012 3385
3 3929 5936 3931
3 3777 6575 4128
3 2204 6464 4127
3 4127 6396 2204
3 2863 6102 4093
3 3253 4842 4348
3 305 4278 304
3 4627 4983 1170
3 6129 6201 1407
3 1965 6794 4096
3 4082 6267 3490
3 3764 6228 5349
3 4072 6486 3490
3 5169 6673 1408
3 2927 4433 2507
3 836 4571 4501
3 2287 4825 1873
3 3834 6699 4609
3 4145 4183 642
3 3983 6695 5918
3 4306 4656 4229
3 1219 4692 1221
3 2019 4433 2020
3 823 4310 829
3 317 4178 1697
3 13 5637 1180
3 4411 4412 4410
3 4139 5517 2267
3 3764 6352 5326
3 2215 5637 11
3 3495 6293 6157
3 4013 4578 4577
3 5320 5999 2593
3 1189 6336 4933
3 4915 5191 4027
3 2570 5706 4924
3 4513 6141 4515
3 3597 5455 5154
3 4726 5961 2113
3 4285 5102 2006
3 5513 6393 4453
3 5986 6009 3431
3 5076 6692 3928
3 3490 6486 6322
3 4132 4529 1871
3 4499 6471 2717
3 363 4338 4337
3 1099 6538 6476
3 4123 6065 4143
3 3786 6354 4646
3 4712 5784 3111
3 6292 6545 4461
3 5349 6352 3764
3 40 5364 4272
3 5164 5165 1091
3 4102 5272 4101
3 371 5627 368
3 3303 6460 4273
3 206 5747 204
3 6453 6458 2736
3 3852 6240 4467
3 5853 6061 4885
3 1087 4952 4111
3 188 4512 273
3 3718 6289 6024
3 4095 6077 5373
3 4493 6106 5728
3 3928 6544 5076
3 3328 4403 2664
3 3345 6657 5161
3 3792 6079 4584
3 4059 6656 5776
3 4167 4233 2530
3 4091 6422 1738
3 4036 6787 3484
3 373 4929 2464
3 4493 6108 6106
3 1871 4824 4132
3 4403 6036 2664
3 3134 5879 5813
3 4268 6482 4267
3 2733 4518 4516
3 2120 5953 5424
3 306 307 305
3 5580 6263 4126
3 57 5644 2278
3 4283 5353 2395
3 2917 4295 2989
3 4009 6078 4010
3 890 4571 834
3 3385 5012 4067
3 4412 6316 4414
3 397 5616 398
3 4160 6622 4161
3 308 309 307
3 1738 6460 4091
3 6229 6343 3806
3 1180 6747 5892
3 361 4475 362
3 682 5183 494
3 3152 6029 3932
3 5326 6454 3764
3 946 5917 4419
3 2418 5580 4126
3 3934 5682 3096
3 2272 5900 5601
3 4058 6196 2403
3 4204 4205 588
3 5332 6340 2211
3 4117 6685 268
3 3058 5691 4347
3 3349 6444 6303
3 5892 6542 1180
3 6064 6329 3527
3 5049 6700 3903
3 3559 6642 5713
3 4193 4196 4194
3 2120 5695 4104
3 1024 4352 1026
3 7 4737 9
3 6326 6494 5995
3 4268 6525 6482
3 529 4435 530
3 2146 4675 759
3 306 308 307
3 4888 4890 4084
3 3686 6678 4731
3 4007 6586 6584
3 4075 5500 3639
3 3084 4672 4372
3 334 4038 344
3 108 4210 1751
3 4347 5691 3306
3 5143 6518 2723
3 4260 4539 4261
3 320 321 319
3 5993 6088 3377
3 6590 6635 5324
3 3454 5977 5785
3 3757 6384 4725
3 5135 6114 1549
3 4385 6141 4386
3 6584 6586 2300
3 3044 5648 4116
3 3631 6311 5995
3 4984 6153 2714
3 4913 6378 4912
3 496 5183 2183
3 4213 6594 4140
3 1756 5000 1593
3 679 6369 4483
3 393 5507 394
3 5733 5981 5608
3 3994 4675 4082
3 3011 6635 6590
3 4176 4713 1687
3 5775 5944 3953
3 4310 4443 4236
3 6476 6538 3869
3 1673 6395 6187
3 2191 6095 5364
3 2828 6445 6256
3 2336 5631 4313
3 3993 6270 5515
3 1351 5000 2353
3 1727 5012 2137
3 6317 6383 5475
3 5117 6264 4069
3 2666 6277 6227
3 4135 5932 790
3 6247 6250 4463
3 4274 4276 1784
3 4538 6611 4572
3 4018 6585 3198
3 4388 5500 4075
3 3840 6261 6049
3 4595 6020 3694
3 2322 5990 4119
3 2630 4211 4185
3 4182 4396 2304
3 1729 5012 1727
3 4482 5707 679
3 4372 4673 3084
3 4412 4414 2687
3 1732 4259 1594
3 6421 6485 3961
3 6451 6492 3243
3 2268 5517 2271
3 3152 6177 6029
3 795 6502 4912
3 4912 6434 795
3 362 4475 365
3 5728 6106 2185
3 4409 4411 4410
3 3328 4678 4403
3 4983 6136 1404
3 4508 6519 1004
3 660 6023 4099
3 4569 5052 4088
3 4104 5953 2120
3 142 6478 6423
3 4833 6565 4216
3 2646 5016 2645
3 2607 5869 75
3 2278 5643 5156
3 3992 6620 2558
3 318 320 319
3 1675 6437 4101
3 588 4206 4204
3 4029 4929 4030
3 342 4667 343
3 6233 6342 3836
3 342 343 341
3 6378 6434 4912
3 5373 6077 3194
3 4180 5908 3907
3 1547 5135 1549
3 310 311 309
3 1848 4825 1871
3 4107 5603 3199
3 4793 5588 4794
3 4803 5637 2215
3 2530 4233 2161
3 1086 5472 4190
3 4183 4408 642
3 3455 6186 4518
3 2364 5431 4162
3 1041 6404 5241
3 4031 6524 2004
3 2973 4613 4612
3 4646 6415 3786
3 71 4155 73
3 312 313 311
3 4134 5815 3630
3 5794 6004 4345
3 361 362 353
3 4406 5603 4107
3 870 4310 4235
3 352 361 353
3 4296 5275 1754
3 4924 5706 4190
3 308 310 309
3 4088 5052 4073
3 4264 4980 4263
3 917 4419 981
3 5134 5135 1666
3 3744 6151 4684
3 2006 5353 4285
3 4584 6192 3792
3 2307 5013 2646
3 5608 5981 3351
3 3348 6363 4165
3 82 4058 84
3 2137 5013 2138
3 3331 4595 4019
3 4001 4600 2971
3 4054 6704 5823
3 2848 5016 3690
3 4405 6436 3898
3 6302 6496 3998
3 829 4310 870
3 4712 5133 3570
3 3025 5171 5170
3 4398 5907 1186
3 1735 6162 1491
3 2304 6009 4182
3 4047 6458 6453
3 2426 4220 78
3 310 312 311
3 348 349 347
3 4219 4626 1347
3 4235 4248 870
3 3244 5623 5181
3 2558 6617 3992
3 5426 6056 1700
3 4859 6281 2987
3 109 110 108
3 3687 6258 5664
3 4971 6101 3596
3 4009 6481 6078
3 3134 5813 5286
3 4648 5998 2890
3 1614 4970 4407
3 1611 4367 3980
3 4486 4832 2371
3 4623 5462 3498
3 3616 5279 3614
3 6648 6666 1523
3 111 112 110
3 4399 5907 4398
3 4285 5353 4283
3 2467 4599 4532
3 4914 6666 6648
3 3575 6274 6132
3 109 111 110
3 4133 4529 4132
3 73 4155 76
3 2175 4869 4217
3 2342 4396 4231
3 367 5627 4174
3 1004 6653 4508
3 5813 5879 4849
3 1914 6251 4148
3 4622 4757 3062
3 4276 4277 1784
3 5181 6712 5560
3 352 353 351
3 4957 6494 6326
3 4070 6492 6451
3 4431 6435 3696
3 4058 6535 6196
3 352 5791 2302
3 4231 4257 2342
3 30 6119 32
3 1672 4337 3014
3 364 4523 363
3 4511 4512 186
3 720 4388 718
3 4444 6077 4236
3 1223 5374 1225
3 1723 4546 4241
3 1641 4193 1643
3 339 4260 2069
3 4367 6769 3980
3 6510 6547 5505
3 1094 4627 1170
3 4519 6259 6199
3 578 4180 576
3 1006 6221 6186
3 5831 5951 3788
3 1096 6667 4230
3 1649 5974 1647
3 5829 5985 4228
3 3847 6085 3845
3 4483 6369 2071
3 4144 6226 1673
3 1015 5515 3085
3 4532 4598 2467
3 4359 6769 4367
3 4696 6060 5453
3 3929 6660 5936
3 3055 4600 3988
3 5982 6382 4068
3 4143 6065 2735
3 6088 6122 3447
3 1292 4983 1404
3 103 6150 99
3 1113 4774 1111
3 4192 6347 3480
3 6287 6399 3642
3 2597 4851 4175
3 4395 4641 4352
3 2004 6630 4031
3 2719 5755 350
3 3963 6025 3964
3 4076 6321 2204
3 4486 6565 4832
3 5814 6301 6111
3 4065 6657 2150
3 4422 6699 3445
3 4163 5453 2841
3 312 314 313
3 4331 4334 1935
3 4147 4308 2636
3 4336 6135 3518
3 340 342 341
3 4340 4341 3703
3 2224 4607 4281
3 323 324 321
3 314 315 313
3 4541 4542 3522
3 440 4189 437
3 111 113 112
3 5982 6037 3411
3 4858 6574 4857
3 3630 6038 4134
3 252 5656 253
3 4185 4741 2630
3 3696 6520 4431
3 362 365 364
3 4577 4616 4013
3 117 118 116
3 307 4274 1784
3 4218 6552 3967
3 107 108 106
3 3069 4426 3072
3 4832 6565 4833
3 5241 6616 1041
3 4243 6308 6180
3 4217 5897 2175
3 2191 5364 38
3 2280 4981 4263
3 320 323 321
3 4940 6602 4939
3 750 4367 1611
3 2353 5917 1003
3 6170 6293 5278
3 2798 4249 947
3 5648 6244 4116
3 407 4307 409
3 113 114 112
3 1350 6481 4009
3 2633 6485 6421
3 1013 4153 4152
3 4175 4970 2597
3 4924 6113 2570
3 351 4337 1672
3 6258 6511 5664
3 2652 6313 6144
3 115 117 116
3 4521 4737 7
3 4230 6726 1096
3 4241 4544 1723
3 4151 6300 2515
3 532 4435 529
3 4092 6799 49
3 398 5616 401
3 3071 4249 2798
3 2126 4387 1949
3 946 4419 917
3 6574 6682 4857
3 34 5907 36
3 3784 6672 4293
3 3164 5042 4740
3 4694 6661 868
3 4620 6376 6286
3 1494 4683 2388
3 763 6796 6607
3 4012 6679 2293
3 5918 6654 3983
3 5882 5890 2667
3 1949 4387 1941
3 3448 5601 5074
3 545 5633 4357
3 4181 4237 918
3 4516 5797 2733
3 3435 6547 6510
3 325 326 324
3 115 116 114
3 5286 5814 3134
3 314 316 315
3 4193 4194 1643
3 1313 4773 4300
3 2834 5133 4712
3 1806 4980 1804
3 1205 4444 4443
3 93 4427 90
3 2204 6396 4076
3 4411 6316 4412
3 4733 6284 3487
3 4352 4641 1026
3 4377 4382 1776
3 4293 6672 4294
3 4200 6420 1771
3 86 4098 88
3 577 578 576
3 338 340 339
3 5853 5854 2670
3 3351 6072 5608
3 3384 4302 4295
3 340 341 339
3 336 338 337
3 338 339 337
3 2150 6413 4065
3 5785 5977 4421
3 3524 4872 3525
3 336 337 335
3 5427 6499 4015
3 4101 6437 3969
3 117 119 118
3 4538 4572 890
3 823 4443 4310
3 4817 6041 4012
3 316 317 315
3 3197 5657 4169
3 4593 5346 3262
3 4390 6088 5993
3 323 325 324
3 113 115 114
3 334 336 335
3 1346 5515 1047
3 4373 4374 2594
3 4572 6611 3878
3 1347 4625 4219
3 959 4884 957
3 4205 6765 504
3 316 318 317
3 119 120 118
3 4260 4261 2069
3 3946 5590 5531
3 1038 4306 1040
3 107 109 108
3 3830 6371 5686
3 788 4915 786
3 4350 4351 2476
3 2404 5627 371
3 319 4178 317
3 1060 6143 1346
3 4542 5507 3522
3 4622 5462 4623
3 5713 6642 4188
3 4133 5737 4529
3 3559 5713 3558
3 2499 5537 5310
3 5737 6012 1838
3 4028 6715 547
3 954 4546 956
3 4407 6101 4971
3 1673 6187 4144
3 1204 4192 4191
3 4343 6772 3995
3 4407 4970 4175
3 9 4737 2215
3 6148 6165 3868
3 121 122 120
3 4300 4774 1313
3 325 328 326
3 2146 6267 4082
3 1016 4388 4075
3 328 329 326
3 760 5977 4207
3 349 352 351
3 1905 5683 1903
3 4203 5752 988
3 3509 4544 3508
3 5538 6162 1735
3 2476 4352 1024
3 4794 5588 3214
3 2273 6738 4161
3 334 335 332
3 2710 6257 6206
3 4386 4511 4383
3 365 366 364
3 4737 5636 2215
3 4229 4656 4227
3 6423 6478 4559
3 5156 6042 2278
3 550 6710 6688
3 3051 4398 4397
3 121 123 122
3 1608 4883 4882
3 3465 6265 5944
3 1914 4388 720
3 4882 4885 1608
3 105 106 104
3 4056 4539 3430
3 5063 6710 550
3 3805 6250 6247
3 6303 6444 3916
3 4831 4833 2718
3 318 319 317
3 2243 5928 4345
3 4382 4383 1776
3 356 5690 354
3 763 6607 4214
3 4561 4644 1277
3 2933 4340 4339
3 1413 6338 5690
3 96 97 95
3 5914 6083 5913
3 119 121 120
3 110 4210 108
3 5305 6353 3344
3 253 5656 2472
3 2965 4434 4298
3 2594 5621 4373
3 579 580 578
3 3949 4248 4235
3 2670 6061 5853
3 4004 6176 5911
3 3864 6541 6249
3 331 332 329
3 3480 6600 4192
3 5298 6446 2289
3 100 101 99
3 343 4667 348
3 2997 6382 4150
3 1754 5275 4791
3 102 104 101
3 577 579 578
3 100 102 101
3 3211 6622 4160
3 856 4325 988
3 328 331 329
3 4952 5705 4282
3 1087 5705 4952
3 3949 4549 4248
3 4190 5706 1086
3 1700 6056 221
3 1553 4791 1604
3 2455 5346 4593
3 4453 6297 3751
3 401 402 400
3 2271 5517 4447
3 5832 6087 4153
3 575 577 576
3 3067 4451 4269
3 1765 6612 4109
3 2184 4710 4314
3 4166 5541 5279
3 6245 6271 3102
3 3062 5462 4622
3 4424 6762 4239
3 4837 5587 2543
3 4999 5917 2353
3 4560 6478 2309
3 204 5747 1203
3 2342 4259 1732
3 49 6422 4092
3 2073 6001 5780
3 229 4795 231
3 4867 4868 3397
3 3688 6140 4602
3 2597 5502 4851
3 4376 4794 3214
3 414 415 413
3 4259 5999 5320
3 3967 6389 6312
3 1665 5684 4270
3 6762 6801 4239
3 118 4327 923
3 343 348 347
3 5868 6763 3857
3 231 4795 3061
3 2444 4781 4780
3 366 369 368
3 4107 5056 4406
3 1980 4804 4358
3 2175 5696 4869
3 468 6400 4441
3 2313 6410 4138
3 868 6645 4694
3 4206 6051 5125
3 3557 4426 3069
3 3979 6563 4415
3 76 2426 78
3 2344 5008 5007
3 3508 4544 4241
3 5630 5829 5593
3 1505 5635 1565
3 5854 6090 2670
3 956 4546 1723
3 4233 5458 2161
3 3346 6110 5861
3 575 576 574
3 2543 5587 4597
3 4703 6270 3599
3 3278 5489 3279
3 6373 6418 876
3 1313 4774 1113
3 5130 5131 1241
3 4243 6180 4222
3 2491 5485 2489
3 3595 5631 3597
3 6032 6221 192
3 6091 6116 1535
3 1604 4791 4790
3 40 4272 42
3 133 135 134
3 692 5430 779
3 4475 4603 4476
3 1091 5877 4186
3 54 6431 6142
3 398 401 400
3 4197 5997 4198
3 4495 5666 3297
3 4833 4834 2718
3 4128 6575 4400
3 3629 5694 5131
3 4567 6591 3471
3 718 4388 1016
3 4293 6484 3784
3 4158 5975 2075
3 350 5755 347
3 4077 6628 1343
3 2344 5284 5008
3 4851 5502 4774
3 2250 4434 2579
3 4197 5882 2667
3 4869 5696 4867
3 1272 4365 3112
3 5746 5747 206
3 1187 5367 5366
3 3633 6435 4431
3 4304 5486 2225
3 4055 5959 4056
3 3025 5831 5171
3 6256 6445 3888
3 3330 5252 4551
3 4656 6726 4227
3 369 370 368
3 3628 4644 4561
3 5869 6763 5868
3 105 107 106
3 4171 6130 940
3 3862 6296 6199
3 219 6056 2771
3 4460 4828 3849
3 3051 4399 4398
3 4066 4797 4137
3 4097 6744 1742
3 1784 4278 305
3 4163 6003 4164
3 4467 6664 3852
3 683 5280 671
3 1629 4331 1935
3 6227 6277 4279
3 3934 5865 5682
3 4501 4571 3470
3 309 4274 307
3 2688 4411 4409
3 5007 5562 2344
3 4387 5691 3058
3 4142 6686 5050
3 265 4312 261
3 139 141 140
3 4948 4949 2771
3 6024 6289 1969
3 3734 4708 3569
3 4371 4372 1972
3 2579 4434 2965
3 74 5869 277
3 545 6594 5402
3 4255 6697 3901
3 4383 4511 1776
3 4721 5261 2339
3 3570 5784 4712
3 2686 4906 4859
3 133 134 132
3 4658 5717 5133
3 1769 4390 937
3 3470 5570 4501
3 854 4325 856
3 1616 4573 4356
3 3509 4545 4544
3 3145 5518 3634
3 4054 6106 5245
3 4314 4776 2184
3 3214 5051 4376
3 459 460 458
3 2455 4593 4591
3 297 300 299
3 4602 6390 3688
3 1977 5575 235
3 4337 4338 3014
3 3500 4396 4182
3 131 133 132
3 5015 6334 5420
3 331 334 332
3 135 137 136
3 3220 4926 4925
3 222 4598 216
3 2502 4757 2500
3 5185 6031 2603
3 4282 5705 2001
3 129 131 130
3 3640 4661 403
3 4720 4723 3679
3 137 139 138
3 6437 6712 3969
3 127 129 128
3 579 581 580
3 5128 6016 6011
3 6438 6697 4255
3 42 4272 45
3 5754 5792 2610
3 4351 4352 2476
3 2667 5997 4197
3 2461 4635 19
3 135 136 134
3 394 5507 397
3 2309 6411 4560
3 2089 4892 2088
3 377 5768 378
3 5997 6142 4198
3 5870 5983 4676
3 4365 4366 3112
3 141 143 142
3 4655 5485 2491
3 1754 4791 1553
3 4286 5102 4285
3 6041 6364 4578
3 5582 5960 3290
3 4960 6296 3862
3 3313 6036 4309
3 4669 6229 3806
3 104 6505 5677
3 78 4220 80
3 1395 4837 1394
3 125 127 126
3 4259 5320 1594
3 4279 6387 4280
3 123 124 122
3 547 6759 4028
3 139 140 138
3 2467 4598 222
3 4114 5000 4113
3 4180 6608 2334
3 5725 6175 4061
3 137 138 136
3 4165 6363 2463
3 4451 4452 3582
3 2103 4892 2089
3 123 125 124
3 98 99 97
3 1644 4193 1641
3 4969 6383 6317
3 3510 4773 3594
3 1040 4306 1195
3 6277 6387 4279
3 3557 5704 4420
3 182 4377 1776
3 1508 6329 6064
3 19 4635 21
3 412 414 413
3 3697 6291 3698
3 5632 6638 3900
3 2388 4683 3384
3 131 132 130
3 3447 6122 4041
3 3907 6608 4180
3 227 4402 230
3 2372 4432 2314
3 3990 4130 3989
3 2005 5056 4697
3 4433 4600 2020
3 4721 5562 5007
3 1694 4671 1586
3 268 4210 110
3 2543 4597 3726
3 4166 5279 3616
3 954 5890 4546
3 129 130 128
3 2493 4655 2491
3 245 4702 241
3 5194 6786 1658
3 2074 4875 4456
3 4231 4396 3500
3 4108 5931 1350
3 4456 4875 4457
3 4548 5022 3279
3 4338 4523 3459
3 5137 6330 6290
3 6049 6261 2177
3 4625 5336 3591
3 127 128 126
3 543 5633 545
3 4187 4327 120
3 440 5910 4189
3 1411 4369 357
3 341 4260 339
3 1941 4387 1939
3 403 4661 400
3 5727 5843 2025
3 4219 4625 3591
3 1891 6319 6282
3 80 4220 894
3 1551 6114 1754
3 957 4884 1608
3 4648 5751 3684
3 143 145 144
3 2071 6173 4534
3 3440 4537 4100
3 3755 4535 2440
3 3125 5666 4495
3 552 4315 560
3 3279 5489 4548
3 3240 4607 4437
3 4251 5627 2404
3 4184 4408 4183
3 4591 4705 2455
3 1347 4627 1094
3 4849 5658 2799
3 102 105 104
3 1411 4370 4369
3 4567 5698 3973
3 145 147 146
3 1945 1947 1946
3 4219 5111 4626
3 4448 4450 889
3 1935 4426 4420
3 4086 6285 4649
3 4346 6133 5902
3 300 301 299
3 5170 5172 3025
3 5131 5694 1241
3 2841 6003 4163
3 3054 5125 2817
3 5938 6030 4685
3 3614 5279 4445
3 5453 6060 2841
3 4088 6573 933
3 3678 5304 5261
3 4195 5546 5438
3 3 4480 661
3 703 4503 454
3 565 4415 1960
3 474 4672 480
3 5133 5717 3570
3 3164 4740 4281
3 373 377 374
3 2304 4396 2040
3 3134 5814 1630
3 147 149 148
3 940 6651 4172
3 4185 5474 4741
3 3804 5834 4582
3 3397 4869 4867
3 2267 5517 2268
3 2444 6570 4781
3 5161 6657 4065
3 2688 4409 1587
3 2011 5051 5032
3 2404 5588 4251
3 370 373 372
3 4335 4984 4336
3 3821 5855 5811
3 4420 4426 3557
3 1975 4755 561
3 4327 4328 923
3 642 4408 639
3 156 5783 2209
3 4207 6796 763
3 3594 4773 4771
3 141 142 140
3 143 144 142
3 95 4292 93
3 668 5908 4180
3 3425 5998 4684
3 4702 4703 1996
3 4214 4359 755
3 4184 5655 4408
3 235 5575 238
3 94 95 93
3 265 4878 4240
3 4218 4325 854
3 2040 4396 2342
3 3346 5659 1818
3 4297 5135 5134
3 1346 6143 4540
3 5259 5994 5912
3 71 6201 4155
3 4564 4743 3114
3 373 374 372
3 5255 6412 6377
3 857 4448 889
3 4300 4773 3510
3 590 594 589
3 4087 6139 2151
3 2005 4697 4481
3 2890 5751 4648
3 1542 6136 1729
3 4490 5984 2001
3 3085 4702 245
3 4222 6180 2210
3 1687 6320 4176
3 2650 4669 3806
3 4828 5122 3201
3 4167 6487 6126
3 2834 4712 4711
3 125 126 124
3 4373 5621 5489
3 4392 6794 1965
3 1051 5924 251
3 3634 5518 4691
3 1071 4550 1073
3 3859 6341 6237
3 2074 5410 5396
3 2433 6807 4302
3 80 894 82
3 145 146 144
3 1822 5303 1699
3 330 6344 4267
3 84 2403 86
3 4374 5280 2594
3 4832 6237 2371
3 4890 5613 4084
3 453 455 454
3 3445 6699 3834
3 203 6425 5432
3 952 4915 788
3 587 589 586
3 4741 5474 980
3 255 5656 252
3 4512 4513 273
3 984 4683 1494
3 3837 6401 6346
3 4456 5410 2074
3 4194 6252 4298
3 2632 5683 1905
3 5363 5772 5535
3 4257 4259 2342
3 4372 4672 1972
3 4740 5042 4050
3 4039 6747 5637
3 4251 5588 4793
3 6111 6301 2238
3 5088 6125 6082
3 149 151 150
3 2262 4423 2462
3 6380 6705 237
3 1296 5998 3425
3 4654 5863 5640
3 2280 4980 1806
3 1215 5458 1212
3 3509 4554 4545
3 5179 6534 4201
3 4369 4371 1972
3 4140 6743 4213
3 2476 5044 4350
3 2139 5981 5733
3 1804 4980 2395
3 4617 4618 3567
3 4406 5056 1943
3 205 6614 4156
3 1621 4466 1762
3 4228 5985 4229
3 480 4672 3084
3 2593 5999 5359
3 455 457 456
3 4160 6557 3211
3 4360 4708 1766
3 4071 6721 982
3 5995 6311 1388
3 3943 6323 3363
3 4146 6671 60
3 5582 5636 4522
3 3217 5929 927
3 4359 4367 755
3 4481 4643 2005
3 441 4289 444
3 426 427 425
3 4150 6640 2997
3 2500 4757 4526
3 786 4915 2636
3 3346 5861 5659
3 424 426 425
3 3797 6214 4342
3 560 566 565
3 3220 4927 4926
3 4592 5867 5780
3 4316 4317 2148
3 131 6033 5935
3 3471 6732 4567
3 4039 5637 4803
3 5874 6686 4142
3 4596 5587 4525
3 2208 5480 5479
3 1935 4420 1627
3 560 565 559
3 5050 6686 5158
3 4481 4697 3129
3 2919 5951 5831
3 5388 6487 6469
3 1104 4959 2456
3 3240 4437 4436
3 4447 5176 2271
3 3204 5855 3821
3 6330 6391 3460
3 322 4274 309
3 5787 5798 3685
3 5120 6119 30
3 153 155 154
3 295 297 296
3 386 4477 388
3 4579 4580 4576
3 120 4327 118
3 45 1738 47
3 4752 4787 2602
3 3757 6407 3756
3 92 93 90
3 4774 5502 1111
3 315 4454 313
3 814 5028 824
3 1587 4409 1430
3 1996 6789 5970
3 4269 4451 3582
3 159 161 160
3 1945 1946 1944
3 4162 6365 2364
3 4455 4537 3440
3 2208 5479 432
3 1866 4690 1864
3 3635 4701 4440
3 1853 5441 1854
3 3124 4436 3631
3 2403 6196 4759
3 1940 1943 1942
3 1608 4885 955
3 4127 6464 655
3 3659 6513 4244
3 655 6550 4129
3 4539 5755 3430
3 7 9 8
3 5102 5284 2006
3 404 3249 407
3 1007 4687 4686
3 4593 5867 4592
3 819 4467 1205
3 1242 5568 1239
3 2119 4953 4445
3 4006 6593 6031
3 5008 5284 5102
3 482 5151 484
3 5934 6063 169
3 4710 5232 4314
3 4522 5636 4737
3 4132 4824 3566
3 2256 2258 2257
3 21 23 22
3 561 4755 557
3 639 4408 637
3 4452 5618 3582
3 5161 5986 3431
3 1604 4790 4789
3 1280 5681 1284
3 6199 6259 3862
3 573 4311 575
3 4407 4971 1614
3 414 416 415
3 147 148 146
3 3699 4842 3202
3 4441 6403 468
3 461 463 462
3 3413 4533 3412
3 4316 4318 4317
3 982 6734 4071
3 5157 5883 5767
3 3963 6713 6025
3 4626 5111 4629
3 5336 5676 3591
3 756 4214 755
3 4129 6504 655
3 4647 4648 3684
3 5228 5251 4718
3 4546 5882 4241
3 4302 6807 4295
3 94 4496 1362
3 3628 5568 4644
3 4281 4607 3240
3 21 4635 24
3 1771 6420 4795
3 3569 4708 4360
3 981 4419 4365
3 1444 4837 1395
3 4 7 6
3 4330 6440 274
3 122 4187 120
3 353 4337 351
3 155 2113 154
3 2075 6274 4158
3 2533 4711 2563
3 1186 5907 34
3 3679 5261 4720
3 51 666 53
3 311 322 309
3 4229 5985 4301
3 570 4520 1975
3 743 5044 1022
3 1688 4596 4525
3 4404 5232 1596
3 4581 4582 4580
3 2943 4252 3975
3 3737 5846 5642
3 552 560 559
3 157 4726 155
3 2515 6768 4151
3 4325 4872 988
3 1608 4884 4883
3 5177 5798 5787
3 4695 6295 3951
3 416 417 415
3 955 4885 302
3 3906 5165 5164
3 6206 6257 5575
3 103 6737 6150
3 3124 4715 4436
3 345 4761 332
3 4177 6385 1983
3 4184 5777 5655
3 4094 6753 6424
3 580 668 578
3 4549 4805 874
3 213 4780 215
3 4551 5252 4550
3 4673 6596 5375
3 4597 5226 3726
3 552 559 551
3 3306 5969 4347
3 101 5677 103
3 1802 5353 1800
3 2602 4788 4752
3 92 4496 94
3 55 6241 5644
3 23 4685 22
3 149 150 148
3 4208 6194 2273
3 4884 5792 5754
3 1586 4671 1982
3 3445 6234 4422
3 19 21 20
3 4386 4512 4511
3 2921 5115 2620
3 3062 4757 2502
3 165 4329 164
3 1241 5568 5130
3 4106 4697 4107
3 5474 5796 980
3 151 5544 150
3 96 98 97
3 4760 5720 2361
3 1 4480 3
3 98 100 99
3 4112 4937 4540
3 1232 5106 1230
3 2546 5905 5680
3 690 5430 692
3 6048 6156 5509
3 4149 6705 6380
3 3460 6391 2707
3 467 469 466
3 3779 4798 4446
3 672 5428 4494
3 3487 6742 4733
3 3759 6767 5918
3 5918 6767 4329
3 377 378 374
3 4372 6596 4673
3 443 4669 2650
3 418 420 419
3 2080 4670 4489
3 2339 5562 4721
3 2500 4526 1453
3 420 422 421
3 1729 6136 5011
3 1630 5814 1632
3 66 5973 64
3 2251 6035 6005
3 4133 6012 5737
3 1939 3058 1937
3 3797 6278 6214
3 1979 4743 4563
3 3097 4678 3089
3 2566 5253 4642
3 2459 6100 6069
3 5519 6161 3946
3 2563 4711 3111
3 1682 4316 2148
3 4196 6252 4194
3 852 4218 854
3 4305 6250 3805
3 6282 6319 3968
3 1763 4640 4491
3 4223 6644 550
3 816 5028 814
3 401 405 402
3 4269 5829 3067
3 161 4725 160
3 1940 1942 1941
3 97 1406 95
3 36 5907 2191
3 4658 5133 4466
3 6172 6327 5778
3 1268 4365 1272
3 2364 5432 5431
3 605 4415 568
3 2806 4361 2938
3 1765 4667 342
3 4744 4808 4123
3 1947 1950 1946
3 1940 1941 1939
3 4313 5838 2336
3 3139 4537 4455
3 409 412 411
3 1943 1944 1942
3 668 4180 578
3 4327 6068 4328
3 3752 6297 4328
3 2876 5954 5753
3 5310 5537 3866
3 4038 6787 344
3 1943 1945 1944
3 225 4402 227
3 454 4503 452
3 4681 5022 4548
3 2440 4535 2441
3 3956 5517 4139
3 768 4421 765
3 1779 4671 1694
3 1647 5974 1665
3 4700 4813 4375
3 1621 4658 4466
3 5096 5567 5093
3 2594 5280 683
3 2258 2260 2259
3 1069 4321 1400
3 4412 4413 4410
3 2411 4463 147
3 4934 6560 4033
3 3486 5747 5746
3 3599 6789 4703
3 5303 5974 1649
3 1458 4970 1556
3 4515 5797 4516
3 5032 5051 4536
3 470 472 471
3 2001 5984 4282
3 4563 4743 4564
3 5970 6789 4085
3 5735 5958 3610
3 4218 6312 4325
3 2256 2257 2255
3 5539 5639 1183
3 3430 5755 2719
3 1864 4690 1867
3 3129 4697 4106
3 4552 4813 4700
3 439 4289 441
3 365 5926 366
3 1195 4301 1318
3 1050 5676 5336
3 744 5044 743
3 2718 5579 4831
3 5724 5821 162
3 2 5330 0
3 4 4521 7
3 9 10 8
3 2904 5302 2511
3 432 5479 429
3 1413 5690 356
3 1903 5683 2687
3 3136 5107 3135
3 3066 5462 3063
3 6034 6204 5661
3 3849 4828 3201
3 374 5849 372
3 3397 4868 3394
3 4772 4773 1313
3 3847 6691 5272
3 1596 4764 4404
3 3159 4776 3157
3 1862 5512 1865
3 461 462 460
3 470 471 469
3 5039 5199 4782
3 422 424 423
3 420 421 419
3 430 1992 431
3 1699 5303 1649
3 422 423 421
3 2441 2634 2015
3 4871 5704 3557
3 2444 4780 213
3 779 5430 4875
3 671 5280 664
3 7 8 6
3 3013 6263 5196
3 4771 5039 3594
3 3113 6160 4245
3 4190 5472 3602
3 1938 4406 1940
3 5894 5930 3727
3 589 681 586
3 2184 5635 1505
3 5253 5550 4642
3 297 299 296
3 4321 4322 1400
3 1607 4552 1591
3 1506 4375 2011
3 3570 5717 1348
3 1719 4704 4319
3 3733 6709 4066
3 4722 5008 4637
3 2473 4828 4459
3 9 11 10
3 4629 5111 2807
3 4454 4842 3699
3 980 5796 4488
3 4129 6550 2297
3 4489 5123 2080
3 581 582 580
3 1194 4959 1104
3 1291 2720 2136
3 4356 4573 3087
3 3846 6691 3847
3 1835 4638 1845
3 4280 6387 327
3 655 6504 4127
3 5906 5909 3562
3 2517 4452 4451
3 21 22 20
3 337 5378 335
3 2126 5691 4387
3 4637 5102 4286
3 1229 4958 1231
3 3041 4583 4343
3 472 476 475
3 4775 5894 5876
3 4373 5489 3278
3 430 431 429
3 4248 4549 874
3 4066 6709 5392
3 391 393 392
3 4288 6046 1773
3 4697 5056 4107
3 5442 5710 5357
3 1565 5635 1766
3 2423 2424 2422
3 6424 6753 4341
3 321 333 319
3 752 4367 750
3 1625 3346 1818
3 418 419 417
3 354 5690 2467
3 1915 4538 830
3 453 454 452
3 2817 5125 2816
3 4579 4581 4580
3 1832 4707 2034
3 4353 4354 3626
3 3098 4952 3131
3 4913 6338 1413
3 1833 1835 1834
3 5650 5965 4876
3 94 96 95
3 250 4649 254
3 803 4695 2290
3 1195 4306 4301
3 1400 4550 1071
3 349 350 347
3 26 1459 28
3 269 4187 122
3 1833 4638 1835
3 4613 4614 4612
3 1940 4406 1943
3 4459 4786 2473
3 4480 5253 661
3 4637 5228 4722
3 573 574 572
3 5674 5786 3729
3 2807 5343 4629
3 6126 6487 3749
3 180 4377 182
3 333 4178 319
3 1766 5635 4360
3 2258 2259 2257
3 2611 2869 2509
3 428 429 427
3 4207 5977 3454
3 1697 4454 315
3 3394 4868 3393
3 5130 5568 3628
3 1798 5284 1796
3 1861 5442 5357
3 5484 5525 2614
3 1845 4638 2528
3 1678 2422 405
3 4699 5982 2654
3 6144 6313 5002
3 1230 5106 1234
3 1026 4641 1028
3 416 418 417
3 1007 4686 633
3 4495 5539 3125
3 13 15 14
3 4074 6761 1016
3 3522 5507 393
3 1857 5441 5264
3 4540 4937 3166
3 1945 5056 2005
3 24 4405 26
3 1942 1948 1941
3 4490 6113 5984
3 4060 6010 4061
3 2489 5485 2499
3 5578 5678 3195
3 3678 5261 3679
3 472 475 471
3 382 4672 474
3 817 4467 819
3 4527 4683 930
3 424 477 426
3 680 4905 617
3 378 5768 383
3 11 12 10
3 1979 4563 1496
3 357 4369 359
3 2082 4586 4585
3 2036 2510 2509
3 821 4443 823
3 1640 1641 1639
3 1028 4641 1032
3 569 572 568
3 30 31 29
3 4576 4580 4575
3 2373 4676 2374
3 4681 5021 2830
3 36 38 37
3 5264 5442 1857
3 15 16 14
3 13 14 12
3 4501 5570 993
3 430 1993 1992
3 3263 4566 1002
3 1115 4772 1313
3 4455 5107 3139
3 3371 4570 2457
3 1717 4704 1719
3 960 4836 962
3 2082 4585 919
3 3534 5176 4447
3 1867 4689 2129
3 1961 6205 4221
3 363 4337 353
3 4269 5985 5829
3 2760 6027 6022
3 2740 4901 4484
3 4130 6527 1049
3 46 2667 44
3 4113 4583 3041
3 2105 5099 2107
3 5480 6764 3750
3 1319 5003 1196
3 4221 6231 1961
3 5780 6001 4592
3 883 5658 879
3 5432 6425 6109
3 4204 5125 3054
3 4862 5021 4681
3 1172 4621 1468
3 3360 5064 3147
3 942 4808 4744
3 4882 5853 4885
3 4445 5279 2119
3 3155 5232 3153
3 1212 5458 1211
3 257 4242 255
3 1596 5232 4710
3 4621 4757 4622
3 4587 4705 4591
3 1685 4645 2205
3 4277 4278 1784
3 550 6688 4223
3 4537 6129 4100
3 1678 2423 2422
3 4413 6189 4410
3 5202 6783 6276
3 4391 4392 1965
3 2260 2262 2261
3 11 13 12
3 3228 5518 3145
3 5913 6083 2607
3 3798 4680 3074
3 1629 1935 1627
3 476 544 543
3 4564 5837 4565
3 1438 4658 1621
3 1938 1939 1937
3 5876 5894 3727
3 5089 5091 2410
3 581 583 582
3 412 413 411
3 3822 6473 5789
3 5096 5098 2474
3 1625 1818 1678
3 116 4453 114
3 1443 1444 1395
3 2964 3378 3243
3 3957 4357 3958
3 4533 4534 3412
3 1948 1949 1941
3 4626 4627 1347
3 1973 4552 1607
3 3688 6390 4089
3 436 437 435
3 1394 4837 2543
3 15 17 16
3 2082 4705 4587
3 5186 5458 4233
3 3959 6414 4115
3 17 19 18
3 3496 4647 2660
3 569 573 572
3 5861 6110 4542
3 3 661 5
3 4981 5312 3424
3 32 33 31
3 4361 4362 2938
3 153 154 151
3 4902 5006 3598
3 573 575 574
3 3984 4822 2962
3 962 4836 1280
3 3009 4768 1824
3 4691 5299 3634
3 4717 4723 4720
3 1057 5414 1174
3 5261 5304 2339
3 2123 2326 2122
3 4114 5178 4999
3 4450 6315 889
3 2254 2256 2255
3 4927 6757 4926
3 2180 4575 139
3 17 18 16
3 19 20 18
3 376 5776 291
3 1938 1940 1939
3 2869 4701 2509
3 1063 4630 1981
3 5069 5622 5565
3 334 344 336
3 5132 5299 693
3 4382 4384 4383
3 1631 4331 1629
3 4434 5546 4195
3 568 4415 565
3 2250 5546 4434
3 362 363 353
3 1410 5579 1330
3 4020 5014 5013
3 1627 4420 924
3 1211 5458 5186
3 437 4189 435
3 5669 5927 3373
3 3089 4678 4356
3 27 29 25
3 4401 4402 225
3 38 40 39
3 4403 4678 3097
3 3643 6374 4599
3 61 63 62
3 583 584 582
3 4999 5178 4484
3 2121 4486 2371
3 4442 5658 4849
3 4836 5681 1280
3 4014 4756 3314
3 2526 2666 2524
3 63 64 62
3 4475 4476 365
3 40 42 41
3 3582 5618 1375
3 937 4390 987
3 476 543 475
3 3750 6670 5480
3 1854 5441 1857
3 2473 5122 4828
3 1446 4525 1444
3 3168 4786 3170
3 345 4762 4761
3 870 4248 871
3 2441 2635 2634
3 914 5703 944
3 585 586 584
3 2602 4787 948
3 3085 4703 4702
3 4436 4437 3631
3 215 4780 267
3 271 6173 138
3 894 4058 82
3 4028 6719 6715
3 4552 4700 1591
3 4875 5430 4457
3 5666 5720 4760
3 42 44 43
3 1762 4466 2123
3 759 760 758
3 604 4909 620
3 3988 4600 4433
3 232 4795 229
3 77 2607 75
3 4720 5261 4721
3 2260 4423 2262
3 1117 4772 1115
3 4013 4616 3905
3 874 4805 875
3 2474 5567 5096
3 3393 4868 4865
3 2964 5002 3378
3 4416 4417 1915
3 2180 4576 4575
3 1291 1765 342
3 2757 4715 2318
3 874 875 873
3 3779 5314 4798
3 4217 4869 3398
3 5023 5788 1426
3 4487 4902 3598
3 27 30 29
3 1453 4526 1334
3 633 4686 631
3 5686 6662 3830
3 2004 4765 723
3 543 545 475
3 627 5040 625
3 5191 6242 3807
3 1413 6378 4913
3 3032 4729 4728
3 1411 5760 4370
3 3632 5410 4470
3 2526 5115 2666
3 4607 5966 4608
3 34 35 33
3 4435 6218 530
3 4491 5064 1763
3 3496 4648 4647
3 3377 6088 3447
3 3310 4361 2806
3 859 4448 857
3 1834 4707 1832
3 3517 4932 3123
3 153 5783 156
3 4865 4879 3393
3 63 65 64
3 4030 5141 3128
3 585 587 586
3 583 585 584
3 4094 4768 3009
3 92 94 93
3 1994 4845 121
3 723 4765 725
3 2223 5046 3127
3 2139 6527 4130
3 3297 5666 4760
3 3084 5151 482
3 4194 4195 1643
3 4360 4776 3159
3 254 255 252
3 30 32 31
3 4722 5228 4718
3 4457 5893 5887
3 2178 4838 2711
3 5769 5777 5065
3 2916 5074 2397
3 3067 5829 5630
3 1750 4724 1488
3 3262 5867 4593
3 5887 5893 1677
3 5438 5546 1913
3 2161 5458 1215
3 4616 5407 3905
3 3349 4109 3172
3 1690 5368 2320
3 1035 4739 2621
3 293 295 294
3 1590 4422 1610
3 65 66 64
3 1445 1446 1444
3 1357 4901 1562
3 4621 4622 1468
3 4551 5983 5870
3 34 36 35
3 1625 1678 405
3 5645 5699 3249
3 2624 4699 2654
3 4474 5041 5040
3 4866 4868 4867
3 544 552 551
3 3157 4776 4314
3 566 569 568
3 4484 5178 2740
3 4630 4631 1981
3 3416 4533 3413
3 4522 5960 5582
3 4525 4837 1444
3 4440 4701 2869
3 3213 5051 3214
3 2037 4910 4909
3 3798 4806 4680
3 3956 3957 3955
3 4467 6240 1205
3 959 5792 4884
3 3117 5401 3120
3 4261 4262 2069
3 3123 4932 3154
3 2711 4838 3204
3 4242 5656 255
3 404 5645 3249
3 484 5151 938
3 5396 5410 3632
3 4356 5772 1616
3 4682 4967 1234
3 1824 1973 1607
3 4678 5772 4356
3 4470 5488 3632
3 32 6119 1186
3 4673 5152 5151
3 5106 5694 3629
3 455 456 454
3 2799 5813 4849
3 544 551 543
3 4125 6263 6216
3 3328 5772 4678
3 1824 4768 2279
3 3650 6471 4499
3 5171 5831 3788
3 3898 6436 3897
3 3951 6295 3246
3 4309 6036 3901
3 4428 5751 5741
3 490 491 489
3 536 4706 1970
3 3032 4728 2399
3 1001 4735 1057
3 2260 2261 2259
3 5629 6472 1975
3 2297 6606 4129
3 6094 6146 2930
3 2036 2508 2035
3 572 605 568
3 4202 6599 2954
3 1974 6514 6087
3 3404 5115 2921
3 2620 5115 2526
3 4 6 2
3 1040 1195 1043
3 953 5835 5812
3 592 4520 570
3 5357 5512 1861
3 112 268 110
3 3106 4805 4549
3 26 4405 1459
3 1823 2035 1822
3 2242 4743 1979
3 3567 6276 4617
3 737 740 739
3 4206 5125 4204
3 4550 5252 1073
3 2223 2753 1958
3 4454 5736 313
3 5223 6501 5154
3 32 34 33
3 438 439 437
3 1944 4439 1942
3 2511 5302 2035
3 4547 4548 1358
3 163 165 164
3 38 39 37
3 1417 5006 4902
3 4673 5151 3084
3 2934 3172 2372
3 2223 2754 2753
3 663 670 664
3 2384 2725 2724
3 140 271 138
3 4688 5039 2542
3 2332 4475 361
3 4554 5446 1474
3 1474 5446 4746
3 433 6018 436
3 317 1697 315
3 310 4766 312
3 4153 4154 4152
3 2100 5234 2102
3 5488 5560 1368
3 2597 4970 1458
3 4375 4376 2011
3 2410 5099 2105
3 4547 4862 4681
3 1265 4688 2542
3 1318 1319 1196
3 488 489 487
3 670 675 671
3 1195 1318 1196
3 5761 5822 5257
3 1096 6726 4656
3 737 739 736
3 5640 5863 2631
3 1234 4799 4682
3 1443 1445 1444
3 3536 4447 3956
3 1195 1196 1043
3 2205 5368 1690
3 4004 5911 766
3 159 160 157
3 1937 4346 1396
3 4382 5763 4384
3 4798 5314 2449
3 59 61 60
3 1836 5737 1838
3 61 62 60
3 378 383 380
3 3249 4307 407
3 4029 4030 3128
3 1852 4866 1851
3 295 296 294
3 42 43 41
3 40 41 39
3 2130 2383 1674
3 948 4787 908
3 1556 4970 1614
3 1824 2279 1973
3 3003 5343 2728
3 5759 5925 3765
3 332 4761 329
3 3956 4139 3957
3 4300 4851 4774
3 4973 5671 4974
3 1424 4820 1743
3 1800 5353 2006
3 5902 6133 4477
3 3807 6264 5017
3 2340 5251 5228
3 5652 5745 3712
3 1078 5494 1074
3 1958 5306 1957
3 36 37 35
3 490 492 491
3 1956 2223 1958
3 620 4909 3165
3 2036 4841 2510
3 4281 5973 2224
3 670 671 664
3 4553 5574 1977
3 4636 5227 2340
3 3634 5299 5132
3 675 676 671
3 264 266 263
3 4748 4843 3418
3 393 394 392
3 355 4429 1411
3 2083 4766 310
3 2312 4618 1874
3 383 384 380
3 3151 5024 3033
3 3903 5347 2808
3 5440 6719 4028
3 438 2963 439
3 6469 6487 2530
3 1474 4746 1288
3 5085 5087 2421
3 4735 5414 1057
3 1995 4763 2547
3 2533 2562 2561
3 424 425 423
3 2327 2533 2532
3 4566 5698 4567
3 2419 2863 2862
3 2123 2327 2326
3 1831 1832 1830
3 2141 6220 4250
3 4442 4848 897
3 689 4547 1358
3 1146 6246 6181
3 4644 5568 1242
3 1022 1023 953
3 6242 6264 3807
3 3997 4361 3310
3 3032 5024 4729
3 1081 1082 1080
3 1291 2136 1765
3 1889 2177 1887
3 4928 5682 4062
3 2395 5353 1802
3 1506 2011 1504
3 1193 1262 1194
3 1069 1400 1071
3 1760 4679 2281
3 488 490 489
3 4482 4483 3416
3 492 493 491
3 1710 4193 1644
3 1196 4903 1043
3 4489 4670 3644
3 1527 5541 1493
3 2510 4841 3192
3 4479 4480 1
3 2510 2611 2509
3 1755 5317 1756
3 4292 4427 93
3 4459 4828 4460
3 4543 4836 960
3 4481 5046 4643
3 1760 2281 2021
3 1562 4901 2740
3 3135 5107 4489
3 2317 4805 3106
3 4471 4472 647
3 5264 5710 5442
3 4789 5522 1604
3 1642 1644 1641
3 1942 4439 1948
3 784 4527 891
3 2262 2264 2263
3 663 664 662
3 1032 1102 1101
3 5302 5303 1822
3 2327 2532 2326
3 4965 5547 5528
3 630 631 629
3 2722 3267 2721
3 2023 4956 548
3 3087 4573 2408
3 379 5849 374
3 163 164 161
3 920 5765 2623
3 602 4909 604
3 1762 2123 2122
3 4175 4851 3519
3 6507 6601 3636
3 1074 5494 1072
3 5931 6074 2037
3 5091 5099 2410
3 5319 5821 5724
3 155 4726 2113
3 709 4732 1381
3 4111 4952 3098
3 4138 6641 2313
3 4495 5639 5539
3 4561 6752 6029
3 675 693 676
3 992 4735 1001
3 4973 5585 738
3 2610 5497 4604
3 59 60 58
3 4555 4606 3140
3 4714 5068 3352
3 4937 5397 3166
3 4716 4723 4717
3 1253 4621 1172
3 2327 4711 2533
3 3139 5107 3136
3 4365 4419 4366
3 4723 5249 3679
3 5334 5585 4624
3 1061 4630 1063
3 4568 4735 992
3 1581 4609 1589
3 3498 5462 3066
3 1193 1194 1104
3 312 4766 995
3 2697 4524 3517
3 318 330 320
3 1861 5512 1862
3 2128 5276 1863
3 5535 5772 3328
3 4444 6727 3194
3 1019 5336 4625
3 810 811 809
3 1443 5288 1445
3 4270 6191 1665
3 3571 5302 2904
3 808 809 807
3 4271 6233 3836
3 1497 5856 5321
3 4748 5441 1853
3 1821 1822 1699
3 2830 5022 4681
3 606 4905 2225
3 3567 4618 2312
3 1863 5276 1860
3 981 4365 1268
3 3698 4956 2023
3 2036 2509 2508
3 4468 4713 3473
3 738 5585 5334
3 557 4753 554
3 2954 6674 4202
3 3398 4869 3397
3 1268 1272 1270
3 826 4416 1915
3 928 5806 1769
3 6377 6412 5097
3 4470 5560 5488
3 5028 5818 4418
3 564 6156 6048
3 1823 2036 2035
3 1498 4764 1499
3 806 807 805
3 492 494 493
3 1032 1983 1102
3 1145 4716 1164
3 1566 4700 4375
3 1867 2129 2128
3 76 4155 2426
3 681 5487 586
3 812 814 813
3 666 667 53
3 267 4429 355
3 2867 4775 2076
3 1858 5442 1861
3 3448 5074 2916
3 5084 5545 3372
3 629 4471 647
3 4515 6117 5797
3 1259 1369 1260
3 3957 3958 3955
3 1445 1447 1446
3 1081 5425 1083
3 1966 5146 1971
3 2907 5556 2906
3 3349 4110 4109
3 3475 4713 4176
3 4338 4339 3014
3 1835 1836 1834
3 1309 5996 5826
3 4635 6436 4405
3 160 4726 157
3 4120 5536 5460
3 1059 4727 1340
3 3170 4786 4459
3 836 4501 838
3 3099 4940 4939
3 1701 5211 1511
3 1314 5590 1515
3 2696 4524 2697
3 147 4463 149
3 289 376 291
3 990 4568 992
3 1956 1958 1957
3 2934 3349 3172
3 3598 4935 4487
3 4711 4712 3111
3 5098 5381 2474
3 849 4796 915
3 498 499 497
3 2423 2683 2424
3 28 5120 27
3 4822 4823 2962
3 928 1769 937
3 1070 4490 2001
3 1071 1072 1070
3 735 736 734
3 2302 2332 361
3 565 1960 559
3 4366 4484 3112
3 3033 5024 3032
3 494 495 493
3 1590 1592 1591
3 2799 5658 883
3 2423 4478 2685
3 496 497 495
3 984 1430 1048
3 3376 5049 1345
3 1239 5568 1241
3 2881 5653 5282
3 1369 1498 1370
3 593 5331 609
3 6011 6016 4971
3 1072 4490 1070
3 1821 1823 1822
3 511 4767 547
3 4642 5444 2566
3 2340 5228 4636
3 705 5078 603
3 4420 5704 924
3 2870 2871 2408
3 3257 4936 2875
3 5316 6495 199
3 3418 5263 4748
3 975 4741 977
3 1488 4724 1490
3 1069 1071 1070
3 55 56 54
3 2602 4815 4788
3 1497 5767 4502
3 2440 2441 2015
3 182 184 183
3 3099 4939 4938
3 4519 4638 1833
3 984 1494 1430
3 3218 5587 4596
3 2504 5116 3064
3 551 5633 543
3 1579 4986 1418
3 4688 5199 5039
3 5146 5446 3116
3 276 5407 4616
3 1120 5437 1130
3 728 778 777
3 426 428 427
3 4530 4531 1469
3 2414 4823 2221
3 3188 4790 3548
3 3372 5685 5084
3 733 734 732
3 757 758 756
3 805 4695 803
3 3147 5064 4491
3 4866 4867 1851
3 3833 6116 6091
3 5139 5782 5711
3 693 5299 676
3 2983 4468 3473
3 326 4391 1965
3 704 5973 4740
3 4740 5973 4281
3 4557 6669 3880
3 3129 4029 3128
3 4747 4843 4748
3 4605 5497 5423
3 628 629 627
3 1338 4658 1438
3 1781 1783 1579
3 1615 4573 1616
3 2318 4715 2162
3 930 4683 984
3 2399 4728 2398
3 352 2302 361
3 647 5040 627
3 733 735 734
3 2194 4792 2588
3 3127 5046 4481
3 2121 2371 1761
3 3727 5930 4959
3 4956 5663 542
3 379 5919 4458
3 402 5645 404
3 343 347 346
3 2700 5038 2715
3 5563 5703 914
3 267 355 354
3 2780 2839 1973
3 3601 5064 3360
3 2077 2399 2398
3 184 4511 186
3 735 737 736
3 1262 1394 1194
3 917 981 916
3 1691 2544 1686
3 2006 5284 1798
3 2510 3192 2612
3 250 254 252
3 4436 4715 2757
3 2864 5549 616
3 4792 5522 4789
3 135 5673 137
3 4195 5438 1643
3 4370 4371 4369
3 362 364 363
3 1945 2005 1947
3 1582 4700 1566
3 4376 5051 2011
3 712 4556 1324
3 2872 2984 2136
3 1452 4902 4487
3 5762 5790 1420
3 5 4521 4
3 2943 3975 3974
3 2005 4643 1947
3 2197 4778 1807
3 387 4893 385
3 178 275 180
3 4556 4557 1324
3 1432 5003 1319
3 2407 2870 2408
3 4140 6594 4357
3 5022 5600 5586
3 566 568 565
3 1733 4838 2178
3 335 345 332
3 4917 5072 4918
3 5940 6006 2803
3 2384 2724 2383
3 1119 4770 1117
3 318 6278 330
3 1796 5284 2344
3 483 546 481
3 180 182 181
3 2410 5234 5089
3 757 759 758
3 1284 5681 1474
3 506 507 505
3 5565 5622 2864
3 1310 4688 1265
3 6191 6601 1710
3 2162 4715 2412
3 810 812 811
3 178 180 179
3 3242 5249 4950
3 1197 5358 1097
3 603 5078 601
3 312 995 314
3 2031 2033 2032
3 397 398 396
3 4770 4772 1117
3 359 1972 382
3 3964 4801 2975
3 389 1259 935
3 557 4755 4753
3 2241 2242 1979
3 1037 4739 1035
3 5001 6086 5817
3 4525 5587 4837
3 4447 5517 3956
3 3519 4851 4300
3 2557 4541 3306
3 2358 4894 2811
3 1079 1081 1080
3 4607 4608 4437
3 5637 6747 1180
3 3418 3419 3417
3 5069 5395 2052
3 2784 5073 2782
3 388 4477 391
3 500 501 499
3 4630 4632 4631
3 765 4421 762
3 913 920 907
3 139 4575 141
3 4249 5806 947
3 977 4741 980
3 504 505 503
3 1188 4562 1476
3 1360 4695 805
3 3168 5121 4786
3 5741 5751 2890
3 1592 1662 1607
3 1259 1260 935
3 1628 1629 1627
3 5642 5846 2758
3 4716 4717 1164
3 200 202 201
3 4841 5373 3192
3 1369 1370 1260
3 4201 6605 5179
3 4823 5118 2221
3 1079 1080 1078
3 691 4862 4547
3 3630 4960 2949
3 5282 5653 4474
3 2698 4946 2742
3 1069 1070 1068
3 4156 6676 205
3 1507 1673 1509
3 3517 4933 4932
3 1970 6283 4254
3 4314 5232 3155
3 2766 4961 2767
3 482 483 481
3 830 4538 832
3 3951 6711 4695
3 3414 5263 3415
3 2407 2995 2870
3 3534 4447 3536
3 3617 4799 3629
3 1592 1607 1591
3 4465 4931 1684
3 630 632 631
3 2773 5277 2354
3 1002 4566 1092
3 2403 4098 86
3 3436 5189 4816
3 6291 6771 3698
3 368 5627 367
3 1749 2575 1748
3 2648 2959 2647
3 2198 4698 2947
3 1956 5046 2223
3 1073 1074 1072
3 4006 6031 5185
3 3030 5513 3751
3 2753 3358 1958
3 4450 6271 6245
3 4019 6555 4299
3 3074 4680 2769
3 326 1965 324
3 2050 4670 2080
3 2469 5122 2292
3 2674 3029 2675
3 2512 2513 2242
3 186 188 187
3 5494 6113 4490
3 262 264 263
3 1978 1979 1496
3 4664 4665 2883
3 4979 5807 5653
3 1083 5425 1085
3 3712 4936 3257
3 1609 4685 2665
3 499 550 497
3 1022 5044 2476
3 2623 4611 2536
3 4504 4508 3426
3 2466 4438 3011
3 3166 5397 2709
3 4923 5912 3368
3 885 916 884
3 5912 5994 3368
3 4258 5727 5359
3 3086 5605 749
3 2031 2032 1571
3 3665 5112 4870
3 808 810 809
3 2821 4541 2557
3 3390 4879 3389
3 661 663 662
3 2658 2659 2329
3 339 2069 337
3 57 58 56
3 4955 4962 4961
3 861 2546 859
3 1867 4690 4689
3 5628 5793 2606
3 1965 5716 324
3 1330 5579 2718
3 3029 3711 3141
3 875 878 877
3 388 391 390
3 3130 5262 2541
3 4258 5843 5727
3 2660 4647 2329
3 921 922 799
3 4742 5105 1237
3 45 4272 1738
3 4898 4906 1730
3 4790 4791 3548
3 1662 1824 1607
3 798 799 780
3 1401 5203 1402
3 4852 6595 3970
3 600 2037 602
3 3426 4097 3162
3 4734 5453 3551
3 1143 4716 1145
3 188 190 189
3 1496 4563 1383
3 2538 6483 4157
3 391 392 390
3 2320 2737 1691
3 699 4862 691
3 366 5926 369
3 1978 2241 1979
3 4752 5808 4751
3 2449 5239 4798
3 3276 5525 5484
3 806 808 807
3 4950 5249 1367
3 3172 5506 4432
3 4067 5343 3003
3 628 630 629
3 1812 6104 5229
3 625 5040 2022
3 428 430 429
3 1749 4812 2576
3 184 186 185
3 3116 5446 5401
3 480 481 479
3 1323 4802 1991
3 3699 5736 4454
3 2508 2511 2035
3 1028 1032 1030
3 3639 5038 2700
3 885 917 916
3 545 5402 475
3 809 4601 807
3 1655 4817 2293
3 989 990 922
3 2995 6158 5851
3 1683 4951 2439
3 3192 3193 2612
3 996 4562 1188
3 2683 2684 2424
3 1595 4645 1685
3 502 503 501
3 2640 6133 5969
3 6003 6189 4164
3 6385 6485 5766
3 2503 5116 2504
3 2544 4465 1686
3 2262 2462 2264
3 1908 6723 4150
3 5655 5777 1007
3 2864 5622 5549
3 4611 4612 3115
3 3969 6712 5181
3 1080 5706 2570
3 3473 4713 3475
3 941 948 908
3 2754 3370 2753
3 355 1411 357
3 589 5486 681
3 2241 2512 2242
3 2657 5025 2783
3 2262 2263 2261
3 4623 4826 1468
3 1007 5777 4687
3 506 508 507
3 307 1784 305
3 4513 4514 273
3 3131 4952 4282
3 661 662 5
3 198 200 199
3 4342 6214 995
3 2232 2234 2233
3 3466 3467 3163
3 4150 6723 6640
3 2033 2759 2032
3 1923 5498 1925
3 923 4453 116
3 2258 2321 2260
3 930 984 983
3 211 213 212
3 3213 3214 2829
3 3549 5275 3577
3 1836 1838 1837
3 223 4401 225
3 1514 1730 1681
3 798 921 799
3 1831 4519 1833
3 2630 4741 975
3 708 2744 706
3 2225 6225 4304
3 514 515 513
3 1248 4863 943
3 2682 5309 2545
3 5187 5188 4819
3 1382 5009 1473
3 496 498 497
3 2509 4701 2508
3 3860 4830 2946
3 3594 5039 4782
3 494 496 495
3 2983 3473 3472
3 394 397 396
3 504 506 505
3 1838 1840 1839
3 3758 3760 3757
3 3266 4665 4664
3 1590 1591 1582
3 987 1009 1008
3 1828 2674 2357
3 3489 4072 3490
3 1345 5049 1342
3 2033 2760 2759
3 921 989 922
3 3353 6074 4108
3 220 4530 1469
3 2736 5203 1401
3 194 196 195
3 2077 2891 2399
3 4599 6741 4532
3 3172 4432 2372
3 1067 1069 1068
3 571 5331 593
3 1890 1892 1891
3 3551 5453 4163
3 4670 5291 3644
3 1383 4563 1578
3 1526 4814 1819
3 3785 5037 3786
3 925 4871 2797
3 2455 4705 793
3 3153 5232 4404
3 2412 4715 3124
3 614 5539 1183
3 1951 4643 1953
3 3152 3932 3151
3 2674 2675 2357
3 1442 2373 1657
3 3029 3141 2675
3 1947 4643 1951
3 3099 4938 2656
3 2517 4451 2519
3 5313 5447 2016
3 508 509 507
3 4458 5849 379
3 1067 4321 1069
3 941 1005 948
3 1616 5772 5363
3 1878 4618 4617
3 2588 4792 3093
3 1168 4818 3301
3 2635 3049 2634
3 2064 3203 2867
3 1402 1453 1334
3 512 513 511
3 4632 6146 6094
3 4895 5240 2282
3 1874 4618 1875
3 57 59 58
3 4815 5516 4788
3 2514 4743 2242
3 849 915 847
3 3171 5214 2427
3 1827 4764 1498
3 6595 6786 3970
3 1690 2320 1691
3 1316 4840 1405
3 1174 5414 2025
3 2608 5799 5709
3 2357 4894 2358
3 4322 4324 1400
3 2189 4900 2733
3 2871 3087 2408
3 5013 5014 2646
3 2397 5074 2269
3 3552 4699 2624
3 2488 4664 2883
3 2373 2374 1657
3 1022 2476 1024
3 196 198 197
3 4594 5069 2052
3 145 4657 2411
3 275 4377 180
3 804 805 803
3 4287 5307 5227
3 1237 5104 4742
3 516 517 515
3 3063 5462 3062
3 3711 4677 3141
3 5854 6574 4858
3 967 968 966
3 213 215 214
3 1730 2055 1681
3 594 5486 589
3 4541 5969 3306
3 613 5344 610
3 4577 5673 4616
3 4616 5673 276
3 1038 1039 1037
3 4659 4716 1143
3 5093 5567 5099
3 812 813 811
3 4530 4598 4532
3 1005 1017 948
3 958 4543 960
3 1656 1713 1655
3 3417 4482 3416
3 2962 4823 2414
3 3546 5236 5235
3 81 1393 79
3 2861 3264 2860
3 188 273 190
3 3186 4790 3188
3 804 806 805
3 1855 4866 1852
3 2421 5234 2100
3 2369 2370 2296
3 1277 4644 1245
3 4918 5072 4921
3 2838 4651 4650
3 2596 5078 705
3 1646 1710 1644
3 510 511 509
3 2102 5234 2410
3 4517 6221 6032
3 3197 3198 3196
3 2043 4606 2641
3 6142 6431 4198
3 606 2225 594
3 5656 6595 2472
3 707 4732 709
3 205 207 206
3 2408 4573 1774
3 4650 4668 2748
3 4911 5073 2784
3 207 209 208
3 216 4598 218
3 3896 4022 3785
3 2536 4611 3115
3 673 674 667
3 4818 4819 3301
3 5680 5905 3369
3 4496 4497 1362
3 1581 1582 1566
3 4839 5584 4954
3 2279 2780 1973
3 5087 5234 2421
3 989 1097 990
3 1526 1528 1527
3 3311 4549 3949
3 3851 6440 4330
3 3052 4946 2698
3 3393 4879 3390
3 484 485 483
3 596 1350 598
3 1391 5411 1392
3 1691 4731 2544
3 1492 1526 1493
3 1494 1587 1430
3 1112 4594 2052
3 3322 3323 3103
3 814 824 813
3 1710 4196 4193
3 3058 4346 1937
3 3415 5263 3418
3 1939 4387 3058
3 108 1751 106
3 2233 5978 2235
3 2096 5267 2098
3 1485 5291 4670
3 1774 4573 1615
3 1713 4817 1655
3 3447 3448 2916
3 1892 1893 1891
3 486 488 487
3 97 6150 1406
3 2755 2757 2318
3 3445 3446 3323
3 697 698 678
3 2899 5025 2657
3 1514 1681 1513
3 677 678 674
3 632 633 631
3 4899 5117 3176
3 401 1625 405
3 1169 4815 1017
3 1637 1913 1636
3 4744 5418 942
3 5586 5600 2017
3 1829 1831 1830
3 931 4696 1202
3 1070 2001 1068
3 1234 4967 1228
3 1262 1395 1394
3 1406 4292 95
3 3712 5745 4936
3 1657 5288 1443
3 331 4038 334
3 3208 5369 3206
3 1102 1209 1101
3 728 4654 778
3 6076 6677 4349
3 2082 4587 4586
3 1651 4640 1763
3 871 874 873
3 787 789 788
3 3716 5634 5113
3 2582 2656 2581
3 2648 3379 2959
3 2166 5381 2168
3 1059 1340 1061
3 893 4705 2082
3 4750 4787 4752
3 2795 4701 3635
3 1898 4861 1811
3 1835 1842 1836
3 5248 5412 4777
3 615 651 613
3 2862 5412 5248
3 1656 1714 1713
3 919 4585 934
3 4799 5106 3629
3 1892 4639 2149
3 1685 1690 1686
3 1730 4906 2055
3 1418 4986 3293
3 781 4750 1309
3 2341 2829 2404
3 1868 4763 1995
3 2116 4606 2043
3 5017 5047 3226
3 778 787 786
3 2254 2255 2253
3 1490 1491 1489
3 787 788 786
3 4643 5046 1953
3 5432 6618 203
3 1833 1834 1832
3 1387 5009 1382
3 346 4539 4260
3 1641 1643 1639
3 935 4893 387
3 1288 4746 1379
3 2593 5359 5358
3 2523 2527 2525
3 609 3125 612
3 516 518 517
3 2614 5525 5072
3 5767 5883 4502
3 486 487 485
3 4442 4849 4848
3 1589 1590 1582
3 797 913 907
3 2533 2561 2532
3 1272 1273 1270
3 2076 4775 2077
3 1571 1978 1496
3 4251 4793 3073
3 4756 5116 3314
3 1626 1627 924
3 343 346 341
3 1655 2293 1653
3 3222 5256 3224
3 2288 5047 5017
3 502 504 503
3 6591 6668 3471
3 920 2623 2536
3 5215 5216 3256
3 1775 5477 2017
3 4750 4751 1309
3 24 4635 4405
3 3203 3732 2867
3 3233 3477 3232
3 184 185 183
3 2396 4900 2189
3 3285 5557 5454
3 1654 1656 1655
3 2319 2755 2318
3 1865 5512 4763
3 1494 2135 1587
3 1490 1492 1491
3 480 482 481
3 4408 5655 637
3 629 647 627
3 1041 5055 209
3 4879 5035 3389
3 731 733 732
3 3860 4831 4830
3 666 673 667
3 283 1013 285
3 595 4877 517
3 1459 1725 28
3 3812 4633 3079
3 1875 4618 1878
3 513 4767 511
3 4746 5146 1966
3 4838 6043 3204
3 1503 4710 2184
3 4305 6397 3923
3 2656 4938 2581
3 2764 5189 3436
3 3471 6668 2679
3 793 893 800
3 5107 5123 4489
3 5802 5839 4991
3 4807 4808 942
3 4565 4863 1578
3 1595 1685 1684
3 2839 4813 4552
3 819 1205 821
3 1971 5146 2319
3 1512 1514 1513
3 1662 3009 1824
3 867 885 884
3 141 4575 656
3 2377 5219 4966
3 538 4706 536
3 2894 4987 4986
3 614 1183 616
3 4955 4961 2766
3 1581 1589 1582
3 4287 5227 4636
3 2319 2756 2755
3 3975 3976 3974
3 740 742 741
3 3902 6334 5015
3 925 2797 947
3 1590 1610 1592
3 1718 4704 1717
3 601 5075 599
3 1857 5442 1858
3 1019 4625 1054
3 4008 4947 4946
3 5305 5365 2851
3 322 4275 4274
3 1719 4318 4316
3 778 786 777
3 2737 4731 1691
3 1663 1739 1664
3 215 222 216
3 3402 6030 5938
3 209 211 210
3 1032 1101 1030
3 2382 4922 1795
3 2114 6260 4290
3 2129 4689 2356
3 1943 5056 1945
3 909 4807 942
3 778 4654 1715
3 996 1188 997
3 4870 5112 2007
3 1603 5522 1744
3 3173 5211 1701
3 3223 4852 3970
3 2831 5222 2746
3 2315 2432 2372
3 3283 5718 3326
3 1686 4465 1684
3 2350 5032 4536
3 3281 4829 3745
3 1526 1527 1493
3 207 208 206
3 2421 5267 5085
3 4864 5035 4879
3 2228 2935 2229
3 1978 2775 2241
3 789 796 788
3 121 4845 123
3 4818 5187 4819
3 55 57 56
3 697 769 698
3 474 480 479
3 1654 1655 1653
3 2623 4615 4611
3 1046 4727 1059
3 2720 2872 2136
3 1141 4659 1143
3 2742 4946 3381
3 3947 3997 3310
3 1115 1313 1113
3 631 4686 4471
3 2328 2658 2329
3 4474 5653 5041
3 215 216 214
3 1188 1374 997
3 2011 5032 1504
3 1354 5188 5187
3 1492 1493 1491
3 1781 2236 1783
3 707 708 706
3 2298 5195 2703
3 2310 2748 2446
3 514 516 515
3 4782 5199 1997
3 2369 2704 2370
3 4480 5550 5253
3 718 1016 716
3 2552 5443 2555
3 4384 4385 4383
3 1663 1664 1651
3 3122 5496 2359
3 1130 5437 3276
3 779 780 700
3 1634 4333 4332
3 2570 5494 1078
3 3126 4914 4784
3 22 4685 1609
3 4585 5885 1050
3 1516 4943 2054
3 1566 4375 1506
3 2754 5141 3370
3 2248 4844 2249
3 893 919 910
3 2315 2944 2432
3 789 797 796
3 609 612 610
3 2332 4603 4475
3 335 5378 345
3 2975 4801 2820
3 3129 4106 4029
3 3676 4127 3799
3 498 500 499
3 675 5149 996
3 1807 4778 1809
3 570 1975 561
3 511 547 509
3 162 5827 5724
3 1204 6525 4268
3 1419 4835 1580
3 2875 4936 2874
3 2162 2412 2163
3 5620 5693 2886
3 2874 3708 2884
3 691 4547 689
3 1340 4630 1061
3 1356 4777 1273
3 192 193 191
3 4174 5627 4251
3 2545 5309 3034
3 333 4179 4178
3 618 4964 2028
3 3583 4935 2832
3 1673 6226 1509
3 1112 1114 1113
3 2359 5496 1934
3 2145 4647 3684
3 4864 4879 4865
3 4502 5856 1497
3 5956 5964 2377
3 2292 5122 2202
3 1773 6273 4288
3 4479 5550 4480
3 612 614 613
3 2209 5783 4305
3 1188 1476 1397
3 4640 5262 4491
3 878 879 877
3 1038 1040 1039
3 2887 5328 2889
3 2780 4793 2839
3 3008 4440 2869
3 192 194 193
3 2432 2934 2372
3 2132 4734 3551
3 1515 1726 1671
3 1279 5045 1353
3 495 2297 493
3 3148 5220 2338
3 2249 2252 2251
3 3317 3758 3757
3 673 677 674
3 1976 4835 1419
3 2542 5039 4771
3 2832 4935 3598
3 2373 5870 4676
3 4376 4813 4794
3 3322 3445 3323
3 1962 5386 1269
3 4375 4813 4376
3 677 697 678
3 4357 5633 3958
3 857 889 855
3 3478 3809 3477
3 3704 5405 4963
3 196 4584 198
3 728 5863 4654
3 512 514 513
3 1043 4903 1290
3 3201 5122 2469
3 2354 5277 2128
3 991 5350 922
3 996 5149 4562
3 1290 4903 3720
3 3192 5373 3194
3 4955 5242 4962
3 1226 4967 2110
3 1622 4269 3582
3 634 635 633
3 202 205 204
3 3451 3991 3471
3 501 5063 499
3 3000 3008 2869
3 4626 4628 4627
3 2338 5220 1681
3 2983 3472 3441
3 3540 3541 3539
3 2782 5073 3099
3 1743 4820 2838
3 2069 5378 337
3 525 4934 2008
3 1220 5520 1218
3 2218 2690 2217
3 1050 5885 5676
3 1202 4696 1304
3 769 1206 770
3 2236 2237 1783
3 3671 5113 3669
3 3116 5401 3117
3 1374 1510 997
3 987 1008 986
3 4831 5579 4830
3 3267 5143 2721
3 1161 5307 5301
3 1156 5361 1154
3 2932 4684 3496
3 1262 1442 1395
3 4277 4279 4278
3 6104 6134 5229
3 4491 5262 3130
3 686 4691 1677
3 1634 4331 1631
3 3387 3388 2773
3 1008 4674 1099
3 4747 4748 1853
3 779 798 780
3 1114 1115 1113
3 1460 1461 1417
3 482 484 483
3 4793 4794 2839
3 2032 5510 1571
3 508 510 509
3 3708 4847 3730
3 722 1914 720
3 500 502 501
3 1482 4943 1516
3 209 210 208
3 4629 5343 5011
3 2861 3265 3264
3 2370 5397 2296
3 2508 4701 2795
3 2756 5042 2755
3 1968 5965 5650
3 5243 5703 5563
3 1416 1417 1364
3 1445 5288 4870
3 1640 1642 1641
3 64 5973 704
3 4761 4762 4393
3 1071 1073 1072
3 3125 5539 612
3 4975 4977 1261
3 4751 5808 5748
3 4391 4393 4392
3 3639 5500 5038
3 5529 6274 2075
3 2048 2217 2047
3 1392 5411 3205
3 4362 4363 2938
3 2755 5042 3164
3 602 604 603
3 3445 3834 3446
3 518 519 517
3 1703 5270 1704
3 2838 4650 2018
3 1528 1530 1529
3 1110 4594 1112
3 2487 5144 2483
3 2678 4811 1467
3 4031 6454 5326
3 1578 4863 1248
3 2383 4679 1674
3 2725 3428 2724
3 2641 4606 4555
3 3358 5306 1958
3 5620 5726 3719
3 600 602 601
3 2248 2249 2247
3 4657 5834 2411
3 2541 5262 2295
3 887 4442 897
3 4709 5271 2577
3 510 512 511
3 2728 5343 2807
3 4769 4985 1133
3 2648 5184 3379
3 769 770 698
3 2797 4871 3557
3 251 5924 249
3 190 192 191
3 4063 5024 3151
3 4696 4734 1304
3 867 884 866
3 3120 5401 3509
3 5195 5256 3222
3 1228 4967 1226
3 3981 5222 2831
3 5698 5915 3973
3 832 890 834
3 1199 4770 1119
3 3447 4041 3448
3 199 6637 5316
3 2766 2767 2765
3 3233 3478 3477
3 4660 5223 782
3 1843 4738 1849
3 1886 1888 1887
3 1697 4842 4454
3 3388 4693 3391
3 548 4956 540
3 1442 1443 1395
3 2427 5214 907
3 5376 5468 3254
3 658 5019 3200
3 2951 4039 3180
3 2576 4812 2908
3 636 638 637
3 709 1381 711
3 1748 5579 1410
3 4522 4737 4521
3 776 4660 782
3 3000 3986 3008
3 554 4753 553
3 5423 5497 968
3 2480 2482 2478
3 2908 3737 2910
3 1482 1483 1378
3 1620 5771 1439
3 899 4848 1626
3 2356 2617 2355
3 2585 5036 1483
3 1930 5031 2591
3 4624 5640 2631
3 2909 3233 3232
3 1884 1886 1885
3 793 4705 893
3 3716 5113 3671
3 2286 3371 2457
3 937 987 986
3 1528 1529 1527
3 5216 5398 3256
3 4747 5413 4843
3 1401 1402 1334
3 2531 6528 6071
3 2228 2229 1510
3 1238 4992 2589
3 167 236 165
3 6128 6568 6350
3 3683 5395 5069
3 4777 5237 1273
3 1589 4422 1590
3 2180 4577 4576
3 4416 4418 4417
3 3611 5384 3613
3 1316 1377 1317
3 738 5671 4973
3 4391 4761 4393
3 3577 5275 4296
3 909 941 908
3 1913 2245 1636
3 2583 3667 3666
3 4659 5249 4723
3 2902 4972 3741
3 3692 5036 2585
3 1795 4922 1797
3 2767 4961 2861
3 1481 4943 1482
3 2030 2478 2477
3 1377 1481 1378
3 1422 5291 1485
3 499 5063 550
3 1998 5618 4452
3 3682 5417 5390
3 2512 2679 2513
3 1474 5681 4554
3 1056 4818 1168
3 631 4471 629
3 3607 5105 4742
3 879 5658 881
3 593 609 608
3 1112 2052 1114
3 3605 5105 3607
3 2663 5116 2503
3 1642 1645 1644
3 2326 5332 2122
3 1719 4316 1716
3 4796 4797 915
3 4763 5356 2547
3 2615 3298 3219
3 2054 5406 2058
3 908 4787 791
3 2591 5031 3689
3 2593 5358 1197
3 1482 1484 1483
3 2110 5383 5104
3 5723 5779 4919
3 2946 4830 2575
3 1832 2034 1830
3 1580 1781 1579
3 519 596 595
3 1836 1837 1834
3 6150 6484 1406
3 1424 1600 1451
3 349 351 350
3 5558 5915 5698
3 1379 1554 1380
3 1207 1316 1208
3 893 2082 919
3 4536 5051 3213
3 3098 3131 3130
3 4943 5406 2054
3 632 634 633
3 1473 5009 2031
3 405 5645 402
3 4194 4298 4195
3 1445 4870 1447
3 3323 4749 3485
3 1081 1083 1082
3 791 4750 781
3 3555 5328 5314
3 2033 2761 2760
3 1339 4428 1308
3 1121 1122 1120
3 618 705 603
3 1122 5437 1120
3 1559 1749 1748
3 4622 4623 1468
3 4880 4883 3250
3 1353 5045 3664
3 1512 1513 1263
3 3708 3730 2884
3 2777 5155 2896
3 4321 4323 4322
3 3144 5774 5667
3 4623 4827 4826
3 614 616 615
3 1057 1058 1056
3 1685 1686 1684
3 1465 2864 616
3 725 729 727
3 602 603 601
3 3073 4793 2780
3 2374 4676 2582
3 2700 2715 2337
3 1135 4985 2016
3 598 600 599
3 1483 5036 1378
3 4987 5793 5628
3 3635 3922 3375
3 614 615 613
3 2310 4650 2748
3 2048 2218 2217
3 2417 5318 2415
3 607 611 592
3 2374 2582 2581
3 652 658 651
3 491 655 489
3 4718 5251 1164
3 1123 1124 1122
3 1511 5211 1512
3 558 561 557
3 1200 1265 1199
3 2201 5121 1782
3 2129 2356 2355
3 4261 4462 4262
3 1363 1364 1326
3 2483 5144 2480
3 1714 1817 1816
3 5389 5523 2368
3 3262 5346 608
3 2759 3312 2032
3 4904 5425 4846
3 4564 4565 1578
3 1890 4639 1892
3 940 4660 776
3 1482 1516 1484
3 1714 1816 1713
3 4693 4694 3391
3 3035 4181 3971
3 2231 5118 3638
3 2231 2337 1928
3 1017 4815 2602
3 3041 4343 3995
3 1514 4897 1730
3 600 601 599
3 3699 5901 5736
3 1492 4814 1526
3 2228 4995 3167
3 1840 1843 1841
3 3261 4148 4147
3 721 2004 723
3 1129 4769 1133
3 2231 2700 2337
3 3897 4997 2950
3 870 871 869
3 1828 2357 1934
3 1320 4815 1169
3 1930 1931 1929
3 1788 5034 2144
3 2767 2861 2860
3 2688 5602 4411
3 4674 5534 5351
3 2896 5155 3707
3 1110 1112 1111
3 684 5299 4691
3 4687 5777 5769
3 3195 5678 2612
3 5709 5799 5282
3 4547 4681 4548
3 1160 5210 1158
3 1252 1253 1172
3 4594 5622 5069
3 182 183 181
3 261 4312 259
3 3574 5239 2752
3 2527 5333 2525
3 4909 4910 3165
3 4897 4898 1730
3 2223 3127 2754
3 2583 3666 3665
3 2874 2884 2450
3 1104 2456 1077
3 4916 5254 4469
3 1831 1833 1832
3 4535 6174 3458
3 1397 4995 1374
3 1207 4840 1316
3 1777 5370 5329
3 2553 5171 3788
3 596 598 597
3 1481 1482 1378
3 1076 1079 1078
3 1447 1448 1446
3 6415 6788 5773
3 2352 5247 2643
3 2546 4448 859
3 3101 3322 3103
3 5169 5170 3068
3 1377 1378 1317
3 797 907 796
3 1835 1845 1842
3 3222 3224 3223
3 382 474 473
3 1316 1317 1208
3 770 772 771
3 576 2334 574
3 1580 2199 1782
3 2880 3365 3364
3 1541 5137 1539
3 1871 4825 4824
3 2783 5025 2788
3 200 270 202
3 2224 5966 4607
3 6029 6752 3932
3 4112 4355 4111
3 2839 4552 1973
3 4559 6478 4560
3 1103 1193 1104
3 2908 2910 2909
3 1369 1764 1498
3 2666 5066 2524
3 3352 5068 999
3 3887 4907 2387
3 3615 4799 3617
3 1783 4986 1579
3 725 4765 729
3 3530 5176 3534
3 5753 5954 4690
3 2128 5277 5276
3 1543 4993 2616
3 1259 5001 1369
3 4587 4589 4588
3 1749 2576 2575
3 1234 5106 4799
3 1634 4332 4331
3 1092 1584 1352
3 972 4993 1182
3 604 620 619
3 2017 5477 5238
3 4967 5384 2110
3 3224 3469 3223
3 1539 5137 1984
3 1770 5958 5735
3 267 4780 4429
3 2639 4698 2198
3 4324 4550 1400
3 5111 5231 2807
3 608 5346 607
3 725 727 726
3 1264 1458 1457
3 1383 1578 1248
3 1103 5252 3330
3 2963 4289 439
3 3669 5113 5112
3 2423 2685 2683
3 5326 6524 4031
3 188 189 187
3 1097 4568 990
3 3147 4491 3130
3 2533 2563 2562
3 1334 4526 1253
3 1704 2048 2047
3 2562 3456 2561
3 944 5703 1387
3 2479 3266 2481
3 3571 5303 5302
3 3298 3299 3219
3 2130 2384 2383
3 3392 4998 3395
3 4581 6603 2708
3 3679 5249 3242
3 634 636 635
3 3555 5314 3779
3 5528 5547 2852
3 5071 5072 4917
3 610 5344 3262
3 301 2226 299
3 1622 3582 1375
3 4012 4013 3905
3 5008 5102 4637
3 996 997 693
3 1287 5045 1279
3 529 530 527
3 2516 3114 2514
3 4039 4803 3180
3 1927 1930 1929
3 2123 2834 2327
3 1374 4995 2228
3 2159 6222 6128
3 2197 6167 4778
3 4471 4473 4472
3 4472 4474 647
3 4807 4809 4808
3 344 6293 6170
3 2615 3300 3298
3 1409 4931 1315
3 1516 1703 1517
3 3180 4803 3182
3 5156 5643 5155
3 653 2455 793
3 1417 4902 1364
3 359 382 381
3 205 206 204
3 3600 5448 5296
3 2356 2618 2617
3 2033 4839 2761
3 164 4725 161
3 3161 3466 3163
3 1821 4800 2174
3 1811 4861 1814
3 902 4871 904
3 2179 5317 1755
3 4966 5219 3219
3 4951 5365 5305
3 27 5120 30
3 1097 5358 4568
3 2001 5705 1068
3 715 4930 794
3 2288 4899 1924
3 4530 4532 4531
3 2003 4782 1997
3 3209 4873 3268
3 1375 5618 1376
3 1493 5541 1735
3 355 357 356
3 658 3200 651
3 1133 4985 1135
3 1723 4543 958
3 2221 5118 1931
3 1703 1704 1517
3 1232 5694 5106
3 2041 5139 780
3 4942 5558 3263
3 4653 5530 3601
3 1988 5100 1986
3 1986 5100 2569
3 3053 4184 4183
3 4986 4987 3293
3 3528 5176 3530
3 2982 4916 4469
3 1380 5023 1426
3 4864 4865 1855
3 4938 4939 3667
3 186 187 185
3 5841 5919 4893
3 3482 4036 3484
3 3114 5837 4564
3 2047 5239 2449
3 486 5529 488
3 517 4877 515
3 1010 4674 1008
3 3227 5281 2182
3 3867 6418 6373
3 651 5344 613
3 3935 3936 3915
3 1823 4841 2036
3 3415 3418 3417
3 2291 2292 2202
3 1654 4917 2376
3 1819 4821 1528
3 3150 3152 3151
3 1530 4821 2308
3 3877 4811 2678
3 1333 1334 1253
3 1430 4409 1431
3 3186 3188 3187
3 2794 5416 3274
3 1460 1574 1461
3 1036 1038 1037
3 878 4805 2317
3 2340 5227 1151
3 1442 1657 1443
3 1643 5438 1639
3 2892 5226 3149
3 3548 5275 3549
3 357 359 358
3 2746 5222 3026
3 3295 4536 3213
3 2571 3197 3196
3 4157 6690 2538
3 4873 5186 3268
3 2583 4938 3667
3 3663 5576 5536
3 4972 4973 3741
3 3144 3908 3143
3 1301 5552 1300
3 3321 5309 2682
3 2763 2766 2765
3 5460 5536 1976
3 3064 5116 4756
3 4832 4833 4831
3 4591 4593 4592
3 2559 5006 1585
3 2891 5226 2892
3 5035 5277 3389
3 2479 2481 2480
3 5099 5567 2107
3 1795 1797 1796
3 1684 4931 1409
3 5516 5689 4788
3 826 1915 830
3 1850 4747 1853
3 1610 5269 1592
3 4366 4999 4484
3 1108 5019 658
3 1182 1263 1181
3 1933 5195 2298
3 2675 4894 2357
3 981 1268 1267
3 670 5149 675
3 2388 2917 2389
3 1809 1811 1810
3 2079 5504 2406
3 3145 3634 2827
3 1807 1809 1808
3 1571 5510 1978
3 1130 1199 1119
3 2703 5195 3222
3 1821 2174 1823
3 636 637 635
3 925 947 926
3 3935 3937 3936
3 2892 3032 2399
3 2540 2541 2295
3 3818 5241 3092
3 2860 4972 2902
3 1925 5498 5031
3 4351 4395 4352
3 5202 6276 3943
3 1207 1208 1175
3 1662 5269 3010
3 3206 5369 5144
3 329 4391 326
3 3141 4677 3951
3 2098 5267 2421
3 3509 5401 4554
3 4605 5377 5220
3 904 4871 925
3 4272 4273 1738
3 1354 5187 1175
3 2484 4664 2488
3 626 627 625
3 919 932 910
3 1805 1807 1806
3 3526 4203 3524
3 2439 4951 3007
3 692 779 700
3 3286 5463 967
3 2761 4954 2763
3 1488 1490 1489
3 1490 2244 1492
3 4917 4918 2376
3 4568 4736 4735
3 1073 5252 1075
3 338 5836 340
3 4807 5455 4809
3 1927 5031 1930
3 1690 1691 1686
3 190 191 189
3 3467 4504 3163
3 3220 4925 2966
3 5101 5328 2887
3 3555 3778 3554
3 925 926 906
3 5229 6134 2197
3 2387 4907 3376
3 240 245 241
3 2906 5556 3858
3 2967 4900 2396
3 1930 2212 1931
3 3719 5726 2669
3 3226 5047 2337
3 607 5346 653
3 893 910 800
3 2974 2975 2820
3 5167 5169 3068
3 3446 4749 3323
3 1840 1870 1843
3 3326 5718 5692
3 3269 5350 991
3 1155 5307 1161
3 3088 3089 3087
3 484 486 485
3 3854 5317 2865
3 3117 3118 2756
3 515 2598 513
3 1009 1010 1008
3 1001 1057 1056
3 2009 2294 2010
3 1196 5003 4903
3 1605 4804 1980
3 1306 4734 2132
3 4587 4588 4586
3 2311 5822 5761
3 3206 5144 2487
3 2152 6058 5551
3 1416 1460 1417
3 729 731 730
3 1423 1545 1422
3 1461 5006 1417
3 593 607 592
3 1252 1333 1253
3 3131 3147 3130
3 2234 2393 2233
3 4446 6218 3779
3 2588 3093 3092
3 773 2565 771
3 1318 1622 1375
3 1692 5145 5020
3 652 4850 665
3 1972 4672 382
3 1458 1556 1555
3 3323 3485 3103
3 1560 5030 2124
3 2031 4839 2033
3 2673 3144 3143
3 1458 1555 1457
3 2115 2116 2043
3 2513 2514 2242
3 3327 5804 5779
3 3060 4982 425
3 3478 3810 3809
3 359 4369 1972
3 1164 5251 1147
3 5702 6685 4117
3 990 992 991
3 1216 4992 1238
3 3419 3420 3417
3 505 982 503
3 2052 5053 1114
3 2681 5422 1293
3 2474 5381 2166
3 3300 5231 5111
3 67 68 66
3 1494 2388 2135
3 2356 3685 2618
3 1828 1934 1827
3 1205 4443 821
3 2674 3449 3029
3 728 777 726
3 2481 2483 2480
3 4290 6275 2114
3 2908 4812 3737
3 5080 5081 2400
3 1926 5047 2288
3 2519 3067 2521
3 1515 5590 1726
3 5301 5307 4287
3 2708 5033 1909
3 4887 5246 4889
3 1017 2602 948
3 3203 4904 4846
3 4626 4629 4628
3 3118 5042 2756
3 672 5429 5428
3 1083 1084 1082
3 2889 5328 3555
3 1809 1898 1811
3 4717 4718 1164
3 2950 4997 2951
3 5671 5812 4974
3 1423 1546 1545
3 69 70 68
3 3070 3071 2798
3 2643 5247 3350
3 2990 3002 3001
3 3092 5241 3091
3 3853 3854 2865
3 4760 5795 3780
3 3264 4972 2860
3 2403 4759 4098
3 2575 4830 1748
3 2282 5240 176
3 1995 2436 2312
3 4794 4813 2839
3 3083 4860 3877
3 1768 5160 2431
3 3439 5504 5123
3 2480 5144 2482
3 4750 4752 4751
3 2715 3226 2337
3 599 1523 597
3 5022 5586 3279
3 1746 4522 4521
3 807 4601 1360
3 1868 1874 1869
3 4665 4666 2883
3 488 2075 490
3 3904 4012 3905
3 3692 5465 5036
3 1363 1416 1364
3 4963 5405 1481
3 3885 5197 2914
3 2407 2408 1774
3 652 665 658
3 1785 2325 1706
3 2949 4960 3862
3 2550 5140 2170
3 3621 5131 5130
3 2168 5381 2550
3 4250 6306 2141
3 3061 4733 4732
3 4172 6255 4173
3 1188 1397 1374
3 2199 2200 1782
3 3184 4792 4789
3 2037 4909 602
3 479 1825 478
3 1034 1036 1035
3 2341 3132 2829
3 3919 4304 3655
3 3217 6038 5929
3 5935 6033 3795
3 2288 5117 4899
3 1912 4886 1987
3 1261 5210 4975
3 4228 4229 4227
3 1369 5001 1764
3 3522 5969 4541
3 2871 3088 3087
3 1592 5269 1662
3 296 672 294
3 5110 5254 4916
3 3784 3896 3785
3 1230 1234 1228
3 3634 5132 2827
3 2763 4954 2766
3 1546 1705 1668
3 1468 4826 1105
3 2467 5690 4599
3 1005 1100 1017
3 3099 5073 4940
3 3412 5127 3407
3 766 767 765
3 3192 3194 3193
3 1114 5053 1116
3 3193 3195 2612
3 4534 5127 3412
3 3265 4624 3264
3 4209 6355 6194
3 1924 4899 1921
3 1158 5210 1261
3 2058 5406 2605
3 3203 4846 3732
3 5104 5383 4742
3 2213 2221 1931
3 3844 3845 3083
3 3089 4356 3087
3 965 967 966
3 2856 5283 2443
3 2479 2480 2478
3 3163 4504 3426
3 1245 4644 1242
3 6290 6330 3460
3 4483 4533 3416
3 2982 4469 4468
3 1534 1535 1533
3 2321 4423 2260
3 1763 5530 1650
3 4628 4983 4627
3 3143 4914 3126
3 928 937 936
3 2492 4979 2494
3 536 1970 534
3 487 2204 485
3 796 952 788
3 4954 5584 4955
3 3538 3540 3539
3 2400 5267 2096
3 5040 5041 2022
3 2357 2358 1934
3 3188 3190 3187
3 3803 3804 2911
3 1591 4700 1582
3 3932 4063 3151
3 4846 5425 3354
3 1595 1684 1409
3 1377 4963 1481
3 2077 4775 2891
3 824 5028 4416
3 3274 5416 3828
3 4563 4564 1578
3 2764 3436 3374
3 2752 5239 2217
3 1787 4959 1194
3 329 4761 4391
3 556 557 554
3 4946 4947 3381
3 965 966 964
3 3841 3998 3839
3 1670 5067 2044
3 2891 2892 2399
3 649 4964 619
3 1260 3729 935
3 4954 4955 2766
3 202 204 201
3 1692 5468 5376
3 2249 2251 2247
3 4217 6163 5897
3 1423 5393 2606
3 3439 5123 4455
3 5459 5465 3692
3 1125 1127 1126
3 480 3084 482
3 1121 1123 1122
3 1442 5615 2373
3 1797 1798 1796
3 3638 5118 4823
3 3126 4784 4783
3 2968 4925 4062
3 4591 4592 4589
3 2053 5257 5256
3 5454 5557 1715
3 275 4378 4377
3 6134 6167 2197
3 2515 2516 2514
3 1183 1466 1465
3 1447 1449 1448
3 1175 5187 1058
3 686 1677 688
3 2742 3380 2928
3 2060 5498 1923
3 3899 5005 5004
3 4668 6176 4004
3 615 652 651
3 3300 4219 3591
3 2838 4652 4651
3 1333 1401 1334
3 684 4691 686
3 5531 5590 1314
3 2693 5332 2326
3 798 4875 2074
3 1269 5386 1267
3 1075 1103 1077
3 1402 5203 1455
3 4786 5121 2201
3 2821 4542 4541
3 3012 4937 4112
3 5304 5311 5067
3 612 613 610
3 641 642 639
3 3678 5311 5304
3 618 2028 705
3 5812 5835 4974
3 2576 2906 2575
3 1123 1125 1124
3 2052 5395 5053
3 3887 4908 4907
3 1528 4821 1530
3 1183 1465 616
3 4950 5447 5313
3 1526 1819 1528
3 3058 4347 4346
3 920 2427 907
3 3667 3668 3666
3 619 4964 618
3 2056 5270 1703
3 2212 2213 1931
3 4887 4888 2103
3 792 1045 909
3 2848 3690 3304
3 1102 1210 1209
3 1777 5329 1778
3 2951 3180 3179
3 1365 1495 1366
3 2880 4876 3365
3 2118 5206 3329
3 1758 3731 1471
3 1725 2974 2820
3 2376 5070 1656
3 1805 2197 1807
3 1406 4293 4292
3 1490 4724 2244
3 5079 5080 2400
3 2582 2657 2656
3 1546 1668 1545
3 1209 2584 1101
3 1364 1452 1326
3 1714 2378 1817
3 3300 3591 3298
3 2753 5250 3358
3 3068 5171 2553
3 3735 5218 3736
3 3473 3475 3474
3 2951 4997 4039
3 2985 4077 3781
3 1359 6327 6172
3 881 4442 887
3 3114 4743 2514
3 2091 4887 2103
3 269 4188 4187
3 4968 5246 2534
3 1685 2205 1690
3 2415 5318 2961
3 3070 3518 3071
3 308 2083 310
3 4840 5729 1405
3 3710 5370 1777
3 571 592 570
3 4919 5070 2376
3 3012 4112 4111
3 2540 4937 3012
3 3363 5988 375
3 663 2566 670
3 1689 5026 1618
3 2035 5302 1822
3 1495 1618 1366
3 1656 5070 1714
3 609 610 608
3 5561 5583 3689
3 2374 2580 1657
3 2822 4880 3250
3 1811 1813 1810
3 2285 4662 2286
3 1498 1499 1370
3 1135 2016 1137
3 609 5331 3125
3 2058 2604 2434
3 837 2216 835
3 1809 1810 1808
3 6390 6526 4089
3 4870 5288 3665
3 2968 4062 3245
3 1704 5270 2048
3 2699 3052 2698
3 1925 5031 1927
3 3538 3539 3537
3 764 765 762
3 4605 5423 5377
3 1807 1808 1806
3 1533 1770 1531
3 1191 5339 1286
3 2874 4936 3708
3 1524 2585 1483
3 1654 2376 1656
3 1809 4778 1898
3 1447 4870 2007
3 1124 2068 1122
3 1385 4965 1287
3 2889 3555 3554
3 3477 4358 3232
3 276 5673 135
3 1882 1884 1883
3 274 5939 4330
3 4636 5228 4637
3 52 55 54
3 4330 5043 3357
3 5197 5210 1160
3 1110 4850 4594
3 3361 4944 3893
3 1116 4994 1118
3 3769 3771 3770
3 1118 1121 1120
3 3860 4832 4831
3 1929 5118 2231
3 1118 4994 1121
3 4965 5045 1287
3 2494 4979 2881
3 1556 1612 1555
3 783 1365 985
3 4188 6068 4187
3 4659 4723 4716
3 4798 5239 3574
3 3666 5112 3665
3 3401 5369 3208
3 3091 3641 3096
3 3141 3246 2675
3 1980 5034 1788
3 2255 2714 2253
3 2604 3005 2434
3 1100 1169 1017
3 4275 4276 4274
3 2901 5687 3715
3 588 5872 4206
3 3898 6578 4405
3 3252 4403 3097
3 562 570 561
3 3391 4998 3392
3 4460 6379 4461
3 1182 4993 1543
3 1365 1366 985
3 1719 4319 4318
3 2797 2798 947
3 1266 1310 1265
3 624 625 623
3 674 1497 667
3 1516 1517 1484
3 709 710 708
3 2827 5132 1510
3 1664 4640 1651
3 1926 2288 1924
3 4939 5526 3667
3 3365 3366 3364
3 2228 3167 2935
3 4122 4745 4744
3 1829 2948 1831
3 1336 5320 1282
3 3766 3769 3768
3 2198 2947 1962
3 5593 5829 4228
3 5405 5521 5406
3 2416 2699 2698
3 2279 2781 2780
3 1112 1113 1111
3 2329 4647 2145
3 3126 4783 2672
3 1372 4688 1310
3 4078 4079 4077
3 2720 2873 2872
3 3022 4134 3728
3 1149 2340 1151
3 5711 5782 4847
3 2447 2448 2292
3 3216 5259 5200
3 2571 2821 2557
3 2492 2494 2493
3 1705 1741 1668
3 3771 3773 3772
3 1778 5329 1916
3 4385 4386 4383
3 2490 2492 2491
3 1116 1117 1115
3 1827 5496 4764
3 3669 5112 3666
3 1032 4641 1983
3 1662 3010 3009
3 1739 1740 1664
3 2631 5334 4624
3 3215 5145 2343
3 2236 2694 2237
3 2388 3384 2917
3 3451 5820 3991
3 3383 3981 2831
3 1532 5452 1534
3 4696 5453 4734
3 4016 4169 2442
3 2303 5077 4245
3 346 5755 4539
3 2381 5554 2380
3 3270 5668 5542
3 1272 1274 1273
3 2614 5072 5071
3 4179 4348 4178
3 2356 4689 3685
3 3353 5209 2691
3 2990 3001 2918
3 1811 1814 1813
3 4965 5528 5045
3 1151 1153 1152
3 1493 1735 1491
3 3473 3474 3472
3 150 2323 375
3 1583 1731 1594
3 1856 4864 1855
3 2556 5167 2554
3 2488 2490 2489
3 4889 5246 4968
3 3407 5127 3406
3 2715 5038 3261
3 2302 3916 2332
3 1886 1887 1885
3 2140 4601 809
3 2822 3250 3148
3 1155 1161 1157
3 3370 5250 2753
3 1318 4301 1622
3 2236 5121 3168
3 5260 5394 5355
3 1731 1732 1594
3 492 682 494
3 1367 4659 1141
3 712 1324 710
3 2218 2691 2690
3 241 4702 243
3 3541 4144 3539
3 3540 3542 3541
3 4279 4280 4278
3 1705 2026 1741
3 5198 5417 3682
3 1162 5289 3225
3 3288 5052 4569
3 2690 2752 2217
3 4783 4785 2936
3 2200 2291 2202
3 1084 1086 1082
3 6346 6401 1044
3 5414 5727 2025
3 2614 5071 1332
3 4780 4781 4429
3 2804 4782 2003
3 1154 5361 2066
3 2701 5027 2104
3 2812 4524 2696
3 2316 4853 2987
3 2053 5421 5257
3 2778 3439 3438
3 3641 3934 3096
3 2764 3374 2762
3 118 923 116
3 3361 3893 3362
3 3240 4436 2757
3 3617 3619 3618
3 1737 5219 1660
3 5123 5504 2080
3 4163 4164 3552
3 2170 5140 2188
3 937 986 936
3 1689 5652 5626
3 782 5223 792
3 4580 4582 656
3 2726 2727 2725
3 1114 1116 1115
3 1116 1118 1117
3 2914 5197 1278
3 549 553 548
3 992 1001 1000
3 1118 1119 1117
3 5101 5213 3647
3 2786 4911 2784
3 972 1182 1181
3 1118 1120 1119
3 1127 1129 1128
3 1120 1130 1119
3 3026 3793 3027
3 1543 1701 1511
3 2861 3285 3265
3 2968 2996 2967
3 1367 5447 4950
3 1366 5021 985
3 1040 1042 1039
3 2418 5160 1768
3 792 5223 1045
3 1261 5361 1156
3 3022 3728 3356
3 2968 3245 2996
3 1888 1889 1887
3 1279 1353 1278
3 1886 2475 1888
3 2431 5160 2970
3 1618 5026 1708
3 1704 2046 1517
3 1264 2597 1458
3 1705 5206 2118
3 1931 5118 1929
3 1224 5104 1222
3 1374 2228 1510
3 4889 4890 4888
3 2647 2717 2026
3 5230 5390 5340
3 2779 3812 3079
3 3100 3101 2639
3 1059 1061 1060
3 200 201 199
3 2807 5231 2375
3 665 4850 1110
3 4846 5899 3732
3 3657 5129 3658
3 2084 4991 2086
3 2405 5294 3333
3 1495 1689 1618
3 2765 5189 2764
3 180 181 179
3 1484 1524 1483
3 1516 2054 1703
3 5089 5234 5087
3 1402 1455 1454
3 5011 5343 4067
3 5017 5117 2288
3 2355 5391 2772
3 888 5360 865
3 2638 2639 2198
3 3053 5065 4184
3 2451 2874 2450
3 527 4934 525
3 780 5139 700
3 621 5379 649
3 3188 3548 3191
3 1448 1688 1446
3 3382 3383 2831
3 4298 4434 4195
3 1585 5006 1461
3 1704 2047 2046
3 553 2023 548
3 1597 5145 1692
3 604 619 618
3 1680 5067 1670
3 607 653 611
3 2892 3033 3032
3 5227 5307 1153
3 555 2143 567
3 1161 5221 1157
3 3302 4829 3281
3 3019 4256 4048
3 1058 4818 1056
3 3300 5111 4219
3 1316 1405 1377
3 4694 4998 3391
3 1354 5459 5188
3 1987 4886 2595
3 3904 3905 3476
3 966 5497 2610
3 1817 1909 1816
3 3615 3616 3614
3 3439 4455 3440
3 3876 3880 2928
3 1054 1094 1093
3 1125 1126 1124
3 1797 1799 1798
3 1123 5260 1414
3 2734 3661 3660
3 2231 3638 2700
3 2560 2973 2972
3 1816 2468 1713
3 2064 2867 2076
3 1153 1155 1154
3 3683 5283 2856
3 4682 5384 4967
3 1031 1034 1033
3 1667 1767 1666
3 897 898 896
3 1436 5030 1560
3 3127 3128 2754
3 599 5075 1523
3 2671 3883 680
3 1157 1159 1158
3 1155 1157 1156
3 3536 3954 3535
3 5112 5113 2007
3 1186 6119 4389
3 5020 5145 3215
3 1909 5033 1816
3 541 548 540
3 2449 3647 2046
3 1286 1287 1279
3 1487 1724 1464
3 5170 5171 3068
3 1705 2118 2026
3 3605 5300 5105
3 3615 3617 3616
3 1764 1827 1498
3 990 991 922
3 3885 5210 5197
3 1554 5023 1380
3 1868 1995 1874
3 2047 2449 2046
3 2604 5142 3005
3 1723 4544 4543
3 4587 4591 4589
3 2144 5034 2531
3 4554 5681 4545
3 2481 2484 2483
3 3702 3753 2819
3 1127 1128 1126
3 922 5350 799
3 1092 4566 1584
3 1555 2073 1457
3 4589 4590 4588
3 1790 1791 1680
3 5129 5221 1161
3 2560 2832 2559
3 1103 1104 1077
3 1103 3330 1193
3 1429 2114 1427
3 733 5325 1107
3 2368 2375 2367
3 3456 3687 2561
3 4526 4621 1253
3 3702 4170 3753
3 1660 5219 2377
3 2123 4466 2834
3 3771 3772 3770
3 2039 5077 2303
3 1597 1692 1557
3 1930 2591 2212
3 799 2041 780
3 2834 4711 2327
3 4471 4686 4473
3 4474 5040 647
3 785 2210 702
3 3261 5038 4148
3 1274 4901 1357
3 1808 2280 1806
3 1630 1631 1629
3 445 4669 443
3 919 934 932
3 2894 4986 1783
3 1394 1787 1194
3 1838 1839 1837
3 2691 5209 2690
3 1896 2115 2043
3 3769 3770 3768
3 1530 1532 1531
3 1524 2586 2585
3 2013 5128 2568
3 3268 5186 4233
3 4363 5285 2938
3 4992 5300 2589
3 1058 5187 4818
3 2416 2698 2417
3 2176 2198 1962
3 1964 2368 2367
3 3778 4254 3554
3 3908 3909 3143
3 3024 4117 3030
3 182 1776 184
3 1484 5213 1524
3 3744 4684 2932
3 1736 5128 2013
3 4865 4866 1855
3 1910 1911 1909
3 762 5977 760
3 689 1358 687
3 3937 3938 3936
3 1321 4739 1037
3 3536 3955 3954
3 4973 4974 3741
3 783 985 699
3 944 1387 1382
3 3019 4048 3320
3 2058 2434 2056
3 4843 5413 3422
3 4968 4969 4891
3 2384 2726 2725
3 3299 4966 3219
3 5057 5058 3580
3 2412 2413 2163
3 2996 3455 2967
3 2985 4078 4077
3 209 5055 211
3 665 1110 1109
3 2279 2933 2781
3 347 5755 346
3 1384 1385 1287
3 178 5240 275
3 4009 4010 3573
3 5009 5584 4839
3 2566 5444 5149
3 1127 4769 1129
3 2865 5317 2179
3 623 5379 621
3 1799 1801 1800
3 2966 2967 2396
3 1652 1654 1653
3 796 5214 952
3 2552 2553 2551
3 992 1000 991
3 1056 1168 1055
3 2790 5273 2930
3 3648 3902 3386
3 1864 1867 1863
3 1781 5121 2236
3 1530 1531 1529
3 1569 5207 4802
3 1353 3348 2914
3 3467 4505 4504
3 1652 1653 1563
3 1548 1667 1666
3 2611 3000 2869
3 3546 5235 3538
3 3738 4060 4059
3 2319 5146 3116
3 1870 4738 1843
3 515 4877 2598
3 1264 1457 1108
3 2598 4767 513
3 601 5078 5075
3 3528 3530 3529
3 2966 2968 2967
3 1536 1537 1535
3 2540 3012 2541
3 1149 1151 1150
3 3263 5698 4566
3 2492 2493 2491
3 2375 5231 2367
3 3026 3830 3793
3 774 940 776
3 3368 5989 4923
3 2448 2469 2292
3 2294 2567 2010
3 2945 5448 2705
3 4745 5672 5573
3 909 942 941
3 2054 2056 1703
3 617 4905 606
3 2448 5110 4916
3 1583 5327 1731
3 1814 2324 2019
3 832 4538 890
3 1517 5213 1484
3 1880 3078 1882
3 2490 2491 2489
3 3876 4234 3880
3 2031 5009 4839
3 3419 3421 3420
3 698 5157 678
3 1556 1614 1613
3 4717 4719 4718
3 2148 5927 5669
3 1353 2914 1278
3 575 650 577
3 1814 2019 1815
3 4578 4579 4576
3 2319 3116 2756
3 4629 5011 4628
3 1159 1165 1160
3 1191 1278 1166
3 1423 2606 1546
3 2742 2928 2417
3 3581 4439 1944
3 1575 1693 1586
3 3914 3915 3913
3 3312 5510 2032
3 4575 4580 656
3 4666 5114 2883
3 2291 2447 2292
3 2775 5108 2241
3 236 4329 165
3 920 2536 2427
3 1140 1167 1138
3 1151 5227 1153
3 2932 3496 2660
3 4472 5282 4474
3 3579 5057 3580
3 4169 5159 2442
3 3132 3213 2829
3 4791 5275 3548
3 875 877 876
3 5093 5099 5091
3 3193 3852 3195
3 5092 5093 5091
3 3439 3440 3438
3 2970 4001 2971
3 3348 4165 3884
3 2447 5110 2448
3 3845 4860 3083
3 2650 2651 442
3 2490 5114 2492
3 1875 1877 1876
3 3844 3846 3845
3 3912 3914 3913
3 1995 2312 1874
3 2101 5027 2662
3 2320 2739 2738
3 1953 1956 1954
3 2838 4820 4652
3 372 5849 2341
3 1580 4835 2199
3 4378 4382 4377
3 802 803 801
3 604 618 603
3 4947 4948 3381
3 3729 4893 935
3 665 1109 1108
3 1913 2246 2245
3 2104 5027 2101
3 3022 3356 3021
3 3850 4037 3497
3 1776 4511 184
3 4455 5123 5107
3 275 4379 4378
3 2742 3381 3380
3 1648 1698 1649
3 3850 4149 4037
3 3380 3876 2928
3 2510 2612 2611
3 1817 1910 1909
3 555 567 556
3 2028 2029 705
3 2481 4664 2484
3 2451 2875 2874
3 2167 2731 2165
3 2468 4817 1713
3 1001 1055 1000
3 2815 5052 3288
3 2434 4996 2056
3 1379 1966 1554
3 4497 4499 4498
3 4324 4551 4550
3 1472 4777 1356
3 4887 4889 4888
3 1693 1777 1694
3 1550 4965 1385
3 1758 3879 3731
3 1210 1298 1209
3 2880 3364 3239
3 1714 5070 2378
3 2672 4783 2936
3 553 2535 2023
3 3190 5375 3187
3 427 3060 425
3 21 24 23
3 4170 4397 4389
3 3180 3181 3179
3 3657 5221 5129
3 2546 4449 4448
3 653 5346 2455
3 383 1396 384
3 3690 3691 3304
3 3766 3768 3767
3 5168 5169 5167
3 2112 5068 4714
3 1805 5229 2197
3 1618 1695 1366
3 3598 5006 2559
3 1009 1011 1010
3 3083 3877 2678
3 119 1994 121
3 2091 2103 2089
3 3232 5556 2907
3 1462 5411 1391
3 1116 5053 4994
3 2854 3678 3242
3 1191 1286 1279
3 1797 2459 1799
3 2484 2488 2486
3 2182 5281 1728
3 1182 1543 1511
3 3246 4894 2675
3 3101 3102 2639
3 2657 2782 2656
3 2244 4814 1492
3 3609 3610 3608
3 3141 3951 3246
3 1192 2857 1190
3 3348 3884 2914
3 2217 5239 2047
3 5675 5734 2609
3 3123 3154 3153
3 2948 4519 1831
3 3365 3367 3366
3 3167 3453 2935
3 3500 4182 3059
3 2797 3069 2798
3 1129 1131 1128
3 2374 2581 2580
3 1282 5320 2593
3 3661 3663 3662
3 3555 3779 3778
3 5296 5448 3999
3 3010 4093 3009
3 2582 4676 2899
3 1049 6592 4130
3 2917 2989 2918
3 2016 5447 1137
3 2873 3308 2872
3 2508 2795 2511
3 3250 4604 3148
3 4078 4080 4079
3 2694 2695 2237
3 1744 5522 2194
3 2566 5149 670
3 2343 5145 1599
3 2358 2359 1934
3 1867 2128 1863
3 1274 1356 1273
3 2236 3168 2694
3 2970 2971 2817
3 1379 4746 1966
3 2323 2622 375
3 1333 2680 1401
3 3617 3629 3619
3 2059 5138 1669
3 1057 1174 1058
3 1645 5119 1648
3 657 3345 2994
3 1739 2172 1740
3 3542 3543 3541
3 2586 5101 2887
3 3920 3921 3763
3 2665 4854 4853
3 2690 2960 2752
3 675 996 693
3 3540 3907 3542
3 2134 5595 5436
3 2726 3794 2727
3 1132 1162 1131
3 966 2610 964
3 3657 5268 5221
3 1532 1534 1533
3 969 970 968
3 1741 1759 1668
3 1110 1111 1109
3 3361 3362 2681
3 1594 5320 1336
3 1667 1768 1767
3 3988 3989 3894
3 213 214 212
3 3280 3712 3257
3 1888 1890 1889
3 3647 5213 2046
3 1353 3664 3348
3 1019 1054 1053
3 2861 4961 3285
3 3256 5468 5215
3 2618 3045 2617
3 4889 4891 4890
3 1549 1550 1385
3 1858 1859 1856
3 610 3262 608
3 1365 2065 1495
3 1159 5268 1165
3 2143 2849 567
3 2419 6102 2863
3 3362 5422 2681
3 3242 4950 3241
3 2324 2716 2507
3 2515 3019 2516
3 3128 5141 2754
3 2779 5712 3813
3 3475 3476 3474
3 1546 5206 1705
3 1678 4478 2423
3 4379 4381 4380
3 2576 2907 2906
3 3440 4100 4099
3 3638 3639 2700
3 2324 2507 2019
3 3266 4664 2481
3 555 556 554
3 1166 5197 1160
3 1174 1207 1175
3 3668 3669 3666
3 3520 4407 4175
3 1218 4992 1216
3 3127 3129 3128
3 1153 1154 1152
3 52 54 50
3 3254 3255 2875
3 1165 1192 1190
3 1548 5054 1667
3 4170 4389 3753
3 3415 3416 3413
3 3831 5136 2062
3 2560 2972 2832
3 3753 5120 2819
3 2591 2592 2212
3 1764 1828 1827
3 3007 3343 3133
3 2118 2647 2026
3 4566 4567 1584
3 4466 5133 2834
3 3938 3941 3936
3 3548 3549 3191
3 2832 3598 2559
3 2224 5973 66
3 1791 5067 1680
3 999 1089 1088
3 1394 2543 1787
3 1524 5101 2586
3 3909 4914 3143
3 1814 4861 2324
3 1875 1878 1877
3 4139 4140 3957
3 3245 3792 2996
3 1790 1792 1791
3 4544 4545 4543
3 1278 5197 1166
3 279 1974 281
3 2310 2446 2333
3 4293 4294 4292
3 5383 5384 3611
3 2615 5231 3300
3 4865 4868 4866
3 2057 5385 1568
3 3536 3956 3955
3 3386 4020 3385
3 1667 5054 2418
3 3937 3939 3938
3 1521 5004 2420
3 5329 5370 3221
3 2628 2950 2629
3 1911 2708 1909
3 4526 4757 4621
3 2665 4853 2316
3 1892 2149 1894
3 1789 1790 1680
3 3455 4900 2967
3 3357 5043 2925
3 1522 2451 2450
3 977 980 979
3 3034 4171 3701
3 1661 2346 2345
3 3530 3531 3529
3 1560 2124 1733
3 4719 4722 4718
3 3920 4011 3921
3 2553 3788 2551
3 2860 2902 2768
3 558 2361 562
3 2174 4841 1823
3 1549 1551 1550
3 3467 4506 4505
3 2045 5077 2039
3 3091 5241 3641
3 4977 5361 1261
3 2294 2655 2567
3 3091 3096 2587
3 3419 3422 3421
3 3012 3098 2541
3 4717 4720 4719
3 1790 5200 1793
3 907 5214 796
3 2337 5047 1928
3 3623 5130 3628
3 2537 2866 2865
3 3183 3290 3278
3 1545 5291 1422
3 1548 5244 5054
3 2595 4991 2084
3 1669 5138 1465
3 2536 2991 2427
3 2135 2173 1587
3 2062 5136 1602
3 5506 6366 4432
3 1363 1479 1416
3 3852 4026 3195
3 3429 5126 4055
3 1953 5046 1956
3 1768 2429 1767
3 4379 4380 4378
3 4947 4949 4948
3 3132 3295 3213
3 3846 3847 3845
3 1210 1299 1298
3 1191 1279 1278
3 2843 2844 2413
3 2241 5108 2512
3 2870 3507 2871
3 5092 5094 5093
3 934 951 950
3 2448 2470 2469
3 3523 5147 2940
3 2246 2247 2245
3 1698 1699 1649
3 1405 4963 1377
3 1109 1264 1108
3 3180 3182 3181
3 1155 1156 1154
3 4256 4303 4048
3 2029 2596 705
3 1513 5377 1263
3 3415 3417 3416
3 2805 3510 2804
3 1460 2133 1574
3 1159 1160 1158
3 3380 4015 3876
3 1695 5021 1366
3 1746 4521 5
3 3464 3511 3463
3 1157 1158 1156
3 5094 5096 5093
3 738 5334 734
3 3345 3431 2994
3 4449 4450 4448
3 5103 5291 1545
3 4379 4895 4381
3 3523 5148 5147
3 1192 2858 2857
3 3098 3130 2541
3 2554 5167 3068
3 3613 3615 3614
3 1273 5237 1270
3 1767 5134 1666
3 3691 4091 3304
3 3762 3920 3763
3 3663 4119 3662
3 2540 5397 4937
3 1618 1708 1695
3 3506 3601 3360
3 553 4753 2535
3 2657 2783 2782
3 3367 3515 3366
3 942 5418 941
3 3010 4430 4093
3 3486 4008 3052
3 2680 2736 1401
3 3093 3094 3092
3 2543 3726 1787
3 1129 1132 1131
3 4093 4094 3009
3 1274 1357 1356
3 1043 1290 1042
3 2989 2990 2918
3 2270 5175 2458
3 3914 3935 3915
3 2797 3557 3069
3 858 859 857
3 3135 4489 3644
3 2873 3309 3308
3 2622 3363 375
3 2323 2992 2622
3 2966 4925 2968
3 3069 3070 2798
3 3012 4111 3098
3 1912 1986 1985
3 4080 4224 4079
3 2898 5167 2556
3 3542 3544 3543
3 1927 1928 1926
3 1001 1056 1055
3 3773 3774 3772
3 1890 1891 1889
3 2405 2600 2506
3 913 5765 920
3 3726 3727 1787
3 3168 3169 2694
3 2960 3572 2752
3 2795 2903 2511
3 4172 4173 3701
3 1741 2277 1759
3 2554 3068 2553
3 2097 5124 2534
3 3123 3153 3122
3 1982 2559 1585
3 2618 3047 3045
3 4458 5919 5841
3 1797 4922 2459
3 2738 5204 2737
3 3138 3139 3136
3 1140 5341 1167
3 3565 4132 3566
3 2576 2908 2907
3 3326 3327 3284
3 1174 2025 1207
3 2118 2648 2647
3 4516 4517 4514
3 275 5240 4379
3 3045 3046 2617
3 3119 5048 3468
3 2759 3796 3312
3 1859 4864 1856
3 3437 5155 2777
3 1846 4529 1842
3 3019 3320 2516
3 1200 1266 1265
3 2368 2590 2375
3 1799 1800 1798
3 4961 4962 3285
3 3505 3506 3360
3 2680 3104 2736
3 1136 2070 1134
3 2972 3583 2832
3 1762 2121 1761
3 1866 5753 4690
3 1524 5213 5101
3 692 699 691
3 2950 2951 2629
3 2940 5147 2915
3 2997 3177 2564
3 2143 2850 2849
3 1076 1078 1074
3 3939 3940 3938
3 2591 2706 2592
3 1378 5036 1317
3 1530 2308 1532
3 2825 3567 2312
3 3207 5150 3336
3 1733 2178 1734
3 3628 4561 3625
3 2751 5158 2923
3 4545 4836 4543
3 3331 4019 3104
3 1246 1276 1245
3 2902 2924 2768
3 1998 4452 2156
3 5151 5152 938
3 3127 4481 3129
3 4459 4460 4053
3 2680 3331 3104
3 3464 3512 3511
3 5094 5097 5096
3 2581 2583 2580
3 665 1108 658
3 3476 5407 3795
3 2782 3099 2656
3 3483 4267 4266
3 4140 4357 3957
3 2740 2741 1900
3 3422 3423 3421
3 2715 3260 3226
3 3673 3716 3671
3 3884 3885 2914
3 2628 3081 2950
3 3623 3628 3625
3 707 709 708
3 4516 4518 4517
3 3359 3360 3147
3 2866 3853 2865
3 3728 3869 3356
3 3182 3183 3181
3 2563 2564 2562
3 2755 3164 2757
3 1698 1820 1699
3 4506 4507 4505
3 3530 3532 3531
3 2783 2785 2784
3 1816 5033 2468
3 2655 2712 2567
3 3663 4120 4119
3 2873 3495 3309
3 1894 1895 1893
3 1892 1894 1893
3 2536 3115 2991
3 2750 5158 2751
3 4035 4425 4424
3 3419 4843 3422
3 2137 2138 1728
3 1870 5909 5906
3 4849 5879 4848
3 1216 1238 1215
3 2844 2845 2413
3 3611 3613 3612
3 3367 3516 3515
3 2124 4838 1733
3 2470 2980 2469
3 3120 3508 3121
3 2819 5120 28
3 4044 4045 4043
3 3668 3670 3669
3 3332 5153 3855
3 3544 3545 3543
3 2039 2303 2040
3 2902 3740 2924
3 3607 4742 3609
3 2751 2923 2922
3 3079 3870 3080
3 1927 1929 1928
3 2908 2909 2907
3 2143 3765 2850
3 3933 5163 3235
3 2323 3307 2992
3 3132 4458 3295
3 2246 2248 2247
3 3569 4360 3159
3 3383 3982 3981
3 3482 3484 3481
3 2750 2751 2620
3 3781 5158 2750
3 3515 3868 3366
3 4019 4299 3104
3 2025 4840 1207
3 3138 3491 3139
3 3158 5164 4186
3 1192 2859 2858
3 2590 2728 2375
3 2849 3287 567
3 1357 1470 1356
3 2619 2750 2620
3 2277 2365 1759
3 5083 5086 5085
3 2622 3943 3363
3 1611 3980 3721
3 2972 3584 3583
3 2960 3573 3572
3 3607 3609 3608
3 2600 3021 2506
3 2706 2942 2592
3 3611 3612 3610
3 2741 2954 1900
3 3623 3625 3624
3 4120 4121 4119
3 3706 4502 3735
3 4753 4754 2535
3 3207 3336 3209
3 5097 5098 5096
3 1290 2401 1042
3 2866 3863 3853
3 1617 5030 1436
3 2721 2723 2393
3 4922 4923 2459
3 2751 2922 2921
3 2118 3329 2648
3 2902 3741 3740
3 3235 5163 3234
3 3549 3576 3575
3 3423 3558 3421
3 3512 4185 3514
3 2619 2620 2526
3 5090 5092 5091
3 3508 3593 3121
3 676 5299 684
3 3156 5164 3158
3 3605 3607 3606
3 2985 3781 2750
3 3691 4092 4091
3 3094 3818 3092
3 1814 1815 1813
3 2790 2930 2792
3 1548 1666 1547
3 2181 5166 2336
3 3578 4158 3576
3 2993 3013 2858
3 5090 5095 5092
3 3057 3749 3056
3 2903 2904 2511
3 5088 5090 5089
3 2431 2816 2429
3 2156 2517 2352
3 2728 2807 2375
3 2252 2273 2254
3 2942 3259 2592
3 2741 2955 2954
3 1928 5047 1926
3 3491 4537 3139
3 1793 1795 1794
3 3508 4241 3593
3 5086 5088 5087
3 2181 2335 2003
3 1384 1547 1385
3 2365 2835 1759
3 2002 2003 1997
3 3340 4205 4204
3 1894 1896 1895
3 1966 1967 1554
3 4122 4123 4121
3 3545 4250 3543
3 4507 4509 4505
3 2002 2181 2003
3 2181 2336 2335
3 1793 2382 1795
3 3625 3627 3624
3 1384 1548 1547
3 3018 5154 3321
3 4044 4046 4045
3 2977 5161 4065
3 3069 3072 3070
3 3670 3671 3669
3 2993 3424 3013
3 4120 4122 4121
3 1679 1789 1680
3 1899 2002 1997
3 3047 3878 3045
3 3443 3462 3461
3 3512 3514 3513
3 3041 3995 2955
3 2795 3375 2903
3 2286 2457 2287
3 3037 5173 3324
3 1986 2569 1985
3 1693 3710 1777
3 1793 1794 1792
3 3572 3574 2752
3 2859 2993 2858
3 3613 3614 3612
3 2084 2086 2085
3 2715 3261 3260
3 3234 5163 3651
3 3715 3996 3994
3 3081 3897 2950
3 4122 4744 4123
3 2739 3235 3234
3 2732 3605 3604
3 3247 3824 3235
3 2960 3985 3573
3 3740 3789 2924
3 3040 3041 2955
3 1357 1471 1470
3 3577 3578 3576
3 1123 1414 1125
3 3516 3837 3515
3 3512 3513 3511
3 2094 2400 2096
3 1903 2687 1901
3 3824 3933 3235
3 3765 3766 2850
3 2909 3232 2907
3 1820 1821 1699
3 2405 3333 2600
3 1768 2431 2429
3 5090 5091 5089
3 3207 3209 3208
3 3483 4268 4267
3 2457 2471 2287
3 2285 2286 1873
3 3593 4197 3791
3 3168 3170 3169
3 3547 4945 4944
3 2286 2287 1873
3 3423 3559 3558
3 2202 2473 2201
3 5086 5087 5085
3 1795 1796 1794
3 2735 5166 2181
3 3504 3523 2940
3 1971 2319 2318
3 3563 3564 3561
3 2430 5134 1767
3 1466 1679 1670
3 1899 1997 1564
3 3502 3503 3292
3 2087 2090 2089
3 3037 3324 2845
3 2365 2836 2835
3 2641 4555 3015
3 2853 2855 2443
3 3533 3537 3531
3 1859 5035 4864
3 3307 3929 2992
3 1872 1873 1848
3 1547 1549 1385
3 3568 3569 3159
3 3158 3159 3157
3 3158 3568 3159
3 5088 5089 5087
3 2432 5162 2937
3 1820 4800 1821
3 3681 3683 2856
3 3733 3734 3569
3 4025 4212 4024
3 3568 3733 3569
3 3055 3894 3340
3 2641 3015 2642
3 3532 3533 3531
3 2363 3719 2669
3 3224 3695 3694
3 2619 2985 2750
3 2915 5147 3377
3 3156 3158 3157
3 2653 3450 3338
3 3289 5020 3215
3 2751 2921 2620
3 2156 4452 2517
3 1753 2062 1602
3 3043 3351 2926
3 2583 3665 2580
3 2997 3178 3177
3 1929 2231 1928
3 3516 3838 3837
3 3338 3636 3452
3 2739 3247 3235
3 3890 4024 4023
3 3672 3673 3671
3 2922 3403 2921
3 3762 3763 3545
3 4135 4136 3271
3 2741 3040 2955
3 3840 3842 3841
3 3814 4217 3398
3 3340 4204 3054
3 2303 2304 2040
3 3838 3840 3839
3 2977 4065 3499
3 3307 3930 3929
3 3985 4009 3573
3 2363 2669 2362
3 3234 3651 3587
3 3842 3965 3841
3 3544 3762 3545
3 2920 5110 2447
3 2941 3504 2940
3 1679 1680 1670
3 3906 5164 3156
3 3026 5222 3830
3 3840 3841 3839
3 3939 3942 3940
3 1902 1903 1901
3 3607 3608 3606
3 2609 5062 2284
3 3838 3839 3837
3 1884 1885 1883
3 1762 2122 2121
3 3040 4113 3041
3 3547 4944 3361
3 3079 4633 3870
3 2063 3057 3056
3 2303 4215 2304
3 3593 3791 3121
3 2086 2087 2085
3 1790 1793 1792
3 3549 3577 3576
3 2590 2729 2728
3 3332 3855 3798
3 2893 4844 2578
3 1872 2285 1873
3 3396 3397 3394
3 1473 2031 1571
3 3359 3505 3360
3 2978 5161 2977
3 3005 4135 3271
3 2406 2777 2454
3 3107 3571 2904
3 2739 3234 2738
3 1848 1871 1846
3 3658 4263 3020
3 3890 4025 4024
3 3016 3526 3524
3 2432 2937 2934
3 3738 4059 3748
3 2795 3635 3375
3 4080 4225 4224
3 2805 3519 3510
3 3156 3157 3155
3 3519 4300 3510
3 2002 2735 2181
3 2716 3043 2926
3 3341 3900 2743
3 3533 3538 3537
3 3396 3398 3397
3 3039 5173 3037
3 3209 3210 3208
3 2977 3499 2813
3 3516 3843 3838
3 3605 3606 3604
3 4197 4198 3791
3 2953 5150 3207
3 3158 4186 3568
3 3560 3561 3559
3 2941 3527 3504
3 3462 3463 3461
3 2778 3437 2777
3 3106 4549 3311
3 4136 4574 3271
3 3050 4102 4101
3 1966 1971 1967
3 2781 3073 2780
3 3514 4104 3513
3 2980 3201 2469
3 3589 3645 3590
3 3912 3913 3911
3 2655 2986 2712
3 2525 2619 2526
3 2277 2776 2365
3 3562 3563 3561
3 4507 4510 4509
3 4055 4056 3430
3 2578 4844 2248
3 3660 3944 2920
3 3324 4990 4989
3 2747 5174 3977
3 3565 3566 3563
3 3015 3016 2642
3 3338 3452 3337
3 3260 3807 3226
3 2211 4486 2121
3 2781 3459 3073
3 2653 3338 3337
3 2470 2982 2981
3 3929 3931 2992
3 3164 3240 2757
3 3914 4071 3935
3 3944 3946 3945
3 2366 5219 1737
3 3530 3534 3532
3 4460 4461 4053
3 1902 1904 1903
3 2982 4468 2983
3 3459 4523 4174
3 1847 1872 1848
3 3234 3587 2738
3 2814 2978 2977
3 1805 1806 1804
3 3261 4027 3260
3 3423 3560 3559
3 2156 2352 2351
3 3811 3888 2712
3 4895 4896 4381
3 2855 2856 2443
3 3164 4281 3240
3 3399 3814 3398
3 2093 5246 4887
3 2591 3689 2706
3 3377 3447 2916
3 2878 2880 2879
3 3005 3271 3270
3 3329 5184 2648
3 3688 4089 2812
3 2811 2812 2696
3 2859 3020 2993
3 3154 3906 3156
3 2096 2097 2095
3 1871 4529 1846
3 2246 2250 2248
3 2854 3242 3241
3 2600 3022 3021
3 2473 4786 2201
3 1786 1902 1901
3 2915 3377 2916
3 3055 3988 3894
3 2706 3521 2942
3 2655 3050 2986
3 3288 3289 3215
3 3658 4264 4263
3 3175 4074 3984
3 2470 2981 2980
3 3871 4049 3080
3 2087 2089 2088
3 1971 2318 2162
3 2569 2913 2912
3 3560 3562 3561
3 3236 3960 3057
3 3870 3871 3080
3 2961 3175 2962
3 3055 3340 3054
3 2880 3239 2879
3 3572 4033 3574
3 2903 2905 2904
3 2406 2778 2777
3 1171 2027 1095
3 2905 3107 2904
3 3993 4540 3166
3 3562 3565 3563
3 2746 3026 2240
3 3081 3898 3897
3 1897 2878 2877
3 2778 3438 3437
3 3807 5017 3226
3 2030 2477 2029
3 3175 3984 2962
3 3016 3524 3294
3 2833 2893 2578
3 3332 3798 3074
3 3036 3037 2845
3 3396 3399 3398
3 2878 2879 2877
3 3890 4023 2882
3 4225 4230 4224
3 2122 2211 2121
3 2358 2696 2359
3 2844 3036 2845
3 2814 2979 2978
3 3459 4174 3073
3 2458 2941 2940
3 2854 3241 2853
3 4160 4161 4159
3 2811 3688 2812
3 3738 3748 2910
3 4446 4798 3574
3 3108 3109 3107
3 2986 3811 2712
3 2419 2862 1932
3 2747 3977 3382
3 3884 3992 3885
3 3399 3815 3814
3 3766 3767 2850
3 1948 4439 2125
3 4052 4054 3169
3 3680 3681 2856
3 3239 3470 3334
3 3239 3334 2879
3 2358 2811 2696
3 2961 2962 2414
3 3533 3546 3538
3 2944 5162 2432
3 3395 3396 3394
3 2239 2746 2240
3 1786 1901 1785
3 2941 3528 3527
3 3016 3294 2642
3 3142 3808 2401
3 2692 3341 2743
3 3038 3039 3037
3 2094 2096 2095
3 4633 4634 3870
3 3944 3945 2920
3 1796 2344 1794
3 2970 5160 4002
3 2879 5177 2877
3 3040 4114 4113
3 2814 2977 2813
3 2406 2454 2081
3 2982 2983 2981
3 2239 5174 2747
3 3492 3849 3201
3 1290 3142 2401
3 3383 3983 3982
3 3178 3654 3177
3 2202 5122 2473
3 3524 3525 3294
3 2239 2747 2746
3 2087 2088 2085
3 3597 5154 3018
3 2615 3219 2366
3 2815 3215 2343
3 5136 5137 1541
3 3288 3493 3289
3 3789 4816 2924
3 3709 3848 2818
3 2250 2578 2248
3 1325 1363 1326
3 2458 5175 2941
3 2743 3353 2691
3 2941 5175 3528
3 2590 3042 2729
3 3334 5177 2879
3 3170 4052 3169
3 2239 2240 2134
3 1971 2162 1967
3 2820 4801 3702
3 2277 3238 2776
3 2905 3108 3107
3 2824 3596 3595
3 4033 4446 3574
3 1793 5200 2382
3 3978 4240 3077
3 2067 2609 2284
3 1908 4150 3411
3 3587 5204 2738
3 3399 3867 3815
3 2905 3823 3108
3 2815 3288 3215
3 3106 3311 3310
3 2250 2579 2578
3 2415 2961 2414
3 2747 2831 2746
3 1948 2125 1952
3 3695 4595 3694
3 3992 4975 3885
3 3270 4996 2434
3 2579 2964 2833
3 2579 2833 2578
3 2097 2534 2095
3 2964 3243 2833
3 4174 4251 3073
3 3318 3502 3292
3 2794 3273 3272
3 1512 2313 1514
3 2740 5178 2741
3 2980 3492 3201
3 3596 4313 3595
3 1466 1670 1669
3 3283 3284 2061
3 2063 3236 3057
3 3494 5217 5216
3 3461 4221 3442
3 4284 4286 4285
3 3657 3658 3020
3 2569 2911 1985
3 3154 3156 3155
3 1667 2418 1768
3 2194 2587 2192
3 2998 4118 3782
3 1725 2820 2819
3 2747 3382 2831
3 2855 3680 2856
3 3578 5182 4158
3 3589 3646 3645
3 2732 3604 3460
3 1952 1955 1949
3 3288 4569 3493
3 2021 2453 2419
3 1847 1848 1846
3 3749 5388 3056
3 3819 3820 3556
3 3207 3208 3206
3 3817 4493 4492
3 4104 4105 3513
3 1670 2044 1669
3 2133 5174 2239
3 2792 2794 2793
3 2734 3660 2920
3 3283 3326 3284
3 2820 3702 2819
3 3236 4051 3960
3 1611 3721 3086
3 2741 5178 3040
3 3133 4087 4073
3 3036 3038 3037
3 2844 4006 3036
3 1290 3720 3142
3 4976 4977 4975
3 1897 2877 2876
3 3945 5110 2920
3 2983 3441 2981
3 3627 4035 4034
3 3038 3588 3039
3 1952 1959 1955
3 3553 3819 3556
3 3210 3401 3208
3 2998 5179 4118
3 2859 3657 3020
3 2569 2912 2911
3 3225 3335 2895
3 2855 3682 3680
3 4882 4883 4880
3 3476 3795 3474
3 3224 3694 3469
3 3403 3404 2921
3 3050 4101 3969
3 1948 1952 1949
3 1854 1855 1852
3 3494 5216 5215
3 3040 5178 4114
3 2969 3547 3361
3 4080 4226 4225
3 2044 2059 1669
3 3038 4247 3588
3 3720 4157 3142
3 2783 2784 2782
3 2912 3805 3803
3 1974 5832 281
3 530 4934 527
3 3518 4040 4000
3 3939 4028 3942
3 2889 3554 3553
3 3672 3674 3673
3 3608 3833 3606
3 2394 2721 2393
3 2912 3803 2911
3 3756 3759 3316
3 1752 2160 1753
3 3817 4492 3816
3 4247 4494 3588
3 4856 4858 4857
3 3429 4055 3430
3 3670 3672 3671
3 2021 2419 1932
3 3992 4976 4975
3 3595 3597 3018
3 1792 2339 1791
3 3075 3077 2702
3 4035 4424 4239
3 4084 5613 5319
3 1472 5248 4777
3 3910 3912 3911
3 4976 4978 4977
3 2653 3337 2651
3 3290 4374 4373
3 4881 4882 4880
3 4297 5057 3579
3 3614 4445 3612
3 2683 3160 2684
3 4226 4228 4227
3 3721 3722 3086
3 2194 5522 4792
3 3703 5126 3429
3 4559 4560 3410
3 4226 4227 4225
3 1744 2194 2192
3 1509 1570 1569
3 1952 5180 1959
3 3005 3270 2434
3 1162 3225 2895
3 2926 2927 2507
3 2133 2239 2134
3 3018 3321 2682
3 3375 5193 2903
3 3553 3556 2888
3 2458 2940 2915
3 1473 1571 1496
3 3392 3395 3394
3 3317 3757 3756
3 2938 5285 2549
3 2732 3460 2707
3 2090 2091 2089
3 2703 3222 3076
3 1276 1277 1245
3 956 1723 958
3 2394 2722 2721
3 2112 4714 3886
3 2826 3435 3140
3 1908 3411 1907
3 3589 5428 3646
3 2903 5193 2905
3 2981 5190 2980
3 3627 4034 3624
3 4856 4857 4855
3 3050 3969 2986
3 2412 2843 2413
3 1752 1753 1602
3 2439 2815 2343
3 2144 2531 2328
3 3462 3464 3463
3 1130 1200 1199
3 3722 4351 4350
3 2557 3306 2379
3 2980 5190 3492
3 3961 4177 3962
3 2939 3709 2818
3 2858 5196 2857
3 3722 4350 3086
3 2824 3595 3018
3 2394 2998 2722
3 3106 3310 2806
3 3961 3962 3783
3 3621 5130 3623
3 3782 3961 3783
3 2998 3782 2999
3 2915 2916 2397
3 3633 3882 3100
3 2998 2999 2722
3 3782 3783 2999
3 4017 4018 4016
3 2192 2193 1745
3 3038 5185 4247
3 2895 3283 2061
3 3379 3817 3816
3 3261 4147 4027
3 4006 5185 3036
3 2924 5189 2768
3 3994 4082 3724
3 3044 4128 4103
3 1897 2876 1876
3 3036 5185 3038
3 1485 4670 2050
3 2823 4881 4880
3 2168 2550 2170
3 3007 3133 3006
3 3222 3223 3076
3 2394 5179 2998
3 3291 3318 3292
3 2050 2078 2049
3 1853 1854 1852
3 2581 4938 2583
3 2234 5179 2394
3 3910 3911 3875
3 3565 4133 4132
3 1045 4807 909
3 4035 4239 4034
3 1325 1326 1258
3 2669 5192 2362
3 4027 5191 3260
3 3441 5190 2981
3 2692 2743 2691
3 3518 4000 3071
3 1284 1285 1281
3 3013 5196 2858
3 3889 3890 2882
3 2658 3023 2810
3 2947 5386 1962
3 2367 2615 2366
3 1466 1669 1465
3 4738 5413 1849
3 4456 4457 3230
3 3668 4032 3670
3 3260 5191 3807
3 2853 5198 2855
3 4816 5189 2924
3 2698 2742 2417
3 1000 3269 991
3 2362 5192 2851
3 3028 4201 3887
3 1601 5018 1752
3 1990 2369 2296
3 2605 2814 2813
3 3223 3970 3076
3 2209 4305 3923
3 3241 5198 2853
3 3672 4076 3674
3 3892 4160 4159
3 2905 5193 3823
3 1760 2021 1932
3 1465 5138 2864
3 3183 3278 3277
3 2156 2351 2155
3 1707 1786 1785
3 3917 4603 2332
3 4262 5378 2069
3 1170 1171 1095
3 3717 3718 2976
3 2431 2817 2816
3 3737 3738 2910
3 2234 2394 2393
3 2953 3207 3206
3 3743 3851 3357
3 5059 5182 3580
3 3005 5142 4135
3 2813 5142 2604
3 2703 3076 3075
3 3075 3978 3077
3 3623 3624 3622
3 1611 3086 749
3 2525 2526 2524
3 3254 3256 3255
3 2794 3272 2793
3 3835 4758 3963
3 1661 2345 2186
3 1564 5199 1372
3 598 599 597
3 3549 3575 3191
3 1696 1757 1755
3 928 936 927
3 3400 4345 4344
3 3715 3994 3724
3 2094 2095 2093
3 2971 3055 3054
3 2889 3553 2888
3 725 726 724
3 1154 2066 1152
3 2703 3075 2702
3 2079 2406 2081
3 2855 5198 3682
3 1332 5071 1399
3 4940 6502 795
3 2067 2284 2283
3 3154 3155 3153
3 2956 3993 3166
3 1039 4874 1321
3 2606 5206 1546
3 3061 4732 707
3 3874 4223 3910
3 4379 5240 4895
3 3531 5201 3529
3 4558 4559 3410
3 2133 2134 1574
3 1997 5199 1564
3 2767 2860 2768
3 4854 4856 4855
3 2436 2825 2312
3 3510 3594 2804
3 2308 5452 1532
3 3813 4291 3812
3 4771 4773 4772
3 1688 4525 1446
3 1093 1187 1053
3 3392 3394 3393
3 1845 1847 1846
3 3317 3756 3316
3 3017 4913 4912
3 2792 2793 2791
3 3076 5194 3075
3 2046 5213 1517
3 2992 5202 2622
3 2824 3018 2682
3 3970 5194 3076
3 4397 4398 4389
3 2652 2653 2651
3 3278 3279 3277
3 2486 5310 2485
3 2298 2703 2702
3 3131 3359 3147
3 3111 4068 2988
3 3373 4016 2442
3 2716 2926 2507
3 3551 3552 2624
3 3676 3677 3675
3 1602 5136 1541
3 1162 2895 2061
3 1744 2192 1745
3 3131 4282 3359
3 2650 3806 2652
3 5712 5731 3813
3 2734 2920 2447
3 3429 3430 2719
3 2441 4535 2745
3 858 860 859
3 3451 3471 2679
3 2969 3361 2681
3 2622 5202 3943
3 3075 5194 3978
3 1454 2111 1453
3 3537 5201 3531
3 1132 5289 1162
3 3489 3490 3488
3 2749 3703 3429
3 635 1007 633
3 1599 5145 1597
3 2112 3886 3723
3 1457 5019 1108
3 1473 1496 1383
3 2317 3106 2806
3 3133 4073 3006
3 3475 3904 3476
3 2638 3633 3100
3 1392 3205 2969
3 3379 3816 2959
3 2628 2629 2203
3 3291 3292 2060
3 2806 2938 2549
3 4296 4297 3579
3 1990 2295 1989
3 1990 2296 2295
3 1601 1752 1602
3 2431 2970 2817
3 1907 2632 1905
3 3290 4373 3278
3 3188 3191 3190
3 2174 5373 4841
3 757 2146 759
3 1501 4710 1503
3 159 5827 162
3 2619 5333 2985
3 3064 4756 3487
3 1877 1897 1876
3 3050 5212 4102
3 5067 5311 2044
3 2823 4880 2822
3 4139 4464 4140
3 4109 5506 3172
3 2452 3227 2182
3 1766 4708 4609
3 1906 1908 1907
3 997 5132 693
3 2484 2485 2483
3 2385 5079 2092
3 828 882 822
3 2458 2915 2397
3 2826 3140 2465
3 4631 5569 1981
3 3034 3701 3700
3 3470 4021 3334
3 1789 5200 1790
3 5076 5100 1988
3 3017 4912 4911
3 2144 2328 2145
3 4636 4637 4286
3 3931 5202 2992
3 3969 5181 2986
3 1801 1812 1803
3 2790 2792 2791
3 3023 3825 2810
3 4687 4941 4473
3 3787 5205 3138
3 2345 5501 2392
3 3138 5205 3491
3 3229 3244 3231
3 2145 3684 2057
3 2420 3305 1520
3 3231 4456 3230
3 2360 2854 2853
3 1850 1853 1852
3 3750 4141 4064
3 2956 3166 2709
3 2294 5212 2655
3 3676 3799 3677
3 1674 4679 1760
3 549 555 554
3 3916 3917 2332
3 1760 1932 1577
3 750 1611 749
3 3221 3743 3357
3 3373 4017 4016
3 4210 6576 1751
3 3600 4086 4085
3 4975 5210 3885
3 798 2074 921
3 1348 5717 1307
3 1399 5071 1652
3 2988 2997 2564
3 2465 4606 2116
3 1384 5244 1548
3 3874 3910 3875
3 2605 2813 2604
3 662 1746 5
3 2577 5212 2294
3 3778 4435 4254
3 2222 2415 2414
3 3754 3755 2440
3 1998 2156 2155
3 2463 3220 2966
3 2716 3044 3043
3 1707 1785 1706
3 2658 2810 2659
3 3387 4693 3388
3 4265 5301 4284
3 3709 4138 3848
3 2796 3889 2882
3 3326 5804 3327
3 1124 5208 2068
3 1367 5249 4659
3 2084 2085 1988
3 4918 4920 4919
3 2218 2692 2691
3 1865 4763 1868
3 3752 4081 3031
3 1840 1841 1839
3 1964 2367 2366
3 3892 4159 3891
3 2131 3630 2949
3 3181 5238 3179
3 1556 1613 1612
3 1130 3276 1200
3 1208 1354 1175
3 410 802 801
3 1094 1170 1095
3 1576 2130 1674
3 2694 5245 2695
3 3414 3415 3413
3 2793 3643 2791
3 2928 5318 2417
3 5175 5176 3528
3 596 597 595
3 3400 4344 3387
3 3511 4290 3463
3 3244 4470 3231
3 1534 1536 1535
3 3187 3189 3185
3 3760 6384 3757
3 2582 2899 2657
3 1727 2137 1728
3 2697 3517 3123
3 1174 1175 1058
3 1151 1152 1150
3 2974 3836 3835
3 2054 2058 2056
3 3000 3987 3986
3 2296 5397 2540
3 3478 3959 3810
3 3678 3679 3242
3 1512 5211 2313
3 2655 5212 3050
3 2009 2577 2294
3 3440 4099 3438
3 4854 4855 4853
3 1736 1963 1737
3 3835 3963 2975
3 1158 1261 1156
3 3621 3623 3622
3 3641 4156 3934
3 2917 2918 2389
3 2092 2094 2093
3 2849 3368 3287
3 2088 5076 2085
3 3528 3529 3527
3 1008 1099 986
3 2953 3206 2487
3 2525 5333 2619
3 1532 1533 1531
3 4720 4721 4719
3 3406 5127 4558
3 5007 5008 4722
3 3183 3277 3181
3 4120 5460 4122
3 3028 3887 2387
3 3169 5245 2694
3 2986 5181 3811
3 474 479 478
3 1402 1454 1453
3 5129 5301 4265
3 1543 1702 1701
3 793 800 654
3 1683 2343 1599
3 626 628 627
3 2271 5176 5175
3 2505 2663 2503
3 5083 5085 5081
3 2767 2768 2765
3 932 933 910
3 4884 5754 4883
3 1987 2084 1988
3 5390 5417 4985
3 3758 5744 5715
3 2971 3054 2817
3 2079 2081 2078
3 2093 4887 2091
3 2534 5246 2095
3 1018 2152 950
3 2523 2525 2524
3 2067 2283 1676
3 3184 4789 3186
3 3959 4115 3810
3 2362 2851 2283
3 3406 4558 3410
3 2822 3148 2338
3 1693 1694 1586
3 3219 5219 2366
3 1139 1367 1141
3 1652 5071 4917
3 4011 6626 5487
3 234 1771 232
3 1162 2061 1131
3 1157 5221 1159
3 4164 4619 3552
3 2779 3813 3812
3 5221 5268 1159
3 2952 3866 3865
3 3652 4553 3653
3 2970 4002 4001
3 1777 1778 1694
3 4889 4968 4891
3 3021 3686 2506
3 3622 3626 3620
3 2284 5062 2363
3 1039 1321 1037
3 3392 3393 3390
3 878 883 879
3 3017 4911 2786
3 2809 5224 3248
3 211 212 210
3 4577 4578 4576
3 3499 5142 2813
3 2132 3551 2624
3 3458 4096 3457
3 800 2151 654
3 1845 1846 1842
3 3044 4103 3043
3 1486 1750 1488
3 4996 5270 2056
3 2284 2363 2362
3 1170 1292 1171
3 624 626 625
3 734 5334 732
3 2325 5207 1706
3 1075 5252 1103
3 2624 2654 2142
3 2044 2360 2059
3 3064 3487 3065
3 1743 2838 2018
3 838 4501 993
3 4332 4335 4334
3 2512 3451 2679
3 2910 5471 2909
3 2284 2362 2283
3 1054 1093 1053
3 5242 5243 4962
3 1621 1762 1761
3 2085 5076 1988
3 3119 3468 3118
3 1165 1166 1160
3 2659 2660 2329
3 4978 5225 4977
3 2320 2738 2737
3 2563 3111 2988
3 5351 5534 4931
3 2650 2652 2651
3 1515 1564 1372
3 3727 4959 1787
3 2015 5004 1521
3 1715 5335 787
3 1255 5068 2112
3 1531 4953 1529
3 2112 3723 1257
3 2673 3143 3126
3 1382 1473 1383
3 5085 5267 5081
3 3682 5230 3680
3 1149 5251 2340
3 3048 4208 3211
3 1539 1984 1537
3 1238 2589 2529
3 2367 5231 2615
3 2018 4650 2310
3 3004 3648 3386
3 763 4214 756
3 5081 5267 2400
3 1286 5244 1384
3 1803 1805 1804
3 2291 2734 2447
3 3600 4085 3599
3 729 4765 3105
3 3287 5660 567
3 1304 1305 1297
3 1598 5293 2067
3 4354 6162 3626
3 2749 3429 2719
3 2768 5189 2765
3 5200 5259 2382
3 5215 5468 5020
3 2552 2554 2553
3 2317 2806 2549
3 2451 3254 2875
3 2638 3100 2639
3 1696 2929 1757
3 3619 5131 3621
3 1271 3696 2176
3 2014 5740 3754
3 1601 1602 1541
3 3825 3857 3826
3 2513 2515 2514
3 2313 4897 1514
3 2484 2486 2485
3 2416 2417 2415
3 1392 2969 2681
3 2732 5300 3605
3 3735 3736 2897
3 1282 2593 1197
3 1803 5229 1805
3 663 5253 2566
3 3644 5291 5103
3 1727 1728 1573
3 2492 5114 4979
3 2443 5283 2059
3 170 5345 659
3 1922 3291 2060
3 1390 4802 1323
3 73 75 74
3 4252 4253 3975
3 2160 5274 1753
3 3629 5131 3619
3 3140 6138 4555
3 3658 5129 4265
3 3700 5523 5389
3 1731 2039 1732
3 3924 3928 3926
3 951 5336 1019
3 3768 4610 3767
3 1499 4764 1596
3 4185 4211 3514
3 3773 3775 3774
3 4972 5585 4973
3 2785 2786 2784
3 2099 5124 2097
3 1878 4617 1880
3 4839 4954 2761
3 2676 3489 3488
3 1286 1384 1287
3 1311 1314 1310
3 1652 4917 1654
3 2307 2645 2644
3 2090 2385 2092
3 1683 2439 2343
3 2772 3387 2773
3 1791 5304 5067
3 1775 2017 1721
3 1227 1247 1229
3 4513 4515 4514
3 4284 4287 4286
3 1511 1512 1263
3 2588 3092 3091
3 779 4875 798
3 2092 2093 2091
3 2190 4804 1605
3 5918 6695 6299
3 1675 5327 1583
3 1906 1907 1905
3 1637 5438 1913
3 4025 4213 4212
3 3577 3579 3578
3 1766 4609 1581
3 2303 4245 4215
3 1982 2560 2559
3 2073 5019 1457
3 4054 5245 3169
3 4042 4243 4222
3 3277 5238 3181
3 4721 5007 4719
3 1609 2665 2316
3 1782 5121 1781
3 625 2022 623
3 2176 2638 2198
3 2360 2443 2059
3 2346 2552 2551
3 2854 5311 3678
3 4287 4636 4286
3 4994 5260 1121
3 1515 1671 1564
3 1283 1368 1337
3 3497 3498 3066
3 3385 4067 3003
3 2270 2458 2397
3 3093 4792 3184
3 5082 5083 5081
3 3281 3282 3280
3 3469 4852 3223
3 2252 2254 2253
3 2200 2201 1782
3 3534 3536 3535
3 2030 2479 2478
3 1405 5651 4963
3 1989 5262 4640
3 1150 5255 1173
3 2237 2894 1783
3 1804 2395 1802
3 3229 3231 3230
3 1222 5104 1237
3 1725 2819 28
3 1098 3632 1198
3 1190 1191 1166
3 969 971 970
3 797 914 913
3 2144 2145 2057
3 1022 1024 1023
3 2761 2762 2760
3 2991 3171 2427
3 1583 1594 1336
3 2527 5630 5593
3 1803 1804 1802
3 4963 5651 3704
3 1521 2420 1520
3 4002 4124 4001
3 2848 3304 3303
3 1692 5376 1557
3 2094 5079 2400
3 2683 5297 3160
3 1801 1803 1802
3 1433 2300 1432
3 211 5055 2444
3 3202 3253 2661
3 2783 2788 2785
3 1683 5365 4951
3 2668 4467 817
3 1221 1244 1223
3 3221 3357 2925
3 2745 4535 3458
3 2488 2489 2486
3 1850 1852 1851
3 1674 1760 1577
3 2095 5246 2093
3 2429 2430 1767
3 736 738 734
3 3254 5468 3256
3 1165 1190 1166
3 2772 2773 2354
3 709 711 710
3 2350 5786 5674
3 1671 1899 1564
3 3268 4233 4167
3 3275 3500 3059
3 1271 5237 3696
3 2277 5295 3238
3 231 3061 707
3 1217 2038 1219
3 3140 4606 2465
3 1218 5520 4992
3 3336 4873 3209
3 3149 5226 4597
3 5356 5512 5357
3 1542 1729 1727
3 4682 4799 3615
3 938 5529 486
3 2110 5384 5383
3 1147 5251 1149
3 1912 1987 1986
3 3661 5576 3663
3 921 5396 989
3 3945 5254 5110
3 2774 2956 2709
3 1503 2184 1505
3 731 5325 733
3 1628 3134 1630
3 4654 5454 1715
3 2360 2853 2443
3 2317 2549 883
3 2734 5434 3661
3 1736 1737 1660
3 4284 4285 4283
3 3618 4166 3616
3 644 646 645
3 1829 1830 1176
3 872 5010 4779
3 1770 4953 1531
3 2569 5100 2913
3 1025 1712 1023
3 506 1049 508
3 4918 4921 4920
3 5478 5692 4886
3 3780 5259 3216
3 4789 4790 3186
3 2066 5255 1152
3 2720 5278 2873
3 1815 2012 1813
3 636 5482 638
3 2925 3465 2730
3 82 84 83
3 2535 3697 2023
3 1671 2322 1899
3 1812 5229 1803
3 3579 3580 3578
3 2039 2040 1732
3 1035 2621 1033
3 2909 5471 3233
3 1801 1802 1800
3 1153 5307 1155
3 4265 4284 4283
3 1755 1756 1593
3 3697 3698 2023
3 3801 4129 3872
3 3236 5258 4051
3 1226 2110 1224
3 1568 5385 1440
3 3258 3302 3281
3 3006 5052 2815
3 5340 5390 4769
3 2000 2157 1718
3 3352 5599 4714
3 2058 2605 2604
3 2014 3754 2440
3 1312 2614 1332
3 1107 5348 735
3 1659 5128 1736
3 3609 3611 3610
3 1399 1652 1563
3 1736 2013 1963
3 2898 5168 5167
3 1987 1988 1986
3 3324 4989 2845
3 6022 6027 3808
3 2565 5157 771
3 5610 5756 2130
3 2346 2551 2345
3 3105 5326 5325
3 3082 3844 3083
3 3580 5182 3578
3 1771 4795 232
3 740 741 739
3 1572 1773 1772
3 1749 5816 4812
3 3577 4296 3579
3 3102 4698 2639
3 1640 4485 1642
3 3093 3184 3095
3 2388 2389 2135
3 1570 1707 1706
3 1145 1164 1147
3 2013 2460 1963
3 941 5418 1005
3 2349 3856 2538
3 4363 5286 5285
3 2153 5341 1142
3 3216 5200 1789
3 3751 3752 3031
3 3880 5318 2928
3 4050 5042 3118
3 76 78 77
3 358 1413 356
3 4171 4172 3701
3 2295 5262 1989
3 2162 2163 1967
3 2925 5043 3465
3 4605 5220 3148
3 2063 3056 2062
3 3236 5274 5258
3 571 593 592
3 1865 1868 1866
3 1295 1371 1294
3 2851 5365 2283
3 2316 2987 2919
3 1580 1782 1781
3 4719 5007 4722
3 4918 4919 2376
3 5258 5274 2936
3 1753 2063 2062
3 2580 5288 1657
3 3255 3257 2875
3 2991 4069 3171
3 1615 1616 1480
3 5366 5367 4829
3 3081 4271 3898
3 3090 3097 3089
3 1165 5268 1192
3 2390 3892 3891
3 3225 3372 3335
3 2859 5268 3657
3 1486 5265 1750
3 1964 2366 1737
3 5260 5355 1414
3 2251 6005 2247
3 1168 1295 1294
3 5212 5271 4102
3 2772 3400 3387
3 3874 3875 3873
3 2699 3432 3052
3 2848 3303 2847
3 1536 1538 1537
3 1209 5354 2584
3 2717 5295 2026
3 2801 3408 3407
3 5626 5652 3712
3 2296 2540 2295
3 2063 5274 3236
3 2129 2354 2128
3 3224 5256 3695
3 2485 2487 2483
3 2710 4727 1046
3 3186 3187 3185
3 721 722 720
3 1658 4242 257
3 2873 5278 3495
3 1449 1450 1448
3 2199 5434 2200
3 5144 5369 2482
3 824 4416 826
3 1529 4953 2119
3 4686 4687 4473
3 4499 4500 4498
3 3157 4314 3155
3 1324 6745 6546
3 3775 3776 3774
3 2503 2504 2502
3 2026 5295 1741
3 6031 6593 911
3 1975 6472 4755
3 657 2625 640
3 2369 5647 2704
3 2547 5356 2801
3 2501 2505 2503
3 1728 5281 1573
3 1485 2049 1386
3 3456 4005 3687
3 1558 5293 1598
3 1706 5207 1569
3 162 163 161
3 3432 3486 3052
3 1485 2050 2049
3 3347 3739 2625
3 3354 5425 1081
3 3056 5388 3831
3 936 3217 927
3 3493 3494 3289
3 2074 5396 921
3 3154 4932 3906
3 1463 1464 1450
3 2577 5271 5212
3 1488 1489 1487
3 2106 2701 2104
3 2527 5593 5543
3 4064 4270 3109
3 1486 1487 1464
3 5314 5328 3647
3 2974 3835 2975
3 1463 5265 1486
3 3258 3280 3257
3 2549 2799 883
3 2200 2202 2201
3 3859 3860 2946
3 2028 2030 2029
3 4604 5754 2610
3 4465 5351 4931
3 0 5330 4368
3 3388 3390 3389
3 1340 4632 4630
3 1987 2595 2084
3 3297 4760 3780
3 1428 1617 1436
3 3414 5264 5263
3 3647 5328 5101
3 3079 3080 2689
3 1904 2445 1906
3 2111 2500 1453
3 346 4260 341
3 3982 6063 5934
3 1778 1916 1780
3 2801 5356 3408
3 5230 5340 1414
3 2563 2988 2564
3 2709 5397 2370
3 2188 5140 2558
3 3851 4330 3357
3 6082 6125 2153
3 3832 4014 3314
3 3313 4309 3832
3 2936 5274 2160
3 3284 5322 2061
3 3775 3777 3776
3 1121 5260 1123
3 661 5253 663
3 1672 2719 350
3 1298 5354 1209
3 2485 5310 2952
3 2677 3113 3082
3 3056 3831 2062
3 2549 5285 2799
3 2391 2396 2189
3 2441 2745 2635
3 3259 5380 2592
3 3494 5215 3289
3 3665 5288 2580
3 3117 3119 3118
3 3865 5150 2953
3 1054 4625 1347
3 3801 3802 3800
3 3233 5266 3478
3 5339 5404 5244
3 3621 3622 3620
3 875 4805 878
3 737 2187 740
3 2102 2410 2105
3 1925 1927 1926
3 1605 1980 1788
3 1192 5268 2859
3 2542 4770 1199
3 1857 1858 1856
3 2896 3707 3706
3 2335 2805 2804
3 5225 5361 4977
3 1447 2007 1449
3 3318 3953 3502
3 1294 5382 1055
3 1355 3028 2387
3 1300 1349 1315
3 1598 2067 1676
3 1085 5425 4904
3 3512 5474 4185
3 2066 5361 5225
3 3444 3895 747
3 5337 5382 1294
3 1449 1463 1450
3 1311 5531 1314
3 1741 5295 2277
3 673 2117 677
3 2067 5293 2609
3 2387 3376 1345
3 2109 2474 2166
3 2050 2079 2078
3 5065 5777 4184
3 137 5673 2180
3 2705 5448 2774
3 595 5495 4877
3 1486 1488 1487
3 1463 1486 1464
3 2096 2098 2097
3 2990 3784 3002
3 5315 5316 3742
3 1672 2749 2719
3 1094 1095 1093
3 2801 3407 3406
3 3406 3410 2800
3 2203 5477 1775
3 5080 5082 5081
3 2119 5541 1527
3 1773 5287 1772
3 792 909 908
3 3289 5215 5020
3 2952 2953 2487
3 2789 3017 2786
3 3238 3650 3649
3 2188 2558 2391
3 3184 3186 3185
3 1190 5339 1191
3 1293 5422 1171
3 3116 3117 2756
3 389 935 387
3 3674 3675 3673
3 1373 1522 1371
3 1286 5339 5244
3 2195 2627 2626
3 5058 5059 3580
3 4964 5467 2028
3 4624 5585 3264
3 580 5445 668
3 2346 5443 2552
3 2828 3145 2827
3 1981 5569 5508
3 2485 2952 2487
3 1129 1133 1132
3 198 199 197
3 2685 5297 2683
3 2335 2804 2003
3 2092 5079 2094
3 3600 5296 4086
3 3652 3653 3273
3 2325 6746 4414
3 2087 5371 2090
3 1172 1468 1105
3 653 793 654
3 1315 5534 1178
3 2416 4988 2699
3 4265 4283 4264
3 3212 4679 2383
3 1284 1474 1288
3 965 3286 967
3 1606 4646 4645
3 2222 4988 2416
3 500 588 502
3 1107 5349 5348
3 2745 3458 3457
3 3470 4571 4021
3 3391 3392 3390
3 4070 4503 703
3 3176 5298 2289
3 2142 3570 1348
3 2132 2624 2142
3 4073 5052 3006
3 2551 5501 2345
3 2952 3865 2953
3 657 2994 2625
3 927 5929 906
3 1753 5274 2063
3 4948 6056 5426
3 5230 5355 3680
3 5765 5866 2623
3 5323 5324 1479
3 2090 5371 2385
3 3137 3138 3136
3 1540 1541 1539
3 1414 5355 5230
3 911 4957 284
3 3954 3979 3535
3 1424 1743 1600
3 2360 5311 2854
3 1240 1242 1239
3 4014 6066 4756
3 4619 4699 3552
3 2951 3179 2629
3 3799 3800 3677
3 3801 3872 3802
3 971 972 970
3 1144 2153 1142
3 1126 5208 1124
3 3658 4265 4264
3 3674 3676 3675
3 3034 5309 4171
3 3101 3103 3102
3 1800 2006 1798
3 1752 5018 2227
3 999 5068 1089
3 4332 4334 4331
3 2796 2882 2802
3 549 5524 555
3 3105 5325 731
3 1182 1511 1263
3 1731 2045 2039
3 3520 4175 3519
3 3444 4349 3895
3 4346 5902 1396
3 2763 2765 2764
3 2196 5925 5759
3 4284 5301 4287
3 1604 5522 1603
3 1898 6244 4861
3 1551 1754 1553
3 2283 5365 1676
3 478 795 473
3 714 4556 712
3 2055 2686 2402
3 1266 1311 1310
3 3 4 2
3 5181 5623 3811
3 5543 5593 4226
3 2449 5314 3647
3 2519 4451 3067
3 1010 5534 4674
3 3953 4162 3502
3 1561 1961 1437
3 1264 5502 2597
3 778 1715 787
3 1131 5322 1128
3 3617 3618 3616
3 1623 3373 2442
3 3644 5103 2835
3 1255 2112 1257
3 1142 5341 1140
3 690 691 689
3 4781 5760 4429
3 3777 4116 3776
3 1335 1423 1422
3 4008 4946 3052
3 792 908 791
3 622 623 621
3 4084 5319 3927
3 4691 5518 1677
3 1382 1383 1248
3 2392 2939 2818
3 1337 1675 1583
3 4763 5512 5356
3 1283 1337 1336
3 3274 3828 3827
3 985 4862 699
3 2034 5338 1830
3 2061 5322 1131
3 2845 4989 2413
3 3258 3281 3280
3 1198 1283 1282
3 3200 5344 651
3 2341 2404 371
3 1387 5584 5009
3 2499 5310 2486
3 1363 5323 1479
3 1284 1288 1285
3 3418 4843 3419
3 1256 1325 1258
3 2466 2826 2465
3 3048 3211 2803
3 729 3105 731
3 3421 5233 3420
3 2070 5289 1134
3 2347 5329 3221
3 162 5821 163
3 2439 3007 3006
3 1288 1289 1285
3 1288 1379 1289
3 1963 1964 1737
3 1202 1304 1297
3 2942 3742 3259
3 1150 1173 1148
3 4232 4257 4231
3 2775 5109 5108
3 3150 3151 3033
3 1542 1573 1462
3 4119 5990 3662
3 2952 5310 3866
3 2439 3006 2815
3 3894 5400 3340
3 3268 4167 3210
3 2772 5391 3400
3 519 595 517
3 1036 1037 1035
3 2040 2342 1732
3 2172 5499 1740
3 3501 4232 4231
3 1063 1981 1065
3 3146 3229 3228
3 2979 3059 2978
3 3821 3822 2958
3 3352 5708 5599
3 4584 6079 198
3 5053 5394 4994
3 3149 3218 3150
3 4232 4258 4257
3 2042 5352 1895
3 5599 5708 2613
3 2532 2693 2326
3 1034 1035 1033
3 4470 5410 3231
3 3088 3090 3089
3 2792 5416 2794
3 621 649 619
3 3209 3268 3210
3 1271 2176 1962
3 1098 1198 1197
3 719 720 718
3 3478 5266 3959
3 611 4520 592
3 1138 5469 1136
3 2664 3313 2663
3 1540 1601 1541
3 2542 4771 4770
3 2392 5501 3746
3 1772 5287 2301
3 2690 5209 2960
3 4746 5446 5146
3 3521 5315 2942
3 1168 1294 1055
3 4994 5394 5260
3 1978 5510 2775
3 791 4787 4750
3 556 558 557
3 2911 5473 1985
3 5058 5061 5060
3 2271 5175 2270
3 4745 5418 4744
3 891 4527 930
3 1922 2060 1923
3 968 5497 966
3 3853 4007 3854
3 1879 5415 1877
3 2846 5290 2172
3 2501 2502 2500
3 2629 5477 2203
3 2805 3520 3519
3 2769 4680 2770
3 3389 5277 2773
3 1089 5068 1255
3 1964 5389 2368
3 1828 5466 2674
3 5356 5357 3408
3 1522 2450 1371
3 3691 5830 4092
3 985 5021 4862
3 5244 5404 5054
3 945 3263 1002
3 3082 3083 2678
3 2098 2421 2100
3 1916 5329 2347
3 1454 5363 2111
3 787 5335 789
3 2994 3347 2625
3 5653 5807 5041
3 914 943 913
3 1990 5499 2369
3 176 5240 178
3 3137 3787 3138
3 260 261 259
3 1660 2377 1619
3 973 2630 975
3 1538 1539 1537
3 1477 1478 1398
3 1877 5415 1897
3 3842 3968 3966
3 641 644 643
3 1325 5323 1363
3 2059 5283 5138
3 1440 5385 4428
3 391 4477 2640
3 786 2636 777
3 2450 5337 1371
3 1152 5255 1150
3 1337 1583 1336
3 2545 3034 2460
3 1283 1336 1282
3 3663 5536 4120
3 1645 1648 1647
3 2413 4989 2163
3 3088 3764 3090
3 2672 2936 2160
3 2635 5611 3049
3 2044 5311 2360
3 717 718 716
3 1198 1282 1197
3 3117 3120 3119
3 1440 4428 1339
3 4022 5037 3785
3 2464 3199 377
3 2019 2020 1815
3 1238 2161 1215
3 1880 4617 3078
3 1696 1755 1593
3 1134 5289 1132
3 2574 2898 2556
3 1920 3176 2289
3 3255 3258 3257
3 170 659 172
3 2209 3923 2386
3 3004 3386 3385
3 2676 3488 753
3 727 728 726
3 2673 3126 2672
3 4497 4498 1362
3 2122 5332 2211
3 620 622 621
3 2305 5445 582
3 1111 5502 1109
3 43 5890 954
3 2497 2608 2498
3 141 656 143
3 3408 3409 3407
3 1419 1580 1579
3 3636 3637 3452
3 3034 3700 2460
3 397 6110 5616
3 1349 1412 1409
3 3825 3826 2810
3 2090 2092 2091
3 3715 5687 3996
3 2892 3149 3033
3 2674 5466 3449
3 562 571 570
3 3594 4782 2804
3 271 6423 4558
3 731 732 730
3 2448 4916 2470
3 133 276 135
3 962 1280 1275
3 620 3165 622
3 2339 5304 1791
3 1616 5363 1480
3 1373 1557 1522
3 471 5402 2154
3 1389 1508 1507
3 2697 3123 3122
3 3110 3355 2024
3 4272 5364 4273
3 2022 5379 623
3 2466 3011 2826
3 803 2290 801
3 799 5350 2041
3 3266 5591 4665
3 1574 1575 1461
3 2887 2889 2888
3 1565 1766 1581
3 1480 5363 1454
3 2268 2271 2270
3 3899 5004 2634
3 5436 5595 3710
3 3153 4404 3122
3 1596 4710 1501
3 1538 5862 5844
3 1612 5483 1555
3 5004 5005 2420
3 1557 5376 1522
3 2133 5461 5174
3 4964 5591 5467
3 2391 2463 2396
3 3274 3827 3652
3 5355 5394 3681
3 3004 3385 3003
3 630 790 632
3 3601 5530 5064
3 1912 1985 1911
3 4196 6601 6507
3 2222 2416 2415
3 2887 2888 2886
3 3146 3228 3145
3 934 950 932
3 5080 5084 5082
3 88 92 90
3 3170 4459 4053
3 1372 5199 4688
3 3296 5649 5464
3 2884 5337 2450
3 644 645 643
3 3661 3662 3660
3 3120 3121 3119
3 2053 5195 1933
3 2592 5380 2212
3 2828 3146 3145
3 1295 1373 1371
3 370 371 368
3 620 621 619
3 1163 5208 1126
3 1542 1727 1573
3 2857 5339 1190
3 1181 5423 970
3 1854 1857 1856
3 3923 3924 2386
3 1050 5336 951
3 4785 5258 2936
3 2562 5439 3456
3 5243 5563 5335
3 1137 1139 1138
3 1238 2529 2161
3 3187 5375 3189
3 2463 2966 2396
3 5058 5060 5059
3 196 197 195
3 2320 5368 2739
3 2512 5108 3451
3 3704 5521 5405
3 3281 3745 3282
3 5256 5257 3695
3 1998 2155 1518
3 4996 5476 5270
3 5478 5804 5692
3 1067 5508 4321
3 2830 5021 1695
3 3872 3873 3802
3 3229 3230 3228
3 2617 5391 2355
3 733 1107 735
3 1098 1197 1097
3 690 692 691
3 4962 5557 3285
3 1089 1184 1088
3 806 1525 808
3 5069 5565 3683
3 1925 1926 1924
3 2574 5399 2898
3 1731 5327 2045
3 770 771 698
3 4350 5605 3086
3 2488 2883 2490
3 1412 1595 1409
3 3924 3926 3925
3 2347 3221 2925
3 688 690 689
3 1862 1865 1864
3 844 1044 846
3 4742 5383 3609
3 2843 5457 2844
3 1161 5301 5129
3 539 540 538
3 622 624 623
3 3680 5355 3681
3 1420 1467 648
3 5020 5468 1692
3 549 554 553
3 3836 6398 4271
3 1519 1521 1520
3 1143 1145 1144
3 3848 5470 2818
3 1788 2144 2057
3 2470 4916 2982
3 1080 2570 1078
3 3752 5029 4081
3 5479 5480 3060
3 1586 1982 1585
3 4771 4772 4770
3 951 1019 1018
3 2529 2530 2161
3 1141 1143 1142
3 3137 5609 5589
3 2117 5420 5419
3 2599 4495 3297
3 2643 3202 2661
3 1376 1433 1432
3 2960 5209 3985
3 1538 1540 1539
3 3758 3761 3760
3 2586 2885 2585
3 1920 4899 3176
3 1995 2547 2436
3 3120 3509 3508
3 1875 1876 1869
3 3464 5474 3512
3 2227 2673 2672
3 2774 5448 3600
3 2610 5792 964
3 6307 6388 2276
3 558 562 561
3 815 2668 817
3 3026 3027 2240
3 2847 3051 2644
3 1862 1863 1860
3 1569 4802 1390
3 2505 2664 2663
3 1139 1141 1140
3 2568 2824 2682
3 1266 1312 1311
3 861 5905 2546
3 3042 5372 2729
3 1659 1736 1660
3 1849 4747 1850
3 3434 5290 2846
3 1681 5220 1513
3 4948 5426 3381
3 735 5348 737
3 3381 5426 3380
3 1850 1851 1844
3 2883 5114 2490
3 2568 2682 2545
3 510 2139 512
3 1469 4401 223
3 3312 5641 5510
3 2705 2774 2709
3 2055 4906 2686
3 2564 5439 2562
3 1265 2542 1199
3 4604 5497 4605
3 4023 5403 2882
3 4847 5745 2065
3 1314 1372 1310
3 3550 6344 3797
3 3551 4163 3552
3 1976 5536 4835
3 166 167 165
3 355 356 354
3 2517 2518 2352
3 989 1098 1097
3 2451 5376 3254
3 1135 1137 1136
3 373 2464 377
3 2081 2842 2078
3 3872 3874 3873
3 174 2282 176
3 3613 5384 4682
3 2086 5371 2087
3 2446 5687 2901
3 1895 2274 1893
3 4651 4668 4650
3 525 2008 523
3 3221 5370 3743
3 2147 2311 1747
3 2589 5300 2732
3 1481 5405 4943
3 5031 5498 3689
3 3602 4653 3601
3 737 5348 2187
3 1379 1380 1289
3 3199 5768 377
3 3805 6397 4305
3 1910 1912 1911
3 218 4530 220
3 524 949 526
3 4066 4137 3734
3 1921 4899 1920
3 5700 5769 2840
3 957 1608 955
3 5603 5768 3199
3 1145 1147 1146
3 4953 5735 4445
3 3733 4066 3734
3 1006 4584 196
3 1089 1185 1184
3 2170 2171 2169
3 1105 4826 1051
3 5489 5621 1358
3 3746 3747 2939
3 2867 5894 4775
3 3794 6498 5611
3 1503 1505 1504
3 1350 5931 598
3 2110 5104 1224
3 4745 5573 5418
3 2677 2678 1467
3 541 549 548
3 2603 6149 4247
3 2263 2272 2261
3 4996 5542 5476
3 2050 2080 2079
3 2641 2642 2042
3 3256 5398 3255
3 1260 5674 3729
3 3799 3801 3800
3 3926 3927 3925
3 2942 5315 3742
3 3926 4083 3927
3 1883 1968 1881
3 2194 2588 2587
3 1510 5132 997
3 2588 3091 2587
3 4769 5390 4985
3 528 529 527
3 994 4218 852
3 4649 6285 254
3 1404 1542 1462
3 934 4585 1050
3 5617 5693 3719
3 4267 6344 4266
3 723 724 722
3 872 4779 869
3 3682 5390 5230
3 1740 5499 1990
3 989 5396 1098
3 2589 2732 2707
3 1317 5465 1208
3 3632 5488 1198
3 2645 2847 2644
3 1147 1149 1148
3 1522 5376 2451
3 3437 5156 5155
3 3007 3344 3343
3 1665 5974 5684
3 1613 1659 1619
3 2406 5504 2778
3 5405 5406 4943
3 1283 5488 1368
3 646 1420 648
3 860 2613 862
3 3339 4200 3850
3 624 1090 626
3 248 5970 4649
3 1263 5377 1181
3 1659 1660 1619
3 2814 5521 2979
3 1778 1779 1694
3 4294 4427 4292
3 5358 5359 4736
3 1059 1060 1047
3 4548 5489 1358
3 685 2594 683
3 1272 3112 1274
3 1364 4902 1452
3 2055 2338 1681
3 2170 2188 2171
3 231 707 706
3 1300 1315 1178
3 441 443 442
3 2259 2266 2257
3 934 1050 951
3 4777 5412 5237
3 1560 1733 1561
3 3684 5385 2057
3 2101 2662 2099
3 1054 1347 1094
3 5080 5545 5084
3 1826 3025 360
3 3626 5538 3620
3 1708 1709 1695
3 1019 1053 1018
3 931 6060 4696
3 3004 5372 3648
3 3677 5950 5923
3 1923 1924 1921
3 732 5334 2631
3 3924 3925 2386
3 784 891 785
3 1127 5340 4769
3 3302 5366 4829
3 2673 5481 3144
3 3372 5875 3335
3 4883 5754 3250
3 3506 3602 3601
3 729 730 727
3 1040 1043 1042
3 987 4390 1021
3 3719 5693 5620
3 1890 5449 4639
3 1237 5520 1220
3 1740 1989 1664
3 1613 1619 1612
3 2985 5333 4078
3 2779 3079 2689
3 988 5752 858
3 2328 2329 2145
3 3001 5773 5731
3 1292 1293 1171
3 3046 5391 2617
3 715 716 714
3 5899 5930 3732
3 2489 2499 2486
3 1004 6519 4509
3 1312 1332 1331
3 3609 5383 3611
3 3937 5440 3939
3 1399 1563 1477
3 2457 4570 3024
3 1414 5340 1125
3 1922 1923 1921
3 2168 2169 2167
3 1147 1148 1146
3 1332 1399 1398
3 4042 4222 3744
3 1184 2931 2024
3 3160 3161 2684
3 1137 5447 1139
3 2014 2440 2015
3 2713 3659 3342
3 1764 5466 1828
3 5406 5521 2605
3 3017 5527 4913
3 3706 3735 2897
3 2212 5380 2213
3 2836 3136 3135
3 280 1388 278
3 1668 5103 1545
3 3591 5676 3298
3 969 5463 973
3 4515 4516 4514
3 3184 3185 3095
3 612 5539 614
3 5548 5572 3432
3 4568 5358 4736
3 2729 5372 3004
3 4485 5119 1642
3 1576 1674 1577
3 1343 5354 1298
3 784 785 702
3 1628 1630 1629
3 2368 5523 2590
3 1137 1138 1136
3 887 897 896
3 1128 1163 1126
3 2586 2886 2885
3 761 912 764
3 3636 3952 3637
3 1505 1506 1504
3 3255 5398 3258
3 1989 4640 1664
3 1349 2601 1412
3 91 2433 701
3 2519 2520 2518
3 1570 1706 1569
3 3124 3631 3325
3 3905 5407 3476
3 4122 5460 4745
3 856 858 857
3 2307 2644 2306
3 3718 5399 2976
3 3340 5400 4205
3 820 2243 818
3 3030 3751 3031
3 218 4598 4530
3 2150 5482 636
3 3613 4682 3615
3 2117 5419 677
3 1576 1577 1472
3 1168 3301 1295
3 2857 5404 5339
3 3311 3947 3310
3 1544 2053 1933
3 540 4956 542
3 2931 3110 2024
3 634 2150 636
3 6412 6468 5097
3 1280 1284 1281
3 1405 5729 5651
3 2168 2170 2169
3 2200 5434 2291
3 3258 5398 3302
3 3231 5410 4456
3 537 538 536
3 4736 5414 4735
3 1502 2350 1500
3 1455 1480 1454
3 1281 2120 1275
3 1740 1990 1989
3 2721 5143 2723
3 963 965 964
3 1217 1218 1216
3 782 791 781
3 2213 4988 2222
3 1455 1572 1480
3 3558 5233 3421
3 3950 4095 3948
3 2438 2837 2466
3 1923 1925 1924
3 5196 5404 2857
3 3881 4255 3901
3 1271 1962 1269
3 2528 5294 1847
3 5467 5591 3266
3 1572 1772 1615
3 1772 2301 1774
3 1575 5436 1693
3 24 25 23
3 1606 4645 1595
3 3409 3413 3412
3 5220 5377 1513
3 1562 2740 1900
3 1916 1917 1780
3 2454 5456 2081
3 829 870 869
3 2025 5843 4840
3 5053 5395 5394
3 3251 3252 3097
3 1018 5492 2152
3 1845 2528 1847
3 539 541 540
3 5574 5575 1977
3 3409 3412 3407
3 2166 2167 2165
3 2306 2452 2182
3 4778 6219 1898
3 2143 5524 3765
3 2930 5416 2792
3 1572 1615 1480
3 2901 3714 3713
3 2301 2407 1774
3 3093 3095 3094
3 1772 1774 1615
3 3689 5583 2706
3 194 195 193
3 4560 5566 3410
3 1354 5465 5459
3 967 969 968
3 1419 1579 1418
3 1478 5519 1398
3 2547 2800 2436
3 1042 4874 1039
3 71 73 72
3 2065 5711 4847
3 3974 4207 3454
3 5157 5767 678
3 1868 1869 1866
3 2206 5018 1601
3 1053 5492 1018
3 3963 3964 2975
3 3183 5582 3290
3 2043 2641 2042
3 3325 5457 2843
3 1639 5438 1637
3 4951 5305 3344
3 2013 2568 2545
3 3735 5883 5218
3 2195 2203 1775
3 2316 2919 1826
3 1266 5484 1312
3 1544 5421 2053
3 593 608 607
3 1055 5382 1000
3 2053 5256 5195
3 2774 3600 3599
3 5270 5476 2048
3 2390 3891 703
3 688 689 687
3 1745 2852 1711
3 4867 5696 1851
3 3804 5473 2911
3 743 1022 953
3 1861 1862 1860
3 2518 5247 2352
3 2105 2106 2104
3 2662 5124 2099
3 3296 5464 974
3 2100 2102 2101
3 5217 5697 5216
3 3339 3850 3497
3 597 5495 595
3 3501 4231 3500
3 1167 5469 1138
3 967 5463 969
3 1888 5449 1890
3 4235 4310 4236
3 1371 5337 1294
3 3891 4070 703
3 1551 1553 1552
3 3121 5048 3119
3 4987 5628 3293
3 2878 5415 4876
3 1911 5473 2708
3 1896 2042 1895
3 1352 1696 1593
3 5461 5598 5174
3 3367 5553 3516
3 2246 5546 2250
3 3238 3649 2776
3 5001 5466 1764
3 474 478 473
3 1920 2289 1918
3 1098 5396 3632
3 3179 5477 2629
3 1733 1734 1561
3 2323 5544 3307
3 951 1018 950
3 2068 5437 1122
3 1061 1062 1060
3 1897 5415 2878
3 3791 5048 3121
3 3170 4053 4052
3 1270 5237 1271
3 1280 1281 1275
3 2896 3706 2897
3 1256 1258 1185
3 1149 1150 1148
3 2626 2628 2203
3 1412 1606 1595
3 520 2637 522
3 2572 5360 888
3 3292 5561 2060
3 638 5482 657
3 1139 5447 1367
3 833 1189 831
3 3652 5574 4553
3 5264 5441 5263
3 3668 5526 4032
3 2787 5273 2790
3 1477 5409 1478
3 2109 2165 2108
3 1338 1438 1339
3 4985 5417 2016
3 659 5475 172
3 78 80 79
3 3275 3501 3500
3 4117 5513 3030
3 2229 2827 1510
3 542 4706 538
3 1307 1338 1308
3 1014 2710 1046
3 5238 5586 2017
3 719 6438 4255
3 2111 2501 2500
3 2979 3275 3059
3 2013 2545 2460
3 1391 1392 1293
3 194 1006 196
3 5290 5499 2172
3 5434 5576 3661
3 2344 5562 1794
3 1292 1391 1293
3 2102 2105 2104
3 1858 1861 1860
3 4809 6065 4808
3 1792 5562 2339
3 871 873 872
3 1185 5533 1184
3 5242 5584 1387
3 2098 2099 2097
3 1139 1140 1138
3 2589 2707 2529
3 2501 2503 2502
3 325 1204 328
3 1349 5552 2601
3 2729 3003 2728
3 4089 4090 2812
3 2777 2896 2454
3 2645 2848 2847
3 746 5605 744
3 807 1360 805
3 1312 1331 1311
3 399 4620 396
3 5138 5565 2864
3 533 534 532
3 677 5419 697
3 1233 1236 1235
3 3380 5426 4015
3 4115 4152 3810
3 1262 5615 1442
3 540 542 538
3 1128 5322 1163
3 838 993 840
3 1865 1866 1864
3 701 784 702
3 3730 5592 2884
3 235 237 234
3 1136 5469 2070
3 2107 2108 2106
3 2307 2646 2645
3 3065 3066 3063
3 1213 1214 1212
3 1145 1146 1144
3 2149 5555 1894
3 749 5605 746
3 1143 1144 1142
3 1917 5387 1919
3 3505 4924 3506
3 471 2154 469
3 2189 2733 2171
3 1061 1063 1062
3 1141 1142 1140
3 1919 1922 1921
3 2504 3064 3063
3 1563 1687 1477
3 2729 3004 3003
3 1676 1683 1599
3 2643 3350 3202
3 3350 3699 3202
3 1332 1398 1331
3 2380 5554 2571
3 475 5402 471
3 1598 1599 1597
3 4162 5431 3502
3 1436 1560 1437
3 1874 1875 1869
3 1399 1477 1398
3 5319 5613 2428
3 4509 6408 1004
3 3339 3497 3066
3 3683 5565 5283
3 1243 1245 1242
3 2073 5780 5019
3 697 1020 769
3 4646 6788 6415
3 4562 5444 5292
3 154 5544 151
3 5795 5994 3780
3 1916 2347 2330
3 382 473 381
3 2428 5345 168
3 2494 2495 2493
3 2225 5486 594
3 3619 3621 3620
3 1558 1597 1557
3 533 564 535
3 2475 5449 1888
3 65 67 66
3 1214 1216 1215
3 1092 1352 1351
3 174 176 175
3 4684 5998 3496
3 2479 5467 3266
3 3008 4441 4440
3 2138 2306 2182
3 3388 3389 2773
3 5816 5846 4812
3 5490 5491 5168
3 2836 3137 3136
3 2586 2887 2886
3 47 49 48
3 3225 5685 3372
3 713 4930 715
3 1373 1558 1557
3 535 536 534
3 2402 2822 2338
3 2878 4876 2880
3 220 1469 223
3 1896 2043 2042
3 3177 5439 2564
3 697 5419 1020
3 2876 5753 1876
3 1647 1665 1646
3 1227 1228 1226
3 2699 5548 3432
3 5149 5444 4562
3 643 4145 642
3 3638 4822 3639
3 1843 1844 1841
3 4360 5635 4776
3 5508 5569 4323
3 5322 5342 1163
3 4235 4236 3950
3 4776 5635 2184
3 3327 5779 5723
3 2830 5600 5022
3 641 643 642
3 156 157 155
3 5536 5576 4835
3 2138 2182 1728
3 496 2183 498
3 1672 3014 2749
3 2943 3974 3454
3 2080 5504 2079
3 772 773 771
3 1858 1860 1859
3 4819 5734 5675
3 1133 1134 1132
3 2836 3135 2835
3 1534 2220 1536
3 2330 5387 1917
3 5433 5564 3282
3 158 159 157
3 2897 5456 2454
3 5542 5668 3341
3 5300 5520 5105
3 359 381 358
3 1240 1243 1242
3 2361 5795 4760
3 3313 3832 3314
3 2209 2386 158
3 1323 1991 1303
3 1778 1780 1779
3 2227 2672 2160
3 1534 5452 2220
3 1239 1241 1235
3 2049 5516 1386
3 3748 5471 2910
3 2794 3274 3273
3 2098 2100 2099
3 4484 4901 3112
3 2608 5709 4941
3 3095 3433 3094
3 879 881 880
3 1125 5340 1127
3 2188 2391 2189
3 357 358 356
3 891 892 785
3 4551 5870 3330
3 69 71 70
3 2166 2168 2167
3 4941 5700 2608
3 772 774 773
3 1420 2677 1467
3 1075 1076 1074
3 143 4657 145
3 2291 5434 2734
3 1555 5483 2073
3 1067 1068 1066
3 1133 1135 1134
3 431 6018 433
3 1565 1566 1506
3 3035 3971 2945
3 3921 4364 3763
3 2379 5691 2126
3 1910 4886 1912
3 744 5605 5044
3 1073 1075 1074
3 4080 5543 4226
3 2677 3082 2678
3 1550 5547 4965
3 2385 5545 5079
3 3638 4823 4822
3 484 938 486
3 3503 5583 5561
3 5263 5441 4748
3 1709 2830 1695
3 641 5625 644
3 2392 3746 2939
3 1693 5436 3710
3 721 723 722
3 26 27 25
3 2270 2397 2269
3 2222 2414 2221
3 1109 5502 1264
3 667 5321 53
3 429 5479 427
3 2776 5609 2365
3 3064 3065 3063
3 2555 2556 2554
3 2030 5467 2479
3 2844 5457 4006
3 541 5524 549
3 3739 5790 5762
3 463 465 464
3 851 4796 849
3 2100 2101 2099
3 172 174 173
3 150 375 148
3 267 354 222
3 2363 5617 3719
3 1300 5552 1349
3 3667 5526 3668
3 700 783 699
3 1135 1136 1134
3 5036 5465 1317
3 2213 5380 4988
3 2888 5620 2886
3 3842 3966 3965
3 2279 4768 2933
3 1312 5484 2614
3 3736 5456 2897
3 1171 5422 2027
3 2599 3297 3216
3 4708 6097 4609
3 1645 1647 1646
3 1200 5484 1266
3 676 684 683
3 526 528 527
3 5667 5774 3942
3 692 700 699
3 2599 5639 4495
3 1573 5281 2164
3 1916 2330 1917
3 2081 5456 2842
3 2547 2801 2800
3 2787 2789 2786
3 2109 2166 2165
3 723 725 724
3 4358 6193 1980
3 2402 2823 2822
3 972 1181 970
3 1558 1598 1597
3 1560 1561 1437
3 3305 5750 1520
3 963 964 961
3 1603 1711 1552
3 1208 5465 1354
3 1398 5519 1331
3 3135 3644 2835
3 1460 5461 2133
3 1598 1676 1599
3 2102 2104 2101
3 676 683 671
3 3248 4142 3903
3 4601 4602 1360
3 1392 2681 1293
3 1045 5455 4807
3 1849 5413 4747
3 2105 2107 2106
3 152 153 151
3 5573 5672 1250
3 4992 5520 5300
3 1341 1343 1298
3 2949 3862 3861
3 45 47 46
3 528 2275 531
3 3681 5395 3683
3 1355 2387 1345
3 193 2364 191
3 1507 1509 1390
3 829 869 868
3 1344 2633 1355
3 3285 5454 3265
3 2463 6770 4165
3 3274 3652 3273
3 2745 3237 2635
3 1573 2164 1462
3 2107 2109 2108
3 2016 5417 5313
3 3149 4597 3218
3 3737 5642 3738
3 1963 5389 1964
3 433 436 435
3 1342 5049 1403
3 638 657 640
3 2801 3406 2800
3 5054 5580 2418
3 4582 4657 656
3 3277 5586 5238
3 456 703 454
3 5418 5573 1005
3 4329 6407 164
3 931 1202 1201
3 1744 1745 1711
3 3320 5612 2516
3 715 794 717
3 1708 5026 2219
3 3759 5654 3316
3 1479 5461 1416
3 2195 2626 2203
3 2527 5543 5333
3 2579 2965 2964
3 3335 5875 5839
3 5276 5277 5035
3 3327 5342 3284
3 3814 6163 4217
3 771 5157 698
3 3297 3780 3216
3 1106 1172 1105
3 2227 5481 2673
3 1441 2190 1605
3 3502 5431 3503
3 4950 5313 3241
3 914 944 943
3 3708 5745 4847
3 1089 1255 1185
3 653 654 611
3 3466 5646 3467
3 1501 1503 1502
3 2835 5103 1759
3 797 5563 914
3 3090 3251 3097
3 824 826 825
3 4812 5846 3737
3 3276 5484 1200
3 516 520 518
3 2711 3204 2958
3 1603 1744 1711
3 4861 5648 2324
3 2028 5467 2030
3 3233 5471 5266
3 904 925 906
3 544 2299 552
3 761 762 760
3 531 532 529
3 3251 4031 3881
3 3100 5540 3101
3 1523 5495 597
3 5072 5525 4921
3 972 5464 4993
3 1214 1215 1212
3 4173 5624 3701
3 2188 2189 2171
3 976 3296 974
3 2763 2764 2762
3 520 521 518
3 1289 5451 1285
3 1722 1775 1721
3 1882 1883 1881
3 5105 5520 1237
3 1013 5832 4153
3 172 5475 174
3 6 5330 2
3 1497 5321 667
3 3972 3973 3355
3 3271 5668 3270
3 5045 5528 3664
3 1574 5436 1575
3 2716 5648 3044
3 1331 5531 1311
3 3468 4050 3118
3 1509 1569 1390
3 3506 4190 3602
3 1428 1436 1429
3 3713 4047 2900
3 1416 5461 1460
3 1217 1219 1218
3 3290 5960 4374
3 5464 5649 4993
3 3388 3391 3390
3 2696 2697 2359
3 351 1672 350
3 2787 2790 2789
3 2132 2142 1348
3 1708 2219 1720
3 149 4463 152
3 3101 5540 3322
3 3291 5662 3318
3 2837 4438 2466
3 2524 5066 2522
3 657 5482 3345
3 1687 5409 1477
3 3284 5342 5322
3 1551 1552 1550
3 4920 5742 5732
3 1752 2227 2160
3 1296 3425 1201
3 3589 3590 3039
3 80 82 81
3 174 5475 2282
3 436 6018 3642
3 3590 5173 3039
3 2213 2222 2221
3 3588 3589 3039
3 1329 1976 1419
3 4494 5428 3588
3 3588 5428 3589
3 2347 2925 2730
3 2392 2818 2186
3 1214 1217 1216
3 684 686 685
3 174 175 173
3 2422 5699 5645
3 5360 5558 4942
3 3619 3620 3618
3 945 946 917
3 1830 5338 1176
3 1046 1059 1047
3 3065 3339 3066
3 49 6799 51
3 2115 2437 2116
3 638 639 637
3 1187 5492 1053
3 2896 2897 2454
3 732 2631 730
3 1676 5365 1683
3 1236 1239 1235
3 824 825 813
3 686 688 687
3 649 5591 4964
3 286 911 284
3 6069 6100 4610
3 2790 2791 2789
3 2778 5504 3439
3 1386 5516 1320
3 5394 5395 3681
3 1025 5493 1712
3 856 988 858
3 3214 5588 2829
3 2505 3328 2664
3 1227 1229 1228
3 1258 5533 1185
3 1314 1515 1372
3 1843 1849 1844
3 5113 5634 2007
3 2555 2573 2556
3 2634 5004 2015
3 168 5345 170
3 1577 5248 1472
3 3241 5313 5198
3 1065 5508 1067
3 4429 5760 1411
3 1559 1748 1410
3 1231 1233 1232
3 875 876 873
3 1625 5616 3346
3 899 900 898
3 354 2467 222
3 1938 5603 4406
3 3788 5501 2551
3 2522 2868 2520
3 3713 4288 4047
3 166 2428 168
3 3685 5798 2618
3 1553 1603 1552
3 3110 3972 3355
3 4679 5959 2281
3 3769 5509 3771
3 1985 5473 1911
3 700 5139 783
3 970 5423 968
3 4826 5924 1051
3 67 69 68
3 258 259 257
3 3 5 4
3 640 5625 641
3 782 792 791
3 3237 5611 2635
3 3999 5448 2945
3 2552 2555 2554
3 3409 3414 3413
3 1381 5757 711
3 1872 5294 2405
3 3675 5845 3673
3 1198 5488 1283
3 1576 5610 2130
3 965 5424 3286
3 2605 5521 2814
3 1470 1472 1356
3 616 5549 615
3 156 2209 158
3 2055 2402 2338
3 3693 5459 3692
3 1076 5594 1079
3 173 1012 171
3 2659 2713 2660
3 1219 1221 1220
3 2352 2643 2351
3 1540 2206 1601
3 869 4779 868
3 1257 5505 1256
3 5237 5412 3696
3 5313 5417 5198
3 248 4649 250
3 1306 2132 1348
3 674 5767 1497
3 971 5464 972
3 1436 1437 1429
3 1754 6114 4296
3 2065 5745 5652
3 2599 3216 1789
3 2862 5248 1932
3 215 267 222
3 600 5931 2037
3 3700 5389 2460
3 1880 1882 1881
3 1075 1077 1076
3 1255 1257 1256
3 1715 5557 5335
3 4418 6266 4417
3 189 695 187
3 2761 2763 2762
3 4990 5532 4989
3 1847 5294 1872
3 555 5524 2143
3 3189 5571 3185
3 2494 2496 2495
3 5238 5477 3179
3 2138 2307 2306
3 711 713 712
3 537 539 538
3 1020 5435 769
3 1711 5547 1552
3 811 2140 809
3 1720 1722 1721
3 1425 5451 1289
3 1233 1235 1232
3 1575 1585 1461
3 3603 6006 5940
3 944 1382 1248
3 3475 4176 3904
3 2885 3692 2585
3 582 5445 580
3 939 999 998
3 1225 5514 1227
3 2571 3196 2821
3 1335 5393 1423
3 3816 3864 2959
3 3643 5527 2791
3 3335 5839 5802
3 3939 5440 4028
3 817 818 816
3 4026 5578 3195
3 2520 5714 2518
3 1904 1906 1905
3 823 829 828
3 1221 1223 1222
3 123 4845 303
3 3881 3901 3252
3 1046 1047 1015
3 3949 4235 3950
3 1021 5993 5148
3 1529 2119 1527
3 2802 3048 2803
3 4931 5534 1315
3 1063 1065 1064
3 1255 1256 1185
3 4083 4084 3927
3 1202 1297 1296
3 451 452 450
3 3829 5609 2776
3 2049 5689 5516
3 1495 5652 1689
3 2345 2392 2186
3 3149 3150 3033
3 150 5544 2323
3 2347 2730 2330
3 2771 6056 4948
3 3364 5570 3239
3 2590 5523 3042
3 2199 5576 5434
3 638 640 639
3 1342 1403 1341
3 1434 1998 1518
3 5589 5609 3829
3 1575 1586 1585
3 2885 3693 3692
3 1426 5788 1428
3 4941 5709 4473
3 1299 1342 1341
3 2537 2865 2179
3 1722 2195 1775
3 2446 2900 2333
3 4189 6222 2159
3 1726 5990 1671
3 2438 2466 2465
3 289 6414 376
3 1079 5594 3354
3 3204 3821 2958
3 2704 2945 2705
3 3745 5433 3282
3 3007 4951 3344
3 1060 1346 1047
3 3420 4482 3417
3 1302 5661 2649
3 1860 5276 1859
3 969 973 971
3 1554 5532 5023
3 1648 5119 2051
3 340 5836 1291
3 1743 1747 1600
3 640 641 639
3 1251 5393 1335
3 717 719 718
3 2906 2946 2575
3 24 26 25
3 4753 4755 4754
3 1967 5532 1554
3 2107 5567 2109
3 1031 1033 1029
3 1854 1856 1855
3 1299 1341 1298
3 3293 5604 1328
3 939 998 888
3 2898 5490 5168
3 6219 6244 1898
3 3109 5684 3107
3 5715 5744 2149
3 2868 5714 2520
3 649 5679 5591
3 42 45 44
3 1895 5352 2274
3 3715 3724 3714
3 4979 5653 2881
3 3049 3899 2634
3 1090 5979 4574
3 2460 5389 1963
3 2713 2932 2660
3 1072 5494 4490
3 4170 6349 2452
3 1002 1003 946
3 3987 5678 5578
3 1917 1918 1780
3 1079 3354 1081
3 3618 5538 4166
3 5510 5641 2775
3 1470 1576 1472
3 2836 5609 3137
3 5018 5481 2227
3 125 5503 127
3 5399 5490 2898
3 1981 5508 1065
3 537 2196 539
3 860 861 859
3 1479 5598 5461
3 5218 5883 2565
3 2412 3124 2843
3 1236 1240 1239
3 2310 2333 2147
3 664 5840 662
3 715 717 716
3 127 1999 129
3 4173 5688 5624
3 1404 1462 1391
3 4604 4605 3148
3 2134 5436 1574
3 1223 1224 1222
3 526 527 525
3 127 5503 1999
3 284 4957 282
3 176 178 177
3 3882 5540 3100
3 2706 5583 3521
3 4921 5819 5742
3 1934 5496 1827
3 769 5435 1206
3 520 5607 2637
3 841 1091 839
3 230 232 229
3 3767 6100 5989
3 2238 4485 1640
3 1373 5511 1558
3 3457 3790 3237
3 2060 5561 5498
3 2127 2381 2380
3 1183 5639 1466
3 4428 5741 1308
3 1 2 0
3 1648 2051 1698
3 1609 2316 1826
3 1504 5032 1502
3 2745 3457 3237
3 1297 2890 1296
3 3701 5624 3700
3 2494 2881 2496
3 163 166 165
3 2769 2770 2331
3 2164 5411 1462
3 1913 5546 2246
3 817 819 818
3 5607 5608 2637
3 4919 5779 5070
3 2229 2828 2827
3 3259 5548 5380
3 2240 5595 2134
3 2436 5566 2825
3 4764 5496 4404
3 5174 5598 3977
3 4840 5843 5729
3 546 6044 481
3 1320 5516 4815
3 94 1362 96
3 3280 5626 3712
3 2979 3704 3275
3 3626 6162 5538
3 827 3319 825
3 3311 3948 3947
3 2155 5740 1518
3 2573 2574 2556
3 1418 3293 1328
3 1946 3581 1944
3 945 1002 946
3 973 5463 2630
3 2422 5645 405
3 3718 5490 5399
3 1365 5711 2065
3 2504 3063 3062
3 878 2317 883
3 2789 5527 3017
3 3301 5511 1295
3 5079 5545 5080
3 3378 5665 3243
3 1558 5511 5293
3 1219 1220 1218
3 4416 5028 4418
3 2901 3715 3714
3 2252 2253 2251
3 1428 1429 1427
3 1896 5555 2115
3 1222 1237 1220
3 5835 5848 4974
3 5679 5701 4666
3 1106 5362 1254
3 137 2180 139
3 755 4367 752
3 4358 5556 3232
3 240 241 239
3 5826 5996 5218
3 3182 5636 5582
3 4321 5508 4323
3 2608 5700 2498
3 2129 2355 2354
3 1281 5695 2120
3 2680 5722 3331
3 891 930 929
3 1351 2353 1003
3 3248 3903 2808
3 1894 5555 1896
3 2979 5521 3704
3 427 5479 3060
3 1376 1432 1319
3 1689 5564 5026
3 5659 5861 3196
3 4344 4693 3387
3 3516 5553 3843
3 1503 1504 1502
3 5279 5541 2119
3 5460 5672 4745
3 3315 3317 3316
3 3282 5626 3280
3 932 5551 933
3 2142 5784 3570
3 211 2444 213
3 4835 5576 2199
3 3739 5625 2625
3 3270 5542 4996
3 1919 5387 1922
3 3259 5572 5548
3 2505 5535 3328
3 1922 5387 3291
3 789 5563 797
3 1349 1409 1315
3 1357 1562 1471
3 488 5529 2075
3 962 1275 963
3 1818 4478 1678
3 4374 5840 5280
3 3731 5610 1471
3 1352 1593 1351
3 1626 1628 1627
3 2442 5159 1624
3 5265 5634 3716
3 3503 5561 3292
3 5776 6656 293
3 1106 1254 1252
3 1325 5505 5323
3 4536 5786 2350
3 6197 6212 4608
3 2523 2524 2522
3 5738 5782 2041
3 2152 5551 950
3 885 945 917
3 5401 5446 4554
3 1184 5533 2931
3 836 838 837
3 3124 3325 2843
3 5544 5721 3307
3 4921 5742 4920
3 1794 5562 1792
3 524 525 523
3 3506 4924 4190
3 2378 5478 1817
3 2546 5680 4449
3 1837 4707 1834
3 3244 5560 4470
3 5044 5605 4350
3 999 1088 998
3 1318 1375 1319
3 522 523 521
3 2017 5600 1721
3 324 5716 321
3 3314 5116 2663
3 5476 5542 2692
3 1256 5505 1325
3 1005 5573 1100
3 3698 5663 4956
3 3940 5852 5803
3 4830 5579 1748
3 5430 5893 4457
3 435 4189 2159
3 3693 5693 5617
3 2852 5547 1711
3 2800 5566 2436
3 2929 5670 1757
3 1651 1763 1650
3 759 761 760
3 73 74 72
3 4803 5636 3182
3 1471 5610 1470
3 826 830 827
3 1229 1231 1230
3 1100 5573 1250
3 1184 2024 1088
3 652 5549 4850
3 5498 5561 3689
3 1919 1920 1918
3 2704 2705 2370
3 1106 1252 1172
3 5357 5710 3408
3 2517 2519 2518
3 781 1309 775
3 939 3352 999
3 3001 5731 2918
3 1600 5421 1451
3 4876 5965 3365
3 4684 6151 3425
3 736 5671 738
3 3410 5566 2800
3 1302 2649 1322
3 26 28 27
3 2109 5567 2474
3 3814 6224 6163
3 5350 5738 2041
3 300 6175 4326
3 3620 5538 3618
3 1708 1720 1709
3 998 2572 888
3 1451 5421 1544
3 1505 1565 1506
3 711 712 710
3 2842 5689 2078
3 567 5660 556
3 1565 1581 1566
3 2278 5644 5643
3 185 2230 183
3 2642 5352 2042
3 3022 5815 4134
3 2501 5535 2505
3 2437 2438 2116
3 2609 5734 5062
3 2739 5368 3247
3 764 766 765
3 2704 5647 3035
3 4409 4410 1431
3 5518 5887 1677
3 1027 5493 1025
3 1000 5382 3269
3 1872 2405 2285
3 2791 5527 2789
3 2428 5613 5345
3 5335 5563 789
3 516 5607 520
3 4540 6143 4112
3 3146 5623 3229
3 2774 3599 2956
3 170 172 171
3 6457 6588 3711
3 4819 5675 3301
3 853 2276 851
3 1225 1227 1226
3 3182 5582 3183
3 1552 5547 1550
3 178 179 177
3 4108 6074 5931
3 1499 1596 1501
3 2785 2787 2786
3 1052 1106 1105
3 3467 5646 4506
3 4668 6103 2748
3 401 5616 1625
3 3423 5764 3560
3 864 939 888
3 2632 6037 4619
3 1841 2175 1839
3 2692 5542 3341
3 4988 5548 2699
3 3941 5886 3936
3 1910 5478 4886
3 5437 5819 3276
3 1917 1919 1918
3 3334 5962 5177
3 1709 5600 2830
3 3738 5642 4060
3 5196 5580 5404
3 3468 4146 4050
3 1101 5614 1030
3 5549 5622 4850
3 2922 3405 3403
3 5114 5807 4979
3 2048 5476 2218
3 524 526 525
3 3163 3426 3162
3 1859 5276 5035
3 2504 3062 2502
3 2018 2310 2147
3 2286 4662 3371
3 3279 5586 3277
3 684 685 683
3 3996 6103 4003
3 2606 5793 5206
3 1225 1226 1224
3 854 856 855
3 2704 3035 2945
3 71 72 70
3 5379 5701 5679
3 3705 5796 3462
3 4011 4057 3921
3 624 5632 1090
3 844 846 845
3 5499 5647 2369
3 719 721 720
3 1305 5741 1297
3 3731 5756 5610
3 2842 5808 5689
3 1553 1604 1603
3 1249 1251 1169
3 1422 1485 1386
3 2115 3315 2437
3 4955 5584 5242
3 3342 3744 2932
3 3400 5794 4345
3 4078 5543 4080
3 1052 1105 1051
3 2475 5581 5449
3 1919 1921 1920
3 2070 5685 5289
3 1024 1026 1025
3 109 2185 111
3 1249 5604 1251
3 1100 1250 1249
3 5377 5423 1181
3 686 687 685
3 3315 3316 2437
3 4991 5839 2086
3 1679 2599 1789
3 1295 5511 1373
3 386 5902 4477
3 4941 5769 5700
3 5591 5679 4665
3 1463 5634 5265
3 832 834 833
3 5216 5697 5398
3 3185 5571 3095
3 277 5868 279
3 2405 2506 2285
3 2891 5876 5226
3 5723 5732 5342
3 1229 1230 1228
3 3264 5585 4972
3 2446 2901 2900
3 1092 1351 1003
3 4529 5737 1842
3 952 6242 5191
3 5319 5724 3927
3 124 269 122
3 5148 6204 6034
3 865 5360 867
3 3966 3967 3965
3 528 531 529
3 656 4657 143
3 646 5762 1420
3 207 1041 209
3 535 537 536
3 2829 5588 2404
3 2115 5555 3315
3 533 535 534
3 5038 5500 4148
3 4872 6312 3525
3 3330 5615 1193
3 5454 5640 3265
3 790 5597 632
3 1231 1232 1230
3 1983 6808 4177
3 826 827 825
3 5920 5921 3913
3 145 2411 147
3 776 782 781
3 2268 2270 2269
3 688 5893 690
3 774 776 775
3 1759 5103 1668
3 5363 5535 2111
3 4380 5763 4378
3 2164 6361 6025
3 172 173 171
3 981 1267 916
3 3251 3881 3252
3 3525 5596 3294
3 5177 5787 2877
3 5558 5698 3263
3 3742 5572 3259
3 5333 5543 4078
3 842 844 843
3 713 714 712
3 2584 5614 1101
3 3785 3786 3002
3 821 823 822
3 5511 5675 5293
3 1292 1404 1391
3 2355 2772 2354
3 3318 5775 3953
3 436 438 437
3 2365 5609 2836
3 1519 1520 1435
3 4169 5657 5159
3 754 755 752
3 6167 6219 4778
3 558 5660 2361
3 4462 6756 4262
3 2906 3858 2946
3 5243 5557 4962
3 49 51 50
3 3649 3829 2776
3 2516 5612 3114
3 4665 5679 4666
3 562 5720 571
3 4404 5496 3122
3 974 5464 971
3 5159 5657 3427
3 2380 2557 2379
3 3137 5589 3787
3 1002 1092 1003
3 2697 3122 2359
3 531 533 532
3 5844 5862 3941
3 1788 2057 1568
3 168 170 169
3 584 2305 582
3 3239 5570 3470
3 1743 2018 1747
3 1439 1440 1339
3 2111 5535 2501
3 1027 5559 5493
3 1862 1864 1863
3 1430 1431 1048
3 2643 2661 2351
3 2621 5559 1033
3 5335 5557 5243
3 862 863 861
3 5359 5727 4736
3 3204 6043 5855
3 579 5606 581
3 3612 5735 3610
3 1100 1249 1169
3 1306 1348 1307
3 238 239 237
3 23 5938 4685
3 3940 5803 3938
3 1223 1225 1224
3 3858 3859 2946
3 864 865 863
3 2895 5802 3283
3 815 817 816
3 1757 2179 1755
3 434 2208 432
3 5283 5565 5138
3 1584 6732 6127
3 897 899 898
3 1099 5619 986
3 816 5818 5028
3 1712 5878 5848
3 3301 5675 5511
3 2424 5699 2422
3 5062 5617 2363
3 5337 5592 5382
3 2705 2709 2370
3 5324 5598 1479
3 5662 5775 3318
3 2744 6546 4234
3 5380 5548 4988
3 584 5487 2305
3 2506 4662 2285
3 3317 5744 3758
3 5404 5580 5054
3 3556 5620 2888
3 3095 5571 3433
3 850 994 852
3 1738 6422 47
3 3803 5834 3804
3 637 5655 635
3 5385 5751 4428
3 3704 5651 3275
3 25 5938 23
3 2113 5721 154
3 2625 5625 640
3 1525 6582 6564
3 2218 5476 2692
3 5062 5734 5730
3 1849 1850 1844
3 1221 1222 1220
3 1082 5706 1080
3 3420 5707 4482
3 3319 5638 825
3 895 1829 1176
3 986 5619 936
3 2713 3342 2932
3 1884 5936 1886
3 880 5577 877
3 136 2071 134
3 1499 1501 1500
3 1268 1270 1269
3 2884 5592 5337
3 5342 5732 1163
3 340 1291 342
3 1645 1646 1644
3 1609 1826 360
3 3276 5819 5525
3 4570 5702 3024
3 460 3603 458
3 3294 5352 2642
3 3686 4662 2506
3 5786 5841 3729
3 3144 5667 3908
3 634 5597 2150
3 2735 6680 4143
3 3333 5815 2600
3 154 5721 5544
3 4654 5640 5454
3 3464 5796 5474
3 5731 5773 3813
3 1251 5604 5393
3 5155 5643 3707
3 902 5704 4871
3 170 171 169
3 4037 5825 3497
3 1720 1721 1709
3 4270 5684 3109
3 829 868 828
3 1328 5604 1249
3 2886 5693 2885
3 4472 5709 5282
3 3245 5865 3792
3 1757 5670 2349
3 5481 5774 3144
3 1519 2014 1521
3 3724 3725 3714
3 443 2650 442
3 1023 5835 953
3 5451 5695 1285
3 1335 1422 1386
3 514 5607 516
3 3229 5623 3244
3 406 3640 403
3 2401 4874 1042
3 1179 5661 1302
3 1370 5674 1260
3 1389 1507 1390
3 1976 5672 5460
3 5139 5711 783
3 1606 6462 4291
3 3726 5876 3727
3 2445 6749 4199
3 5321 6241 53
3 1502 5032 2350
3 1434 5618 1998
3 1878 1880 1879
3 2018 2147 1747
3 2070 5916 5685
3 2805 5838 3520
3 4993 5649 2616
3 1968 5650 1881
3 1470 5610 1576
3 1826 5831 3025
3 1499 1500 1370
3 632 5597 634
3 5481 5852 5774
3 1880 1881 1879
3 898 5308 896
3 4394 6072 4103
3 3971 3999 2945
3 5452 5921 5920
3 1878 1879 1877
3 569 2539 573
3 3311 3949 3948
3 1518 5740 1519
3 277 278 272
3 560 591 566
3 4201 6534 2957
3 742 743 741
3 5612 5837 3114
3 1438 1621 1620
3 4574 5668 3271
3 2409 5816 1588
3 2380 2571 2557
3 774 775 773
3 3265 5640 4624
3 881 5658 4442
3 5289 5685 3225
3 2894 5871 4987
3 3307 5721 3930
3 2324 5648 2716
3 1268 1269 1267
3 5838 6101 3520
3 3110 4151 3972
3 2157 4704 1718
3 259 4312 1658
3 5398 5697 3302
3 3373 5927 4017
3 4922 5912 4923
3 2882 5403 2802
3 1033 5559 1029
3 1842 5737 1836
3 1028 1030 1029
3 1634 5957 4333
3 924 5704 900
3 987 1021 1009
3 3971 4246 3999
3 2065 5652 1495
3 2775 5641 5109
3 1630 1632 1631
3 845 2207 843
3 4390 5993 1021
3 571 5720 5331
3 1932 5248 1577
3 3827 5574 3652
3 2818 5470 2186
3 2724 3212 2383
3 168 169 167
3 3024 3030 2471
3 1817 5478 1910
3 2014 2015 1521
3 520 522 521
3 1193 5615 1262
3 4885 6061 302
3 871 4248 874
3 4437 6311 3631
3 210 1415 208
3 713 715 714
3 5525 5819 4921
3 1024 1025 1023
3 830 832 831
3 5280 5840 664
3 899 1626 924
3 3313 3314 2663
3 1338 1339 1308
3 1329 5672 1976
3 1299 1344 1342
3 1 3 2
3 4850 5622 4594
3 2640 5969 3522
3 871 872 869
3 2149 5744 5555
3 2041 5782 5139
3 944 1248 943
3 2180 5673 4577
3 262 263 261
3 3706 5856 4502
3 3198 5659 3196
3 2572 5558 5360
3 5282 5799 2881
3 685 5621 2594
3 5352 5596 2274
3 5331 5666 3125
3 1065 1067 1066
3 860 862 861
3 3293 5628 5604
3 1068 5705 1066
3 884 3369 866
3 522 524 523
3 410 801 408
3 4974 5848 3741
3 4473 5709 4472
3 1178 5534 1010
3 4465 5967 5351
3 3700 5624 5523
3 739 5671 736
3 3165 5632 622
3 175 5686 173
3 4226 5593 4228
3 776 781 775
3 303 5503 125
3 5344 5867 3262
3 84 86 85
3 1063 1064 1062
3 3027 5595 2240
3 897 4848 899
3 2726 5891 3794
3 3784 3785 3002
3 5519 5531 1331
3 3750 4064 3109
3 2331 5833 2000
3 5770 5771 1620
3 2297 6644 4223
3 44 5890 43
3 2565 5883 5157
3 479 6044 1825
3 181 274 179
3 4262 6000 5378
3 1077 5594 1076
3 4254 6706 1970
3 5064 5530 1763
3 1250 1328 1249
3 2078 5689 2049
3 622 5632 624
3 4090 4524 2812
3 5226 5876 3726
3 635 5655 1007
3 281 5832 283
3 2532 5664 2693
3 3132 5849 4458
3 5293 5675 2609
3 1605 1788 1568
3 2521 2523 2522
3 2349 5670 3856
3 1034 1096 1036
3 825 5638 813
3 5564 5626 3282
3 862 864 863
3 4545 5681 4836
3 864 888 865
3 2949 3861 1361
3 5166 5631 2336
3 1904 1905 1903
3 3049 4202 3899
3 1721 5600 1709
3 745 3444 747
3 5097 6468 5098
3 3329 5871 5184
3 3730 5738 5592
3 1250 1329 1328
3 4062 5682 3245
3 1441 1605 1568
3 3298 5676 3299
3 3703 6694 4340
3 2612 5678 2611
3 1519 5740 2014
3 272 6212 6197
3 2385 5875 5545
3 2457 3024 2471
3 3342 4042 3744
3 5259 5912 2382
3 840 842 841
3 747 748 746
3 865 867 866
3 3593 5882 4197
3 2984 6366 5506
3 950 5551 932
3 945 4942 3263
3 1358 5621 687
3 885 4942 945
3 444 445 443
3 3453 5896 2935
3 1955 2126 1949
3 253 2472 1052
3 1881 5650 1879
3 953 5812 741
3 1812 6069 4610
3 865 866 863
3 5290 5647 5499
3 3112 4901 1274
3 4299 6555 2333
3 5285 5813 2799
3 1252 5722 1333
3 802 804 803
3 1426 1428 1427
3 958 959 957
3 1270 1271 1269
3 2901 3713 2900
3 956 958 957
3 1751 6505 106
3 2438 5654 2837
3 3355 5824 2024
3 2497 5799 2608
3 1029 5559 1027
3 958 960 959
3 3364 5922 5570
3 132 679 130
3 1562 1900 1758
3 2733 5797 2171
3 1623 5669 3373
3 5607 5733 5608
3 852 854 853
3 1420 5790 2677
3 5382 5592 3269
3 4234 6499 2744
3 1251 1335 1320
3 3133 5629 4087
3 1389 5810 1508
3 5615 5870 2373
3 109 5728 2185
3 5224 5874 3248
3 2349 2537 2179
3 3556 5726 5620
3 5257 5822 3695
3 5041 5701 2022
3 2770 5833 2331
3 238 240 239
3 1439 5771 1441
3 1202 1296 1201
3 984 1048 983
3 2350 5674 1500
3 4886 5692 2595
3 926 928 927
3 2361 5720 562
3 6368 6685 5702
3 3765 5925 3766
3 1308 5741 1305
3 960 962 961
3 2438 2465 2116
3 4590 5964 5956
3 3178 3655 3654
3 3826 5758 2810
3 3306 5691 2379
3 1329 1419 1418
3 3030 3031 2471
3 4873 5992 5186
3 1335 1386 1320
3 687 5621 685
3 3355 5915 5824
3 1030 5614 1031
3 153 156 155
3 3367 5965 5553
3 4061 6175 298
3 3824 5677 3933
3 2120 5424 1275
3 615 5549 652
3 166 168 167
3 1441 1568 1440
3 1304 4734 1306
3 477 5904 426
3 128 2348 126
3 5421 5761 5257
3 1501 1502 1500
3 5493 5878 1712
3 1638 2238 1640
3 4639 5715 2149
3 259 1658 257
3 2022 5701 5379
3 3230 5887 3228
3 1536 5862 1538
3 5677 6505 3933
3 3949 3950 3948
3 1679 5639 2599
3 243 4702 1996
3 1562 1758 1471
3 1621 1761 1620
3 3107 5684 3571
3 2424 5743 5699
3 862 5708 864
3 173 5686 1012
3 2640 3522 393
3 1338 5717 4658
3 2669 5809 5192
3 815 816 814
3 3024 5702 4117
3 1884 6328 5936
3 936 5619 3217
3 1642 5119 1645
3 3542 5908 3544
3 5370 5781 3743
3 5018 5852 5481
3 204 1203 201
3 2164 6025 5411
3 1066 1087 1064
3 1769 6122 6088
3 830 831 827
3 2135 5712 2173
3 5818 6004 4418
3 3754 5740 5739
3 3562 5909 3565
3 3693 5730 5459
3 811 5638 2140
3 867 5360 4942
3 1500 5674 1370
3 815 5719 2668
3 4857 6682 2686
3 3514 5953 4104
3 5242 5703 5243
3 1851 5696 1844
3 3228 5887 5518
3 3879 6599 4202
3 879 880 877
3 73 76 75
3 5428 5429 3646
3 3434 5864 5290
3 2519 2521 2520
3 2885 5693 3693
3 2139 5733 512
3 4445 5735 3612
3 2868 6067 6050
3 783 5711 1365
3 383 1936 1396
3 2548 5686 175
3 5651 5729 3501
3 3466 6512 4319
3 5233 5707 3420
3 1387 5703 5242
3 1241 5694 1235
3 200 6079 270
3 5736 5901 322
3 3596 6011 4971
3 5420 6466 3690
3 5483 6001 2073
3 2127 2379 2126
3 3861 6188 6021
3 5732 5742 5208
3 556 5660 558
3 812 815 814
3 256 257 255
3 2336 5838 2335
3 2437 5654 2438
3 5862 5886 3941
3 3408 5710 3409
3 5545 5875 3372
3 2349 2538 2537
3 45 46 44
3 1030 1031 1029
3 1438 1439 1339
3 5188 5734 4819
3 1689 5626 5564
3 2717 6370 4500
3 2456 5594 1077
3 1648 1649 1647
3 4301 5985 1622
3 500 5872 588
3 456 2390 703
3 1235 5694 1232
3 743 953 741
3 926 927 906
3 1936 1937 1396
3 2613 5708 862
3 2522 5066 2868
3 2523 5630 2527
3 1841 5696 2175
3 4687 5769 4941
3 3324 5937 4990
3 5570 5922 993
3 1375 1376 1319
3 2007 5634 1449
3 3202 4842 3253
3 1433 5750 2300
3 1844 5696 1841
3 3675 5923 5845
3 2389 5731 5712
3 895 5946 1829
3 5379 5679 649
3 1466 5639 1679
3 5109 5820 5108
3 877 5577 876
3 1251 1320 1169
3 3275 5651 3501
3 5459 5730 5188
3 666 5830 673
3 5969 6133 4347
3 5624 5688 3042
3 1380 1426 1425
3 5413 5764 3422
3 4738 5764 5413
3 3343 5629 3133
3 1757 2349 2179
3 690 5893 5430
3 2957 6625 4201
3 856 857 855
3 586 5487 584
3 3710 5781 5370
3 5689 5808 4788
3 1052 5362 1106
3 1086 5706 1082
3 3868 5922 3366
3 1333 5722 2680
3 4788 5808 4752
3 2899 5947 5025
3 748 749 746
3 838 840 839
3 268 6393 5513
3 2518 5714 5247
3 4597 5587 3218
3 435 2159 434
3 5642 6010 4060
3 973 975 974
3 4920 5723 4919
3 3327 5723 5342
3 2730 5662 2330
3 2595 5718 4991
3 5555 5744 3315
3 301 5789 2226
3 1065 1066 1064
3 418 1004 420
3 832 833 831
3 4273 6460 1738
3 754 757 756
3 2758 5846 2409
3 956 957 955
3 49 50 48
3 3409 5710 3414
3 4689 5954 3685
3 4097 5743 3162
3 439 441 440
3 2810 5758 2659
3 1250 5672 1329
3 1014 1046 1015
3 1389 1390 1323
3 1285 5695 1281
3 785 5881 2210
3 3414 5710 5264
3 1936 1938 1937
3 963 5424 965
3 5730 5734 5188
3 1179 1301 1300
3 1329 1418 1328
3 2330 5662 5387
3 2802 5403 3048
3 4989 5532 2163
3 227 229 228
3 2389 5712 2135
3 1163 5732 5208
3 2426 6681 4220
3 901 5308 898
3 5523 5624 3042
3 2918 5731 2389
3 4920 5732 5723
3 1026 1027 1025
3 3610 5958 3608
3 86 88 87
3 939 5708 3352
3 2722 6121 3267
3 761 764 762
3 1179 1300 1178
3 841 5877 1091
3 773 5826 2565
3 748 750 749
3 4893 5919 385
3 2881 5799 2496
3 867 4942 885
3 3302 5697 5366
3 3677 5923 3675
3 742 744 743
3 5331 5720 5666
3 1936 5603 1938
3 5019 5780 3200
3 3820 5726 3556
3 4990 5788 5023
3 1307 1308 1305
3 4090 6002 4524
3 47 48 46
3 2565 5826 5218
3 5148 5993 5147
3 3501 5729 4232
3 3249 6015 4307
3 5387 5662 3291
3 4282 5984 3359
3 1876 5753 1869
3 713 5757 4930
3 5764 5906 3560
3 283 5832 1013
3 564 6239 6156
3 1344 5766 2633
3 4458 5841 3295
3 4685 6030 2665
3 43 954 302
3 146 2309 144
3 521 6078 518
3 905 1361 903
3 823 828 822
3 973 974 971
3 4182 5986 3059
3 5208 5742 2068
3 366 367 364
3 2730 5775 5662
3 4936 5745 3708
3 2351 5739 2155
3 844 845 843
3 2386 5827 158
3 852 853 851
3 3217 6392 6038
3 975 977 976
3 1380 1425 1289
3 5685 5916 5084
3 884 5859 3369
3 4610 6104 1812
3 4558 6423 4559
3 3732 5930 5894
3 962 963 961
3 4971 6016 1614
3 514 5733 5607
3 2611 5678 3000
3 1426 1427 1425
3 850 852 851
3 3927 5724 3925
3 1011 1179 1178
3 1612 5964 5483
3 834 835 833
3 5779 5804 2378
3 1770 5735 4953
3 46 5997 2667
3 3067 5630 2521
3 4959 5930 2456
3 4736 5727 5414
3 1638 1639 1637
3 2661 5739 2351
3 2163 5532 1967
3 2171 5797 2169
3 123 303 125
3 904 906 905
3 2840 5769 5065
3 4323 5873 4322
3 813 5638 811
3 291 5776 293
3 2131 2949 1361
3 3250 5754 4604
3 858 5752 860
3 1540 5844 2206
3 2371 6237 5770
3 960 961 959
3 5062 5730 5617
3 1449 5634 1463
3 4709 6085 5271
3 701 702 696
3 842 843 841
3 5509 5925 2196
3 3769 5925 5509
3 834 836 835
3 22 1609 360
3 2075 5975 490
3 512 5733 514
3 3730 5782 5738
3 533 5749 564
3 5393 5628 2606
3 838 839 837
3 930 983 929
3 2072 6298 4364
3 854 855 853
3 2384 5756 2726
3 5923 5950 4724
3 3294 5596 5352
3 1771 6539 4200
3 2748 5687 2446
3 4565 5866 4863
3 5553 5965 1968
3 931 1201 892
3 2571 5554 3197
3 5142 5932 4135
3 758 763 756
3 1026 1028 1027
3 860 5752 2613
3 158 5827 159
3 3283 5802 5718
3 3269 5738 5350
3 1439 1441 1440
3 6008 6040 4874
3 1254 5722 1252
3 5811 5855 3646
3 1747 5761 1600
3 2659 5758 2713
3 3422 5764 3423
3 3743 5884 3851
3 5592 5738 3269
3 4847 5782 3730
3 4223 6606 2297
3 3465 5775 2730
3 5604 5628 5393
3 678 5767 674
3 3161 3163 3162
3 2723 5978 2393
3 2275 5749 531
3 3042 5688 5372
3 253 1052 1051
3 2969 5971 3547
3 5524 5759 3765
3 711 5757 713
3 864 5708 939
3 3316 5654 2437
3 269 5713 4188
3 1600 5761 5421
3 463 464 462
3 2978 5986 5161
3 3684 5751 5385
3 1028 1029 1027
3 2196 5759 539
3 1297 5741 2890
3 2713 5758 3659
3 4378 5763 4382
3 4881 5854 5853
3 975 976 974
3 3560 5906 3562
3 2311 5761 1747
3 176 177 175
3 322 5901 4275
3 3767 5989 2850
3 3758 5715 3761
3 3813 5773 4291
3 1307 5717 1338
3 5456 5748 2842
3 1267 5859 916
3 2173 5712 2779
3 5692 5804 3326
3 3942 5774 3940
3 1570 2141 1707
3 2671 6549 3883
3 2187 5976 740
3 899 924 900
3 3462 5796 3464
3 2127 2380 2379
3 3337 5910 2651
3 2849 5989 3368
3 745 746 744
3 5148 6034 1021
3 4957 6593 6494
3 3295 5841 5786
3 1520 5750 1435
3 4854 5778 4856
3 539 5759 541
3 159 162 161
3 669 6272 4492
3 5070 5779 2378
3 149 152 151
3 1376 1434 1433
3 492 5975 682
3 4589 6001 4590
3 5595 5781 3710
3 954 956 955
3 243 1996 246
3 413 3586 411
3 3736 5748 5456
3 74 277 272
3 836 837 835
3 2264 2267 2265
3 1415 5746 208
3 3108 3750 3109
3 4751 5996 1309
3 2824 6011 3596
3 5941 5955 3875
3 5315 6495 5316
3 3315 5744 3317
3 3659 6701 5914
3 5692 5718 2595
3 541 5759 5524
3 79 5913 77
3 6181 6246 5095
3 1959 5842 1955
3 644 5762 646
3 5206 5793 3329
3 425 4982 423
3 1066 5705 1087
3 1428 5788 1617
3 5724 5827 3925
3 273 6032 190
3 4191 6600 3484
3 1015 3085 245
3 2530 6487 4167
3 231 706 228
3 895 1176 886
3 954 955 302
3 806 5847 1525
3 5803 5852 2206
3 2654 5784 2142
3 1434 1435 1433
3 5715 5800 3761
3 1291 5836 2720
3 321 5716 333
3 6017 6059 3546
3 3918 3919 3655
3 5641 6529 3856
3 1712 5848 5835
3 819 821 820
3 1434 1518 1435
3 3739 5762 5625
3 1518 1519 1435
3 900 5704 902
3 812 5719 815
3 5781 5884 3743
3 2276 4796 851
3 4632 6094 4631
3 2185 5823 111
3 3246 6140 4894
3 3687 5664 2561
3 2877 5787 2876
3 6374 6741 4599
3 1306 1307 1305
3 5739 5740 2155
3 2632 6248 5683
3 531 5749 533
3 929 931 892
3 457 6084 456
3 889 5850 855
3 2720 5836 5278
3 1376 5618 1434
3 5359 5999 4258
3 391 2640 393
3 3788 5951 5501
3 260 262 261
3 1996 5970 246
3 2677 5790 3113
3 3938 5803 3941
3 313 5736 311
3 3295 5786 4536
3 1438 1620 1439
3 6040 6054 1321
3 4374 5960 5840
3 2268 2269 2265
3 412 1742 414
3 5483 5964 4590
3 1633 1634 1631
3 1275 5424 963
3 1302 1303 1301
3 802 2214 804
3 345 6000 4762
3 3538 5235 3540
3 5177 5962 5798
3 4582 5834 4657
3 1344 1345 1342
3 2787 5801 5273
3 5871 5942 5184
3 2130 5756 2384
3 2496 5799 2497
3 163 5821 166
3 1011 1178 1010
3 1322 1323 1303
3 2409 5846 5816
3 383 5768 1936
3 795 6602 4940
3 4319 6512 4318
3 818 5818 816
3 88 90 89
3 1344 1355 1345
3 402 403 400
3 1659 6016 5128
3 5729 5843 4232
3 2183 5872 498
3 3335 5802 2895
3 423 4982 1177
3 423 1177 421
3 754 756 755
3 1840 6012 1870
3 6005 6035 4333
3 5386 5859 1267
3 4244 6288 2425
3 4666 5807 5114
3 409 411 410
3 177 2548 175
3 964 5792 961
3 5449 5800 4639
3 662 5840 1746
3 5742 5819 2068
3 1011 5661 1179
3 751 752 750
3 1786 2072 1902
3 5617 5730 3693
3 4441 6400 4440
3 1205 6240 4444
3 766 5911 767
3 961 5792 959
3 5205 5858 3491
3 902 904 903
3 2206 5844 5803
3 840 841 839
3 133 5935 276
3 5616 6110 3346
3 5391 5794 3400
3 4873 6099 5992
3 827 5828 3319
3 947 5806 926
3 1614 6016 1613
3 5726 5809 2669
3 905 2131 1361
3 2173 2688 1587
3 2210 6180 702
3 4561 6029 3625
3 3780 5994 5259
3 2377 5964 1619
3 3287 5795 5660
3 3815 6224 3814
3 1879 5650 5415
3 311 5736 322
3 2173 2779 2689
3 1435 5750 1433
3 2600 5815 3022
3 753 754 752
3 5660 5795 2361
3 5286 5813 5285
3 1869 5753 1866
3 3362 6039 5422
3 2000 5833 2157
3 3952 6601 6191
3 727 5863 728
3 2371 5770 1761
3 240 1014 245
3 5466 5817 3449
3 5128 6011 2568
3 4099 6023 3438
3 414 5952 416
3 4631 6047 5569
3 2263 5900 2272
3 2695 5942 2237
3 1176 5898 886
3 262 918 264
3 977 978 976
3 1761 5770 1620
3 219 2771 217
3 881 887 886
3 5084 5916 5082
3 3915 5920 3913
3 3695 5822 4595
3 2899 5983 5947
3 51 53 52
3 131 5935 133
3 102 669 105
3 1646 6191 1710
3 1907 6037 2632
3 5806 6122 1769
3 1584 6127 1352
3 3911 5941 3875
3 1525 5805 808
3 1750 5923 4724
3 1955 2127 2126
3 4578 6364 4579
3 4143 6680 2322
3 846 847 845
3 235 238 237
3 293 294 292
3 2243 5818 818
3 5625 5762 644
3 2651 5910 442
3 439 440 437
3 5780 5867 3200
3 5581 5800 5449
3 5023 5532 4990
3 6245 6315 4450
3 891 929 892
3 2173 2689 2688
3 2658 6202 3023
3 4476 5926 365
3 1304 1306 1305
3 4514 6032 273
3 5186 5992 1211
3 2618 5798 3047
3 3379 6045 3817
3 4639 5800 5715
3 3925 5827 2386
3 1322 1389 1323
3 3174 6631 6410
3 2631 5863 730
3 831 5828 827
3 156 158 157
3 2378 5804 5478
3 166 5821 2428
3 4313 6101 5838
3 3673 5845 3716
3 4781 6570 6178
3 1936 5768 5603
3 17 2461 19
3 810 5719 812
3 4863 5866 5765
3 1769 6088 4390
3 433 435 434
3 5714 6026 5247
3 16 1408 14
3 943 5765 913
3 5824 5915 2572
3 3873 5955 5949
3 5967 6538 5351
3 4590 6001 5483
3 2760 6022 2759
3 2919 5831 1826
3 3048 5403 4209
3 1638 1640 1639
3 1393 5914 5913
3 5108 5820 3451
3 3950 6077 4095
3 2187 6076 5976
3 4631 6094 6047
3 2459 6069 1799
3 695 5857 187
3 9 2215 11
3 1189 5828 831
3 1712 5835 1023
3 4519 6199 4638
3 5663 5809 3820
3 2024 5824 1088
3 3497 5825 3498
3 3817 6108 4493
3 13 1180 15
3 4586 5885 4585
3 4297 6114 5135
3 113 563 115
3 673 5830 2117
3 3046 5794 5391
3 2796 6123 3889
3 998 5824 2572
3 1780 6057 1779
3 1525 6564 5805
3 1421 1559 1410
3 2667 5890 44
3 3540 5235 3907
3 3547 6294 4945
3 441 442 440
3 2521 2522 2520
3 1559 5816 1749
3 3048 4209 4208
3 2341 5849 3132
3 892 5881 785
3 1960 6185 559
3 185 5857 2230
3 1955 5842 2127
3 417 468 415
3 5611 6684 3794
3 3027 5781 5595
3 2287 6166 4825
3 277 279 278
3 3330 5870 5615
3 5554 5657 3197
3 2623 5866 4615
3 4560 6411 5888
3 3741 5848 3740
3 3494 6058 5217
3 3979 6059 6017
3 2684 5743 2424
3 2947 6184 6075
3 3354 5899 4846
3 2335 5838 2805
3 846 848 847
3 926 5806 928
3 748 751 750
3 3142 6073 3808
3 4676 5983 2899
3 85 2425 83
3 3707 5856 3706
3 2561 5664 2532
3 3646 5855 3645
3 5001 5817 5466
3 4881 5853 4882
3 1632 1633 1631
3 4502 5883 3735
3 680 6474 4905
3 5836 6170 5278
3 4232 5843 4258
3 2068 5819 5437
3 5286 6301 5814
3 4397 6491 3051
3 1048 6003 2841
3 3436 6054 6040
3 819 820 818
3 4049 5602 3080
3 2428 5821 5319
3 233 234 232
3 896 5946 895
3 5743 6015 5699
3 3529 6064 3527
3 3178 3918 3655
3 234 6705 1771
3 3321 6130 5309
3 1628 5879 3134
3 208 5746 206
3 5265 5845 1750
3 5847 6582 1525
3 1210 5766 1299
3 5415 5650 4876
3 2127 5842 2381
3 3713 6046 4288
3 4199 6749 3919
3 739 5812 5671
3 171 5934 169
3 6319 6357 3968
3 5848 5878 3740
3 2086 5839 5371
3 3526 6235 4203
3 5949 5972 3802
3 5748 5808 2842
3 1801 6069 1812
3 3840 6049 3842
3 2206 5852 5018
3 431 433 432
3 4154 6071 4152
3 1206 6255 770
3 3725 6046 3714
3 1048 2841 983
3 3253 5933 2661
3 853 5850 2276
3 855 5850 853
3 430 6215 1993
3 3161 3162 2684
3 279 5868 1974
3 1635 1638 1637
3 5088 6082 5090
3 4863 5765 943
3 2965 5002 2964
3 1537 6091 1535
3 3736 5996 5748
3 1299 5766 1344
3 598 5931 600
3 1538 5844 1540
3 378 379 374
3 4949 6081 2771
3 2472 5362 1052
3 6109 6425 3521
3 848 850 849
3 3533 6017 3546
3 4727 6154 1340
3 4775 5876 2891
3 4103 6072 3043
3 4317 5927 2148
3 2661 5933 5739
3 3923 6062 3924
3 3897 5892 4997
3 5748 5996 4751
3 4738 5906 5764
3 6206 6209 2710
3 3308 5968 2872
3 5701 5807 4666
3 3027 5884 5781
3 5041 5807 5701
3 5904 6506 3855
3 2478 6182 2477
3 2521 5630 2523
3 775 5826 773
3 3918 4199 3919
3 3369 5905 866
3 2269 5900 2265
3 258 260 259
3 3035 5864 4181
3 3968 6357 3966
3 3685 5954 5787
3 3740 5878 3789
3 10 1969 8
3 3544 6243 3762
3 3936 5886 3915
3 1677 5893 688
3 2649 5810 1322
3 3534 3535 3532
3 3000 5678 3987
3 4619 6037 4699
3 2689 5602 2688
3 5250 6791 3917
3 745 747 746
3 498 5872 500
3 2802 2803 694
3 3790 6794 4392
3 3815 6269 6224
3 5553 6070 3843
3 5429 5811 3646
3 77 5913 2607
3 2264 2265 2263
3 5686 6371 1012
3 396 4620 395
3 2308 5921 5452
3 101 103 99
3 5657 6223 3427
3 4990 5937 5788
3 370 372 371
3 4419 5917 4366
3 911 6593 4957
3 407 409 408
3 3645 6043 6007
3 3793 5884 3027
3 2382 5912 4922
3 2411 6247 4463
3 276 5935 5407
3 3248 5874 4142
3 2567 6665 4320
3 3200 5867 5344
3 3879 5891 3731
3 4320 5896 3453
3 48 5997 46
3 4241 5882 3593
3 5774 5852 3940
3 4560 5888 5566
3 4966 5956 2377
3 2710 6209 4727
3 113 5823 563
3 187 5857 185
3 4323 5943 5873
3 5082 5987 5083
3 900 902 901
3 2177 6155 1887
3 5115 6277 2666
3 1393 5913 79
3 2167 6117 2731
3 227 230 229
3 5783 6250 4305
3 3732 5894 2867
3 160 6384 4726
3 4012 6041 4013
3 6007 6043 2124
3 4366 5917 4999
3 98 2435 100
3 111 5823 113
3 5739 5933 3754
3 395 5880 392
3 5714 6050 6026
3 4246 6689 260
3 4010 6115 3573
3 4257 5999 4259
3 4848 5879 1626
3 790 5932 5597
3 152 5783 153
3 2106 6105 2701
3 3425 5881 1201
3 5371 5875 2385
3 31 3402 29
3 4987 5871 5793
3 225 227 226
3 3198 6585 5659
3 6288 6513 1393
3 107 5728 109
3 446 4669 445
3 4574 5979 5668
3 5349 6098 5348
3 385 5919 380
3 5074 5900 2269
3 1309 5826 775
3 3572 6115 4033
3 5683 6248 4413
3 810 5805 5719
3 2267 2268 2265
3 821 822 820
3 880 5898 5577
3 2872 5968 2984
3 3437 6023 5156
3 1302 1322 1303
3 2803 6006 694
3 1632 1635 1633
3 840 6165 842
3 3162 5743 2684
3 2214 6562 5847
3 3861 6021 1361
3 2157 6639 4704
3 3973 5915 3355
3 751 2676 753
3 229 231 228
3 1829 5946 2948
3 3875 5955 3873
3 5676 5885 3299
3 1014 1015 245
3 843 5877 841
3 848 849 847
3 4389 6119 3753
3 6546 6745 4234
3 4739 5963 2621
3 5989 6100 4923
3 3482 6157 4036
3 3374 6027 2762
3 129 6033 131
3 3517 6002 4933
3 3907 5908 3542
3 177 5889 2548
3 5203 6458 6273
3 4492 6168 669
3 3299 5895 4966
3 35 1359 33
3 384 5902 386
3 3930 5860 5581
3 5718 5802 4991
3 850 851 849
3 1201 5881 892
3 5250 6441 3358
3 886 5898 880
3 3337 6222 5910
3 4588 5895 4586
3 169 6063 167
3 375 5988 148
3 4908 6522 4907
3 36 2191 38
3 1179 1302 1301
3 1635 1636 1633
3 887 896 895
3 5507 6110 397
3 3768 6104 4610
3 5914 6513 3659
3 4453 6393 114
3 4209 6194 4208
3 5839 5875 5371
3 863 5905 861
3 1635 1637 1636
3 4814 5949 1819
3 1838 6012 1840
3 3350 5901 3699
3 3212 5959 4679
3 2289 6057 1918
3 98 6080 2435
3 4081 6166 3031
3 5011 6136 4628
3 3635 6400 3922
3 5594 5899 3354
3 4144 6187 3539
3 2220 5862 1536
3 2230 5939 183
3 1870 5906 4738
3 3979 6017 3535
3 5559 5903 5493
3 564 6048 535
3 5338 5898 1176
3 4364 6367 2072
3 3729 5841 4893
3 3820 5809 5726
3 4814 5972 5949
3 5025 5873 2788
3 2796 2802 694
3 3565 5909 4133
3 4457 5887 3230
3 4349 6677 2995
3 5233 6430 2348
3 3347 6509 4215
3 5803 5844 3941
3 91 701 696
3 6749 6797 3919
3 218 220 219
3 3336 6145 6099
3 179 5889 177
3 742 745 744
3 2207 5877 843
3 3717 6289 3718
3 274 5889 179
3 2037 6074 4910
3 2214 5847 804
3 822 5928 820
3 1322 5810 1389
3 4167 6126 3210
3 906 5929 905
3 842 6148 844
3 4821 5955 5941
3 100 6013 102
3 5214 6242 952
3 881 886 880
3 1014 6257 2710
3 3374 6040 6008
3 3718 6024 5490
3 5126 6659 2281
3 4152 6071 3810
3 5554 6223 5657
3 2714 6035 2253
3 1088 5824 998
3 4762 6432 4393
3 1889 6282 2177
3 3341 5979 3900
3 5949 5955 1819
3 5895 5956 4966
3 1626 5879 1628
3 2131 6038 3630
3 5407 5935 3795
3 1396 5902 384
3 2695 6045 5942
3 3366 5922 3364
3 236 5918 4329
3 4646 6354 4645
3 82 83 81
3 4821 5941 2308
3 2744 6356 706
3 4063 6752 6627
3 3913 5921 3911
3 5787 5954 2876
3 247 2158 244
3 4296 6114 4297
3 1459 6578 6398
3 4588 5956 5895
3 3901 6036 3252
3 5778 6030 3402
3 1259 6086 5001
3 3596 6101 4313
3 223 225 224
3 916 5859 884
3 4239 6801 1724
3 3908 6717 6714
3 5469 5916 2070
3 3766 5925 3769
3 5432 6109 5431
3 2175 5897 1839
3 5856 6230 5321
3 290 2603 288
3 4854 6030 5778
3 730 5863 727
3 4211 5953 3514
3 4827 5924 4826
3 3336 6099 4873
3 804 5847 806
3 5566 5888 2825
3 2785 5801 2787
3 2652 6144 2653
3 1883 6070 1968
3 4810 6010 2758
3 2393 5978 2233
3 4421 5977 762
3 404 407 406
3 254 256 255
3 5581 5860 5800
3 3919 6797 4304
3 3883 6549 5439
3 6562 6582 5847
3 3371 6781 5204
3 2923 6028 2922
3 260 6650 4246
3 995 6214 314
3 2290 6093 801
3 5030 6007 2124
3 4783 6195 4785
3 61 660 63
3 2788 5801 2785
3 5682 5865 3245
3 5749 6239 564
3 1886 5936 2475
3 3499 5932 5142
3 1819 5955 4821
3 5646 6639 2157
3 4304 6225 3655
3 3754 5933 3755
3 233 235 234
3 5916 5987 5082
3 4661 6588 6457
3 820 5928 2243
3 940 6130 4660
3 2621 5963 5903
3 6350 6764 2208
3 904 905 903
3 4137 6097 3734
3 442 5910 440
3 5937 5945 1617
3 5569 5943 4323
3 400 4661 399
3 3518 6135 4040
3 5987 6055 5083
3 3103 6245 3102
3 4749 6388 6307
3 887 895 886
3 2621 5903 5559
3 216 218 217
3 3382 6171 3383
3 2811 6140 3688
3 3212 6756 4462
3 2456 5930 5899
3 4322 5947 4324
3 4680 6238 2770
3 4172 6651 6255
3 181 5939 274
3 5901 6026 4275
3 5173 5937 3324
3 2821 5861 4542
3 5845 5923 1750
3 3873 5949 3802
3 32 1186 34
3 2947 6075 5386
3 3880 6745 4557
3 1441 5771 2190
3 5043 6265 3465
3 6276 6783 3078
3 295 6656 298
3 3287 5994 5795
3 2894 5942 5871
3 2151 6573 4088
3 224 1700 221
3 3932 6752 4063
3 1012 5934 171
3 3477 6193 4358
3 6127 6732 3991
3 2544 5967 4465
3 3211 5940 2803
3 5409 6733 4469
3 2004 6524 4765
3 3800 5950 3677
3 5800 5860 3761
3 5903 5963 3789
3 5840 5960 1746
3 192 6221 194
3 6636 6700 3376
3 3359 5984 3505
3 5452 5920 2220
3 2930 6146 5416
3 4478 6585 4018
3 2456 5899 5594
3 5583 6109 3521
3 3734 6097 4708
3 4021 5962 3334
3 1696 6127 2929
3 2258 6355 2321
3 4303 6806 1452
3 4808 6065 4123
3 5147 5993 3377
3 4590 5956 4588
3 5664 6511 2693
3 380 5919 379
3 6050 6067 4276
3 882 5928 822
3 4724 5950 2244
3 3800 5972 5950
3 757 6053 2146
3 4361 6554 4362
3 900 901 898
3 5308 5946 896
3 2220 5886 5862
3 741 5812 739
3 4035 6177 4425
3 6070 6155 3843
3 5936 6328 3931
3 197 203 195
3 3802 5972 3800
3 233 1977 235
3 441 444 443
3 1968 6070 5553
3 4010 6521 6115
3 80 81 79
3 450 1456 448
3 5509 6156 3771
3 1633 5957 1634
3 2151 6139 654
3 537 6048 2196
3 2572 5915 5558
3 2265 5900 2263
3 4332 6153 4335
3 2196 6048 5509
3 64 704 62
3 5290 5864 5647
3 2245 5957 1636
3 4258 5999 4257
3 220 223 221
3 76 77 75
3 1588 5816 1559
3 3590 5945 5173
3 1617 5945 5030
3 1746 5960 4522
3 1975 6589 5629
3 378 380 379
3 5950 5972 2244
3 78 79 77
3 6128 6350 2159
3 43 302 41
3 253 1051 251
3 5945 6007 5030
3 3590 6007 5945
3 3608 5958 3833
3 2237 5942 2894
3 3731 5891 5756
3 5793 5871 3329
3 808 5805 810
3 431 432 429
3 5957 6005 4333
3 5756 5891 2726
3 3401 6164 5369
3 3973 6591 4567
3 3995 6772 5005
3 2762 6027 2760
3 483 6321 546
3 216 217 214
3 490 5975 492
3 384 385 380
3 5533 6806 4303
3 4801 6795 6349
3 5814 6111 1632
3 3778 6218 4435
3 1870 6012 5909
3 1839 5897 1837
3 2987 6152 2919
3 3496 5998 4648
3 3365 5965 3367
3 3571 5974 5303
3 2544 6092 5967
3 1321 6054 4739
3 3895 6096 747
3 3761 5961 3760
3 5278 6293 3495
3 5798 5962 3047
3 4276 6067 4277
3 5647 5864 3035
3 3537 6187 5201
3 5817 6086 5880
3 4586 5895 5885
3 5885 5895 3299
3 3893 6766 3362
3 372 2341 371
3 1619 5964 1612
3 3480 6347 3479
3 566 5980 569
3 5083 6055 5086
3 464 694 462
3 6068 6523 4328
3 3792 6192 2996
3 866 5905 863
3 4093 6102 4094
3 256 258 257
3 3806 6343 6313
3 5173 5945 5937
3 3196 5861 2821
3 2868 6050 5714
3 5236 6358 2334
3 4230 6667 5614
3 5788 5937 1617
3 39 2670 37
3 3789 5963 4816
3 5797 6117 2169
3 3833 6211 3606
3 4524 6002 3517
3 2244 5972 4814
3 4097 6015 5743
3 4690 5954 4689
3 3672 6213 4076
3 4032 6213 3670
3 3081 6233 4271
3 4191 6773 1204
3 96 6080 98
3 1535 6116 1533
3 5873 5943 2788
3 4858 6571 5854
3 3631 5995 3325
3 3205 5971 2969
3 5501 5951 3746
3 2293 6320 1653
3 1429 6260 2114
3 3402 5938 29
3 5959 6536 4056
3 402 404 403
3 4216 6565 6340
3 1144 6181 2153
3 4250 6220 3543
3 1431 6003 1048
3 2850 5989 2849
3 3433 6178 3094
3 4592 6001 4589
3 3436 6040 3374
3 277 5869 5868
3 5684 5974 3571
3 5433 6766 3893
3 4461 6379 6292
3 3934 6780 5865
3 4417 6611 1915
3 1688 6762 4424
3 3664 6757 4927
3 2731 6253 2165
3 58 1567 56
3 3461 6231 4221
3 4141 6764 6350
3 4324 5983 4551
3 4290 6231 3463
3 5963 6054 4816
3 1561 6205 1961
3 464 2796 694
3 2273 6194 2254
3 4094 6424 4768
3 1983 6385 1102
3 3946 6161 3945
3 751 753 752
3 22 360 20
3 366 368 367
3 2029 6208 2596
3 5947 5983 4324
3 3860 6237 4832
3 1992 6018 431
3 5362 6183 1254
3 3546 6059 5236
3 5873 5947 4322
3 6045 6108 3817
3 3603 6084 458
3 577 6019 579
3 6025 6361 3964
3 5687 6103 3996
3 5834 6247 2411
3 2401 6008 4874
3 4896 6383 4969
3 424 6190 477
3 3059 5986 2978
3 745 5976 3444
3 3541 6220 4144
3 4395 6808 1983
3 902 903 901
3 1960 6416 6185
3 5431 6109 3503
3 4739 6054 5963
3 1456 6343 6229
3 183 5939 181
3 5003 6236 4903
3 3526 6351 6235
3 1671 5990 2322
3 2737 6232 4731
3 2253 6035 2251
3 3716 5845 5265
3 2247 6005 2245
3 3746 6152 3747
3 5942 6045 5184
3 6522 6636 4907
3 3339 6284 4200
3 3113 6207 3082
3 5747 6348 1203
3 4267 6482 330
3 3078 6328 1882
3 51 52 50
3 5493 5903 5878
3 4254 6283 3554
3 5910 6222 4189
3 4041 6122 4249
3 1622 5985 4269
3 4038 6773 4191
3 5218 5996 3736
3 3906 6532 5165
3 4402 6200 230
3 5613 6107 5345
3 4348 6279 3253
3 3333 6296 4960
3 1469 6386 4401
3 4800 6800 3947
3 3909 6714 6687
3 4758 6342 2627
3 5667 6717 3908
3 3368 5994 3287
3 5469 5987 5916
3 4347 6133 4346
3 754 6053 757
3 4147 6251 4308
3 1722 6508 4945
3 4596 6310 3218
3 1206 6537 5688
3 5211 6410 2313
3 2984 6612 2136
3 3795 6137 3474
3 2515 6300 3019
3 3395 6577 6475
3 3060 6339 4982
3 4714 6351 3886
3 386 388 387
3 5663 6459 542
3 388 389 387
3 611 6139 4520
3 4192 6600 4191
3 3838 6261 3840
3 398 400 399
3 4425 6310 4596
3 3645 6007 3590
3 460 6006 3603
3 3322 6234 3445
3 3487 6284 3065
3 3545 6298 4250
3 4492 6272 3816
3 3080 5602 2689
3 3908 6714 3909
3 2627 6342 2626
3 4215 6009 2304
3 2725 6203 3428
3 2647 6370 2717
3 6058 6558 5551
3 3252 6036 4403
3 6266 6439 4417
3 5266 6448 376
3 1893 6319 1891
3 2272 6169 2261
3 4651 6176 4668
3 1167 5987 5469
3 1011 6034 5661
3 4574 6409 1090
3 227 228 226
3 4177 6485 6385
3 68 2224 66
3 388 390 389
3 5886 5920 3915
3 6666 6687 5495
3 2259 6169 2266
3 1837 5897 4707
3 3350 6026 5901
3 4011 5948 4057
3 5330 6014 4368
3 5294 6296 3333
3 5976 6076 3444
3 246 5970 248
3 5878 5903 3789
3 1961 6260 1437
3 5025 5947 5873
3 1742 5952 414
3 2471 6166 2287
3 3855 6506 3798
3 905 5929 2131
3 4890 6107 5613
3 4158 6274 3576
3 2568 6011 2824
3 3175 6669 4557
3 4105 6275 3513
3 3511 6275 4290
3 4816 6054 3436
3 4601 6390 4602
3 2308 5941 5921
3 2273 6622 4208
3 5858 6129 3491
3 5921 5941 3911
3 481 6044 479
3 3088 6228 3764
3 226 6356 5427
3 1786 6306 2072
3 3553 6283 3819
3 1148 6246 1146
3 6123 6305 3889
3 4727 6209 6154
3 5475 6383 2282
3 1572 6273 1773
3 1613 6016 1659
3 2220 5920 5886
3 250 252 251
3 4008 6561 4947
3 5722 6020 3331
3 4945 6613 1722
3 5400 6765 4205
3 449 450 448
3 2301 6158 2407
3 4874 6040 1321
3 5490 6024 5491
3 5378 6000 345
3 5165 6532 2216
3 2626 6233 2628
3 3869 6538 5967
3 433 434 432
3 2435 6013 100
3 458 6084 457
3 190 6032 192
3 392 5880 390
3 6038 6392 4134
3 4082 6322 3724
3 5966 6197 4608
3 2788 5943 5801
3 2204 6321 485
3 426 5904 428
3 901 6021 5308
3 1167 6055 5987
3 3438 6023 3437
3 5247 6026 3350
3 4187 6068 4327
3 4266 6344 3550
3 410 6112 802
3 2665 6030 4854
3 6075 6184 5680
3 230 233 232
3 57 2278 59
3 5048 6280 3468
3 5668 5979 3341
3 2793 6374 3643
3 3507 6228 2871
3 256 1475 258
3 3821 6473 3822
3 695 5944 5857
3 2758 6010 5642
3 5345 6107 659
3 3625 6029 3627
3 5644 6230 5643
3 5411 6025 3205
3 5184 6045 3379
3 4126 6263 4125
3 1570 6226 2141
3 5896 6445 2935
3 5136 6330 5137
3 5984 6113 3505
3 3808 6073 6022
3 218 219 217
3 4508 6744 3426
3 740 5976 742
3 3676 6396 4127
3 5086 6125 5088
3 4364 6298 3763
3 3808 6008 2401
3 1533 6116 1770
3 4517 6032 4514
3 5326 6352 5325
3 384 386 385
3 4298 6333 2965
3 398 399 396
3 386 387 385
3 3981 6371 5222
3 68 5966 2224
3 5150 6145 3336
3 389 6086 1259
3 136 6173 2071
3 5203 6273 1455
3 102 6013 669
3 6055 6125 5086
3 146 5988 2309
3 2463 6363 3220
3 876 6418 873
3 802 6112 2214
3 4558 6633 271
3 4969 6493 4896
3 61 6042 660
3 291 293 292
3 1009 6034 1011
3 1904 6367 2445
3 4730 6530 1327
3 833 6336 1189
3 4944 6508 2219
3 2531 6202 2328
3 3411 6037 1907
3 2841 6060 983
3 6364 6603 4579
3 742 5976 745
3 1361 6021 903
3 1636 5957 1633
3 2114 6309 1427
3 4247 6149 4494
3 48 6142 5997
3 2216 6336 835
3 1177 5991 421
3 1999 6033 129
3 5063 6721 4071
3 487 6464 2204
3 3835 6342 4758
3 5061 6051 5060
3 248 250 249
3 2124 6043 4838
3 436 3642 438
3 1021 6034 1009
3 225 226 224
3 4046 6340 4045
3 5368 6304 3247
3 3527 6329 3504
3 5699 6015 3249
3 4923 6100 2459
3 4732 6742 1381
3 4422 6234 1610
3 2468 6041 4817
3 3358 6332 5306
3 3227 6361 5281
3 929 6060 931
3 694 6006 462
3 3515 6346 3868
3 4275 6050 4276
3 5451 6309 4105
3 29 5938 25
3 5124 6655 6493
3 3449 6376 3029
3 2825 6323 3567
3 6020 6183 3694
3 3568 6345 3733
3 4801 6349 3702
3 3714 6046 3713
3 1638 6111 2238
3 4754 6353 2535
3 88 89 87
3 4164 6248 4619
3 3483 6347 4268
3 3855 6215 5904
3 5860 5961 3761
3 413 6403 3586
3 6194 6355 2256
3 4609 6699 1589
3 5422 6039 2027
3 90 91 89
3 5330 6131 6014
3 1563 6320 1687
3 5643 6230 3707
3 295 298 297
3 3488 6053 753
3 2759 6022 3796
3 4933 6532 4932
3 5201 6064 3529
3 4125 6216 2012
3 5341 6055 1167
3 2999 6121 2722
3 2771 6081 217
3 4161 6738 4844
3 518 6078 519
3 4907 6636 3376
3 4414 6746 2687
3 6243 6452 3762
3 6021 6188 5308
3 2988 6382 2997
3 655 6464 489
3 5794 6266 6004
3 3008 6268 4441
3 3775 6362 3777
3 5506 6612 2984
3 4157 6073 3142
3 6204 6217 2649
3 462 6006 460
3 3924 6062 3928
3 223 224 221
3 596 6481 1350
3 748 6096 751
3 2177 6261 6155
3 550 6644 497
3 5855 6043 3645
3 148 5988 146
3 2154 6305 469
3 5166 6779 6497
3 2252 6738 2273
3 6008 6027 3374
3 1107 6352 5349
3 2226 6473 5811
3 99 6150 97
3 6047 6094 5273
3 1360 6295 4695
3 4895 6383 4896
3 2851 6291 5305
3 5897 6163 4707
3 923 6297 4453
3 50 6142 48
3 246 248 247
3 3810 6071 3809
3 4414 6740 2325
3 4844 6738 2249
3 1254 6020 5722
3 535 6048 537
3 2453 6102 2419
3 241 243 242
3 3493 6058 3494
3 4731 6092 2544
3 4756 6066 3487
3 1301 6559 5552
3 1799 6069 1801
3 5026 6372 2219
3 4076 6396 3674
3 2965 6333 5002
3 1918 6057 1780
3 5241 6404 3641
3 3150 6310 3152
3 5420 6334 5419
3 91 696 89
3 3755 6174 4535
3 126 6124 124
3 2724 6756 3212
3 1034 6667 1096
3 5527 6338 4913
3 3043 6072 3351
3 2912 6397 3805
3 4829 6572 3745
3 3842 6049 3968
3 394 396 395
3 2243 6004 5818
3 1359 6172 33
3 3146 6256 5623
3 4898 6447 3747
3 302 6061 41
3 3432 6348 3486
3 3403 6052 3404
3 4357 6594 545
3 2071 6369 134
3 5090 6082 5095
3 6351 6405 3886
3 39 6061 2670
3 2364 6365 191
3 3015 6405 3016
3 5790 6160 3113
3 4504 6519 4508
3 3691 6466 5830
3 394 395 392
3 2995 6677 2870
3 3532 6017 3533
3 2278 6042 59
3 6057 6751 1779
3 751 6096 2676
3 3599 6270 2956
3 753 6053 754
3 4984 6782 4336
3 3458 6324 4096
3 3347 6160 3739
3 4431 6520 2863
3 167 6063 236
3 81 6288 1393
3 4236 6077 3950
3 903 6021 901
3 1210 6385 5766
3 4319 6639 3466
3 3787 6634 4220
3 3444 6076 4349
3 2974 6398 3836
3 31 6172 3402
3 4018 6649 4478
3 708 6546 2744
3 3986 6580 6268
3 3051 6516 4399
3 848 6302 850
3 409 410 408
3 2922 6028 3405
3 4520 6589 1975
3 4148 6251 4147
3 3023 6087 3825
3 1885 6070 1883
3 6202 6728 3023
3 3656 6085 4709
3 5073 6502 4940
3 5623 6256 3811
3 198 6079 200
3 3857 6083 3826
3 2266 6318 2257
3 2919 6152 5951
3 4897 6447 4898
3 4023 6610 6456
3 3782 6421 3961
3 3486 6348 5747
3 4498 6080 1362
3 3902 6722 6334
3 5716 6324 333
3 67 1407 69
3 5661 6204 2649
3 3890 6433 4025
3 4071 6710 5063
3 2302 6303 3916
3 6348 6449 1203
3 3900 6428 2743
3 4155 6201 5858
3 1459 6398 1725
3 84 85 83
3 338 6170 5836
3 4255 6805 719
3 2297 6550 493
3 1984 6091 1537
3 421 5991 419
3 5552 6559 4634
3 4674 6538 1099
3 1090 6409 626
3 4220 6681 3787
3 2934 6444 3349
3 6026 6050 4275
3 2990 6672 3784
3 4100 6089 4099
3 4225 6726 4230
3 495 6644 2297
3 5433 6372 5564
3 4707 6163 2034
3 3878 6439 3045
3 3474 6137 3472
3 4096 6324 5716
3 501 6721 5063
3 1977 6200 4553
3 4729 6530 4730
3 1337 6437 1675
3 4063 6530 5024
3 269 6124 5713
3 3051 6491 2644
3 5273 6094 2930
3 3921 6402 4364
3 5909 6012 4133
3 3696 6435 2176
3 3841 6503 3998
3 3867 6475 5010
3 983 6060 929
3 327 6387 6052
3 3104 6453 2736
3 4610 6100 3767
3 3839 6401 3837
3 2638 6435 3633
3 5269 6643 3010
3 3896 6484 6150
3 547 6715 509
3 278 6212 272
3 4244 6513 6288
3 938 6132 5529
3 2893 6698 4159
3 5569 6047 5943
3 3505 6113 4924
3 4891 6107 4890
3 6410 6631 4138
3 5859 6075 3369
3 4362 6417 4363
3 3015 6455 6405
3 801 6093 408
3 2596 6615 5078
3 220 221 219
3 2226 6489 299
3 3893 6372 5433
3 5066 6067 2868
3 5952 6744 4508
3 404 406 403
3 982 6721 503
3 289 291 290
3 4469 6733 4468
3 1452 6806 1326
3 1771 6705 6539
3 5364 6095 4273
3 5272 6691 1675
3 5778 6327 4856
3 406 6093 3640
3 5316 6449 3742
3 4968 6493 4969
3 5801 6047 5273
3 3573 6115 3572
3 6 6131 5330
3 5341 6125 6055
3 3865 6198 5150
3 491 6550 655
3 2108 6105 2106
3 1970 6706 534
3 4256 6802 2931
3 2229 6445 2828
3 1885 6155 6070
3 4208 6622 3211
3 3402 6172 5778
3 456 6084 2390
3 5124 6493 2534
3 3770 6104 3768
3 5348 6098 2187
3 407 408 406
3 5245 6108 2695
3 2066 6412 5255
3 3520 6101 4407
3 5943 6047 5801
3 358 6378 1413
3 124 6124 269
3 3535 6017 3532
3 3395 6475 3396
3 3399 6475 3867
3 6029 6177 3627
3 2169 6117 2167
3 468 6403 415
3 252 253 251
3 241 242 239
3 3238 6471 3650
3 4203 6235 5752
3 290 6149 2603
3 3888 6445 5896
3 2670 6090 37
3 2245 6005 5957
3 1352 6127 1696
3 3723 6510 1257
3 4291 6792 3812
3 3747 6447 2939
3 3803 6247 5834
3 3243 6492 2833
3 4957 6326 282
3 505 6719 982
3 3110 6802 4151
3 3955 6416 3954
3 3753 6119 5120
3 1362 6080 96
3 1004 6408 420
3 4168 6718 1993
3 4023 6456 5403
3 3431 6509 2994
3 4249 6122 5806
3 2333 6555 2147
3 2177 6282 6049
3 4542 6110 5507
3 6137 6210 3472
3 3882 6643 5269
3 263 265 261
3 1813 6465 1810
3 3450 6507 3338
3 217 6081 214
3 4503 6118 452
3 297 6175 300
3 4912 6502 4911
3 4127 6504 3799
3 4894 6140 2811
3 6115 6521 2008
3 5127 6633 4558
3 1675 6691 5327
3 5914 6701 6083
3 1810 6465 5312
3 3210 6126 3401
3 2954 6599 1900
3 982 6719 5440
3 3304 6460 3303
3 2153 6125 5341
3 3455 6192 6186
3 189 6365 695
3 4698 6184 2947
3 5791 6303 2302
3 3586 6112 411
3 3764 6454 3090
3 243 246 244
3 3660 6426 3944
3 4253 6518 3975
3 2649 6217 5810
3 5152 6132 938
3 523 6521 521
3 3105 6524 5326
3 4754 6472 3343
3 3759 6299 5654
3 3876 6499 4234
3 86 87 85
3 4112 6143 4355
3 2717 6471 5295
3 1632 6111 1635
3 3974 6796 4207
3 1340 6154 4632
3 3319 6729 6526
3 3770 6134 6104
3 4509 6519 4505
3 5575 6257 238
3 5528 6757 3664
3 2234 6534 5179
3 5574 6206 5575
3 3894 6592 5400
3 722 6750 1914
3 3637 6128 3452
3 1991 6559 1303
3 1635 6111 1638
3 233 6200 1977
3 5929 6038 2131
3 3864 6370 2959
3 447 448 446
3 4628 6136 4983
3 1448 6762 1688
3 5881 6151 2210
3 408 6093 406
3 3970 6786 5194
3 3937 6734 5440
3 74 272 72
3 3801 6504 4129
3 4603 6739 4476
3 6238 6480 2770
3 3503 6109 5583
3 70 5966 68
3 2334 6358 574
3 5495 6687 4877
3 4695 6711 2290
3 3849 6379 4460
3 2348 6124 126
3 3369 6075 5680
3 2695 6108 6045
3 747 6096 748
3 1049 6527 508
3 6033 6137 3795
3 3174 6410 3173
3 5952 6653 416
3 714 6761 4556
3 3057 6569 3749
3 1720 6508 1722
3 5440 6734 982
3 331 6773 4038
3 1770 6116 5958
3 6107 6317 659
3 3874 6606 4223
3 250 251 249
3 5309 6130 4171
3 4031 6630 3881
3 4881 6574 5854
3 795 6434 473
3 4092 6422 4091
3 2957 6534 2232
3 5100 6544 2913
3 1425 6309 5451
3 35 6090 1359
3 4202 6683 3879
3 5400 6592 1049
3 5752 6235 2613
3 3491 6129 4537
3 4071 6734 3935
3 3694 6183 3469
3 5169 6262 5170
3 6091 6211 3833
3 2748 6103 5687
3 5010 6418 3867
3 3481 6600 3480
3 1785 6746 2325
3 2153 6181 6082
3 1324 6546 710
3 3884 6620 3992
3 5770 6341 5771
3 4634 6621 3870
3 3820 6459 5663
3 1327 6627 1276
3 3772 6134 3770
3 3435 6138 3140
3 3564 6642 3561
3 2687 6746 1901
3 3772 6167 6134
3 1887 6155 1885
3 1810 6731 1808
3 4340 6694 4339
3 1016 6761 716
3 3888 6665 2712
3 868 6661 828
3 6203 6432 4762
3 2002 6680 2735
3 4223 6688 3910
3 3945 6161 5254
3 411 6112 410
3 1722 6613 2195
3 2847 6516 3051
3 287 289 288
3 5312 6731 1810
3 4463 6250 152
3 5932 6413 5597
3 5880 6086 390
3 117 6292 119
3 4237 6774 918
3 510 6527 2139
3 3880 6669 5318
3 572 6358 605
3 5059 6775 5183
3 654 6139 611
3 1751 6576 5163
3 4785 6598 5258
3 3914 6710 4071
3 6080 6249 2435
3 4477 6133 2640
3 2633 6553 1355
3 800 6573 2151
3 4556 6761 4074
3 2537 6690 2866
3 2653 6144 3450
3 3356 6678 3021
3 3922 6477 3375
3 5386 6075 5859
3 1724 6801 1464
3 5005 6772 2420
3 2453 6556 4341
3 3982 6778 3981
3 3251 6454 4031
3 2322 6680 1899
3 5168 6673 5169
3 872 6418 5010
3 5217 6394 5697
3 2306 6491 2452
3 3930 6660 3929
3 2334 6608 5236
3 2187 6098 6076
3 3490 6267 3488
3 4638 6199 2528
3 4129 6606 3872
3 506 6765 1049
3 248 249 247
3 3806 6313 2652
3 239 6380 237
3 2407 6158 2995
3 3585 6157 3482
3 4333 6153 4332
3 3575 6442 3191
3 4494 6609 672
3 1969 6131 8
3 666 6799 5830
3 3653 6663 3273
3 3193 6727 3852
3 6210 6254 3441
3 3786 6415 3002
3 5416 6146 3828
3 132 6369 679
3 5439 6549 3456
3 5412 6520 3696
3 993 6165 840
3 3525 6389 5596
3 5571 6760 4370
3 465 6123 464
3 3868 6165 5922
3 1049 6765 5400
3 336 6170 338
3 774 6651 940
3 2686 6682 2402
3 1412 6462 1606
3 4201 6625 3887
3 6349 6795 3227
3 2961 6669 3175
3 4619 6248 2632
3 3771 6156 3773
3 5614 6667 1031
3 6273 6458 4288
3 6131 6289 6014
3 933 6573 910
3 6163 6224 2034
3 4202 6674 3899
3 2714 6318 4984
3 679 6419 130
3 532 6706 4435
3 844 6148 1044
3 3457 6794 3790
3 4033 6560 4446
3 2425 6288 83
3 2150 6657 5482
3 4498 6249 6080
3 6164 6182 2482
3 4200 6539 3850
3 128 6419 2348
3 2108 6253 6105
3 669 6168 105
3 1999 6210 6137
3 1258 6806 5533
3 210 6359 1415
3 450 6118 1456
3 59 6042 61
3 41 6061 39
3 325 6525 1204
3 5043 6724 6265
3 5581 6660 3930
3 3977 6646 3382
3 2254 6194 2256
3 2948 6259 4519
3 630 6707 790
3 214 6081 212
3 3774 6167 3772
3 4555 6455 3015
3 2999 6335 6121
3 4134 6392 3728
3 6128 6222 3452
3 2141 6306 1707
3 3383 6171 3983
3 285 287 286
3 3904 6679 4012
3 202 6614 205
3 5505 6547 5323
3 4291 6788 1606
3 1478 6161 5519
3 3472 6210 3441
3 5372 6537 3648
3 3790 6684 3237
3 3648 6537 5435
3 1204 6773 328
3 5060 6775 5059
3 3808 6027 6008
3 298 6175 297
3 2749 6694 3703
3 4827 6337 5924
3 3001 6415 5773
3 2462 6696 4212
3 5369 6164 2482
3 418 6653 1004
3 4614 6751 6057
3 5297 6406 4317
3 717 6438 719
3 3425 6151 5881
3 438 6399 2963
3 3312 6529 5641
3 5002 6333 6144
3 3161 6512 3466
3 1758 6599 3879
3 3823 6670 3108
3 1381 6742 6066
3 2088 6692 5076
3 3031 6166 2471
3 4905 6225 2225
3 2666 6227 5066
3 4703 6789 1996
3 4713 6733 1687
3 3954 6563 3979
3 3094 6178 3818
3 1388 6212 278
3 1508 6395 1507
3 2255 6318 2714
3 4427 6807 2433
3 2482 6182 2478
3 207 6676 1041
3 2261 6169 2259
3 2364 6618 5432
3 3627 6177 4035
3 2863 6520 2862
3 5362 6443 6183
3 2328 6202 2658
3 2158 6159 244
3 2627 6294 4758
3 5830 6466 2117
3 3853 6586 4007
3 5889 6120 2548
3 5830 6799 4092
3 3856 6758 5641
3 6398 6578 4271
3 314 6214 316
3 4341 6753 2453
3 4897 6641 6447
3 5707 6419 679
3 6269 6373 5577
3 1665 6191 1646
3 702 6180 696
3 6331 6360 3492
3 3809 6193 3477
3 1146 6181 1144
3 6152 6281 3747
3 4339 6694 3014
3 5092 6325 5094
3 3499 6413 5932
3 5817 6286 3449
3 8 6131 6
3 6022 6073 3796
3 672 6609 294
3 4784 6195 4783
3 3745 6572 6039
3 2996 6192 3455
3 5633 6185 3958
3 2333 6675 4299
3 3791 6515 5048
3 5450 6176 4651
3 280 6326 1388
3 4085 6789 3599
3 478 6602 795
3 6350 6568 4141
3 5119 6463 2051
3 54 6142 50
3 243 244 242
3 6156 6239 3773
3 4336 6782 6135
3 5958 6116 3833
3 3363 6411 5988
3 3749 6487 5388
3 2828 6256 3146
3 918 6774 264
3 3539 6187 3537
3 5095 6325 5092
3 6051 6467 5060
3 390 6086 389
3 2727 6203 2725
3 2072 6367 1902
3 4891 6317 6107
3 2468 6364 6041
3 559 6185 551
3 5918 6299 3759
3 4698 6271 6184
3 2207 6345 5877
3 5877 6345 4186
3 6154 6209 3828
3 3827 6209 6206
3 5896 6665 3888
3 292 6149 290
3 5904 6215 428
3 3523 6204 5148
3 3655 6225 3654
3 2477 6208 2029
3 3774 6219 6167
3 466 6123 465
3 4362 6463 6417
3 3779 6218 3778
3 1734 6205 1561
3 3828 6209 3827
3 107 6168 5728
3 246 247 244
3 1980 6193 5034
3 2034 6224 5338
3 193 6618 2364
3 2154 6433 6305
3 6049 6282 3968
3 3606 6211 3604
3 5934 6778 3982
3 3504 6217 3523
3 4507 6238 4510
3 3670 6213 3672
3 6433 6533 4025
3 3082 6207 3844
3 138 6173 136
3 5680 6184 4449
3 3739 6160 5790
3 5892 6747 4997
3 6355 6456 2321
3 5170 6262 5172
3 6009 6509 3431
3 3171 6242 5214
3 3728 6476 3869
3 3102 6271 4698
3 6053 6267 2146
3 4749 6307 3485
3 6200 6517 4553
3 4359 6798 3267
3 6325 6377 5094
3 3441 6254 5190
3 3543 6220 3541
3 3165 6638 5632
3 1432 6624 5003
3 4277 6227 4279
3 3452 6222 3337
3 466 6305 6123
3 6535 6634 5589
3 4903 6236 3720
3 3319 6526 5638
3 1177 6567 6477
3 3776 6219 3774
3 6078 6481 519
3 194 6221 1006
3 10 6427 1969
3 2628 6233 3081
3 3755 6279 6174
3 5503 6254 6210
3 5204 6232 2737
3 3523 6217 6204
3 3427 6223 5408
3 3868 6346 6148
3 6180 6308 696
3 3349 6303 4110
3 3861 6259 6188
3 4181 6429 4237
3 2293 6679 6320
3 1509 6226 1570
3 3463 6231 3461
3 1407 6201 69
3 4508 6653 5952
3 770 6255 772
3 5503 6210 1999
3 2425 6583 4243
3 4402 6517 6200
3 5908 6243 3544
3 37 6090 35
3 3722 6720 4351
3 3848 6631 4238
3 3901 6697 4309
3 5995 6494 3325
3 4025 6533 4213
3 1408 6551 14
3 2276 6388 4796
3 1726 6426 5990
3 6663 6741 3272
3 4136 6409 4574
3 2381 6223 5554
3 5922 6165 993
3 4531 6741 6663
3 3762 6452 3920
3 2871 6228 3088
3 6497 6779 4809
3 3321 6501 6130
3 285 286 284
3 283 285 284
3 3773 6239 3775
3 551 6185 5633
3 3827 6206 5574
3 6184 6271 4449
3 2997 6640 3178
3 6185 6416 3958
3 3011 6590 2826
3 3776 6244 6219
3 5201 6395 6064
3 2190 6566 4804
3 272 6197 72
3 17 6542 2461
3 296 6489 672
3 5224 6581 6028
3 3061 6420 4733
3 1984 6290 6211
3 5166 6497 5631
3 2685 6406 5297
3 3485 6245 3103
3 4432 6366 3592
3 4500 6249 4498
3 4510 6238 4806
3 2548 6662 5686
3 5991 6477 3922
3 4100 6632 6089
3 5324 6635 5598
3 105 6168 107
3 3805 6247 3803
3 4116 6244 3776
3 3859 6237 3860
3 464 6123 2796
3 4130 6592 3989
3 6224 6269 5338
3 2165 6253 2108
3 446 6229 4669
3 4053 6604 4052
3 2913 6544 6062
3 6313 6343 3378
3 316 6278 318
3 422 6190 424
3 1173 6246 1148
3 5445 6243 668
3 230 6200 233
3 434 6350 2208
3 3811 6256 3888
3 5540 6234 3322
3 2325 6740 6725
3 6607 6796 3976
3 4845 6360 6331
3 6596 6760 3189
3 6211 6290 3604
3 4446 6560 6218
3 4392 6777 3790
3 4435 6706 4254
3 5951 6152 3746
3 5936 6660 2475
3 3815 6373 6269
3 53 6241 52
3 5946 6188 2948
3 144 6478 142
3 3046 6266 5794
3 4410 6189 1431
3 4317 6406 5927
3 3376 6700 5049
3 417 6490 468
3 5207 6702 4802
3 244 6159 242
3 5066 6227 6067
3 6067 6227 4277
3 4806 6238 4680
3 6155 6261 3843
3 3171 6264 6242
3 6013 6272 669
3 1456 6118 5665
3 1999 6137 6033
3 3986 6268 3008
3 1437 6260 1429
3 6214 6278 316
3 659 6317 5475
3 5898 6269 5577
3 6459 6784 4706
3 5190 6331 3492
3 1456 6229 448
3 3404 6277 5115
3 238 6257 240
3 5094 6377 5097
3 2714 6153 6035
3 3686 6781 4662
3 5611 6683 3049
3 4069 6264 3171
3 281 283 282
3 3843 6261 3838
3 240 6257 1014
3 4328 6297 923
3 16 6785 1408
3 452 6118 450
3 5002 6313 3378
3 2613 6235 5599
3 3763 6298 3545
3 6138 6510 3723
3 4914 6648 4784
3 4617 6276 3078
3 2208 6764 5480
3 291 292 290
3 199 6495 197
3 5471 6448 5266
3 4797 6450 4137
3 6092 6678 3356
3 33 6172 31
3 4109 6612 5506
3 5137 6290 1984
3 279 281 280
3 6199 6296 2528
3 1180 6542 15
3 4758 6713 3963
3 4949 6359 6081
3 6195 6615 2596
3 4430 6643 3633
3 672 6489 5429
3 2325 6725 5207
3 3749 6569 6126
3 4064 6629 4270
3 4440 6400 3635
3 2390 6381 3892
3 4449 6271 4450
3 2676 6735 3489
3 119 6292 1994
3 3862 6259 3861
3 4620 6286 395
3 5207 6725 6702
3 303 6254 5503
3 1177 6477 5991
3 3819 6784 6459
3 3751 6297 3752
3 6236 6314 3720
3 1914 6750 6251
3 4294 6807 4427
3 3603 6381 6084
3 3576 6274 3575
3 3513 6275 3511
3 279 280 278
3 1455 6273 1572
3 2956 6270 3993
3 4579 6603 4581
3 5891 6498 3794
3 4645 6354 2205
3 5750 6584 2300
3 5308 6188 5946
3 4052 6704 4054
3 3983 6654 3982
3 3253 6279 5933
3 3816 6272 3864
3 56 6431 54
3 6083 6701 3826
3 3554 6283 3553
3 4151 6802 6300
3 2461 6542 5892
3 1891 6282 1889
3 2452 6349 3227
3 6035 6153 4333
3 3065 6284 3339
3 47 6422 49
3 2205 6304 5368
3 6235 6351 5599
3 83 6288 81
3 5236 6608 5235
3 422 6408 6190
3 3698 6771 5663
3 2528 6296 5294
3 5381 6500 2550
3 3783 6335 2999
3 3604 6290 3460
3 3707 6230 5856
3 5944 6265 5857
3 5663 6771 5809
3 3488 6267 6053
3 4024 6696 6610
3 5192 6291 2851
3 1523 6666 5495
3 3468 6280 4146
3 5924 6337 249
3 271 6633 6173
3 5971 6294 3547
3 6082 6181 5095
3 201 6637 199
3 289 290 288
3 6118 6451 5665
3 376 6448 5776
3 152 6250 5783
3 4602 6295 1360
3 3493 6558 6058
3 2280 6731 4981
3 1687 6733 5409
3 6087 6514 3825
3 5366 6394 1187
3 485 6321 483
3 428 6215 430
3 115 6545 117
3 344 6170 336
3 3218 6310 3150
3 4380 6793 5027
3 70 6197 5966
3 846 6496 848
3 4325 6312 4872
3 4295 6807 4294
3 4806 6506 477
3 3489 6735 5851
3 2707 6469 2529
3 4632 6154 6146
3 6024 6427 5491
3 4608 6311 4437
3 3019 6300 4256
3 6365 6754 695
3 668 6243 5908
3 1187 6394 5492
3 5480 6339 3060
3 6604 6704 4052
3 4047 6675 2900
3 6188 6259 2948
3 6462 6792 4291
3 1969 6427 6024
3 2274 6319 1893
3 4220 6634 894
3 4154 6728 6202
3 6132 6442 3575
3 6208 6598 4785
3 3720 6314 4157
3 5154 6501 3321
3 6479 6777 6432
3 1818 6585 4478
3 249 6337 247
3 333 6324 4179
3 2238 6417 4485
3 4969 6317 4891
3 236 6654 5918
3 1994 6379 6360
3 1882 6328 1884
3 2257 6318 2255
3 3597 6497 5455
3 399 6457 4620
3 6500 6543 2550
3 4363 6301 5286
3 6064 6395 1508
3 4758 6294 5971
3 1254 6183 6020
3 1653 6320 1563
3 835 6336 833
3 5810 6329 1508
3 6360 6379 3849
3 696 6308 89
3 5375 6596 3189
3 52 6241 55
3 112 6393 268
3 4856 6327 4858
3 5721 6531 3930
3 3852 6727 6240
3 287 288 286
3 6161 6540 5254
3 2256 6355 2258
3 1388 6326 5995
3 256 6285 1475
3 3831 6330 5136
3 2281 6659 2021
3 6252 6507 3450
3 1994 6360 4845
3 1742 6744 5952
3 469 6305 466
3 283 284 282
3 2275 6362 5749
3 4308 6750 724
3 6146 6154 3828
3 4329 6767 6407
3 2959 6370 2647
3 4503 6451 6118
3 5654 6299 2837
3 5602 6316 4411
3 4049 6316 5602
3 3998 6503 6302
3 448 6229 446
3 5631 6497 3597
3 6392 6476 3728
3 3220 6363 4927
3 1427 6309 1425
3 1431 6189 6003
3 1707 6306 1786
3 5857 6265 2230
3 6452 6626 3920
3 4216 6340 4046
3 4784 6648 6615
3 6368 6576 4210
3 3836 6342 3835
3 3829 6535 5589
3 3991 6732 3471
3 3900 6638 6428
3 5419 6334 1020
3 6475 6577 5010
3 3724 6322 3725
3 3930 6531 5860
3 6081 6359 212
3 395 6286 5880
3 4340 6424 4341
3 3247 6597 3824
3 1969 6289 6131
3 6025 6713 3205
3 3837 6346 3515
3 4141 6568 4064
3 1984 6211 6091
3 2987 6281 6152
3 1478 6540 6161
3 6294 6613 4945
3 228 6356 226
3 4845 6331 303
3 5338 6269 5898
3 2205 6354 6304
3 2866 6690 6314
3 6126 6569 3401
3 3922 6490 5991
3 5991 6490 419
3 2550 6543 5140
3 1173 6377 6325
3 281 282 280
3 58 6671 1567
3 4186 6345 3568
3 4998 6645 6577
3 1044 6496 846
3 5439 6736 3883
3 2313 6641 4897
3 5445 6452 6243
3 3643 6338 5527
3 3702 6349 4170
3 3479 6347 3483
3 6254 6331 5190
3 6074 6428 4910
3 6084 6381 2390
3 3654 6736 3177
3 3962 6808 4395
3 4110 6303 5791
3 5325 6352 1107
3 5864 6429 4181
3 706 6356 228
3 3966 6389 3967
3 5971 6713 4758
3 6416 6563 3954
3 4028 6759 3942
3 3636 6601 3952
3 3029 6376 3711
3 6018 6623 3642
3 2274 6357 6319
3 6183 6443 3469
3 2535 6353 3697
3 2933 6424 4340
3 3267 6798 5143
3 2513 6768 2515
3 247 6337 2158
3 6570 6616 3818
3 5758 6701 3659
3 69 6201 71
3 287 6414 289
3 3492 6360 3849
3 2159 6350 434
3 5222 6371 3830
3 4478 6649 2685
3 850 6302 994
3 4998 6577 3395
3 2995 6803 4349
3 6426 6776 3944
3 2282 6383 4895
3 4731 6678 6092
3 4725 6384 160
3 6004 6266 4418
3 5933 6279 3755
3 6234 6652 1610
3 4469 6540 5409
3 6427 6551 5491
3 142 6423 140
3 5033 6364 2468
3 203 6618 195
3 5850 6307 2276
3 3809 6528 6193
3 6193 6528 5034
3 4136 6707 6409
3 1902 6367 1904
3 3711 6588 4677
3 5599 6351 4714
3 5990 6426 3662
3 4981 6731 5312
3 5572 6348 3432
3 5281 6361 2164
3 4945 6508 4944
3 3891 6698 4070
3 3783 6470 6335
3 933 6558 4569
3 1408 6673 6551
3 3831 6391 6330
3 3558 6430 5233
3 2736 6458 5203
3 889 6315 5850
3 3272 6374 2793
3 6207 6587 3844
3 3750 6764 4141
3 2529 6469 2530
3 3867 6373 3815
3 5577 6373 876
3 4531 6386 1469
3 4507 6480 6238
3 5316 6637 6449
3 5255 6377 1173
3 3564 6523 6068
3 3353 6428 6074
3 303 6331 6254
3 6543 6617 5140
3 4462 6536 3212
3 381 6378 358
3 574 6358 572
3 6493 6655 4896
3 2461 6436 4635
3 6386 6663 3653
3 6381 6557 3892
3 6568 6629 4064
3 4068 6382 2988
3 330 6482 320
3 191 6365 189
3 4671 6751 4613
3 3857 6514 5868
3 4795 6420 3061
3 6456 6610 2321
3 2770 6480 5833
3 72 6197 70
3 3404 6387 6277
3 3793 6748 5884
3 3674 6396 3676
3 5888 6323 2825
3 6255 6651 772
3 5388 6391 3831
3 3998 6401 3839
3 2913 6397 2912
3 4613 6751 4614
3 4612 6446 3115
3 3633 6643 3882
3 3748 6448 5471
3 3648 6722 3902
3 6526 6729 4089
3 4796 6388 4797
3 6014 6289 3717
3 5828 6804 6729
3 3982 6654 6063
3 4024 6610 4023
3 5596 6357 2274
3 5564 6372 5026
3 6339 6670 3823
3 3435 6510 6138
3 6232 6781 3686
3 134 6369 132
3 4213 6743 4212
3 4401 6517 4402
3 1725 6398 2974
3 3651 6368 5702
3 164 6407 4725
3 3267 6769 4359
3 6159 6380 242
3 2472 6443 5362
3 4065 6413 3499
3 282 6326 280
3 3690 6466 3691
3 6421 6553 2633
3 3016 6405 3526
3 3958 6416 3955
3 6467 6775 5060
3 3641 6404 4156
3 2140 6390 4601
3 3944 6776 3946
3 3526 6405 6351
3 894 6634 6535
3 1698 6716 1820
3 5158 6686 2923
3 3725 6486 5287
3 1406 6484 4293
3 3115 6446 5298
3 2662 6655 5124
3 1102 6385 1210
3 1507 6395 1673
3 6480 6708 5833
3 5872 6467 4206
3 3173 6410 5211
3 3378 6343 5665
3 5665 6343 1456
3 4320 6665 5896
3 415 6403 413
3 6265 6724 2230
3 1041 6676 6404
3 254 6285 256
3 6095 6516 3303
3 5225 6412 2066
3 3446 6450 4749
3 3830 6662 3793
3 4253 6647 5978
3 4405 6578 1459
3 5140 6617 2558
3 114 6393 112
3 3002 6415 3001
3 4423 6696 2462
3 6246 6325 5095
3 542 6459 4706
3 1408 6785 6262
3 6223 6461 5408
3 6066 6742 3487
3 4415 6563 1960
3 6405 6455 3886
3 4057 6402 3921
3 5435 6537 1206
3 5435 6722 3648
3 626 6409 628
3 5880 6286 5817
3 6610 6696 4423
3 3642 6399 438
3 6130 6501 4660
3 4118 6421 3782
3 2685 6649 6406
3 3466 6639 5646
3 3191 6442 3190
3 5347 6700 6636
3 3920 6626 4011
3 3961 6485 4177
3 6479 6684 3790
3 3946 6776 5590
3 3485 6315 6245
3 5225 6468 6412
3 4614 6446 4612
3 5619 6392 3217
3 5697 6394 5366
3 3889 6433 3890
3 5776 6448 3748
3 4982 6567 1177
3 3434 6429 5864
3 6305 6433 3889
3 6144 6333 3450
3 5614 6755 4230
3 2743 6428 3353
3 6716 6800 1820
3 5572 6449 6348
3 6442 6619 3190
3 5597 6413 2150
3 212 6359 210
3 3521 6425 5315
3 2381 6461 6223
3 2662 6793 6655
3 89 6308 87
3 2176 6435 2638
3 4395 6720 3962
3 5889 6440 6120
3 3832 6730 4930
3 4242 6786 6595
3 5771 6341 2190
3 4371 6760 6596
3 473 6434 381
3 3858 6566 3859
3 420 6408 422
3 381 6434 6378
3 1368 6437 1337
3 3045 6439 3046
3 2391 6770 2463
3 5665 6451 3243
3 2935 6445 2229
3 3046 6439 6266
3 4809 6779 6065
3 1820 6800 4800
3 4694 6645 4998
3 6062 6544 3928
3 5162 6441 2937
3 4156 6780 3934
3 5540 6652 6234
3 4768 6424 2933
3 3662 6426 3660
3 2937 6444 2934
3 489 6464 487
3 5033 6603 6364
3 3798 6506 4806
3 242 6380 239
3 873 6418 872
3 2939 6447 3709
3 3469 6443 4852
3 85 6583 2425
3 519 6481 596
3 3962 6470 3783
3 5098 6500 5381
3 6148 6346 1044
3 6503 6552 994
3 140 6423 271
3 4299 6453 3104
3 5375 6619 4673
3 4485 6463 5119
3 6334 6722 1020
3 3886 6455 3723
3 5940 6381 3603
3 6120 6748 3793
3 5152 6619 6442
3 3819 6459 3820
3 4288 6458 4047
3 5551 6558 933
3 3642 6623 6287
3 3090 6454 3251
3 5811 6473 3821
3 4091 6460 3304
3 130 6419 128
3 4206 6467 6051
3 6359 6561 1415
3 794 6438 717
3 2305 6452 5445
3 2012 6465 1813
3 1567 6431 56
3 2923 6686 5874
3 5713 6430 3558
3 6139 6589 4520
3 6217 6329 5810
3 5403 6456 4209
3 3909 6687 6666
3 4341 6556 3703
3 6013 6541 6272
3 3818 6616 5241
3 4978 6468 5225
3 5940 6557 6381
3 2117 6466 5420
3 4070 6451 4503
3 2727 6479 6432
3 6729 6804 4090
3 4061 6579 5725
3 4400 6575 2275
3 3892 6557 4160
3 6010 6579 4061
3 4673 6619 5152
3 4784 6615 6195
3 3742 6449 5572
3 994 6552 4218
3 5455 6497 4809
3 5192 6771 6291
3 3343 6472 5629
3 2140 6526 6390
3 1915 6611 4538
3 4177 6808 3962
3 106 6505 104
3 3883 6474 680
3 5172 6785 18
3 2477 6598 6208
3 6320 6679 4176
3 4892 6692 2088
3 6470 6720 3722
3 3396 6475 3399
3 5850 6315 6307
3 6307 6315 3485
3 1610 6652 5269
3 6121 6769 3267
3 2601 6462 1412
3 3375 6477 5193
3 5749 6362 6239
3 5927 6406 4017
3 5295 6471 3238
3 3794 6479 2727
3 4506 6480 4507
3 4330 6724 5043
3 2668 6664 4467
3 4198 6515 3791
3 2534 6493 4968
3 4755 6472 4754
3 6216 6465 2012
3 3981 6778 6371
3 2183 6467 5872
3 3160 6512 3161
3 1388 6311 6212
3 5805 6658 5719
3 260 6689 262
3 5868 6514 1974
3 320 6482 323
3 6299 6695 2837
3 6450 6790 4137
3 5055 6616 6570
3 268 6685 4210
3 3784 6484 3896
3 2833 6492 2893
3 5027 6793 2662
3 6483 6529 3796
3 2309 6478 144
3 2232 6534 2234
3 5109 6758 5670
3 4557 6745 1324
3 5854 6571 6090
3 4661 6457 399
3 6052 6387 3404
3 3745 6766 5433
3 4157 6483 6073
3 4911 6502 5073
3 3640 6588 4661
3 5269 6652 3882
3 4015 6499 3876
3 6658 6664 2668
3 299 6489 296
3 2290 6488 6093
3 1277 6752 4561
3 4243 6583 6308
3 4660 6501 5223
3 2644 6491 2306
3 3965 6503 3841
3 5842 6461 2381
3 4162 6754 6365
3 1099 6476 5619
3 5034 6528 2531
3 3975 6518 3976
3 6409 6707 628
3 719 6805 721
3 4633 6792 2601
3 5589 6634 3787
3 3325 6494 5457
3 3338 6507 3636
3 3504 6329 6217
3 5677 6548 103
3 5205 6681 2426
3 274 6440 5889
3 6564 6582 5578
3 2994 6509 3347
3 6498 6683 5611
3 4438 6646 3011
3 710 6546 708
3 6447 6641 3709
3 1567 6671 6280
3 6577 6645 4779
3 6417 6463 4485
3 4371 6596 4372
3 5988 6411 2309
3 4704 6639 4319
3 3189 6760 5571
3 6477 6567 5193
3 6124 6430 5713
3 4212 6696 4024
3 721 6805 2004
3 2219 6508 1720
3 3799 6504 3801
3 4603 6791 3370
3 894 6535 4058
3 4802 6702 1991
3 6362 6575 3777
3 4553 6517 3653
3 5789 6473 2226
3 293 6656 295
3 3825 6514 3857
3 3303 6516 2847
3 6212 6311 4608
3 12 6427 10
3 2021 6659 2453
3 5163 6576 3651
3 2862 6520 5412
3 1173 6325 6246
3 3895 6735 6096
3 3446 6790 6450
3 2008 6521 523
3 2305 6626 6452
3 4765 6524 3105
3 4090 6804 6002
3 5024 6530 4729
3 493 6550 491
3 5719 6658 2668
3 2558 6770 2391
3 1606 6788 4646
3 1257 6510 5505
3 4505 6519 4504
3 4978 6543 6500
3 258 6650 260
3 3796 6529 3312
3 6301 6417 2238
3 508 6527 510
3 5254 6540 4469
3 3997 6554 4361
3 6089 6632 65
3 5619 6476 6392
3 1355 6553 3028
3 5828 6729 3319
3 3370 6739 4603
3 323 6525 325
3 5766 6485 2633
3 4620 6457 6376
3 2051 6716 1698
3 3850 6539 4149
3 4706 6784 1970
3 1393 6513 5914
3 3078 6783 6328
3 4506 6708 6480
3 4976 6543 4978
3 828 6661 882
3 5076 6544 5100
3 4393 6777 4392
3 1303 6559 1301
3 3964 6795 4801
3 197 6495 203
3 2826 6590 3435
3 4159 6698 3891
3 3305 6584 5750
3 5351 6538 4674
3 5323 6547 5324
3 2147 6555 2311
3 2154 6533 6433
3 5402 6533 2154
3 3703 6556 5126
3 6218 6560 530
3 3987 6562 3986
3 4947 6561 4949
3 4569 6558 3493
3 3456 6549 4005
3 5409 6540 1478
3 2027 6572 5367
3 530 6560 4934
3 3227 6795 6361
3 4461 6604 4053
3 477 6506 5904
3 3793 6662 6120
3 6149 6609 4494
3 4932 6532 3906
3 3965 6552 6503
3 6316 6740 4414
3 6391 6469 2707
3 6482 6525 323
3 5193 6567 3823
3 3028 6605 4201
3 3960 6569 3057
3 5851 6735 3895
3 3426 6744 4097
3 2679 6768 2513
3 3967 6552 3965
3 2823 6574 4881
3 4214 6798 4359
3 910 6573 800
3 6494 6593 5457
3 4976 6617 6543
3 5055 6570 2444
3 5367 6572 4829
3 270 6614 202
3 3931 6783 5202
3 5010 6577 4779
3 2900 6675 2333
3 3863 6586 3853
3 6239 6362 3775
3 6714 6717 4767
3 3790 6777 6479
3 4271 6578 3898
3 4767 6717 547
3 2735 6779 5166
3 5638 6526 2140
3 2708 6603 5033
3 497 6644 495
3 3844 6587 3846
3 4215 6509 6009
3 1993 6718 1992
3 3972 6591 3973
3 6553 6605 3028
3 6345 6709 3733
3 1041 6616 5055
3 3989 6592 3894
3 4779 6645 868
3 6623 6718 4131
3 1825 6602 478
3 4209 6456 6355
3 65 6632 67
3 3484 6600 3481
3 2300 6624 1432
3 3812 6792 4633
3 4026 6564 5578
3 4079 6628 4077
3 1710 6601 4196
3 2321 6610 4423
3 5258 6598 4051
3 5204 6781 6232
3 5179 6605 4118
3 6406 6649 4017
3 6178 6570 3818
3 5939 6724 4330
3 6725 6740 4049
3 5078 6615 5075
3 6715 6719 507
3 5183 6775 2183
3 3872 6606 3874
3 3899 6674 5005
3 2195 6613 2627
3 3879 6498 5891
3 6272 6541 3864
3 3992 6617 4976
3 4165 6620 3884
3 2348 6430 6124
3 772 6651 774
3 3824 6548 5677
3 3787 6681 5205
3 3177 6736 5439
3 3870 6621 3871
3 1031 6667 1034
3 4118 6605 6553
3 724 6750 722
3 419 6490 417
3 5457 6593 4006
3 12 6551 6427
3 4534 6633 5127
3 6453 6675 4047
3 1276 6627 1277
3 3190 6619 5375
3 3952 6629 3637
3 4138 6631 3848
3 5688 6537 5372
3 4910 6638 3165
3 2249 6738 2252
3 6283 6784 3819
3 503 6721 501
3 5659 6585 1818
3 5075 6648 1523
3 1779 6751 4671
3 6240 6727 4444
3 3561 6642 3559
3 3010 6643 4430
3 4153 6728 4154
3 3834 6790 3446
3 51 6799 666
3 2113 6531 5721
3 3709 6641 4138
3 3370 6791 5250
3 4017 6649 4018
3 2136 6612 1765
3 3887 6625 4908
3 1343 6628 5354
3 4896 6655 4381
3 3637 6629 6568
3 4022 6597 5037
3 4224 6693 4079
3 3896 6737 4022
3 5578 6582 3987
3 2870 6677 3507
3 3852 6664 4026
3 3362 6766 6039
3 3273 6663 3272
3 2712 6665 2567
3 2823 6682 6574
3 3909 6666 4914
3 4677 6711 3951
3 4087 6589 6139
3 6357 6389 3966
3 3881 6630 4255
3 534 6706 532
3 2989 6672 2990
3 4468 6733 4713
3 4930 6730 794
3 507 6719 505
3 5944 6754 3953
3 695 6754 5944
3 1368 6712 6437
3 1899 6680 2002
3 563 6545 115
3 6615 6648 5075
3 6688 6710 3912
3 716 6761 714
3 4079 6693 6628
3 4309 6730 3832
3 1203 6637 201
3 4877 6687 2598
3 6292 6379 1994
3 4137 6790 6097
3 6073 6483 3796
3 5152 6442 6132
3 3910 6688 3912
3 5629 6589 4087
3 5318 6669 2961
3 509 6715 507
3 4370 6760 4371
3 6102 6753 4094
3 3212 6536 5959
3 5491 6673 5168
3 1589 6699 4422
3 5598 6635 3977
3 3021 6678 3686
3 6039 6766 3745
3 4464 6743 4140
3 1808 6731 2280
3 6655 6793 4381
3 4242 6595 5656
3 4089 6729 4090
3 2598 6714 4767
3 344 6787 6293
3 6293 6787 4036
3 4230 6755 4224
3 3194 6727 3193
3 3935 6734 3937
3 4234 6745 3880
3 3912 6710 3914
3 4532 6741 4531
3 3049 6683 4202
3 4227 6726 4225
3 6687 6714 2598
3 328 6773 331
3 6628 6693 5354
3 5482 6657 3345
3 3428 6756 2724
3 3871 6725 4049
3 5354 6693 2584
3 4567 6732 1584
3 5487 6626 2305
3 4997 6747 4039
3 5141 6739 3370
3 4733 6742 4732
3 1901 6746 1785
3 5392 6709 2207
3 3178 6640 3918
3 237 6705 234
3 3882 6652 5540
3 3903 6700 5347
3 5865 6780 270
3 2475 6660 5581
3 628 6707 630
3 4026 6664 6658
3 6474 6736 3654
3 2402 6682 2823
3 3014 6694 2749
3 3237 6684 5611
3 3953 6754 4162
3 1450 6762 1448
3 4224 6755 6693
3 1450 6801 6762
3 3756 6767 3759
3 2420 6772 3305
3 4381 6793 4380
3 504 6765 506
3 3917 6791 4603
3 6090 6571 1359
3 1464 6801 1450
3 1326 6806 1258
3 2266 6782 6318
3 262 6689 918
3 4096 6794 3457
3 1658 6786 4242
3 1900 6599 1758
3 5961 6531 2113
3 6173 6633 4534
3 4349 6803 3895
3 15 6542 17
3 2727 6432 6203
3 1020 6722 5435
3 4476 6739 5141
3 2157 6708 5646
3 6702 6725 3871
3 5860 6531 5961
3 6693 6755 2584
3 4176 6679 3904
3 2931 6802 3110
3 2538 6690 2537
3 3972 6668 6591
3 3997 6800 6716
3 4351 6720 4395
3 6401 6496 1044
3 5646 6708 4506
3 5235 6608 3907
3 6302 6503 994
3 5560 6712 1368
3 3826 6701 5758
3 6150 6737 3896
3 14 6551 12
3 3942 6759 5667
3 1726 6776 6426
3 205 6676 207
3 1960 6563 6416
3 1475 6650 258
3 6402 6749 2445
3 6249 6541 2435
3 3918 6723 4199
3 3211 6557 5940
3 2852 6757 5528
3 67 6632 1407
3 6112 6580 2214
3 4677 6588 6488
3 3947 6800 3997
3 5884 6748 3851
3 3976 6796 3974
3 4151 6668 3972
3 5833 6708 2157
3 563 6704 6604
3 5842 6703 6461
3 292 6609 6149
3 6280 6671 4146
3 5590 6776 1726
3 5596 6389 6357
3 2584 6755 5614
3 3980 6769 6121
3 195 6618 193
3 6093 6488 3640
3 6640 6723 3918
3 2435 6541 6013
3 6627 6752 1277
3 6548 6737 103
3 3859 6566 6341
3 4070 6698 6492
3 4949 6561 6359
3 5641 6758 5109
3 4399 6516 6095
3 3586 6580 6112
3 6308 6583 87
3 5670 6758 3856
3 4196 6507 6252
3 4363 6417 6301
3 6428 6638 4910
3 1992 6718 6623
3 416 6653 418
3 294 6609 292
3 4810 6579 6010
3 6488 6588 3640
3 6071 6528 3809
3 4057 6797 6749
3 6322 6486 3725
3 3108 6670 3750
3 5823 6704 563
3 6039 6572 2027
3 4662 6781 3371
3 1959 6703 5842
3 1189 6804 5828
3 2230 6724 5939
3 6327 6571 4858
3 5773 6788 4291
3 3987 6582 6562
3 5809 6771 5192
3 6087 6728 4153
3 4749 6450 6388
3 87 6583 85
3 3023 6728 6087
3 2607 6763 5869
3 6065 6779 2735
3 1992 6623 6018
3 6300 6802 4256
3 6314 6690 4157
3 6376 6457 3711
3 2627 6613 6294
3 6551 6673 5491
3 5851 6803 2995
3 5480 6670 6339
3 4022 6737 6548
3 2453 6753 6102
3 6251 6750 4308
3 6449 6637 1203
3 3637 6568 6128
3 3205 6713 5971
3 6097 6790 3834
3 18 6785 16
3 1012 6778 5934
3 6002 6804 1189
3 6063 6654 236
3 6268 6580 3586
3 3895 6803 5851
3 5388 6469 6391
3 5948 6797 4057
3 6697 6730 4309
3 6262 6785 5172
3 794 6730 6697
3 6388 6450 4797
3 2453 6659 6556
3 60 6671 58
3 6440 6748 6120
3 6468 6500 5098
3 6120 6662 2548
3 3998 6496 6401
3 2183 6775 6467
3 6096 6735 2676
3 6614 6780 4156
3 6431 6515 4198
3 6083 6763 2607
3 4531 6663 6386
3 3857 6763 6083
3 3651 6576 6368
3 6564 6658 5805
3 6171 6695 3983
3 4210 6685 6368
3 6404 6676 4156
3 6341 6566 2190
3 6328 6783 3931
3 1359 6571 6327
3 6371 6778 1012
3 1567 6515 6431
3 6135 6782 2266
3 4978 6500 6468
3 2275 6575 6362
3 3272 6741 6374
3 4118 6553 6421
3 6361 6795 3964
3 3824 6597 6548
3 6548 6597 4022
3 6318 6782 4984
3 6554 6716 2051
3 2207 6709 6345
3 1970 6784 6283
3 4049 6740 6316
3 2004 6805 6630
3 794 6697 6438
3 6620 6770 2558
3 3435 6590 6547
3 3794 6684 6479
3 3851 6748 6440
3 6407 6767 3756
3 6545 6604 4461
3 2290 6711 6488
3 6488 6711 4677
3 4057 6749 6402
3 4299 6675 6453
3 6539 6705 4149
3 6547 6590 5324
3 2601 6792 6462
3 563 6604 6545
3 3962 6720 6470
3 1991 6702 6621
3 6586 6624 2300
3 3863 6624 6586
3 3883 6736 6474
3 3879 6683 6498
3 6492 6698 2893
3 6432 6777 4393
3 4026 6658 6564
3 6556 6659 5126
3 6635 6646 3977
3 6668 6768 2679
3 3011 6646 6635
3 3997 6716 6554
3 6607 6798 4214
3 6621 6702 3871
3 5667 6759 6717
3 4165 6770 6620
3 270 6780 6614
3 5143 6798 6607
3 4151 6768 6668
3 6630 6805 4255
3 6717 6759 547
