# vtk DataFile Version 3.0
SGRAC extracted rupture mesh, SI units
ASCII
DATASET POLYDATA
POINTS 6822 double
  2.9377498794800001E+06   2.7819496033080001E+06  -6.9103412945000004E+04
  2.9367267421220001E+06   2.7798415928170001E+06  -6.8685450622999997E+04
  2.9359897053609998E+06   2.7811222778960001E+06  -7.0557019887999995E+04
  2.9349235525409998E+06   2.7790283614719999E+06  -7.0109237810999999E+04
  2.9370612428350002E+06   2.7832075041000000E+06  -7.0990997770000002E+04
  2.9353122641389999E+06   2.7824010676759998E+06  -7.2448390522000002E+04
  2.9364003442850001E+06   2.7844886381520000E+06  -7.2864177840000004E+04
  2.9346542352560000E+06   2.7837158182430002E+06  -7.4346108968999994E+04
  2.9357734266820000E+06   2.7858043909300002E+06  -7.4724845094999997E+04
  2.9340185236010002E+06   2.7851063134940001E+06  -7.6279813735999996E+04
  2.9351704587490000E+06   2.7871965686599999E+06  -7.6511593401000006E+04
  2.9334869584820000E+06   2.7866608589920001E+06  -7.8081856310999996E+04
  2.9345376663930002E+06   2.7887298409119998E+06  -7.8151875499999995E+04
  2.9329457400890002E+06   2.7882871287960000E+06  -7.9575993828000006E+04
  2.9338783769459999E+06   2.7901653080879999E+06  -7.9732376407999996E+04
  2.9323241985470001E+06   2.7897402343350002E+06  -8.1040302056999994E+04
  2.9332557782959999E+06   2.7916345554149998E+06  -8.1207102654999995E+04
  2.9315545167890000E+06   2.7911283832970001E+06  -8.2615105595999994E+04
  2.9326022834850000E+06   2.7931732336670002E+06  -8.2752993541999997E+04
  2.9307361639290000E+06   2.7926049080550000E+06  -8.4289837853000005E+04
  2.9318150288959998E+06   2.7947381639040001E+06  -8.4447889492999995E+04
  2.9299680937310001E+06   2.7941322508180002E+06  -8.5971003882999998E+04
  2.9288423640239998E+06   2.7919769899769998E+06  -8.5819808873000002E+04
  2.9282203730480000E+06   2.7934904708599998E+06  -8.7576149258999998E+04
  2.9270151403180002E+06   2.7913933715559999E+06  -8.7429921541000003E+04
  2.9264838458730001E+06   2.7928827123909998E+06  -8.9193668990999999E+04
  2.9252915674680001E+06   2.7908247171609998E+06  -8.9092118124999994E+04
  2.9276837541570002E+06   2.7949520391839999E+06  -8.9325232726999995E+04
  2.9259834211880001E+06   2.7943441366519998E+06  -9.0916177567000006E+04
  2.9271638225250002E+06   2.7963991230199998E+06  -9.1043378530999995E+04
  2.9254924896249999E+06   2.7957984982059998E+06  -9.2625808057999995E+04
  2.9266650710840002E+06   2.7978352530780002E+06  -9.2731277241999996E+04
  2.9250199577190001E+06   2.7972660291329999E+06  -9.4322809540999995E+04
  2.9262390101520000E+06   2.7993033615669999E+06  -9.4371537301999997E+04
  2.9245864746349999E+06   2.7987406093319999E+06  -9.6016448048999999E+04
  2.9258650507880002E+06   2.8007868070560000E+06  -9.6051791792999997E+04
  2.9241755608819998E+06   2.8001969080840000E+06  -9.7762729649999994E+04
  2.9253779148439998E+06   2.8023099790490000E+06  -9.7723362521000003E+04
  2.9237505518760001E+06   2.8016958659680001E+06  -9.9498184391000003E+04
  2.9248876995130000E+06   2.8038644804369998E+06  -9.9404248191999999E+04
  2.9232768487539999E+06   2.8032978909479999E+06  -1.0118827158400000E+05
  2.9244142527660001E+06   2.8054676015610001E+06  -1.0109471433700000E+05
  2.9228184240029999E+06   2.8049431845789999E+06  -1.0288640893000001E+05
  2.9216572118770001E+06   2.8027648370090001E+06  -1.0300616054300001E+05
  2.9212432509300001E+06   2.8044677434160002E+06  -1.0468271271500000E+05
  2.9200751319090002E+06   2.8023613638820001E+06  -1.0485913844700000E+05
  2.9196799084890001E+06   2.8039864993270002E+06  -1.0652547909500000E+05
  2.9183164565900001E+06   2.8017477053979998E+06  -1.0670069004200000E+05
  2.9181751002730001E+06   2.8036139860240002E+06  -1.0834186069600000E+05
  2.9168864419959998E+06   2.8016958203929998E+06  -1.0861787611300001E+05
  2.9166842425950002E+06   2.8033394521430000E+06  -1.1011651468800000E+05
  2.9154028219889998E+06   2.8014025836140001E+06  -1.1037994063600000E+05
  2.9179249909460000E+06   2.8052843844320001E+06  -1.0994005383500000E+05
  2.9164362765420000E+06   2.8049762157330001E+06  -1.1167113711900001E+05
  2.9176732362819999E+06   2.8069069574380000E+06  -1.1150405724900000E+05
  2.9161977951260000E+06   2.8066123717169999E+06  -1.1321836640600000E+05
  2.9174548695560000E+06   2.8085220644109999E+06  -1.1301852571500000E+05
  2.9159999241430000E+06   2.8082895717360000E+06  -1.1475310625200000E+05
  2.9173375286099999E+06   2.8101986127599999E+06  -1.1444698170600001E+05
  2.9157935956120002E+06   2.8099762932409998E+06  -1.1630619347100001E+05
  2.9171886866700002E+06   2.8118896020990000E+06  -1.1592386178599999E+05
  2.9155366872459999E+06   2.8116641985889999E+06  -1.1783609866500000E+05
  2.9168391913560000E+06   2.8136057328389999E+06  -1.1746737046999999E+05
  2.9152748384139999E+06   2.8133245391730000E+06  -1.1931054656900000E+05
  2.9164651998500000E+06   2.8152522980769998E+06  -1.1900483811000000E+05
  2.9150303893109998E+06   2.8148334899100000E+06  -1.2082074204600000E+05
  2.9161791962210000E+06   2.8167982087300001E+06  -1.2060492653300001E+05
  2.9147227201820002E+06   2.8162906769659999E+06  -1.2238563772600000E+05
  2.9158898228950002E+06   2.8183356043550000E+06  -1.2220355677300000E+05
  2.9144318030599998E+06   2.8178216462650001E+06  -1.2398168106300000E+05
  2.9155999212349998E+06   2.8198813342450000E+06  -1.2380930578500000E+05
  2.9141265904420000E+06   2.8193906088210000E+06  -1.2562785737000000E+05
  2.9152409973820001E+06   2.8214692945949999E+06  -1.2537849911300000E+05
  2.9137356577480002E+06   2.8210359508620002E+06  -1.2718888671999999E+05
  2.9126168461259999E+06   2.8189817815740001E+06  -1.2755003424900000E+05
  2.9122473991749999E+06   2.8207296105390000E+06  -1.2904811594700000E+05
  2.9110467463219999E+06   2.8187323302830001E+06  -1.2955340996600001E+05
  2.9107563158109998E+06   2.8205706384749999E+06  -1.3093798561200000E+05
  2.9095147999709998E+06   2.8186803461340000E+06  -1.3155068380599999E+05
  2.9092982033409998E+06   2.8205503041920001E+06  -1.3284026731800000E+05
  2.9080438217520001E+06   2.8187428205639999E+06  -1.3355625164000000E+05
  2.9078899704490001E+06   2.8206582648410001E+06  -1.3477958473300000E+05
  2.9065865447399998E+06   2.8188655444459999E+06  -1.3557543836299999E+05
  2.9065230021400000E+06   2.8207807480939999E+06  -1.3667755112900000E+05
  2.9052101583260000E+06   2.8191459451069999E+06  -1.3756988219999999E+05
  2.9052821948680002E+06   2.8211375408089999E+06  -1.3853076213200000E+05
  2.9039113776059998E+06   2.8196503704800000E+06  -1.3957921635999999E+05
  2.9041338583129998E+06   2.8217915658640000E+06  -1.4042519441500001E+05
  2.9026558334710002E+06   2.8203266229490000E+06  -1.4164482397800000E+05
  2.9030185867329999E+06   2.8225454677809998E+06  -1.4234494227800000E+05
  2.9024425117179998E+06   2.8180555648929998E+06  -1.4071371690999999E+05
  2.9011223008380001E+06   2.8187178141760002E+06  -1.4286249692100001E+05
  2.9009500713350000E+06   2.8164323706339998E+06  -1.4186785543000000E+05
  2.8996515931790001E+06   2.8169927267020000E+06  -1.4393235138300000E+05
  2.8994976035050000E+06   2.8148027489080001E+06  -1.4296425780200001E+05
  2.8982148108399999E+06   2.8153099363110000E+06  -1.4497887309300000E+05
  2.8981082291850001E+06   2.8131842061800002E+06  -1.4398093716000000E+05
  2.8968473315380001E+06   2.8135661564839999E+06  -1.4597053579900000E+05
  2.8968605922099999E+06   2.8114617298699999E+06  -1.4493077579900000E+05
  2.8955761013710001E+06   2.8116716574490000E+06  -1.4691797972800001E+05
  2.8956923716970002E+06   2.8096387172610001E+06  -1.4576167725199999E+05
  2.8955655282379999E+06   2.8137525195950000E+06  -1.4794237002400000E+05
  2.8943878776449999E+06   2.8097362822690001E+06  -1.4772376556800000E+05
  2.8945617313930001E+06   2.8077536927740001E+06  -1.4650735165100000E+05
  2.8932344860899998E+06   2.8078356550500002E+06  -1.4849527039200001E+05
  2.8934507597530000E+06   2.8058272584839999E+06  -1.4720407880300001E+05
  2.8920476054799999E+06   2.8058724088760000E+06  -1.4928557197700001E+05
  2.8923585016930001E+06   2.8038566349419998E+06  -1.4785191304900000E+05
  2.8908954481009999E+06   2.8037729355890001E+06  -1.4995885809500000E+05
  2.8912873730390002E+06   2.8018382339940001E+06  -1.4844556869200000E+05
  2.8898700980099998E+06   2.8016780692340001E+06  -1.5044824528199999E+05
  2.8901322564340001E+06   2.7998850606280002E+06  -1.4897600709500001E+05
  2.8888544210359999E+06   2.7996874628989999E+06  -1.5097398260399999E+05
  2.8889778160239998E+06   2.7979565469459998E+06  -1.4948053437499999E+05
  2.8876671561770001E+06   2.7977336507540001E+06  -1.5147101329700000E+05
  2.8877524252630002E+06   2.7960011720210002E+06  -1.4985267833800000E+05
  2.8864623687740001E+06   2.7957201631419999E+06  -1.5178868640000001E+05
  2.8865020834030001E+06   2.7940213444369999E+06  -1.5018662910900000E+05
  2.8852625021099998E+06   2.7937105505550001E+06  -1.5212751488500001E+05
  2.8852913475100002E+06   2.7919870733679999E+06  -1.5051364869599999E+05
  2.8840400085160001E+06   2.7916712110219998E+06  -1.5248013724600000E+05
  2.8840778938859999E+06   2.7899381515339999E+06  -1.5084131253200001E+05
  2.8828102563669998E+06   2.7895894995519998E+06  -1.5280742650800000E+05
  2.8828633823600002E+06   2.7878818764479998E+06  -1.5116421683900000E+05
  2.8815723071809998E+06   2.7875122807850000E+06  -1.5315354423900001E+05
  2.8816596656149998E+06   2.7858523849010002E+06  -1.5149196078400000E+05
  2.8803926583960000E+06   2.7854961248300001E+06  -1.5345004506400001E+05
  2.8804592704699999E+06   2.7838508134289999E+06  -1.5183902810299999E+05
  2.8792092402740000E+06   2.7835414150310000E+06  -1.5380901855099999E+05
  2.8792557992380001E+06   2.7818693101599999E+06  -1.5220982042500001E+05
  2.8780120484750001E+06   2.7815980396699999E+06  -1.5420306041599999E+05
  2.8780165288129998E+06   2.7798993543420001E+06  -1.5258801932500000E+05
  2.8767296417640001E+06   2.7796771888029999E+06  -1.5460188150100000E+05
  2.8766821226289999E+06   2.7779538741070000E+06  -1.5296151860000001E+05
  2.8753737689709999E+06   2.7777438214460001E+06  -1.5502478936100000E+05
  2.8753443476080000E+06   2.7760044587389999E+06  -1.5333693700800001E+05
  2.8740602614940000E+06   2.7757736025470002E+06  -1.5533724383399999E+05
  2.8740141222780002E+06   2.7740677646180000E+06  -1.5371195615300001E+05
  2.8727651983090001E+06   2.7738826447629998E+06  -1.5569689450400000E+05
  2.8726724946170002E+06   2.7721453880980001E+06  -1.5412110133800001E+05
  2.8714287566809999E+06   2.7719866821340001E+06  -1.5613145116600001E+05
  2.8713134534339998E+06   2.7702373785480000E+06  -1.5457486641799999E+05
  2.8700920484440001E+06   2.7701010747460001E+06  -1.5662186034000001E+05
  2.8699514156470001E+06   2.7683435981060001E+06  -1.5508131724300000E+05
  2.8687676745400000E+06   2.7682757442549998E+06  -1.5715153070800001E+05
  2.8686007502339999E+06   2.7664525729160002E+06  -1.5565787194200000E+05
  2.8674493771380000E+06   2.7664370639470001E+06  -1.5773650145099999E+05
  2.8672630871469998E+06   2.7645717562139998E+06  -1.5625063335700001E+05
  2.8661293497040002E+06   2.7645831910009999E+06  -1.5832354833500000E+05
  2.8659310621050000E+06   2.7626982625079998E+06  -1.5683417089000001E+05
  2.8669767843760001E+06   2.7627541969909999E+06  -1.5471989828800000E+05
  2.8656138942129998E+06   2.7608819417840000E+06  -1.5529203200400001E+05
  2.8645811135229999E+06   2.7608572524480000E+06  -1.5741721286000000E+05
  2.8642138040919998E+06   2.7590003509990000E+06  -1.5593046407600000E+05
  2.8652916430620002E+06   2.7590588115110002E+06  -1.5375223759800001E+05
  2.8638948237770000E+06   2.7571483916679998E+06  -1.5434886216100000E+05
  2.8649870508059999E+06   2.7572345772230001E+06  -1.5217425411000001E+05
  2.8636228321110001E+06   2.7553370944380001E+06  -1.5271854813400001E+05
  2.8625375610770001E+06   2.7552317717040000E+06  -1.5483488380200000E+05
  2.8621649105400001E+06   2.7535233209960000E+06  -1.5318483666100001E+05
  2.8632808323260001E+06   2.7535462974950001E+06  -1.5110181571400000E+05
  2.8617593481040001E+06   2.7517900417889999E+06  -1.5156291612099999E+05
  2.8606698191960002E+06   2.7517779691510000E+06  -1.5361095988200000E+05
  2.8602519112399998E+06   2.7500528842679998E+06  -1.5202373582500001E+05
  2.8613501312110000E+06   2.7500355309469998E+06  -1.4996943749499999E+05
  2.8599741863270001E+06   2.7482450892750002E+06  -1.5051636514499999E+05
  2.8611563977460000E+06   2.7481394342029998E+06  -1.4851641313000000E+05
  2.8597938079120000E+06   2.7463748659480000E+06  -1.4906593854199999E+05
  2.8609497283919998E+06   2.7462358232060000E+06  -1.4707720318899999E+05
  2.8595781309719998E+06   2.7444858615910001E+06  -1.4765481160300001E+05
  2.8607233215899998E+06   2.7443241452549999E+06  -1.4565189629900001E+05
  2.8593078836349999E+06   2.7425265311429999E+06  -1.4626601198499999E+05
  2.8604988663920001E+06   2.7424263785390002E+06  -1.4421388046799999E+05
  2.8590905739409998E+06   2.7406044294710001E+06  -1.4479896835499999E+05
  2.8603037569929999E+06   2.7405555483200001E+06  -1.4275316589800001E+05
  2.8589467195609999E+06   2.7387540323290001E+06  -1.4330339287700001E+05
  2.8601239096110002E+06   2.7386842272450002E+06  -1.4130388721700001E+05
  2.8587605363670001E+06   2.7368944592450000E+06  -1.4188451152599999E+05
  2.8599305730360001E+06   2.7368083071590001E+06  -1.3988159976300001E+05
  2.8584561611190001E+06   2.7350828456080002E+06  -1.4044449980699999E+05
  2.8597102966510002E+06   2.7349096882310002E+06  -1.3848253419300000E+05
  2.8581228609900000E+06   2.7332727597220000E+06  -1.3902261715400001E+05
  2.8594136409300002E+06   2.7330006721140002E+06  -1.3707975612800001E+05
  2.8577365450980002E+06   2.7314227918600002E+06  -1.3762830214399999E+05
  2.8589944736000001E+06   2.7311055219480000E+06  -1.3564268191300001E+05
  2.8572229649600000E+06   2.7296182636710000E+06  -1.3617131811900000E+05
  2.8583969749940000E+06   2.7292719041650002E+06  -1.3412310310099999E+05
  2.8566502295550001E+06   2.7278300614350000E+06  -1.3467573996800001E+05
  2.8577422299739998E+06   2.7274409174609999E+06  -1.3261122443199999E+05
  2.8560122556349998E+06   2.7260009857219998E+06  -1.3321734414800000E+05
  2.8570843071309999E+06   2.7256333912240001E+06  -1.3112580362100000E+05
  2.8554085737640001E+06   2.7242374160349998E+06  -1.3173191247200000E+05
  2.8564279821600001E+06   2.7238423121090000E+06  -1.2966048925400000E+05
  2.8547820233729999E+06   2.7225010591270002E+06  -1.3033565936300000E+05
  2.8559415756799998E+06   2.7219202219019998E+06  -1.2838213651400000E+05
  2.8543372321739998E+06   2.7205408787179999E+06  -1.2924796891500000E+05
  2.8554689562169998E+06   2.7198861328420001E+06  -1.2726740224600000E+05
  2.8536592286359998E+06   2.7183658769399999E+06  -1.2827008165399999E+05
  2.8550018665519999E+06   2.7178810510490001E+06  -1.2617009321000001E+05
  2.8534479386660000E+06   2.7164416650589998E+06  -1.2691376704799999E+05
  2.8545876486590002E+06   2.7159695154789998E+06  -1.2508081105100000E+05
  2.8530625276939999E+06   2.7211137171540000E+06  -1.3133805791700000E+05
  2.8530310425539999E+06   2.7145093280509999E+06  -1.2580945768199999E+05
  2.8543526734050000E+06   2.7140242617890001E+06  -1.2373657532900000E+05
  2.8524470290959999E+06   2.7125077945420002E+06  -1.2469141994800000E+05
  2.8535116308390000E+06   2.7119495453860001E+06  -1.2266783463300001E+05
  2.8517630257730000E+06   2.7105652237200001E+06  -1.2350094884000000E+05
  2.8528650023920001E+06   2.7100380881159999E+06  -1.2146120684800000E+05
  2.8511556813619998E+06   2.7086888486350002E+06  -1.2227991418199999E+05
  2.8521895177429998E+06   2.7080924882260002E+06  -1.2025609975100000E+05
  2.8505061793370000E+06   2.7068133409099998E+06  -1.2111602554900000E+05
  2.8515121971570002E+06   2.7061481607459998E+06  -1.1905481756400000E+05
  2.8497836124109998E+06   2.7049096382040000E+06  -1.2001903661300000E+05
  2.8507683564080000E+06   2.7041914602979999E+06  -1.1792323436400000E+05
  2.8489651167970002E+06   2.7029986595279998E+06  -1.1893824700400000E+05
  2.8480081234949999E+06   2.7037831632960001E+06  -1.2099886992100000E+05
  2.8471718981309999E+06   2.7018475031160000E+06  -1.1996743458800000E+05
  2.8462064069619998E+06   2.7027087039439999E+06  -1.2200441747400000E+05
  2.8453950022029998E+06   2.7006922915630001E+06  -1.2100226390400001E+05
  2.8444288720069998E+06   2.7015856965709999E+06  -1.2305971881799999E+05
  2.8499703674809998E+06   2.7022229536390002E+06  -1.1684032413399999E+05
  2.8435965534870001E+06   2.6994928853389998E+06  -1.2201999250700000E+05
  2.8426006935330001E+06   2.7004609413589998E+06  -1.2418709055900000E+05
  2.8417582938730000E+06   2.6983789402150000E+06  -1.2317029455799999E+05
  2.8408047690630001E+06   2.6993380944059999E+06  -1.2527695186800000E+05
  2.8399767779999999E+06   2.6973801517739999E+06  -1.2436444191300000E+05
  2.8391374736500001E+06   2.6983507617980000E+06  -1.2632665424600001E+05
  2.8382171818550001E+06   2.6964535486200000E+06  -1.2553527212700000E+05
  2.8390543323229998E+06   2.6954526815370000E+06  -1.2355094220000000E+05
  2.8374478563470002E+06   2.6975328644679999E+06  -1.2751705738499999E+05
  2.8372439738520002E+06   2.6944504369009999E+06  -1.2470154978700000E+05
  2.8381606694060001E+06   2.6935226207980001E+06  -1.2269469573799999E+05
  2.8363111232309998E+06   2.6924856904420001E+06  -1.2363220364500000E+05
  2.8371552964510000E+06   2.6917552943409998E+06  -1.2156248874900000E+05
  2.8587833721360001E+06   2.7483040354510001E+06  -1.5248668415700001E+05
  2.8353377491609999E+06   2.6906829012110000E+06  -1.2241093546900000E+05
  2.8361625036300002E+06   2.6899826685549999E+06  -1.2040705654300000E+05
  2.8343114094759999E+06   2.6889002481370000E+06  -1.2128448423200000E+05
  2.8351475092489999E+06   2.6882026923190001E+06  -1.1926982982100001E+05
  2.8332688753769998E+06   2.6871112820440000E+06  -1.2017001484800001E+05
  2.8324465498380000E+06   2.6878174655650002E+06  -1.2217892214900001E+05
  2.8312975924140001E+06   2.6861197995770001E+06  -1.2102467640300000E+05
  2.8304547386159999E+06   2.6868798508100002E+06  -1.2300586019100000E+05
  2.8341175941329999E+06   2.6863991214330001E+06  -1.1812613966000000E+05
  2.8292426100789998E+06   2.6851725970529998E+06  -1.2180075765400000E+05
  2.8284411955220001E+06   2.6859987942590001E+06  -1.2383440412100000E+05
  2.8271549624200002E+06   2.6842519060640000E+06  -1.2264935752900000E+05
  2.8264157392989998E+06   2.6851433687499999E+06  -1.2471250595799999E+05
  2.8251011396519998E+06   2.6833997259470001E+06  -1.2360745389900000E+05
  2.8243834302590000E+06   2.6843057048120000E+06  -1.2562348424500000E+05
  2.8231170077229999E+06   2.6824898866280001E+06  -1.2458660788300000E+05
  2.8223053230920001E+06   2.6834535267280000E+06  -1.2656130768200000E+05
  2.8240235983600002E+06   2.6814403350960002E+06  -1.2270621533900000E+05
  2.8220504307690002E+06   2.6805391295579998E+06  -1.2368348506500000E+05
  2.8230082843360002E+06   2.6795590989310001E+06  -1.2182279489200001E+05
  2.8208667091399999E+06   2.6788805880829999E+06  -1.2257761505500000E+05
  2.8219545618690001E+06   2.6779433957310002E+06  -1.2076190542800000E+05
  2.8197313822630001E+06   2.6772966806009999E+06  -1.2129907198500000E+05
  2.8210633313580002E+06   2.6763416467459998E+06  -1.1931432922200000E+05
  2.8186207216480002E+06   2.6756958853710000E+06  -1.1998476263800000E+05
  2.8197685787650002E+06   2.6747504309530002E+06  -1.1812269946700000E+05
  2.8162752531360001E+06   2.6750697603910002E+06  -1.2062104528700000E+05
  2.8517424747359999E+06   2.7035093811599999E+06  -1.1578844990000001E+05
  2.8893834765300001E+06   2.8034648942999998E+06  -1.5222655599800000E+05
  2.8827747233810001E+06   2.7913763438630002E+06  -1.5449075990700000E+05
  2.8560825831229999E+06   2.7172519814229999E+06  -1.2427556582900000E+05
  2.8728158833710002E+06   2.7755430682150000E+06  -1.5726887945400001E+05
  2.9167468711440000E+06   2.8219643628630000E+06  -1.2360246103799999E+05
  2.8594795601659999E+06   2.7289043410649998E+06  -1.3200491487199999E+05
  2.8571420015250002E+06   2.7352725226059998E+06  -1.4233320525299999E+05
  2.8613180189379998E+06   2.7386132937130001E+06  -1.3927552736700000E+05
  2.8779954735810002E+06   2.7782096778960000E+06  -1.5093530585100001E+05
  2.9163070948970001E+06   2.8236093521909998E+06  -1.2513818409900001E+05
  2.9178173998840000E+06   2.8240821121709999E+06  -1.2334341363100000E+05
  2.9174170034210002E+06   2.8257596419210001E+06  -1.2484382755800000E+05
  2.9188928540409999E+06   2.8262014251319999E+06  -1.2307852554700000E+05
  2.9185125198220001E+06   2.8278866511309999E+06  -1.2455590342800001E+05
  2.9199874177589999E+06   2.8282641178199998E+06  -1.2282107447900000E+05
  2.9196363913920000E+06   2.8299757917650002E+06  -1.2429190307800000E+05
  2.9211095158919999E+06   2.8302347721690000E+06  -1.2254867904300000E+05
  2.9208572278499999E+06   2.8320488678170000E+06  -1.2395329134800000E+05
  2.9223246163539998E+06   2.8320750215969998E+06  -1.2207888701799999E+05
  2.9221706251770002E+06   2.8340106836520000E+06  -1.2342924570800000E+05
  2.9236204517109999E+06   2.8339635118490001E+06  -1.2153382071900000E+05
  2.9234495254219999E+06   2.8359353630249999E+06  -1.2290579293900001E+05
  2.9248722262840001E+06   2.8359205796220000E+06  -1.2108631823800001E+05
  2.9247431857409999E+06   2.8379031037750002E+06  -1.2232077283099999E+05
  2.9260722022020002E+06   2.8377278553539999E+06  -1.2054693700400001E+05
  2.9261922970900000E+06   2.8396987941720001E+06  -1.2144736076700001E+05
  2.9274188440540000E+06   2.8393369989419999E+06  -1.1970348192599999E+05
  2.9276293497210001E+06   2.8413647964940001E+06  -1.2053614241099999E+05
  2.9288804531230000E+06   2.8408770547799999E+06  -1.1875571605700000E+05
  2.9291417351710000E+06   2.8430078646300002E+06  -1.1959969912400001E+05
  2.9276598051669998E+06   2.8435793791709999E+06  -1.2170522706400001E+05
  2.9303879464900000E+06   2.8423642856540000E+06  -1.1774033425600000E+05
  2.9307330952670001E+06   2.8445654453540002E+06  -1.1852108154000000E+05
  2.9319545227689999E+06   2.8438000215460001E+06  -1.1662537360399999E+05
  2.9323090187840001E+06   2.8460876206330000E+06  -1.1744187424999999E+05
  2.9335427425350002E+06   2.8453133735600002E+06  -1.1553877823600000E+05
  2.9339176710270001E+06   2.8476097121210000E+06  -1.1632299368600000E+05
  2.9351201902899998E+06   2.8467216111969999E+06  -1.1442671255600000E+05
  2.9355357875620001E+06   2.8489771254599998E+06  -1.1510842324000000E+05
  2.9367316342210001E+06   2.8480566343919998E+06  -1.1323745098500000E+05
  2.9371263776030000E+06   2.8503399651139998E+06  -1.1393022103400000E+05
  2.9383786107959999E+06   2.8494294474479998E+06  -1.1209690851300000E+05
  2.9386664253750001E+06   2.8517635272180000E+06  -1.1269251506100000E+05
  2.9399189062959999E+06   2.8507978790010000E+06  -1.1093306064500001E+05
  2.9372930469610002E+06   2.8528784114549998E+06  -1.1470721266300000E+05
  2.9402145016049999E+06   2.8530210657629999E+06  -1.1138686105399999E+05
  2.9414116064990000E+06   2.8521012329099998E+06  -1.0970630411800000E+05
  2.9416598320490001E+06   2.8543783905839999E+06  -1.1023283516700000E+05
  2.9428912534030001E+06   2.8534388975499999E+06  -1.0850648136799999E+05
  2.9431505214470001E+06   2.8558030932350000E+06  -1.0905137851200000E+05
  2.9443769511560001E+06   2.8547867950559999E+06  -1.0730344069500000E+05
  2.9440648866639999E+06   2.8524524926510002E+06  -1.0682887719400000E+05
  2.9260221181150000E+06   2.8060070844740001E+06  -9.9296827178000007E+04
  2.8841238956539999E+06   2.7882496232300000E+06  -1.4922823343200001E+05
  2.8015747317750002E+06   2.7152061865249998E+06  -1.9149058623600000E+05
  2.8030691478590001E+06   2.7169269094900000E+06  -1.9236476167599999E+05
  2.8045275880789999E+06   2.7186306669069999E+06  -1.9326471760999999E+05
  2.8041314603209998E+06   2.7194683817220000E+06  -1.9551001098600001E+05
  2.8059665108559998E+06   2.7203219121630001E+06  -1.9417232655900001E+05
  2.8055337134850002E+06   2.7211434612819999E+06  -1.9644605521300001E+05
  2.8074244928170000E+06   2.7220245919410000E+06  -1.9507096149900000E+05
  2.8069961051230002E+06   2.7229431616150001E+06  -1.9728883180300001E+05
  2.8089003345019999E+06   2.7238039035970001E+06  -1.9591844032800000E+05
  2.8085016207010001E+06   2.7248129535470000E+06  -1.9809623405100001E+05
  2.8103658512720000E+06   2.7256033315119999E+06  -1.9679958966100001E+05
  2.8099645884070001E+06   2.7266263353670002E+06  -1.9900340989099999E+05
  2.8117526828270000E+06   2.7273978823899999E+06  -1.9770979190000001E+05
  2.8113830960590001E+06   2.7283942016500002E+06  -1.9989849273299999E+05
  2.8131186183859999E+06   2.7291689995340002E+06  -1.9860999039200001E+05
  2.8063687536100000E+06   2.7194427549649999E+06  -1.9194539959900000E+05
  2.8127455897700000E+06   2.7300882658219999E+06  -2.0075178963499999E+05
  2.8144813312820001E+06   2.7309350519989999E+06  -1.9950654402900001E+05
  2.8139786394699998E+06   2.7317689905810002E+06  -2.0172565760400001E+05
  2.8157668006199999E+06   2.7327096720949998E+06  -2.0053882554399999E+05
  2.7988112447239999E+06   2.7109641848269999E+06  -1.8760075125700000E+05
  2.8151961723940000E+06   2.7334795986219998E+06  -2.0275449606300000E+05
  2.8169299496220001E+06   2.7344816339850002E+06  -2.0164127857600001E+05
  2.8163271888110000E+06   2.7352310007270002E+06  -2.0382271092499999E+05
  2.8180521683000000E+06   2.7362796264880002E+06  -2.0269102665000001E+05
  2.8134928073390000E+06   2.7282163386320001E+06  -1.9638841114200000E+05
  2.8192338392850002E+06   2.7381499326519999E+06  -2.0365434356099999E+05
  2.8204554644829999E+06   2.7400514425769998E+06  -2.0460188500800001E+05
  2.8216571964059998E+06   2.7419698692640001E+06  -2.0560625998700000E+05
  2.8227946429719999E+06   2.7438729093559999E+06  -2.0668856750899999E+05
  2.8197863552000001E+06   2.7372953255179999E+06  -2.0149516072700001E+05
  2.8245895115080001E+06   2.7451150282899998E+06  -2.0551270443799999E+05
  2.8254920022029998E+06   2.7470744779180000E+06  -2.0664833332800001E+05
  2.8271695449999999E+06   2.7484007083350001E+06  -2.0550424039600001E+05
  2.8280680617620000E+06   2.7503320485439999E+06  -2.0664151901399999E+05
  2.8510148447639998E+06   2.7014577307839999E+06  -1.1472902474600000E+05
  2.8527865621710001E+06   2.7027481145799998E+06  -1.1367846964200000E+05
  2.8520843428030000E+06   2.7007060095819999E+06  -1.1260234259200000E+05
  2.8538091553020002E+06   2.7019696634040000E+06  -1.1158116071300000E+05
  2.8531373116500000E+06   2.6999732756389999E+06  -1.1051667597800000E+05
  2.8547988159119999E+06   2.7011885731360000E+06  -1.0952544927200000E+05
  2.9336846865420002E+06   2.7953257451760001E+06  -8.2918673016999994E+04
  2.8306283807780002E+06   2.7536240400999999E+06  -2.0672525480800000E+05
  2.8314750988309998E+06   2.7555650271910001E+06  -2.0796969166700001E+05
  2.8332038023170000E+06   2.7569674594910000E+06  -2.0700358519899999E+05
  2.8340104308799999E+06   2.7588433172249999E+06  -2.0836433898199999E+05
  2.8357053220600002E+06   2.7602743088520002E+06  -2.0745301060000001E+05
  2.8663278503290000E+06   2.7664957731220000E+06  -1.5983345482099999E+05
  2.9231062206669999E+06   2.8379128026270000E+06  -1.2439556264400001E+05
  2.8541280196659998E+06   2.6992627693030001E+06  -1.0853100655999999E+05
  2.8557423204180002E+06   2.7003734086830001E+06  -1.0749959531600001E+05
  2.8439848989680000E+06   2.7722123746389998E+06  -2.0720671280800001E+05
  2.8521411109230001E+06   2.7862878447710001E+06  -2.0733261374500001E+05
  2.8535260918660001E+06   2.7877784209220000E+06  -2.0611694449699999E+05
  2.8541443272560001E+06   2.7898351297510001E+06  -2.0695626975199999E+05
  2.8549184673859999E+06   2.7891861701980000E+06  -2.0480460982000001E+05
  2.8556051996579999E+06   2.7913163418950001E+06  -2.0558355712099999E+05
  2.8548115056500002E+06   2.7919854196449998E+06  -2.0779326665800001E+05
  2.8562619310539998E+06   2.7934179212230002E+06  -2.0639250875700000E+05
  2.8555663685160000E+06   2.7941728527380000E+06  -2.0849645654499999E+05
  2.8568113528629998E+06   2.7954946941800001E+06  -2.0714399997800001E+05
  2.8572827908270000E+06   2.7976521895909999E+06  -2.0773282666699999E+05
  2.8577532106659999E+06   2.7998419533020002E+06  -2.0834553864899999E+05
  2.8592348775120000E+06   2.8089440122270002E+06  -2.1060686469700001E+05
  2.8602198065920002E+06   2.8127762147579999E+06  -2.0957238068400000E+05
  2.8611659416379998E+06   2.8143162607470001E+06  -2.0806606774800000E+05
  2.8612009797290000E+06   2.8166322801290001E+06  -2.0855185306699999E+05
  2.8612412374149999E+06   2.8188925916860001E+06  -2.0905439352200000E+05
  2.8609885145160002E+06   2.8211806868779999E+06  -2.0951646685800000E+05
  2.8619775509899999E+06   2.8205550126990001E+06  -2.0752083169100000E+05
  2.8617094706279999E+06   2.8228568393939999E+06  -2.0795247942399999E+05
  2.8626725624569999E+06   2.8221563260720000E+06  -2.0591658952099999E+05
  2.8624034498689999E+06   2.8244923737410000E+06  -2.0634827381799999E+05
  2.8614353676959998E+06   2.8251569476370001E+06  -2.0839724928300001E+05
  2.8621367276909999E+06   2.8268183382910001E+06  -2.0677543988799999E+05
  2.8611606793789999E+06   2.8274660945370002E+06  -2.0884270449999999E+05
  2.8618756452529998E+06   2.8291537143859998E+06  -2.0718981781400001E+05
  2.8628473563460000E+06   2.8284148347669998E+06  -2.0513776500700001E+05
  2.8626113003179999E+06   2.8307701744450000E+06  -2.0549679281799999E+05
  2.8635712065860000E+06   2.8299684691050001E+06  -2.0347427193399999E+05
  2.8632794478819999E+06   2.8323172152010002E+06  -2.0373928785399999E+05
  2.8621027565239999E+06   2.8331318204100002E+06  -2.0571621881300001E+05
  2.8643135423809998E+06   2.8314456462750002E+06  -2.0177574115200000E+05
  2.8638982736160001E+06   2.8338017214360000E+06  -2.0192795796800000E+05
  2.8650621269689999E+06   2.8328143977780002E+06  -2.0004585453600000E+05
  2.8648203720089998E+06   2.8351817738410002E+06  -2.0021986758399999E+05
  2.8660280669320002E+06   2.8340344328359999E+06  -1.9835062559099999E+05
  2.8658770949869999E+06   2.8363853076960002E+06  -1.9843919961899999E+05
  2.8670161189190000E+06   2.8351783397570001E+06  -1.9664896678700001E+05
  2.8669551083829999E+06   2.8375128364670002E+06  -1.9662965454600001E+05
  2.8658088529059999E+06   2.8387553650019998E+06  -1.9837528571699999E+05
  2.8669281710500000E+06   2.8399002767830002E+06  -1.9649829412700000E+05
  2.8658043334570001E+06   2.8411335759979999E+06  -1.9820868343400001E+05
  2.8680445629880000E+06   2.8385726888580001E+06  -1.9480672611799999E+05
  2.8680513078609998E+06   2.8409944745230000E+06  -1.9461889162000001E+05
  2.8691139765740000E+06   2.8395828462899998E+06  -1.9298701513600000E+05
  2.8691898559869998E+06   2.8419981408970002E+06  -1.9272141576599999E+05
  2.8701857216280000E+06   2.8405584707660000E+06  -1.9114778642600001E+05
  2.8703280514890002E+06   2.8429277696409998E+06  -1.9082991688400001E+05
  2.8712677874500002E+06   2.8414950919730002E+06  -1.8929204516700000E+05
  2.8714228823350002E+06   2.8438277067280002E+06  -1.8897159685999999E+05
  2.8704233782159998E+06   2.8453183706570002E+06  -1.9050244170000000E+05
  2.8715787135950001E+06   2.8461564433129998E+06  -1.8865179986900001E+05
  2.8726146743109999E+06   2.8446470064579998E+06  -1.8713139843400000E+05
  2.8728910464770002E+06   2.8469489103399999E+06  -1.8677862898899999E+05
  2.8579716410409999E+06   2.7966665697079999E+06  -2.0577413617099999E+05
  2.8738455190929999E+06   2.8453496622540001E+06  -1.8526378725100000E+05
  2.8741392997340001E+06   2.8475780998689998E+06  -1.8483382776700001E+05
  2.8705074224800002E+06   2.8476398719029999E+06  -1.9009740296499999E+05
  2.8751296013719998E+06   2.8459648268840001E+06  -1.8331982328600000E+05
  2.8753852271159999E+06   2.8482404911409998E+06  -1.8289672124399999E+05
  2.8549799835069999E+06   2.6984405321050002E+06  -1.0658988282800000E+05
  2.8566477647290002E+06   2.6995040907080001E+06  -1.0547396343300000E+05
  2.8764066333639999E+06   2.8466668568250001E+06  -1.8138314397599999E+05
  2.8766207120800000E+06   2.8490180552610001E+06  -1.8099014754100001E+05
  2.8558052707570000E+06   2.6975397821189999E+06  -1.0459427205400000E+05
  2.8574749221660001E+06   2.6986192954040002E+06  -1.0340386690300000E+05
  2.8582898440939998E+06   2.7006901971249999E+06  -1.0426839491400000E+05
  2.8591189521110002E+06   2.6998650845130002E+06  -1.0211746535100001E+05
  2.8599241867399998E+06   2.7019582570119998E+06  -1.0302017903600000E+05
  2.8607721151430001E+06   2.7012001291789999E+06  -1.0090901661999999E+05
  2.8615685282680001E+06   2.7032431215470000E+06  -1.0177367701200000E+05
  2.8624067392099998E+06   2.7025140083340001E+06  -9.9707717759000006E+04
  2.8632008508959999E+06   2.7045304560449999E+06  -1.0054854557500000E+05
  2.8640356208400000E+06   2.7038182519749999E+06  -9.8505450670000006E+04
  2.8648892630710001E+06   2.7058159375789999E+06  -9.9392463065000004E+04
  2.8657830438689999E+06   2.7050834717700002E+06  -9.7419273339000007E+04
  2.8667085544520002E+06   2.7070004397490001E+06  -9.8336202896999996E+04
  2.8675995936690001E+06   2.7062732514760001E+06  -9.6372419049000004E+04
  2.8685152522249999E+06   2.7081764727779999E+06  -9.7286956025000007E+04
  2.8694197490820000E+06   2.7074542038309998E+06  -9.5339322417000003E+04
  2.8703278904370000E+06   2.7093624156289999E+06  -9.6247834401999993E+04
  2.8712613504570001E+06   2.7086287311499999E+06  -9.4325082236000002E+04
  2.8721535640969998E+06   2.7105103210910000E+06  -9.5224916125999996E+04
  2.8731066364610000E+06   2.7098078524810001E+06  -9.3311191303000000E+04
  2.8739735644729999E+06   2.7116785827819998E+06  -9.4230533462000007E+04
  2.8749675261590001E+06   2.7110463747250000E+06  -9.2253004214999994E+04
  2.8756665412690002E+06   2.7130238513610000E+06  -9.3170444776000004E+04
  2.8766523377870000E+06   2.7124663120619999E+06  -9.1221477564000001E+04
  2.8773655122540002E+06   2.7144139186970000E+06  -9.2089738738999993E+04
  2.8782770010660002E+06   2.7137345103500001E+06  -9.0128855420000007E+04
  2.8790282661899999E+06   2.7156282907699998E+06  -9.0890524883999999E+04
  2.8799681529500000E+06   2.7150274786629998E+06  -8.8965226964000001E+04
  2.8806812142559998E+06   2.7168883482200000E+06  -8.9749595610000004E+04
  2.8816252099150000E+06   2.7164021878960002E+06  -8.7929531713000004E+04
  2.8822990456309998E+06   2.7181836785329999E+06  -8.8673475959999996E+04
  2.8832427073760000E+06   2.7176197412029998E+06  -8.6865646466000006E+04
  2.8838435940830000E+06   2.7194507879679999E+06  -8.7641428237000000E+04
  2.8848520343399998E+06   2.7189125819750000E+06  -8.5784787022999997E+04
  2.8854387742940001E+06   2.7208641979999999E+06  -8.6696276796000006E+04
  2.8865292324750000E+06   2.7203604374440000E+06  -8.4741538679000005E+04
  2.8871107948280000E+06   2.7223382159600002E+06  -8.5698865686999998E+04
  2.8881984173980001E+06   2.7217811118520000E+06  -8.3686498789000005E+04
  2.8887957490110002E+06   2.7237906955639999E+06  -8.4664081420999995E+04
  2.8898598694730001E+06   2.7231479657250000E+06  -8.2605997271000000E+04
  2.8904932538910001E+06   2.7252332169410000E+06  -8.3602882557000004E+04
  2.8914955920770001E+06   2.7244581267749998E+06  -8.1511521294000006E+04
  2.8893857013770002E+06   2.7258647476369999E+06  -8.5711265371000001E+04
  2.8910907812810000E+06   2.7274009515720000E+06  -8.4721251078999994E+04
  2.8899527903370000E+06   2.7279444283650001E+06  -8.6793381114000003E+04
  2.8916335557160000E+06   2.7294759532460002E+06  -8.5818446442999993E+04
  2.8904954857270001E+06   2.7300105330550000E+06  -8.7882737638000006E+04
  2.8922065075610001E+06   2.7314738070560000E+06  -8.6804641164999994E+04
  2.8910401656820001E+06   2.7320558607669999E+06  -8.8944584229999993E+04
  2.8927671283740001E+06   2.7335200162800001E+06  -8.7851230830999993E+04
  2.8916246332569998E+06   2.7341252270069998E+06  -8.9931218762999997E+04
  2.8933254174859999E+06   2.7356403096250002E+06  -8.8917644029999996E+04
  2.8943924254970001E+06   2.7349654845159999E+06  -8.6876740992000006E+04
  2.8922031751549998E+06   2.7361794482890000E+06  -9.0912880235999997E+04
  2.8937650377369998E+06   2.7376972327190000E+06  -9.0045327711999998E+04
  2.8926738142769998E+06   2.7382199214460002E+06  -9.1941364623000001E+04
  2.8941443464440000E+06   2.7397482647030000E+06  -9.1048125172999993E+04
  2.8930651296680002E+06   2.7403033563859998E+06  -9.2951698948999998E+04
  2.8945691002830002E+06   2.7418598291449999E+06  -9.2033218097999998E+04
  2.8934573722239998E+06   2.7424180880300002E+06  -9.3984047646000006E+04
  2.8949657722479999E+06   2.7440106385369999E+06  -9.3086303165000005E+04
  2.8938657638010001E+06   2.7445207665140000E+06  -9.5057857143999994E+04
  2.8954019308810001E+06   2.7461357549879998E+06  -9.4154703049999996E+04
  2.8943367630820000E+06   2.7465544079829999E+06  -9.6212250274999999E+04
  2.8965492936930000E+06   2.7455704765169998E+06  -9.2205877684000006E+04
  2.8776554380990001E+06   2.8474631577340001E+06  -1.7948514993900000E+05
  2.8778858302429998E+06   2.8497533049730002E+06  -1.7905450757200000E+05
  2.8774996081989999E+06   2.8451653656600001E+06  -1.7980454142200001E+05
  2.8600272235909998E+06   2.6990119319679998E+06  -9.9728379298999993E+04
  2.8841247498209998E+06   2.7167539547210000E+06  -8.4938658362999995E+04
  2.8959607766049998E+06   2.7481339470620002E+06  -9.5360565371999997E+04
  2.8948618441220000E+06   2.7485436347260000E+06  -9.7420353294999994E+04
  2.8740637202639999E+06   2.7089208262649998E+06  -9.1196928790999998E+04
  2.8789076124330000E+06   2.8482160229010000E+06  -1.7758374637199999E+05
  2.8791384020099998E+06   2.8505018004470002E+06  -1.7715267357099999E+05
  2.8964973875199999E+06   2.7501060960169998E+06  -9.6575038767999999E+04
  2.8953975790809998E+06   2.7505238897279999E+06  -9.8644420190000004E+04
  2.8937569203189998E+06   2.7489486026260001E+06  -9.9484263829000003E+04
  2.8942784855499999E+06   2.7509276440730002E+06  -1.0072824994100000E+05
  2.8959251045149998E+06   2.7525072569639999E+06  -9.9883927463999993E+04
  2.8946920869220002E+06   2.7529684210339999E+06  -1.0191825094000000E+05
  2.8802675612090002E+06   2.8489074773929999E+06  -1.7579019551399999E+05
  2.8806262878109999E+06   2.8511637771919998E+06  -1.7541510904700001E+05
  2.8961767346000001E+06   2.7546792256450001E+06  -1.0095685502900000E+05
  2.8948349818270002E+06   2.7551523588870000E+06  -1.0296570584300000E+05
  2.8901973749050000E+06   2.7982143530120002E+06  -1.4758745686400001E+05
  2.8915753116629999E+06   2.7387292862249999E+06  -9.3837536814000006E+04
  2.8817089379380001E+06   2.8495007104449999E+06  -1.7405564328600001E+05
  2.8821508435050002E+06   2.8518065215050001E+06  -1.7373791034900001E+05
  2.9362795104580000E+06   2.8458195060970001E+06  -1.1261381200100000E+05
  2.8756826650959998E+06   2.8507249042150001E+06  -1.8270978197600000E+05
  2.8926424383879998E+06   2.7493426631749999E+06  -1.0155129876200001E+05
  2.8831790416999999E+06   2.8501028904019999E+06  -1.7228655438900000E+05
  2.8836962229060000E+06   2.8525714858269999E+06  -1.7205712703500001E+05
  2.8962992464810000E+06   2.7568929379250002E+06  -1.0204757856700000E+05
  2.8949558125350000E+06   2.7573274483920000E+06  -1.0403680713200000E+05
  2.8846919468250000E+06   2.8508929445300000E+06  -1.7060426883500000E+05
  2.8852551397640002E+06   2.8533080172140002E+06  -1.7035563525100000E+05
  2.8861950289599998E+06   2.8516300996670001E+06  -1.6896831820700000E+05
  2.8867990905920002E+06   2.8538980810790001E+06  -1.6864673280900001E+05
  2.8877318013690002E+06   2.8521169391009999E+06  -1.6721111037000001E+05
  2.8883028976179999E+06   2.8544829008800001E+06  -1.6687558160100001E+05
  2.8892925876690000E+06   2.8527433825550000E+06  -1.6536792114699999E+05
  2.8898032722829999E+06   2.8551673454519999E+06  -1.6511677968899999E+05
  2.8908192823390001E+06   2.8535778655829998E+06  -1.6363507362000001E+05
  2.8912878697589999E+06   2.8558993558780001E+06  -1.6338515819500000E+05
  2.8923061389400000E+06   2.8543722869110000E+06  -1.6195059685999999E+05
  2.8927641720139999E+06   2.8566632727879998E+06  -1.6170653736200000E+05
  2.8937887217230001E+06   2.8551232473280001E+06  -1.6026543105399999E+05
  2.8942374765650001E+06   2.8574390144320000E+06  -1.6003587741799999E+05
  2.8952514302980001E+06   2.8558754150600000E+06  -1.5860436942000000E+05
  2.8957245465270001E+06   2.8582344669249998E+06  -1.5840081159999999E+05
  2.8763619443029999E+06   2.7150693855699999E+06  -9.4158999381000001E+04
  2.8968506199530000E+06   2.8566192239660001E+06  -1.5705010364399999E+05
  2.8973956760990000E+06   2.8589811774900001E+06  -1.5686182727199999E+05
  2.8811905074450001E+06   2.8534420330590000E+06  -1.7514196624899999E+05
  2.8963863182649999E+06   2.7590665031599998E+06  -1.0316164210800000E+05
  2.8950715496009998E+06   2.7594923429390001E+06  -1.0510876493600001E+05
  2.8985320004840000E+06   2.8573936938740001E+06  -1.5550511113199999E+05
  2.8990725034150002E+06   2.8597026494220002E+06  -1.5531348160400000E+05
  2.8909412650000001E+06   2.7224762776020002E+06  -8.0595659780999995E+04
  2.8925745154050002E+06   2.7237959442130001E+06  -7.9505030648000000E+04
  2.8920554484020001E+06   2.7218301885520001E+06  -7.8571447010999997E+04
  2.8938191788300001E+06   2.7231312983180000E+06  -7.7541395185999994E+04
  2.8932694548310000E+06   2.7210512812770000E+06  -7.6588156352000005E+04
  2.8950045041439999E+06   2.7222490628160001E+06  -7.5524667384999993E+04
  2.8944438333299998E+06   2.7201796332950001E+06  -7.4591904706000001E+04
  2.8961516093230001E+06   2.7213691236700001E+06  -7.3553127095000003E+04
  2.8955772952999999E+06   2.7192797905959999E+06  -7.2620771907999995E+04
  2.8972957420640001E+06   2.7205168529269998E+06  -7.1605957722000006E+04
  2.8844858098019999E+06   2.8482545238819998E+06  -1.7074172348499999E+05
  2.9002408966709999E+06   2.8581737257610001E+06  -1.5393378182199999E+05
  2.9007428829310001E+06   2.8604648625759999E+06  -1.5377745616700000E+05
  2.8965225020360001E+06   2.7612093525020001E+06  -1.0423678947900000E+05
  2.8953927610610002E+06   2.7615425597520000E+06  -1.0630426631100000E+05
  2.8940686377550000E+06   2.7597596442189999E+06  -1.0726989679800000E+05
  2.8944173954360001E+06   2.7617942882849998E+06  -1.0847870799700000E+05
  2.8978647300310000E+06   2.7607615729390001E+06  -1.0233608481200000E+05
  2.8930949324889998E+06   2.7600185565169998E+06  -1.0944775359100000E+05
  2.8934446830460001E+06   2.7620526658470002E+06  -1.1065409095600000E+05
  2.8921241815149998E+06   2.7602855056550000E+06  -1.1162725058500000E+05
  2.8924752120289998E+06   2.7623192233660002E+06  -1.1283067717500000E+05
  2.8911543570559998E+06   2.7605561291100001E+06  -1.1380834067799999E+05
  2.9019390066310000E+06   2.8589369073330001E+06  -1.5237060438999999E+05
  2.9024218700529998E+06   2.8612454868770000E+06  -1.5223461013200000E+05
  2.8967989498709999E+06   2.7183435288709998E+06  -7.0773292132999995E+04
  2.8985417384529999E+06   2.7196165092179999E+06  -6.9771916274000003E+04
  2.8990232738279998E+06   2.7217821527660000E+06  -7.0602240411999999E+04
  2.9002874282220001E+06   2.7209072265189998E+06  -6.8778395560000004E+04
  2.9007663133319998E+06   2.7231201178299999E+06  -6.9639158626000004E+04
  2.9019547534389999E+06   2.7222566526060002E+06  -6.7696800818000003E+04
  2.9025736567380000E+06   2.7244236915899999E+06  -6.8602355758999998E+04
  2.8997982313279998E+06   2.7187172087619998E+06  -6.7942095568999997E+04
  2.8873890935379998E+06   2.8562013185399999E+06  -1.6828544808000000E+05
  2.8939510849330002E+06   2.7639957734240000E+06  -1.1195762001200000E+05
  2.8929662251229999E+06   2.7642747571419999E+06  -1.1412134771700000E+05
  2.8962581113970000E+06   2.8606036373979999E+06  -1.5822494676799999E+05
  2.8981363663229998E+06   2.7628230274450001E+06  -1.0345922118399999E+05
  2.8994348760299999E+06   2.7623853708730000E+06  -1.0149691716700001E+05
  2.8667148504340001E+06   2.7042261014379999E+06  -9.5258416251000002E+04
  2.9036207602340002E+06   2.8596565697780000E+06  -1.5081689285999999E+05
  2.9040926996729998E+06   2.8620178405960002E+06  -1.5069860079699999E+05
  2.9029394006320001E+06   2.8636632244529999E+06  -1.5207961704600000E+05
  2.9046829685410000E+06   2.8644619483800000E+06  -1.5047567064900001E+05
  2.8725728170719999E+06   2.7703632156380001E+06  -1.5251251959300000E+05
  2.9057560395800001E+06   2.8627281039660000E+06  -1.4916084402300001E+05
  2.8945067714470001E+06   2.7659132292360002E+06  -1.1328677008100000E+05
  2.8621060344560002E+06   2.7460888574470002E+06  -1.4505443515000000E+05
  2.9142054161809999E+06   2.8097873792829998E+06  -1.1824892059400000E+05
  2.9357514081040001E+06   2.7776909439989999E+06  -6.8304084879999995E+04
  2.9338811909800000E+06   2.7769123201890001E+06  -6.9654162685000003E+04
  2.9329609342200002E+06   2.7747243970140000E+06  -6.9284682820999995E+04
  2.8935189978680001E+06   2.7662013319859998E+06  -1.1544748255500000E+05
  2.9155829868810000E+06   2.7997714971360001E+06  -1.0887484380500000E+05
  2.9141021294129998E+06   2.7994182941430002E+06  -1.1060810944800000E+05
  2.8904060445880000E+06   2.8511844005680000E+06  -1.6381140432599999E+05
  2.8958605898429998E+06   2.8076896699460000E+06  -1.4456979784000001E+05
  2.9320992773360000E+06   2.7725149065279998E+06  -6.8933056245000000E+04
  2.9286777179919998E+06   2.8386529065009998E+06  -1.1779001710000000E+05
  2.9063786774700000E+06   2.8650846006570002E+06  -1.4889863383899999E+05
  2.9074476077629998E+06   2.8633467006160002E+06  -1.4760110724000001E+05
  2.9035199110719999E+06   2.8664237708810000E+06  -1.5191291666600000E+05
  2.9143192234809999E+06   2.7977380838839998E+06  -1.0898956316999999E+05
  2.9127959330290002E+06   2.7974159670279999E+06  -1.1080495691100000E+05
  2.9080694216100001E+06   2.8656656348450002E+06  -1.4734810172700000E+05
  2.9091628799580000E+06   2.8639624508199999E+06  -1.4603204235500001E+05
  2.9129964762249999E+06   2.7957069939420000E+06  -1.0918623329200000E+05
  2.9114919687480000E+06   2.7954175143269999E+06  -1.1100182464000001E+05
  2.9097443388310000E+06   2.8662779532289999E+06  -1.4581761788599999E+05
  2.9108706760310000E+06   2.8646028756430000E+06  -1.4447393901000000E+05
  2.9103131728139999E+06   2.8622655673619998E+06  -1.4466028063800000E+05
  2.8778796224179999E+06   2.7833517930279998E+06  -1.5603083793199999E+05
  2.9031444741810001E+06   2.8573735098509998E+06  -1.5094920436400000E+05
  2.8962603778039999E+06   2.8542058720700000E+06  -1.5727537185900001E+05
  2.9120076044790000E+06   2.8629575224049999E+06  -1.4311751885299999E+05
  2.9125594500770001E+06   2.8652685732089998E+06  -1.4293471276699999E+05
  2.8695104971610000E+06   2.7102310999619998E+06  -9.8265473606000000E+04
  2.9303009489850001E+06   2.7717039319159999E+06  -7.0296961005000005E+04
  2.9294498011510000E+06   2.7694920714019998E+06  -6.9939227927000000E+04
  2.9285027141270000E+06   2.7708882397759999E+06  -7.1664507285000000E+04
  2.9276506515390002E+06   2.7686741522940001E+06  -7.1306472410999995E+04
  2.9267050495050000E+06   2.7700699904629998E+06  -7.3030069883000004E+04
  2.9258509367769998E+06   2.7678563265610002E+06  -7.2674339204000004E+04
  2.9249080032270001E+06   2.7692521298610000E+06  -7.4395221808000002E+04
  2.9240499841379998E+06   2.7670397157520000E+06  -7.4044125260000001E+04
  2.9231103391149999E+06   2.7684342239999999E+06  -7.5760972949000003E+04
  2.9222450730150002E+06   2.7662237743529999E+06  -7.5413266396000006E+04
  2.8711324030089998E+06   2.8391294629839999E+06  -1.8957993062599999E+05
  2.8555077338250000E+06   2.7282040905820001E+06  -1.3671609574300001E+05
  2.9114730281980000E+06   2.8606342313680002E+06  -1.4328164473500001E+05
  2.9137031964819999E+06   2.8636381248510000E+06  -1.4157188812799999E+05
  2.9142439597999998E+06   2.8659500622190000E+06  -1.4140000179200000E+05
  2.9044416019020001E+06   2.8239380052430001E+06  -1.4116109264900000E+05
  2.9116919509649999E+06   2.7937130445309998E+06  -1.0938741068400000E+05
  2.9101986973350001E+06   2.7934298837770000E+06  -1.1119269336999999E+05
  2.9154014751519999E+06   2.8643225283329999E+06  -1.4002422560599999E+05
  2.9213394743579999E+06   2.7675954363529999E+06  -7.7161125018999999E+04
  2.9204412387339999E+06   2.7654084903279999E+06  -7.6771668615000002E+04
  2.9032544202430001E+06   2.8247272733209999E+06  -1.4301234523599999E+05
  2.9046697319129999E+06   2.8261704646749999E+06  -1.4181116255099999E+05
  2.9159381947410000E+06   2.8666318211750002E+06  -1.3985586882999999E+05
  2.9170994685040000E+06   2.8650141692960002E+06  -1.3847794990199999E+05
  2.8671231207360001E+06   2.8329446319019999E+06  -1.9652308964600001E+05
  2.9185381065770001E+06   2.8139143000540002E+06  -1.1555039534100000E+05
  2.8950544592459998E+06   2.7170714926410001E+06  -7.1776979560000007E+04
  2.8384287075580000E+06   2.6994329638950001E+06  -1.2823956181100001E+05
  2.8367181618240001E+06   2.6986354550930001E+06  -1.2947497782900000E+05
  2.8377072496659998E+06   2.7005654859369998E+06  -1.3021740975500000E+05
  2.8359430805150000E+06   2.6996979111400000E+06  -1.3149162503800000E+05
  2.8369477115300000E+06   2.7016635581749999E+06  -1.3228162041300000E+05
  2.8351849417320001E+06   2.7007997950030002E+06  -1.3357801539700001E+05
  2.8363144770869999E+06   2.7028026474239998E+06  -1.3433403482700000E+05
  2.8345449321889998E+06   2.7019419185070000E+06  -1.3559844900699999E+05
  2.8356245786779998E+06   2.7038311960550002E+06  -1.3635073874900001E+05
  2.8339476206029998E+06   2.7030245932499999E+06  -1.3755915018999999E+05
  2.8349876308590001E+06   2.7048782125980002E+06  -1.3832146655400001E+05
  2.8333128686299999E+06   2.7040599052430000E+06  -1.3951404178400000E+05
  2.8343866042559999E+06   2.7060096132330000E+06  -1.4034126814400000E+05
  2.8323313033030001E+06   2.7048730085359998E+06  -1.4165696996600000E+05
  2.8336175532189999E+06   2.7070606270750002E+06  -1.4248262973799999E+05
  2.8316983868029998E+06   2.7061787931100000E+06  -1.4370811947199999E+05
  2.8326911467419998E+06   2.7080807324239998E+06  -1.4448891841700001E+05
  2.8308421306210002E+06   2.7072457820400000E+06  -1.4565794454800000E+05
  2.8319101065219999E+06   2.7091684924969999E+06  -1.4637840512300000E+05
  2.8300581592899999E+06   2.7083697014629999E+06  -1.4758560236700001E+05
  2.8312247006089999E+06   2.7103045290259998E+06  -1.4828601281099999E+05
  2.8292623589730002E+06   2.7094814546579998E+06  -1.4951412641200001E+05
  2.8304775207850002E+06   2.7113638226129999E+06  -1.5035050542900001E+05
  2.8281685681070001E+06   2.7075269843350002E+06  -1.4879050921500000E+05
  2.8273595586210000E+06   2.7086165177610000E+06  -1.5071163489600000E+05
  2.8262865534750000E+06   2.7066586418960001E+06  -1.4996248202299999E+05
  2.8254538640290000E+06   2.7077656899730000E+06  -1.5186376888500000E+05
  2.8242402270670002E+06   2.7059586642280002E+06  -1.5096619552899999E+05
  2.8233936833050000E+06   2.7070984793489999E+06  -1.5286097575400001E+05
  2.8221903163359999E+06   2.7052832755789999E+06  -1.5194634925200001E+05
  2.8214338492919998E+06   2.7063236402610000E+06  -1.5395306068400000E+05
  2.8202153163899998E+06   2.7045400745140002E+06  -1.5299866776400001E+05
  2.8226583959120000E+06   2.7081139619359998E+06  -1.5490958437000000E+05
  2.8194772754950002E+06   2.7055417295110002E+06  -1.5504482235400000E+05
  2.8182632758800001E+06   2.7037500649600001E+06  -1.5407540801099999E+05
  2.8175116777670002E+06   2.7047502902050000E+06  -1.5613415444899999E+05
  2.8162905535260001E+06   2.7029508212950001E+06  -1.5516246729700000E+05
  2.8155354662090000E+06   2.7039367864179998E+06  -1.5720694379700001E+05
  2.8143097456060001E+06   2.7021266960649998E+06  -1.5622674866000001E+05
  2.8150774588649999E+06   2.7011570020079999E+06  -1.5418937615500001E+05
  2.8130156939130002E+06   2.7004491527339998E+06  -1.5515633781200001E+05
  2.8138350282790000E+06   2.6994487867379999E+06  -1.5318133554500001E+05
  2.8117027559250002E+06   2.6988551111369999E+06  -1.5402867561400001E+05
  2.8108547621100000E+06   2.6998321608350002E+06  -1.5599447509399999E+05
  2.8095220062660002E+06   2.6982048992650001E+06  -1.5483749439199999E+05
  2.8104567541550002E+06   2.6972670210660002E+06  -1.5285738229300000E+05
  2.8082933234359999E+06   2.6965561917599998E+06  -1.5357145760100000E+05
  2.8093203471289999E+06   2.6956764922509999E+06  -1.5161327943600001E+05
  2.8072152418840001E+06   2.6949161852460001E+06  -1.5222905182200001E+05
  2.8061448299230002E+06   2.6957697738569998E+06  -1.5417252548499999E+05
  2.8051244386390001E+06   2.6941312256700001E+06  -1.5280701122900000E+05
  2.8062396914610001E+06   2.6931655143639999E+06  -1.5093734924800001E+05
  2.8040533566370001E+06   2.6923476748970002E+06  -1.5154508401200001E+05
  2.8053423283609999E+06   2.6914081185409999E+06  -1.4958334256399999E+05
  2.8030494031570000E+06   2.6905275626670001E+06  -1.5019494195499999E+05
  2.8044848536700001E+06   2.6896499400249999E+06  -1.4820053714599999E+05
  2.8021152898200001E+06   2.6888782076010001E+06  -1.4863796917200001E+05
  2.8031070369819999E+06   2.6934401615300002E+06  -1.5343949763100001E+05
  2.8035216463070000E+06   2.6880595957860001E+06  -1.4672850603600001E+05
  2.8010985462540002E+06   2.6874851664430001E+06  -1.4695053023900001E+05
  2.8024637751389998E+06   2.6866789616669999E+06  -1.4507908237100000E+05
  2.8000750912460000E+06   2.6861104463379998E+06  -1.4529448339099999E+05
  2.7987210444609998E+06   2.6869038694099998E+06  -1.4714105330400000E+05
  2.7977271522390000E+06   2.6855424357799999E+06  -1.4549200158400001E+05
  2.7990396879130001E+06   2.6847458449160000E+06  -1.4365954936500001E+05
  2.9326494449300002E+06   2.8483780772819999E+06  -1.1827696666200001E+05
  2.9104325014749998E+06   2.7916876473420002E+06  -1.0957530375000001E+05
  2.9090026347639998E+06   2.7913908727690000E+06  -1.1147691392799999E+05
  2.9087673699710001E+06   2.7931334939330001E+06  -1.1308648738300000E+05
  2.9075972206520000E+06   2.7911979698180002E+06  -1.1341751495800000E+05
  2.9073388179620001E+06   2.7928055127170002E+06  -1.1496356358300000E+05
  2.9062258468430000E+06   2.7907914846780002E+06  -1.1520660885600001E+05
  2.9059983938340000E+06   2.7923982418829999E+06  -1.1685961935600000E+05
  2.9048832170389998E+06   2.7902974144210001E+06  -1.1708586270500001E+05
  2.8324907971560000E+06   2.7122084919900000E+06  -1.4914003603399999E+05
  2.8316997683750000E+06   2.7132586000239998E+06  -1.5124173086899999E+05
  2.9213683967590001E+06   2.7640221915980000E+06  -7.5033399527000001E+04
  2.9195685449569998E+06   2.7632028734990000E+06  -7.6403925824000005E+04
  2.9046616057690000E+06   2.7919853522729999E+06  -1.1879309312200001E+05
  2.9035219442880000E+06   2.7898951935190000E+06  -1.1906914399000000E+05
  2.9176324575870000E+06   2.8673220603299998E+06  -1.3831300834999999E+05
  2.9164829103410002E+06   2.8689372504130001E+06  -1.3967913922600000E+05
  2.9187932629840001E+06   2.8657119519010000E+06  -1.3693670124800000E+05
  2.9196426643460002E+06   2.7667170703420001E+06  -7.8609386859999999E+04
  2.9033388717870000E+06   2.8270231497399998E+06  -1.4366926741999999E+05
  2.9048180581800002E+06   2.8284853622559998E+06  -1.4239867004900001E+05
  2.8336980591640002E+06   2.7141370514710001E+06  -1.5008741845400000E+05
  2.8329028919210001E+06   2.7151539712959998E+06  -1.5215459400700001E+05
  2.8348909729530001E+06   2.7160332135820002E+06  -1.5101239079999999E+05
  2.8340977088179998E+06   2.7170384353789999E+06  -1.5306371830199999E+05
  2.9033229270710000E+06   2.7915908679979998E+06  -1.2074429383400000E+05
  2.9021843932820000E+06   2.7895014646140002E+06  -1.2101903504100000E+05
  2.8998101477440000E+06   2.7643920304470002E+06  -1.0272789313600000E+05
  2.8323961286160001E+06   2.7023173523929999E+06  -1.3872072999500000E+05
  2.9181712953430000E+06   2.8696289318080000E+06  -1.3814221935299999E+05
  2.9170355745649999E+06   2.8712424357429999E+06  -1.3949463764199999E+05
  2.8538956236200002E+06   2.6964584677289999E+06  -1.0571212170200000E+05
  2.8360712882030001E+06   2.7179070239340002E+06  -1.5192485738900001E+05
  2.8352843591700001E+06   2.7189116241959999E+06  -1.5396851725700000E+05
  2.9204883551830002E+06   2.7618220012790002E+06  -7.4657684255999993E+04
  2.9186942622000002E+06   2.7609984329260001E+06  -7.6038754476000002E+04
  2.9009764254310001E+06   2.7640410228690002E+06  -1.0072620183400001E+05
  2.8542834067859999E+06   2.7871405466990001E+06  -2.0400904997900000E+05
  2.8556347158120000E+06   2.7884460382490000E+06  -2.0266738771000001E+05
  2.8549733150570001E+06   2.7863740056799999E+06  -2.0186953359700000E+05
  2.8563514050659998E+06   2.7876987438110001E+06  -2.0048523921599999E+05
  2.8556923464690000E+06   2.7856281405890002E+06  -1.9968419538399999E+05
  2.8570984381129998E+06   2.7870159350910001E+06  -1.9830856619400001E+05
  2.8564863122419999E+06   2.7849913412080002E+06  -1.9746128809700001E+05
  2.8578554595369999E+06   2.7863873772749999E+06  -1.9616731717400000E+05
  2.8572629258710002E+06   2.7843797033279999E+06  -1.9529841025399999E+05
  2.8586097143959999E+06   2.7857893923630002E+06  -1.9406268102200000E+05
  2.8580279854410002E+06   2.7837669106540000E+06  -1.9315727057299999E+05
  2.8593492038449999E+06   2.7852058498600000E+06  -1.9195329842300000E+05
  2.8587655130710001E+06   2.7831341920630001E+06  -1.9102865972200001E+05
  2.8600812421740000E+06   2.7845793937220001E+06  -1.8980938615199999E+05
  2.8606278317519999E+06   2.7866902316649999E+06  -1.9068052473599999E+05
  2.8614106695929999E+06   2.7860528836440002E+06  -1.8856174034200000E+05
  2.8619297501800000E+06   2.7882521285460000E+06  -1.8943721679400001E+05
  2.8627614378970000E+06   2.7875458211599998E+06  -1.8729061977500000E+05
  2.8632962252989998E+06   2.7898032048530001E+06  -1.8815289391099999E+05
  2.8641221973310001E+06   2.7890205504720001E+06  -1.8598612630900001E+05
  2.8646741365530002E+06   2.7912640190369999E+06  -1.8680532147299999E+05
  2.8654689134680000E+06   2.7904573500399999E+06  -1.8467648458500000E+05
  2.8660361721520000E+06   2.7926853722450002E+06  -1.8545472990300000E+05
  2.8594953130299998E+06   2.7824712642680001E+06  -1.8890930754899999E+05
  2.8580562778830002E+06   2.7811043278939999E+06  -1.9005550335700001E+05
  2.8587440113920001E+06   2.7804052950789998E+06  -1.8796691680899999E+05
  2.8573189008410000E+06   2.7790348788100001E+06  -1.8909517669299999E+05
  2.8667882407689998E+06   2.7918438357730000E+06  -1.8337619220200001E+05
  2.8674134974030000E+06   2.7940706990450001E+06  -1.8404637835200000E+05
  2.8579783896180000E+06   2.7783087418180001E+06  -1.8701652566300001E+05
  2.8565359099940001E+06   2.7769360282689999E+06  -1.8818843068600001E+05
  2.8572245274780001E+06   2.7762157079260000E+06  -1.8604824053899999E+05
  2.8557978506660000E+06   2.7748724366120002E+06  -1.8723612046300000E+05
  2.8564669225539998E+06   2.7741234386390001E+06  -1.8509790928800000E+05
  2.8550448780359998E+06   2.7728673105720002E+06  -1.8637932859900000E+05
  2.8556436462670001E+06   2.7720180913280002E+06  -1.8426079274400001E+05
  2.8541436696319999E+06   2.7707695274709999E+06  -1.8569997647200001E+05
  2.8547769541910002E+06   2.7698794576099999E+06  -1.8346660148700001E+05
  2.8531520956629999E+06   2.7686094583080001E+06  -1.8488822469300000E+05
  2.8537932803859999E+06   2.7677981175600002E+06  -1.8264350167299999E+05
  2.8522226804979998E+06   2.7665153219699999E+06  -1.8394162251399999E+05
  2.8528849442050001E+06   2.7657401594779999E+06  -1.8180682641199999E+05
  2.8513634699829998E+06   2.7645161765210000E+06  -1.8305919702500000E+05
  2.8519833572189999E+06   2.7637207947709998E+06  -1.8100418442400001E+05
  2.8504934966420000E+06   2.7625552213480002E+06  -1.8226989890500001E+05
  2.8510659175069998E+06   2.7617021333499998E+06  -1.8023065456500000E+05
  2.8495795362490001E+06   2.7605668310360000E+06  -1.8152629943700001E+05
  2.8501336813190002E+06   2.7596593439070000E+06  -1.7945471114100001E+05
  2.8486434906790000E+06   2.7585248696650001E+06  -1.8075813836400001E+05
  2.8491969876020001E+06   2.7575985238990001E+06  -1.7866519384900000E+05
  2.8477001028339998E+06   2.7564644150399999E+06  -1.7998099590400001E+05
  2.8482759876569998E+06   2.7555220904689999E+06  -1.7782904920400001E+05
  2.8466948301380002E+06   2.7544283707440002E+06  -1.7922536350100001E+05
  2.8472332646670002E+06   2.7534544794290001E+06  -1.7705906941600001E+05
  2.8456226696469998E+06   2.7523981497840001E+06  -1.7852262997700000E+05
  2.8461059308950002E+06   2.7513872805349999E+06  -1.7640547164300000E+05
  2.8445251262329998E+06   2.7503580128620001E+06  -1.7785146927599999E+05
  2.8450037479019999E+06   2.7493530691149998E+06  -1.7573723487499999E+05
  2.8434316145489998E+06   2.7483281496720002E+06  -1.7717854166300001E+05
  2.8439266059559998E+06   2.7473463107810002E+06  -1.7504480267199999E+05
  2.8423566878880002E+06   2.7463193398710000E+06  -1.7647957691300000E+05
  2.8428604899269999E+06   2.7453495162350000E+06  -1.7434583649700001E+05
  2.8412900592629998E+06   2.7443162075049998E+06  -1.7577334939500000E+05
  2.8418001294490001E+06   2.7433583070009998E+06  -1.7364395432799999E+05
  2.8402246234710002E+06   2.7423158397990000E+06  -1.7506858711800000E+05
  2.8397210871509998E+06   2.7432782718839999E+06  -1.7719234226700000E+05
  2.8386446079380000E+06   2.7412703535330002E+06  -1.7649725226499999E+05
  2.8681910188429998E+06   2.7931333483630000E+06  -1.8177303334400000E+05
  2.8687569843090000E+06   2.7955083160850001E+06  -1.8263326079000000E+05
  2.8680196156239999E+06   2.7963521204630001E+06  -1.8476663567399999E+05
  2.8693548795150002E+06   2.7977414459030000E+06  -1.8331409611000001E+05
  2.8700681892829998E+06   2.7969508180280002E+06  -1.8127152024700001E+05
  2.8706317623339999E+06   2.7991464692110000E+06  -1.8187069672899999E+05
  2.8698451740469998E+06   2.8000039441820001E+06  -1.8391500707600001E+05
  2.8711146038739998E+06   2.8014018433630001E+06  -1.8242446362500000E+05
  2.8718885595749998E+06   2.8005405902900002E+06  -1.8040157458300001E+05
  2.8723809785810001E+06   2.8027866016980000E+06  -1.8093115083900001E+05
  2.8716081416280000E+06   2.8036568925359999E+06  -1.8295780151700001E+05
  2.8728784831190002E+06   2.8050364537499999E+06  -1.8145361170400001E+05
  2.8736474774779999E+06   2.8041576680520000E+06  -1.7942870092599999E+05
  2.8741464179580002E+06   2.8064040134109999E+06  -1.7994616759100000E+05
  2.8662788847010001E+06   2.7897066818980002E+06  -1.8256547941100001E+05
  2.8721091343189999E+06   2.8059116837660000E+06  -1.8347688056900000E+05
  2.8381472930049999E+06   2.7422440797450002E+06  -1.7862462487500001E+05
  2.8370592467930000E+06   2.7402301042169998E+06  -1.7794204995399999E+05
  2.8749118710340001E+06   2.8055103601609999E+06  -1.7791828372300000E+05
  2.8754132034840002E+06   2.8077615586970001E+06  -1.7843438463700001E+05
  2.8407419333339999E+06   2.7413685535370000E+06  -1.7294014554500001E+05
  2.8440627037330000E+06   2.7513548905290002E+06  -1.7991473770999999E+05
  2.8579843146210001E+06   2.7754556602300000E+06  -1.8377356100200000E+05
  2.9035234421529998E+06   2.8294088841300001E+06  -1.4423718476700000E+05
  2.9050440470639998E+06   2.8308151292309999E+06  -1.4297631122700000E+05
  2.9182711940029999E+06   2.8634023070399999E+06  -1.3709074794900001E+05
  2.9199625318129999E+06   2.8641069735030001E+06  -1.3555294480500001E+05
  2.9014817521870001E+06   2.7659536050590002E+06  -1.0199195015900000E+05
  2.9083022158630001E+06   2.8169178960380000E+06  -1.3224080285899999E+05
  2.8761291286749998E+06   2.8068519934720001E+06  -1.7637095151700001E+05
  2.8765074517130000E+06   2.8091254730130001E+06  -1.7680264769799999E+05
  2.8758099837989998E+06   2.8100454324180000E+06  -1.7887785159100001E+05
  2.8768908956030002E+06   2.8114187407630002E+06  -1.7723401687200001E+05
  2.8761967741069999E+06   2.8123487249269998E+06  -1.7930737439600000E+05
  2.8772802333049998E+06   2.8137204600000000E+06  -1.7765696394600000E+05
  2.8779723654560000E+06   2.8127765327440002E+06  -1.7558021951900001E+05
  2.8783664598039999E+06   2.8150783687820002E+06  -1.7599260373999999E+05
  2.8790552614059998E+06   2.8141249382000002E+06  -1.7391796311899999E+05
  2.8794583259459999E+06   2.8164263757910002E+06  -1.7431008013900000E+05
  2.8801394368540002E+06   2.8154678422269998E+06  -1.7224975754200001E+05
  2.8805524663080000E+06   2.8177627208799999E+06  -1.7261592429600001E+05
  2.8371529232919998E+06   2.7198545895630000E+06  -1.5277315965900000E+05
  2.9019952698289999E+06   2.7912052975380002E+06  -1.2270423092000000E+05
  2.9008507265639999E+06   2.7891371794139999E+06  -1.2298560719300000E+05
  2.9187183251979998E+06   2.8719377133399998E+06  -1.3796375156400001E+05
  2.9176017282340000E+06   2.8735465298919999E+06  -1.3929684259900000E+05
  2.9026160348860002E+06   2.7655696868759999E+06  -1.0000122332900000E+05
  2.9223580074390001E+06   2.8303961878430001E+06  -1.2103671196700000E+05
  2.8059131593360002E+06   2.6888445805390002E+06  -1.4629263259500000E+05
  2.8364299388970002E+06   2.7208085855040001E+06  -1.5484746418000001E+05
  2.8345325038569998E+06   2.7199118922919999E+06  -1.5602573463600001E+05
  2.8480688065889999E+06   2.7594738794740001E+06  -1.8291592399499999E+05
  2.8365671215260001E+06   2.7412174183169999E+06  -1.8007780588199999E+05
  2.8353928574939999E+06   2.7392635948770000E+06  -1.7937605959600001E+05
  2.8209957728329999E+06   2.6738156161610000E+06  -1.1616938045900001E+05
  2.9031531768999998E+06   2.7674864518880001E+06  -1.0122658058800000E+05
  2.8382088216579999E+06   2.7218119221990001E+06  -1.5359223770800000E+05
  2.9196041542270002E+06   2.7596252373339999E+06  -7.4288072044000000E+04
  2.9178176308450000E+06   2.7587968690909999E+06  -7.5678094322999998E+04
  2.8863855741599998E+06   2.7974407511550002E+06  -1.5339305928300001E+05
  2.8764920970219998E+06   2.8146716867470001E+06  -1.7968347022300001E+05
  2.9086590357120000E+06   2.8679428337450000E+06  -1.4712000400700001E+05
  2.8798728098419998E+06   2.8187258581570000E+06  -1.7465396689899999E+05
  2.8809834461309998E+06   2.8200509865750000E+06  -1.7293826739100000E+05
  2.8817888149379999E+06   2.8190517290779999E+06  -1.7100256378900001E+05
  2.8821703075779998E+06   2.8213435100719999E+06  -1.7126849172699999E+05
  2.9037545881400001E+06   2.8317779318390000E+06  -1.4478451547899999E+05
  2.9022438015870000E+06   2.8303732520900001E+06  -1.4607142246000000E+05
  2.9052889939710000E+06   2.8331590402670000E+06  -1.4355025880300000E+05
  2.9042900796289998E+06   2.7670502710819999E+06  -9.9178178186999998E+04
  2.9037735552490000E+06   2.7648969391279998E+06  -9.7904840647000005E+04
  2.9047135290060001E+06   2.7690770744650001E+06  -1.0036586558899999E+05
  2.9192724417140000E+06   2.8742473451259998E+06  -1.3777851823399999E+05
  2.8433955179420002E+06   2.7702604022340002E+06  -2.0601224153100001E+05
  2.8832353801600002E+06   2.8202639452419998E+06  -1.6949270175800001E+05
  2.8835039085889999E+06   2.8225643336840002E+06  -1.6965051310700001E+05
  2.9194530876549999E+06   2.8617973928820002E+06  -1.3569471646299999E+05
  2.9211396260939999E+06   2.8625102375099999E+06  -1.3416283680900000E+05
  2.8623692084880001E+06   2.7052574690530002E+06  -1.0260204991700000E+05
  2.8423199228200000E+06   2.7424124541250002E+06  -1.7151299679599999E+05
  2.9051853897719998E+06   2.7885080395579999E+06  -1.1516237966000001E+05
  2.9181820238160002E+06   2.8758530012679999E+06  -1.3908558555100000E+05
  2.9006899737640000E+06   2.7908086279920000E+06  -1.2469922664100000E+05
  2.8995056818619999E+06   2.7887702750809998E+06  -1.2496934271700001E+05
  2.8356917015960002E+06   2.7218201670050002E+06  -1.5688736961500000E+05
  2.8337946411110000E+06   2.7209231615470001E+06  -1.5807397362700000E+05
  2.8358912955700001E+06   2.7382734820679999E+06  -1.7721706760700000E+05
  2.8341033926619999E+06   2.7373946416710000E+06  -1.7862621396200001E+05
  2.8799395271879998E+06   2.8211297331449999E+06  -1.7481064115200000E+05
  2.9018761461330000E+06   2.7928607573440000E+06  -1.2444298658500001E+05
  2.8892955676790001E+06   2.7306555401599999E+06  -9.0116833635999996E+04
  2.9058252512480002E+06   2.7686848551550000E+06  -9.8286014744000000E+04
  2.9062166585530001E+06   2.7707048133879998E+06  -9.9461793472000005E+04
  2.8368230286929999E+06   2.7169808945980002E+06  -1.4984341435800001E+05
  2.8167680509870001E+06   2.7057486247399999E+06  -1.5818205434800001E+05
  2.9255337119890000E+06   2.8076164543329999E+06  -1.0101144578200000E+05
  2.9271432732110000E+06   2.8081514253230002E+06  -9.9225454945000005E+04
  2.9266408983560000E+06   2.8097530786379999E+06  -1.0097344701400000E+05
  2.9283006815570001E+06   2.8102636329879998E+06  -9.9257634030000001E+04
  2.9278480650960002E+06   2.8118303458270002E+06  -1.0105141299400000E+05
  2.9294856479819999E+06   2.8123516718319999E+06  -9.9344381492999993E+04
  2.9290642938350001E+06   2.8139039292669999E+06  -1.0114927049200000E+05
  2.9306690959749999E+06   2.8144452221889999E+06  -9.9436906168000001E+04
  2.9302795759430001E+06   2.8159829847419998E+06  -1.0125324123600000E+05
  2.9318522511490001E+06   2.8165448886839999E+06  -9.9534179363000003E+04
  2.9323479101200001E+06   2.8149467542260000E+06  -9.7792882618999996E+04
  2.9335231460179999E+06   2.8170482087209998E+06  -9.7900898490000007E+04
  2.9340192266299999E+06   2.8154432145949998E+06  -9.6154164632999993E+04
  2.9352201224659998E+06   2.8175205489460002E+06  -9.6286357864999998E+04
  2.9357281010440001E+06   2.8159099355520001E+06  -9.4543456244999994E+04
  2.9369414073950001E+06   2.8179676223990000E+06  -9.4689647186999995E+04
  2.9374503701240001E+06   2.8163630321550001E+06  -9.2950041696000000E+04
  2.9386623878730000E+06   2.8184093307240000E+06  -9.3089361246999993E+04
  2.9391770860359999E+06   2.8168196818880001E+06  -9.1354252273000006E+04
  2.9381273230860000E+06   2.8200440068270001E+06  -9.4800028537000006E+04
  2.9398178485180000E+06   2.8204863365389998E+06  -9.3168438896000007E+04
  2.9392297615129999E+06   2.8221642505040001E+06  -9.4829745905000003E+04
  2.9409181904110000E+06   2.8226072219250002E+06  -9.3200890394000002E+04
  2.9403551382780001E+06   2.8242905327909999E+06  -9.4837346560000005E+04
  2.9420657540250001E+06   2.8247640480999998E+06  -9.3201848612999995E+04
  2.9414817777479999E+06   2.8264156335470001E+06  -9.4842825794000004E+04
  2.9432059997149999E+06   2.8268942772800000E+06  -9.3308226376000006E+04
  2.9398005334859998E+06   2.8259554568909998E+06  -9.6453351825000005E+04
  2.9426353994060000E+06   2.8285036307830000E+06  -9.4890066816000006E+04
  2.9442824288690002E+06   2.8289630241089999E+06  -9.3480080709000002E+04
  2.9439899191490002E+06   2.8252815597540000E+06  -9.1504903334000002E+04
  2.8349122043180000E+06   2.7402612343799998E+06  -1.8151929629999999E+05
  2.8791748836349999E+06   2.7129109623079998E+06  -8.8047733663000006E+04
  2.9438155322400001E+06   2.8305576079259999E+06  -9.4927419217000002E+04
  2.9454727614759998E+06   2.8308995674510002E+06  -9.3427514116000006E+04
  2.9024814655559999E+06   2.8327647411290002E+06  -1.4658295653100000E+05
  2.9009968150140001E+06   2.8313777808380001E+06  -1.4788020956500000E+05
  2.9206218072650000E+06   2.7688493423970002E+06  -7.9069253635999994E+04
  2.8845578330700002E+06   2.8214665855410001E+06  -1.6788047949699999E+05
  2.8848296272280002E+06   2.8237571921540000E+06  -1.6803877092499999E+05
  2.8465796578050000E+06   2.7503545842160000E+06  -1.7425915597699999E+05
  2.9187172984460001E+06   2.7574329610509998E+06  -7.3923666396999994E+04
  2.9169400028499998E+06   2.7565984392579999E+06  -7.5320542786000005E+04
  2.9161006076600002E+06   2.7579306191670001E+06  -7.7122631529999999E+04
  2.9152228798770001E+06   2.7557319871279998E+06  -7.6763943549999996E+04
  2.8553686197770000E+06   2.7690212167759999E+06  -1.8129661155300000E+05
  2.8497599548180001E+06   2.7567240413919999E+06  -1.7661727033800000E+05
  2.8412710158520001E+06   2.7404387111720000E+06  -1.7081349111700000E+05
  2.8428487649460002E+06   2.7414812672400000E+06  -1.6938503314499999E+05
  2.9143852251169998E+06   2.7570685396819999E+06  -7.8567875025000001E+04
  2.9135110995270000E+06   2.7548686006939998E+06  -7.8199629581000001E+04
  2.8346087220200002E+06   2.7363925024060002E+06  -1.7643974969900001E+05
  2.8328071803350002E+06   2.7355193677280000E+06  -1.7787739084499999E+05
  2.9005481787100001E+06   2.7924707679740000E+06  -1.2641750105799999E+05
  2.8575326953719999E+06   2.7233451139799999E+06  -1.2757133891200001E+05
  2.8858791264320002E+06   2.8226233592340001E+06  -1.6625922686699999E+05
  2.8861410505700000E+06   2.8249180040980000E+06  -1.6643973864200001E+05
  2.8871827017899998E+06   2.8237473081919998E+06  -1.6466024723000001E+05
  2.8874329984849999E+06   2.8260695766690001E+06  -1.6486640010599999E+05
  2.8582130273230001E+06   2.7427926571109998E+06  -1.4827479705699999E+05
  2.9192812415580000E+06   2.8317803915400002E+06  -1.2582334798900000E+05
  2.8360276492380002E+06   2.6875004516179999E+06  -1.1724526248999999E+05
  2.8350072343080002E+06   2.6856544520970001E+06  -1.1610356334700000E+05
  2.8364637374240002E+06   2.7069355950509999E+06  -1.3876283597499999E+05
  2.9017587978070001E+06   2.7945148564720000E+06  -1.2617728021400000E+05
  2.9073930113659999E+06   2.7702592880330002E+06  -9.7407216159999996E+04
  2.9077532451829999E+06   2.7722849720689999E+06  -9.8572380799000006E+04
  2.9118507271920000E+06   2.7920393743079999E+06  -1.0785323238800000E+05
  2.8851155532120001E+06   2.8260781432989999E+06  -1.6819348335699999E+05
  2.8147921824360001E+06   2.7049335864430000E+06  -1.5925254530900001E+05
  2.8160339414889999E+06   2.7067556149129998E+06  -1.6023075973300001E+05
  2.8140614389160001E+06   2.7059458861730001E+06  -1.6130436951300001E+05
  2.8153224513369999E+06   2.7077766512620002E+06  -1.6226051925899999E+05
  2.8133546651280001E+06   2.7069808982660002E+06  -1.6335208028600001E+05
  2.8146522107630000E+06   2.7087869718800001E+06  -1.6429871696900000E+05
  2.8127722165939999E+06   2.7079289770559999E+06  -1.6545616931000000E+05
  2.8140835017670002E+06   2.7096987819260000E+06  -1.6637652566900000E+05
  2.8122047295969999E+06   2.7088914476580000E+06  -1.6755904280500000E+05
  2.8135667595440000E+06   2.7106088647190002E+06  -1.6838481204300001E+05
  2.8108169437150001E+06   2.7071370514900000E+06  -1.6663061348100001E+05
  2.8153694201030000E+06   2.7114412954899999E+06  -1.6728932200200000E+05
  2.8147869531930001E+06   2.7122673964860002E+06  -1.6925844696599999E+05
  2.8166114441209999E+06   2.7131934209280000E+06  -1.6827286616000001E+05
  2.8158988457860001E+06   2.7140022067990000E+06  -1.7038416581800001E+05
  2.8178560709830001E+06   2.7149789466920001E+06  -1.6930231894800000E+05
  2.8171525106520001E+06   2.7158522387279999E+06  -1.7149711257100001E+05
  2.8191654084560000E+06   2.7168000042719999E+06  -1.7030077971100001E+05
  2.8185514951020000E+06   2.7177357742189998E+06  -1.7247218696299999E+05
  2.8546945082840002E+06   2.7114943646740001E+06  -1.2058406119900000E+05
  2.9450312678950001E+06   2.8325863537699999E+06  -9.4897290966999994E+04
  2.9467554099770002E+06   2.8328986495070001E+06  -9.3310657986999999E+04
  2.8205121619070000E+06   2.7186267263540002E+06  -1.7124636156399999E+05
  2.8199329308940000E+06   2.7196255442639999E+06  -1.7335421658099999E+05
  2.9206122389440001E+06   2.8601985819689999E+06  -1.3427599575199999E+05
  2.9222937881040000E+06   2.8609229917580001E+06  -1.3275038070000001E+05
  2.9228280768220001E+06   2.8632247607069998E+06  -1.3265263033300001E+05
  2.9433174730779999E+06   2.8322150463789999E+06  -9.6453305043000000E+04
  2.8525446966599999E+06   2.7628591346209999E+06  -1.7897447043399999E+05
  2.9010643221930000E+06   2.7874027503089998E+06  -1.2125521917300000E+05
  2.9198409658380002E+06   2.8765708289470002E+06  -1.3758138813300000E+05
  2.9187548251720001E+06   2.8782117507219999E+06  -1.3888606592600001E+05
  2.8369360094090002E+06   2.6868003718229998E+06  -1.1520788797400000E+05
  2.8360182333940002E+06   2.6848475483070002E+06  -1.1414494651100000E+05
  2.9012441518379999E+06   2.8337560536739998E+06  -1.4837129361699999E+05
  2.8813901931520002E+06   2.7189175666499999E+06  -9.0646001359000002E+04
  2.9240012422750001E+06   2.8616465986029999E+06  -1.3126740967600001E+05
  2.9246003144979998E+06   2.8639181632710001E+06  -1.3117479689699999E+05
  2.9050935331210000E+06   2.7710967347769998E+06  -1.0155915741000000E+05
  2.8237034607750000E+06   2.6852306880819998E+06  -1.2767324420400000E+05
  2.8216392002090001E+06   2.6844699581519999E+06  -1.2859016576800001E+05
  2.9089790098130000E+06   2.7717703659930001E+06  -9.6519528325000007E+04
  2.9093530503210002E+06   2.7738350670309998E+06  -9.7697975296000004E+04
  2.9126767755410001E+06   2.7562078773240000E+06  -8.0001674650000001E+04
  2.9117997904599998E+06   2.7540078258300000E+06  -7.9636407017999998E+04
  2.9126351914329999E+06   2.7526679071809999E+06  -7.7832716398999997E+04
  2.9109224144230001E+06   2.7518075564919999E+06  -7.9271454350999993E+04
  2.8379261141220001E+06   2.6860576434900002E+06  -1.1320487265700000E+05
  2.8370545776399998E+06   2.6840727422630000E+06  -1.1218999994199999E+05
  2.8389800831340002E+06   2.6852815798539999E+06  -1.1122869966600000E+05
  2.8381139270449998E+06   2.6833046382740000E+06  -1.1021576162799999E+05
  2.8400445864370000E+06   2.6845096138769998E+06  -1.0924473027000000E+05
  2.8391803488650001E+06   2.6825288794510001E+06  -1.0822579459700000E+05
  2.8411029634210002E+06   2.6837151299230000E+06  -1.0724498865699999E+05
  2.8401444443480000E+06   2.6818329926880002E+06  -1.0614454594500001E+05
  2.8419588965360001E+06   2.6830943476869999E+06  -1.0509384529300001E+05
  2.8409972633190001E+06   2.6812190935350000E+06  -1.0398012693100001E+05
  2.8427951025950001E+06   2.6824638622260001E+06  -1.0293207270600001E+05
  2.8418438607750000E+06   2.6805955013100002E+06  -1.0181187934699999E+05
  2.8436369194450001E+06   2.6818331360399998E+06  -1.0076131819599999E+05
  2.8426887918030000E+06   2.6799660153470002E+06  -9.9638041437000007E+04
  2.8444998647119999E+06   2.6811813617119999E+06  -9.8599967692999999E+04
  2.8435353842580002E+06   2.6793322095410000E+06  -9.7455662358000001E+04
  2.8454063039890002E+06   2.6804806760260002E+06  -9.6481270906000005E+04
  2.8444271119140000E+06   2.6786453444460002E+06  -9.5323788730999993E+04
  2.8463167962329998E+06   2.6797812852179999E+06  -9.4358987317000006E+04
  2.8425892162299999E+06   2.6774674503640002E+06  -9.6332634151999999E+04
  2.8434544726649998E+06   2.6768127256519999E+06  -9.4161330650000004E+04
  2.8416200067469999E+06   2.6756353122939998E+06  -9.5172080642000001E+04
  2.8424968028400000E+06   2.6749765489460002E+06  -9.2994262564999997E+04
  2.8405689157679998E+06   2.6739088213869999E+06  -9.3902147601999997E+04
  2.8383049480710002E+06   2.6805413329030001E+06  -1.0719189792400000E+05
  2.8418050095930002E+06   2.7395161750730001E+06  -1.6868761978400001E+05
  2.8434795335990000E+06   2.7404744584240001E+06  -1.6730722778700001E+05
  2.9032870662420001E+06   2.7266476877569999E+06  -6.9289234433999998E+04
  2.8514979728379999E+06   2.7671929484970002E+06  -1.8617637237699999E+05
  2.8333173728809999E+06   2.7345186086490001E+06  -1.7568564895800001E+05
  2.9106101225510002E+06   2.7732745360860000E+06  -9.5566059848999997E+04
  2.9109619344400000E+06   2.7754151365390001E+06  -9.6837103508000000E+04
  2.9122282136659999E+06   2.7748811500900001E+06  -9.4722671793000001E+04
  2.8140141942320000E+06   2.7128746420370000E+06  -1.7115002355000001E+05
  2.9178155543120001E+06   2.7552519736090000E+06  -7.3548238479000007E+04
  2.9196100231550001E+06   2.7560777335810000E+06  -7.2167540015000006E+04
  2.8856147218499999E+06   2.8203781288190000E+06  -1.6611432869200001E+05
  2.9462647243130002E+06   2.8346294100390002E+06  -9.4857537286999999E+04
  2.9480090667440002E+06   2.8349851024540002E+06  -9.3276235113999996E+04
  2.9003742796910000E+06   2.7941598024309999E+06  -1.2810045839900000E+05
  2.9472374350190000E+06   2.8309336925420002E+06  -9.1631718752000001E+04
  2.8102405527940001E+06   2.7081009251600001E+06  -1.6872918100499999E+05
  2.8088641149660000E+06   2.7063974860899998E+06  -1.6786207888700001E+05
  2.8472959092089999E+06   2.6816209054279998E+06  -9.5522274535000004E+04
  2.8482075445309998E+06   2.6809197188450000E+06  -9.3396106471999999E+04
  2.8229730835719998E+06   2.6862668870589999E+06  -1.2965763905400000E+05
  2.8209152631979999E+06   2.6855840619810000E+06  -1.3055978311200000E+05
  2.8230394790190002E+06   2.7041579484689999E+06  -1.5006462653099999E+05
  2.8949713186760000E+06   2.7678924540080000E+06  -1.1456202319900000E+05
  2.8937924578359998E+06   2.7682966443210002E+06  -1.1660954538600000E+05
  2.8923370723959999E+06   2.7666052376350001E+06  -1.1749932894500000E+05
  2.8926177293409999E+06   2.7687021744789998E+06  -1.1866321366700000E+05
  2.8912398560100002E+06   2.7669626577840000E+06  -1.1960815826900001E+05
  2.8915879688960002E+06   2.7690277899239999E+06  -1.2081609975700000E+05
  2.8901838784170002E+06   2.7672895924089998E+06  -1.2174784174000000E+05
  2.8905477133050002E+06   2.7693364301900002E+06  -1.2297286813200000E+05
  2.8890710311770001E+06   2.7676326466440000E+06  -1.2384990962799999E+05
  2.8894396838380001E+06   2.7696685215590000E+06  -1.2507679603300001E+05
  2.8879572000679998E+06   2.7679722365879999E+06  -1.2595046498400001E+05
  2.8883245790129998E+06   2.7700033162750001E+06  -1.2717511557900000E+05
  2.8868455148450001E+06   2.7683147578599998E+06  -1.2805018157099999E+05
  2.8864788868040000E+06   2.7662872596700001E+06  -1.2682752416900000E+05
  2.8853693310320000E+06   2.7666323053029999E+06  -1.2892606437399999E+05
  2.8850047746489998E+06   2.7646076585510001E+06  -1.2770261645800000E+05
  2.8838953142610001E+06   2.7649515218580002E+06  -1.2979994493600000E+05
  2.8834906892160000E+06   2.7629520270799999E+06  -1.2855513388900000E+05
  2.8823564702829998E+06   2.7633109803950000E+06  -1.3063360022300000E+05
  2.8819029794319998E+06   2.7613420918500000E+06  -1.2935479185100000E+05
  2.8807032902810001E+06   2.7617396999369999E+06  -1.3138429329400000E+05
  2.8802513980800002E+06   2.7597716701270002E+06  -1.3010376977200000E+05
  2.8872113769290000E+06   2.7703405517890002E+06  -1.2927254968200000E+05
  2.8790535226070001E+06   2.7601685929060001E+06  -1.3213087132999999E+05
  2.8786029900260000E+06   2.7582015931040002E+06  -1.3084872847099999E+05
  2.8797993664469998E+06   2.7578001452750000E+06  -1.2882041510499999E+05
  2.8781547404640000E+06   2.7562312919390001E+06  -1.2956136825100001E+05
  2.8793465083989999E+06   2.7558253598690000E+06  -1.2753504611200000E+05
  2.8777054895640002E+06   2.7542568389329999E+06  -1.2827137316200000E+05
  2.8788923991760002E+06   2.7538467670009998E+06  -1.2624771734800001E+05
  2.8772544163870001E+06   2.7522784627979998E+06  -1.2698008987200000E+05
  2.8784355825399999E+06   2.7518638921810002E+06  -1.2495996789099999E+05
  2.8768352154750000E+06   2.7502725446190001E+06  -1.2572132163900000E+05
  2.8780166878350000E+06   2.7498482234459999E+06  -1.2371099358200000E+05
  2.8764189214130002E+06   2.7482573630900001E+06  -1.2447151966200001E+05
  2.8775938185299998E+06   2.7478275374650001E+06  -1.2246526429000001E+05
  2.8759971244830000E+06   2.7462402211320000E+06  -1.2322751993100000E+05
  2.8771654967490002E+06   2.7458055343700000E+06  -1.2122584980000000E+05
  2.8755692807280002E+06   2.7442232403290002E+06  -1.2199199044300000E+05
  2.8767180017990000E+06   2.7437946027370002E+06  -1.1998546148800000E+05
  2.8751342129620002E+06   2.7422083096050001E+06  -1.2076826048100000E+05
  2.8762398164639999E+06   2.7418046818209998E+06  -1.1873924994700000E+05
  2.8746552389989998E+06   2.7402227362859999E+06  -1.1953308971900000E+05
  2.8757566787029998E+06   2.7398170059159999E+06  -1.1750258149600000E+05
  2.8741845685129999E+06   2.7382276082250001E+06  -1.1832032113600000E+05
  2.8752916185280001E+06   2.7378153617690001E+06  -1.1629183760899999E+05
  2.8737209892819999E+06   2.7362205188839999E+06  -1.1713365605799999E+05
  2.8748315400530002E+06   2.7358050092480001E+06  -1.1509692754000000E+05
  2.8732479450470000E+06   2.7342085244109998E+06  -1.1595645971200000E+05
  2.8743668281709999E+06   2.7337912258480000E+06  -1.1390569087999999E+05
  2.8727686365470001E+06   2.7321908370409999E+06  -1.1478324478800000E+05
  2.8738983835060000E+06   2.7317733334090002E+06  -1.1271615719000000E+05
  2.8722885449740002E+06   2.7301703816640000E+06  -1.1360860670300000E+05
  2.8759591689060000E+06   2.7353939530710001E+06  -1.1303900687100001E+05
  2.8774070603370001E+06   2.7585974505260000E+06  -1.3287287669599999E+05
  2.8811581109989998E+06   2.7637061075220001E+06  -1.3266054275100000E+05
  2.8783062371000000E+06   2.7453848578559998E+06  -1.1919436464099999E+05
  2.8734271744289999E+06   2.7297514255809998E+06  -1.1152697641600000E+05
  2.8718075156740001E+06   2.7281505902269999E+06  -1.1242307501700000E+05
  2.8756512814270002E+06   2.7506902026370000E+06  -1.2772901123900000E+05
  2.9257598651350001E+06   2.8623552400420001E+06  -1.2979731762700000E+05
  2.9263413896510000E+06   2.8646275558969998E+06  -1.2970119570000000E+05
  2.9109676991670001E+06   2.7553488272879999E+06  -8.1436954456000007E+04
  2.9015998302799999E+06   2.7961988569979998E+06  -1.2787076057499999E+05
  2.9125714083739999E+06   2.7770045496620000E+06  -9.6015976594000007E+04
  2.9137976579000000E+06   2.7765097224280001E+06  -9.3986718986000007E+04
  2.8221728335340000E+06   2.6873298361060000E+06  -1.3162919655500000E+05
  2.8735459333580001E+06   2.7406362295680000E+06  -1.2153271473900000E+05
  2.9116343888510000E+06   2.7505397989360001E+06  -7.7375343857999993E+04
  2.9099532023640000E+06   2.7496607569610002E+06  -7.8839626619999995E+04
  2.8756775689659999E+06   2.8046096436200002E+06  -1.7588534455300000E+05
  2.8594551705490001E+06   2.8033832077819998E+06  -2.0752003311700001E+05
  2.8884634853289998E+06   2.8249006487500002E+06  -1.6310335734300001E+05
  2.8887015513149998E+06   2.8272715986460000E+06  -1.6333890815900001E+05
  2.9317980555650000E+06   2.7865127648580000E+06  -7.9653884321999998E+04
  2.9379722683350001E+06   2.8147748210999998E+06  -9.1207938274000000E+04
  2.9397085246020001E+06   2.8152467854030002E+06  -8.9612666928999999E+04
  2.8908022358360002E+06   2.7585214730059998E+06  -1.1260620520200000E+05
  2.8925321173180002E+06   2.8775084166239998E+06  -1.6553829611299999E+05
  2.9470148174470002E+06   2.8034054689400000E+06  -7.3370407321999999E+04
  2.9480561548090000E+06   2.8055996574459998E+06  -7.3834368388000003E+04
  2.9461478900199998E+06   2.8047442126409998E+06  -7.5160138632999995E+04
  2.9170744259899999E+06   2.8775003895089999E+06  -1.4040693611700000E+05
  2.9159456107870000E+06   2.8791225003350000E+06  -1.4170396957500000E+05
  2.8424401513399999E+06   2.7384694697900000E+06  -1.6658444414499999E+05
  2.8441499773090002E+06   2.7394630155799999E+06  -1.6523620332199999E+05
  2.9475029084760002E+06   2.8366846552960002E+06  -9.4820254589000004E+04
  2.9492468574180002E+06   2.8370172422870002E+06  -9.3225449158999996E+04
  2.9238021706190002E+06   2.7952000827400000E+06  -9.4250773390999995E+04
  2.9101522395930002E+06   2.7711706544659999E+06  -9.4467604282000000E+04
  2.9471314718809999E+06   2.8068917288279999E+06  -7.5665357701000001E+04
  2.8549667737360001E+06   2.7754508672699998E+06  -1.8948884922300000E+05
  2.8729540264809998E+06   2.7277246910830000E+06  -1.1033616522900001E+05
  2.8713294867270002E+06   2.7261284674069998E+06  -1.1122728718800000E+05
  2.8745977030930002E+06   2.7293259108719998E+06  -1.0945224407500000E+05
  2.9275061936070002E+06   2.8630691521780002E+06  -1.2831973310100001E+05
  2.9280861591079999E+06   2.8653395611629998E+06  -1.2822468323100000E+05
  2.8491854524110002E+06   2.6827650456690001E+06  -9.4568558590999994E+04
  2.8501008400900001E+06   2.6820606883220002E+06  -9.2433260668999996E+04
  2.9487411311200000E+06   2.8387362978869998E+06  -9.4780763665999999E+04
  2.9504522450130000E+06   2.8390619764760002E+06  -9.3132599644000002E+04
  2.9509484438060001E+06   2.8373168926610001E+06  -9.1572408320000002E+04
  2.8179690976979998E+06   2.7187390362379998E+06  -1.7463983284700001E+05
  2.8193797651010002E+06   2.7206685040770001E+06  -1.7548941567399999E+05
  2.9185682000420000E+06   2.7539777213099999E+06  -7.1687793665000005E+04
  2.9203626576540000E+06   2.7548090347960000E+06  -7.0311498882000000E+04
  2.8886901062489999E+06   2.7720328237839998E+06  -1.2840134648199999E+05
  2.8875751480419999E+06   2.7723646612169999E+06  -1.3049678355100000E+05
  2.9065721643579998E+06   2.8321893875170001E+06  -1.4174668095099999E+05
  2.9068138324819999E+06   2.8345337415270000E+06  -1.4232449830400001E+05
  2.9217468537099999E+06   2.8586130213609999E+06  -1.3283137177000000E+05
  2.9200763488139999E+06   2.8578736456169998E+06  -1.3436952100400001E+05
  2.8519488917709999E+06   2.7150619729960002E+06  -1.2763781393999999E+05
  2.9470418504740000E+06   2.8383659835430002E+06  -9.6427243503000005E+04
  2.8639325645320001E+06   2.7920486545640002E+06  -1.8897833787799999E+05
  2.9091590098080002E+06   2.7894014939379999E+06  -1.0980550104700000E+05
  2.9105549522990002E+06   2.7484570812450000E+06  -7.6860982921999996E+04
  2.9088741762709999E+06   2.7475820158119998E+06  -7.8328512075000006E+04
  2.8082792907759999E+06   2.7073071870610001E+06  -1.6989114131100001E+05
  2.8068973504260001E+06   2.7056525513220001E+06  -1.6910219773000001E+05
  2.8349371695079999E+06   2.7228694563279999E+06  -1.5891739780000001E+05
  2.9002033483540001E+06   2.7958551167020001E+06  -1.2978397921500000E+05
  2.8989750526430001E+06   2.7938168827559999E+06  -1.3001868617500000E+05
  2.9014296572739999E+06   2.7978948573170002E+06  -1.2955365905000000E+05
  2.8200872785160001E+06   2.6866190094809998E+06  -1.3252056542900001E+05
  2.8213334030570001E+06   2.6883657321090000E+06  -1.3360078725400000E+05
  2.8188538721090001E+06   2.6849223368480001E+06  -1.3146633756499999E+05
  2.9292491109730001E+06   2.8637811676989999E+06  -1.2684493703299999E+05
  2.9298309505349998E+06   2.8660504647450000E+06  -1.2674793604800000E+05
  2.8451583519379999E+06   2.7414161879300000E+06  -1.6594622923800000E+05
  2.8458298296429999E+06   2.7404367137969998E+06  -1.6390892177900000E+05
  2.8468225744440001E+06   2.7423261589819998E+06  -1.6457111452000000E+05
  2.8448949180210000E+06   2.7385595121129998E+06  -1.6318272903500000E+05
  2.8448761435870002E+06   2.7718750185230002E+06  -2.0503239004999999E+05
  2.8442898476320002E+06   2.7699197777370000E+06  -2.0383423467700000E+05
  2.9212009560150001E+06   2.8562847509880001E+06  -1.3290751255600000E+05
  2.9195396803190000E+06   2.8555370438410002E+06  -1.3445177513400000E+05
  2.8716410974090002E+06   2.7326230205810000E+06  -1.1681566953600000E+05
  2.8510783754770001E+06   2.6839138112440002E+06  -9.3616565038000001E+04
  2.9385054421299999E+06   2.8131833700339999E+06  -8.9449722578000001E+04
  2.8952444443819998E+06   2.7699907601729999E+06  -1.1572681973000000E+05
  2.8890512032800000E+06   2.7740587499150001E+06  -1.2963151935500000E+05
  2.8879161664550002E+06   2.7744045185219999E+06  -1.3170953796700001E+05
  2.8360888272850001E+06   2.7422150036800001E+06  -1.8220249713900001E+05
  2.8344467896250002E+06   2.7412684669720000E+06  -1.8365402231999999E+05
  2.8356256954060001E+06   2.7432351296190000E+06  -1.8431319451400000E+05
  2.8340124961589999E+06   2.7422581377710002E+06  -1.8579065620999999E+05
  2.8351787788209999E+06   2.7442925165320002E+06  -1.8642640294900001E+05
  2.8327002892439999E+06   2.7403918451879998E+06  -1.8508631952300001E+05
  2.8323295124280001E+06   2.7413329790639998E+06  -1.8724961206799999E+05
  2.8309920678829998E+06   2.7395138627960002E+06  -1.8651679761300000E+05
  2.9309902028850000E+06   2.8644897801879998E+06  -1.2537116851500000E+05
  2.9315757265329999E+06   2.8667614880760000E+06  -1.2527122644899999E+05
  2.9304149346670001E+06   2.8683284182369998E+06  -1.2665063438600001E+05
  2.9327320981709999E+06   2.8651951832150002E+06  -1.2389603181499999E+05
  2.9314983873220002E+06   2.8180695007790001E+06  -1.0135875672400001E+05
  2.8701620965270000E+06   2.7265702801790000E+06  -1.1330511733500000E+05
  2.8696385645849998E+06   2.7245853979480001E+06  -1.1206739022800000E+05
  2.9299314070669999E+06   2.8175039965360002E+06  -1.0307228865800000E+05
  2.9309855783790001E+06   2.8196779999500001E+06  -1.0304148051199999E+05
  2.9193201833489998E+06   2.7527074562090002E+06  -6.9831252072000003E+04
  2.9211082938299999E+06   2.7535545591190001E+06  -6.8474634327000007E+04
  2.9294140639370000E+06   2.8191146325039999E+06  -1.0475852639100001E+05
  2.9303825485439999E+06   2.8213314279590002E+06  -1.0464790464199999E+05
  2.8708067366740000E+06   2.7241416382990000E+06  -1.0997947942400000E+05
  2.8691232258179998E+06   2.7226173627950000E+06  -1.1079064508900000E+05
  2.9288091214790000E+06   2.8207709336959999E+06  -1.0636884394599999E+05
  2.9297860099709998E+06   2.8229838790719998E+06  -1.0624556189000000E+05
  2.8218464479200002E+06   2.7204894736080002E+06  -1.7210172465100000E+05
  2.9141651983810002E+06   2.7785684522429998E+06  -9.5194604474000007E+04
  2.9153757771560000E+06   2.7780651104150000E+06  -9.3179069684000002E+04
  2.9118458508299999E+06   2.7575489649330000E+06  -8.1800929120999994E+04
  2.9101371405099998E+06   2.7566902056820001E+06  -8.3235968395999997E+04
  2.9080926982840002E+06   2.8335567221260001E+06  -1.4052311508100000E+05
  2.9083379330560002E+06   2.8359030131709999E+06  -1.4109760116100000E+05
  2.8917813343460001E+06   2.8581884418500001E+06  -1.6313405646500000E+05
  2.8063584438510002E+06   2.7065859725239999E+06  -1.7111159575400001E+05
  2.8049537742849998E+06   2.7048958785839998E+06  -1.7029757639400000E+05
  2.8897209872829998E+06   2.8261482049349998E+06  -1.6160280447400000E+05
  2.8899194186320002E+06   2.8284815872220001E+06  -1.6188607737600000E+05
  2.8889597042410001E+06   2.8296211424329998E+06  -1.6354042833200001E+05
  2.8901924515559999E+06   2.8307635761719998E+06  -1.6204980445500000E+05
  2.9070651955720000E+06   2.8368888502130001E+06  -1.4289525358600001E+05
  2.9085937594929999E+06   2.8382535978270001E+06  -1.4166166494100000E+05
  2.9073366288410001E+06   2.8392504249979998E+06  -1.4344565331299999E+05
  2.9088668133310000E+06   2.8406035423610001E+06  -1.4220600876500001E+05
  2.9101222933120001E+06   2.8396077701380001E+06  -1.4042427065300001E+05
  2.9057904441530001E+06   2.7940604193079998E+06  -1.1852342040000000E+05
  2.8894006380380001E+06   2.7760896930129998E+06  -1.3086555358599999E+05
  2.8882544333230001E+06   2.7764522942510000E+06  -1.3292607924200001E+05
  2.8867639804270002E+06   2.7747593125780001E+06  -1.3377260291099999E+05
  2.9416437746029999E+06   2.8568157083979999E+06  -1.1111516623500000E+05
  2.9333208475179998E+06   2.8674719007950001E+06  -1.2379407868999999E+05
  2.8919297601200002E+06   2.7710891892690002E+06  -1.2203215702600000E+05
  2.8897059512240002E+06   2.7781448681120002E+06  -1.3208313819600001E+05
  2.8895047180630001E+06   2.8237402889180002E+06  -1.6133109499300001E+05
  2.9094756166229998E+06   2.7463770748390001E+06  -7.6349080983000007E+04
  2.9078025284000002E+06   2.7454997995210001E+06  -7.7825229300000006E+04
  2.8854018118010000E+06   2.8741283799669999E+06  -1.7309143476500001E+05
  2.8173951370760002E+06   2.7197638046780000E+06  -1.7677656899299999E+05
  2.8187509052749998E+06   2.7216469738880000E+06  -1.7763257899899999E+05
  2.9028230501810000E+06   2.7982397253210000E+06  -1.2764624748300000E+05
  2.8197863719029999E+06   2.7158936669939999E+06  -1.6816369745599999E+05
  2.8892374220599998E+06   2.8319693815990002E+06  -1.6371355984599999E+05
  2.8905303706560000E+06   2.8331180839069998E+06  -1.6219165648999999E+05
  2.8380314991230001E+06   2.7035800847570002E+06  -1.3304264992900001E+05
  2.8465044180239998E+06   2.7394317373230001E+06  -1.6185361947599999E+05
  2.8455416100900001E+06   2.7375535699229999E+06  -1.6119408918600000E+05
  2.8973751510270000E+06   2.8790222659009998E+06  -1.6047950412999999E+05
  2.8988082191710002E+06   2.7955145675889999E+06  -1.3169772889500001E+05
  2.8975780306290002E+06   2.7934795657580001E+06  -1.3193811400599999E+05
  2.9206542285199999E+06   2.8539467640220001E+06  -1.3298248970999999E+05
  2.8871023243129998E+06   2.7767954034970002E+06  -1.3497913183500001E+05
  2.8856090595479999E+06   2.7751021013710001E+06  -1.3582968578599999E+05
  2.8192263597499998E+06   2.6876364289540001E+06  -1.3447042577000000E+05
  2.8204851487010000E+06   2.6893913070120001E+06  -1.3556722680199999E+05
  2.9026550879719998E+06   2.7999340738940001E+06  -1.2932428524800000E+05
  2.9223086190419998E+06   2.8547303768130001E+06  -1.3145270528200001E+05
  2.9200688537460002E+06   2.7514354768220000E+06  -6.7977109440999993E+04
  2.9104000622009998E+06   2.8419464402370001E+06  -1.4095918730200001E+05
  2.9116440148049998E+06   2.8409543290280001E+06  -1.3919181813900001E+05
  2.8398302308649998E+06   2.6872477955040000E+06  -1.1225793425400001E+05
  2.8045032111970000E+06   2.7059593576890002E+06  -1.7239304837800001E+05
  2.8030132951380000E+06   2.7041431666330001E+06  -1.7149509396699999E+05
  2.8059607063589999E+06   2.7076349101169999E+06  -1.7312304947500001E+05
  2.8034788732759999E+06   2.7032202300720001E+06  -1.6934361903400000E+05
  2.8015352476140000E+06   2.7024244053199999E+06  -1.7037655494900001E+05
  2.8351241485710000E+06   2.6828587426700001E+06  -1.1315166969800000E+05
  2.9097014675030001E+06   2.7759110379929999E+06  -9.8919751439000000E+04
  2.9075192346740002E+06   2.8416371181500000E+06  -1.4390104773100000E+05
  2.8907717532360000E+06   2.8250290373570002E+06  -1.5982277820100001E+05
  2.8944224514810001E+06   2.7255326787740001E+06  -7.8663464269999997E+04
  2.8315084207649999E+06   2.7336442650710000E+06  -1.7713261069800000E+05
  2.8320353803260000E+06   2.7326629262790000E+06  -1.7494363834700000E+05
  2.8684522003400000E+06   2.7250098048560000E+06  -1.1418265686000000E+05
  2.9344687768270001E+06   2.8658947879630001E+06  -1.2242459564600000E+05
  2.9082760290239998E+06   2.7487872850629999E+06  -8.0303739885999996E+04
  2.8019674502960001E+06   2.7016288825119999E+06  -1.6832559030899999E+05
  2.8306288667020001E+06   2.7404593110010000E+06  -1.8867443493200000E+05
  2.8293027700820002E+06   2.7386539295959999E+06  -1.8794505514099999E+05
  2.9258375377210001E+06   2.7714194579980001E+06  -7.4821621857000006E+04
  2.9278082193140001E+06   2.7997872168620001E+06  -9.2838473767000003E+04
  2.9350520327120000E+06   2.8681833694940000E+06  -1.2233003621000001E+05
  2.8551041128309998E+06   2.7835205496379999E+06  -1.9870503526400001E+05
  2.8797428610560000E+06   2.8131827370859999E+06  -1.7185231590200000E+05
  2.9007371624840000E+06   2.8141677604510002E+06  -1.4093965366000001E+05
  2.9490609562940001E+06   2.8077648205200001E+06  -7.4369132633000001E+04
  2.9481094084890001E+06   2.8090126400910001E+06  -7.6195469394999993E+04
  2.8917874909290001E+06   2.8752168241019999E+06  -1.6597176814500001E+05
  2.8471477383869998E+06   2.7383842859919998E+06  -1.5982520889600000E+05
  2.8460868037959998E+06   2.7364024277010001E+06  -1.5919253948199999E+05
  2.9452520313140000E+06   2.8060567544040000E+06  -7.6961188068000003E+04
  2.9189255941099999E+06   2.7679716706920001E+06  -8.0515955940999993E+04
  2.9199072642910001E+06   2.7700948878799998E+06  -8.0969029366000002E+04
  2.8796213268530001E+06   2.7514398746369998E+06  -1.2294172160300000E+05
  2.8457739273270001E+06   2.7715494886039998E+06  -2.0285948141000001E+05
  2.8451876036049998E+06   2.7695866340629999E+06  -2.0165841147399999E+05
  2.9361680701690000E+06   2.8665970754809999E+06  -1.2090157177900001E+05
  2.9110162192940000E+06   2.7588907741359998E+06  -8.3599142422999998E+04
  2.8908426693179999E+06   2.7777811395560000E+06  -1.3000234621700000E+05
  2.9093383346480001E+06   2.7580104739270001E+06  -8.5063204354999994E+04
  2.8168271036680001E+06   2.7207306377770002E+06  -1.7891501810300001E+05
  2.8181644680260001E+06   2.7224914590489999E+06  -1.7979130169100000E+05
  2.9084134382090000E+06   2.7442835603069998E+06  -7.5854378058999995E+04
  2.9067595016060001E+06   2.7433970093370001E+06  -7.7346523782000004E+04
  2.9282131153509999E+06   2.8224275927590001E+06  -1.0796795536700000E+05
  2.9291967097260002E+06   2.8246357750860001E+06  -1.0783371405000000E+05
  2.8339849741420001E+06   2.6986281436600001E+06  -1.3281723656900000E+05
  2.8330394545740001E+06   2.7219672239339999E+06  -1.6009896205199999E+05
  2.8341791959489998E+06   2.7239168763029999E+06  -1.6094931035600000E+05
  2.8703223367770002E+06   2.7221303367650001E+06  -1.0874599832400000E+05
  2.8686172668460002E+06   2.7206226578170001E+06  -1.0951754190500001E+05
  2.9040223869579998E+06   2.8002956665590000E+06  -1.2740421865300000E+05
  2.9286511049259999E+06   2.8615206615160001E+06  -1.2692570625600000E+05
  2.9215581666440000E+06   2.8772814173619999E+06  -1.3608615252999999E+05
  2.8318954909799998E+06   2.7200311857929998E+06  -1.5925655223400000E+05
  2.9193192886850000E+06   2.8245920513539999E+06  -1.2158127143399999E+05
  2.8895305698850001E+06   2.8343679999890001E+06  -1.6387681583800001E+05
  2.8908640298660002E+06   2.8355492605349999E+06  -1.6238611028699999E+05
  2.9157644680579999E+06   2.7801105779329999E+06  -9.4348064312000002E+04
  2.9169540038540000E+06   2.7795687584549999E+06  -9.2333171130000002E+04
  2.9105402796240002E+06   2.8223647138729999E+06  -1.3219808886300001E+05
  2.8520025141900000E+06   2.6832085528580002E+06  -9.1469230192999996E+04
  2.8529790362590002E+06   2.6850705975870001E+06  -9.2665100313000003E+04
  2.8859369211789998E+06   2.7771109621210000E+06  -1.3702919250100001E+05
  2.8844564809829998E+06   2.7754472097060001E+06  -1.3788514951200000E+05
  2.8445816887670001E+06   2.6836972681970000E+06  -1.0188563439900000E+05
  2.8183827455589999E+06   2.6886573422130002E+06  -1.3640891595699999E+05
  2.8196337008980000E+06   2.6904228584489999E+06  -1.3753409477600001E+05
  2.8026162561340001E+06   2.7053315679239999E+06  -1.7371041378599999E+05
  2.9145296510910001E+06   2.7806221904600002E+06  -9.6396376632000000E+04
  2.9100818978820001E+06   2.7451742082119999E+06  -7.4364995922000002E+04
  2.8983692059990000E+06   2.8174371913239998E+06  -1.4591269990400001E+05
  2.9136048068490000E+06   2.8141976917450000E+06  -1.2245803668900000E+05
  2.9354962019529999E+06   2.7909925693620001E+06  -7.8300106752000007E+04
  2.8905327298909998E+06   2.8225701157970000E+06  -1.5957727973400001E+05
  2.9217710542259999E+06   2.8523934812059999E+06  -1.3151853708200000E+05
  2.8545005597919999E+06   2.7040344976200000E+06  -1.1258942410100000E+05
  2.8917191448510000E+06   2.8238564418810001E+06  -1.5801439214400001E+05
  2.8513433808950000E+06   2.6987711541160000E+06  -1.1136078397700000E+05
  2.8845888642310002E+06   2.7626088432890000E+06  -1.2645178689100000E+05
  2.8500501784999999E+06   2.7091942894430002E+06  -1.2430087748500000E+05
  2.8477963348630001E+06   2.7373350352810002E+06  -1.5778744542599999E+05
  2.8467589842470000E+06   2.7353212095349999E+06  -1.5708731250800000E+05
  2.8974154878980001E+06   2.7951781600230001E+06  -1.3361115589600001E+05
  2.8961828608039999E+06   2.7931470033029998E+06  -1.3385859023000000E+05
  2.9234198159770002E+06   2.8531915248650000E+06  -1.2999749830300000E+05
  2.9038692758880001E+06   2.8019816917039999E+06  -1.2909240590200000E+05
  2.9024006393180001E+06   2.8016657150229998E+06  -1.3095789581500000E+05
  2.8054806739059999E+06   2.6802529825849999E+06  -1.3467021572300000E+05
  2.9307651077230000E+06   2.8251947587629999E+06  -1.0611841766300000E+05
  2.9301814284970001E+06   2.8268408514510002E+06  -1.0769646576399999E+05
  2.9318343898080001E+06   2.8273567202349999E+06  -1.0604235173400000E+05
  2.9312954538679998E+06   2.8289756236250000E+06  -1.0764513241400001E+05
  2.9330222878970001E+06   2.8294507332680002E+06  -1.0605194255100000E+05
  2.8997673447540002E+06   2.8323854761750000E+06  -1.4966928536000001E+05
  2.9000132966900002E+06   2.8347429728480000E+06  -1.5015516012900000E+05
  2.9442922101630000E+06   2.8039142040280001E+06  -7.6467047160000002E+04
  2.9434250149170002E+06   2.8052248397909999E+06  -7.8237851594000007E+04
  2.8199432774660001E+06   2.7233945095609999E+06  -1.7862388125199999E+05
  2.8194286583739999E+06   2.7242230650689998E+06  -1.8072847032299999E+05
  2.8176766175400000E+06   2.7233815007290002E+06  -1.8195597445800001E+05
  2.8189922832089998E+06   2.7251223138779998E+06  -1.8283192003300000E+05
  2.9325313506749999E+06   2.8310387530049998E+06  -1.0769040665900000E+05
  2.9342552712160000E+06   2.8315149113810002E+06  -1.0609837917400000E+05
  2.9119322075740001E+06   2.8432814260129998E+06  -1.3971074137300000E+05
  2.9131338125729999E+06   2.8423016673300001E+06  -1.3795824500600001E+05
  2.9128463179720002E+06   2.8399937118819999E+06  -1.3738673417499999E+05
  2.9142992954020002E+06   2.8413605161029999E+06  -1.3615631787599999E+05
  2.8520492540910002E+06   2.6857657979850001E+06  -9.4807077445000003E+04
  2.8539469893959998E+06   2.6869357608389999E+06  -9.3876961563999997E+04
  2.8548980327269998E+06   2.6862460656630001E+06  -9.1714457074000005E+04
  2.8558242885179999E+06   2.6881487848109999E+06  -9.2912629918000006E+04
  2.8567727586679999E+06   2.6875166993559999E+06  -9.0703904095000005E+04
  2.8575468334100000E+06   2.6894887897540000E+06  -9.1894082685000001E+04
  2.8585323589200000E+06   2.6889106491089999E+06  -8.9824208746000004E+04
  2.8592413994950000E+06   2.6908401823890000E+06  -9.0916433397000001E+04
  2.8602236623390000E+06   2.6902825771050001E+06  -8.9018506993000003E+04
  2.8067586942360001E+06   2.6792759476100001E+06  -1.3289758782300001E+05
  2.8442274591250001E+06   2.7354671183759999E+06  -1.6080551652100001E+05
  2.8217257277650000E+06   2.6911703832479999E+06  -1.3669159542000000E+05
  2.8208383981690002E+06   2.6922123487249999E+06  -1.3864780143799999E+05
  2.8187642883970002E+06   2.6914577457289998E+06  -1.3948394621299999E+05
  2.8645234739270001E+06   2.8291135373760001E+06  -2.0146577935100000E+05
  2.8964227444170001E+06   2.7695865223309998E+06  -1.1368009225099999E+05
  2.8966958796959999E+06   2.7716873784719999E+06  -1.1484678152600001E+05
  2.9258392334509999E+06   2.7893930381470001E+06  -8.7387605135999998E+04
  2.8484759923749999E+06   2.7363112852320001E+06  -1.5573332761199999E+05
  2.8474415588190001E+06   2.7342753254820001E+06  -1.5500535395100000E+05
  2.9161011423129998E+06   2.7821903008929999E+06  -9.5513357462000000E+04
  2.8609760503179999E+06   2.6921203453520001E+06  -8.9956068721000003E+04
  2.8619033902230002E+06   2.6914221855370002E+06  -8.7982943861000007E+04
  2.8897327760810000E+06   2.7588452416900001E+06  -1.1472718803700000E+05
  2.8893311324479999E+06   2.7568330722690001E+06  -1.1349200545000000E+05
  2.8242497439560001E+06   2.6880414948910000E+06  -1.3074613212200000E+05
  2.8446097307739998E+06   2.6987126902020001E+06  -1.2001631079300000E+05
  2.8289392755350000E+06   2.7395972494350001E+06  -1.9009970047099999E+05
  2.8276262387939999E+06   2.7377989861209998E+06  -1.8936004834600000E+05
  2.8302481304299999E+06   2.7414153254269999E+06  -1.9082718346599999E+05
  2.8322796163010001E+06   2.7230079709080001E+06  -1.6212562359400000E+05
  2.9278385321780001E+06   2.8185632365740002E+06  -1.0648675889200000E+05
  2.8239400617760001E+06   2.6785566873980002E+06  -1.1996477921700000E+05
  2.8847952778159999E+06   2.7774781165069998E+06  -1.3908659567499999E+05
  2.8861870270039998E+06   2.7790524375290000E+06  -1.3820214897000001E+05
  2.9500033360700002E+06   2.8098844999250001E+06  -7.4933639786999993E+04
  2.9491110947329998E+06   2.8111394496410000E+06  -7.6706196941999995E+04
  2.8488038706809999E+06   2.7392847796399998E+06  -1.5846080518100000E+05
  2.8199376894689999E+06   2.6932496823890000E+06  -1.4060622379200000E+05
  2.9073676524479999E+06   2.7421774608370000E+06  -7.5376478239999997E+04
  2.9057140672470001E+06   2.7412938060010001E+06  -7.6870797204000002E+04
  2.9051099110719999E+06   2.7425161538910000E+06  -7.8837844127000004E+04
  2.9040639228260000E+06   2.7404146019480000E+06  -7.8363978654999999E+04
  2.9052186154330000E+06   2.8023550973200002E+06  -1.2715417851899999E+05
  2.8627265189450001E+06   2.6933518289120002E+06  -8.8923224480000004E+04
  2.8636731515819998E+06   2.6925571531239999E+06  -8.6822481341000006E+04
  2.8644976178520001E+06   2.6945939316610000E+06  -8.7874095593000005E+04
  2.8654907844240000E+06   2.6938398601589999E+06  -8.5754201723999999E+04
  2.8662766675769999E+06   2.6958663853429998E+06  -8.6846414984000003E+04
  2.8672893882090002E+06   2.6951272550169998E+06  -8.4751487043000001E+04
  2.8681028963130000E+06   2.6971009564749999E+06  -8.5879323617999995E+04
  2.8691328920920002E+06   2.6963635178789999E+06  -8.3814751415000006E+04
  2.8994935949539999E+06   2.8300258791299998E+06  -1.4921565624499999E+05
  2.9182122144869999E+06   2.7692199744899999E+06  -8.2413274067000006E+04
  2.8334109464219999E+06   2.7249494471160001E+06  -1.6297658016600000E+05
  2.9125835447630002E+06   2.7990988570590001E+06  -1.1241922218700001E+05
  2.8466727985609998E+06   2.7712237913090000E+06  -2.0068421630100001E+05
  2.8460841598189999E+06   2.7692487399960002E+06  -1.9947927023900000E+05
  2.8445993751260000E+06   2.7676091731799999E+06  -2.0045293815000000E+05
  2.8454905712069999E+06   2.7672580358219999E+06  -1.9826853521900001E+05
  2.8440077744900002E+06   2.7656207054570001E+06  -1.9924094890100000E+05
  2.8448483754309998E+06   2.7653132277859999E+06  -1.9700462002800000E+05
  2.8433708278970001E+06   2.7636758075999999E+06  -1.9797608038000000E+05
  2.8441973846410001E+06   2.7633827070880001E+06  -1.9571933437800000E+05
  2.8427191699950001E+06   2.7617425880370000E+06  -1.9668845660300000E+05
  2.8897831494479999E+06   2.8367892047720002E+06  -1.6398635660500001E+05
  2.8884757030569999E+06   2.8355998857439999E+06  -1.6550118549599999E+05
  2.8910625097159999E+06   2.8379739548749998E+06  -1.6242486712400001E+05
  2.9402397535620001E+06   2.8136779462029999E+06  -8.7865094761999993E+04
  2.9390441126069999E+06   2.8115739769750000E+06  -8.7661203041000001E+04
  2.9372913470470002E+06   2.8111124775000000E+06  -8.9290883168999993E+04
  2.9378081614600001E+06   2.8094858692190000E+06  -8.7514257922000004E+04
  2.8911213366439999E+06   2.7798185455479999E+06  -1.3120724589399999E+05
  2.7964058039549999E+06   2.6863190044390000E+06  -1.4729754306100000E+05
  2.9338785512230000E+06   2.8636213639630000E+06  -1.2252855618200000E+05
  2.9046657081650002E+06   2.7391895004240000E+06  -7.6398137338999994E+04
  2.9030165851139999E+06   2.7383107352180001E+06  -7.7888590225000007E+04
  2.8172436631780001E+06   2.7243003946190001E+06  -1.8408621299000000E+05
  2.8185790945310001E+06   2.7260427835450000E+06  -1.8493547291400001E+05
  2.8203146565850000E+06   2.7268421687830002E+06  -1.8366396422200001E+05
  2.8199136564449999E+06   2.7277676095929998E+06  -1.8575754540199999E+05
  2.9102128453930002E+06   2.7602130480430000E+06  -8.5422843838999994E+04
  2.8915406983610000E+06   2.7198738969080001E+06  -7.7659967577000003E+04
  2.9034666762450002E+06   2.7416408424330000E+06  -8.0322756834999993E+04
  2.8584739572500000E+06   2.7883606782889999E+06  -1.9694973748000001E+05
  2.8699403153110002E+06   2.6983281131130001E+06  -8.4940256420000005E+04
  2.8709693857439999E+06   2.6976018217569999E+06  -8.2888853652000005E+04
  2.8717732207370000E+06   2.6995567735370002E+06  -8.4008371916000004E+04
  2.8728278036810001E+06   2.6988168330199998E+06  -8.1994232973999999E+04
  2.8736033839360001E+06   2.7007833767300001E+06  -8.3077645256000003E+04
  2.8747131301940000E+06   2.7000072858730000E+06  -8.1126275385999994E+04
  2.8754622830409999E+06   2.7019846977320001E+06  -8.2173524413000006E+04
  2.8766037369030002E+06   2.7011954348019999E+06  -8.0250669548000005E+04
  2.8773474771309998E+06   2.7031681473800000E+06  -8.1284049969000000E+04
  2.8784369279890000E+06   2.7024265518350000E+06  -7.9318563806000006E+04
  2.8791561420950000E+06   2.7044087221349999E+06  -8.0326576516999994E+04
  2.8802461139400001E+06   2.7036724892440001E+06  -7.8365483319000006E+04
  2.8808874151050001E+06   2.7057017903089998E+06  -7.9296099310000005E+04
  2.8820095967450002E+06   2.7049452690070001E+06  -7.7367370769000001E+04
  2.8826046079110000E+06   2.7069951805469999E+06  -7.8260341625999994E+04
  2.8837303888539998E+06   2.7062397962139999E+06  -7.6328211899999995E+04
  2.9147836861000000E+06   2.7827348559150002E+06  -9.7527364092000003E+04
  2.9414532328249998E+06   2.8157308606159999E+06  -8.8011406642000002E+04
  2.8079782444819999E+06   2.6784581081829998E+06  -1.3102957559600000E+05
  2.9035487485679998E+06   2.8037436629929999E+06  -1.3069624788100000E+05
  2.9020797333570002E+06   2.8034204114669999E+06  -1.3255751713900000E+05
  2.8698250216399999E+06   2.7200868281510002E+06  -1.0749928550400000E+05
  2.8715361638960000E+06   2.7216121750670001E+06  -1.0673628042100000E+05
  2.8681173281060001E+06   2.7185711801280002E+06  -1.0826683209500001E+05
  2.8669385707040001E+06   2.7191014566649999E+06  -1.1030216714500000E+05
  2.8664059040130000E+06   2.7170668966359999E+06  -1.0904952293300000E+05
  2.8652760423730002E+06   2.7175774016100001E+06  -1.1110510234100001E+05
  2.8647142724390002E+06   2.7155657198660001E+06  -1.0984967717400000E+05
  2.9276621133249998E+06   2.8240721144780000E+06  -1.0958283110200000E+05
  2.8978743932840000E+06   2.7712835185969998E+06  -1.1280002054000000E+05
  2.8981472536180001E+06   2.7733824381720000E+06  -1.1396566866400000E+05
  2.9086510352409999E+06   2.7592640996989999E+06  -8.6977533255000002E+04
  2.9077749971570000E+06   2.7570607417910001E+06  -8.6619515973000001E+04
  2.9228882058529998E+06   2.8508593416100000E+06  -1.3005821571999999E+05
  2.9337795472419998E+06   2.8330937200699998E+06  -1.0774182912500000E+05
  2.9354947238250002E+06   2.8335766905330000E+06  -1.0613597880899999E+05
  2.8279782682920001E+06   2.7368667101449999E+06  -1.8724273218900000E+05
  2.8833004173090002E+06   2.7757999000730002E+06  -1.3995236516099999E+05
  2.8922376220240002E+06   2.7794783281879998E+06  -1.2912141548800000E+05
  2.8435486427679998E+06   2.7614436194330002E+06  -1.9441689904600001E+05
  2.8420590747239999E+06   2.7598038522589998E+06  -1.9538767775000000E+05
  2.9188121989159998E+06   2.8088041315440000E+06  -1.1144985935699999E+05
  2.9140393808380002E+06   2.8390671229090001E+06  -1.3555689898299999E+05
  2.8921923536370001E+06   2.8367741769360001E+06  -1.6087117998200000E+05
  2.8923346060199998E+06   2.8392085448630000E+06  -1.6085316920700000E+05
  2.8705711319980002E+06   2.8602219602310001E+06  -1.8988799265100001E+05
  2.8315109085909999E+06   2.7240387473550001E+06  -1.6415143171000000E+05
  2.8178490065040002E+06   2.6924713567180000E+06  -1.4142368612500001E+05
  2.9163601074839998E+06   2.7843127402710002E+06  -9.6628432365000001E+04
  2.8491549353620000E+06   2.7353069090829999E+06  -1.5367488518400001E+05
  2.8481168179569999E+06   2.7332587210929999E+06  -1.5293892055400001E+05
  2.8285671567739998E+06   2.7405366203089999E+06  -1.9226235962400000E+05
  2.8297878687669998E+06   2.7424683057420002E+06  -1.9292803476899999E+05
  2.8360901876719999E+06   2.7248381368240002E+06  -1.5977357029599999E+05
  2.8960106394070000E+06   2.7948506999440002E+06  -1.3551886049600001E+05
  2.8947884649550002E+06   2.7928160188859999E+06  -1.3577916356900000E+05
  2.8428843657419998E+06   2.7594710386440000E+06  -1.9310161297900000E+05
  2.8412111518979999E+06   2.7579901122369999E+06  -1.9405937926399999E+05
  2.8338161353699998E+06   2.7335449526069998E+06  -1.7354970543000000E+05
  2.8463929613319999E+06   2.7321860570140001E+06  -1.5424013977800001E+05
  2.8470626647819998E+06   2.7311915797069999E+06  -1.5217280185600001E+05
  2.8983784184130002E+06   2.8310263490050002E+06  -1.5106089601400000E+05
  2.9245280571570001E+06   2.8516614520569998E+06  -1.2854713258400001E+05
  2.8420013676570002E+06   2.7576239139999999E+06  -1.9188520778800000E+05
  2.8403487359159999E+06   2.7561773118969998E+06  -1.9276137228800001E+05
  2.8395288706040001E+06   2.7565030589390001E+06  -1.9492720835000000E+05
  2.8386807736800001E+06   2.7546650333480001E+06  -1.9355896128600001E+05
  2.8302209241260001E+06   2.7317590441419999E+06  -1.7635656855800000E+05
  2.9189868249229998E+06   2.7493392376170000E+06  -6.7461666679999995E+04
  2.8914523947609998E+06   2.8214378357139998E+06  -1.5772420692299999E+05
  2.9048946959310002E+06   2.8792271452950002E+06  -1.5227477107300001E+05
  2.8469786930359998E+06   2.7689112737890002E+06  -1.9730464513300001E+05
  2.9070843819929999E+06   2.7583113041460002E+06  -8.8536377680999998E+04
  2.9062061687480002E+06   2.7561050095569999E+06  -8.8179332638000007E+04
  2.9055089748910000E+06   2.7573533325689998E+06  -9.0104036951000002E+04
  2.8078048511230000E+06   2.6807663544549998E+06  -1.3442354657999999E+05
  2.8843137124029999E+06   2.7082788369829999E+06  -7.7226616370000003E+04
  2.8854477031589998E+06   2.7075300504250000E+06  -7.5289858412999994E+04
  2.9066268137849998E+06   2.8797720245249998E+06  -1.5059485146599999E+05
  2.8636154206810002E+06   2.7160647407709998E+06  -1.1191695667100001E+05
  2.8630558710090001E+06   2.7140613702440001E+06  -1.1066686103099999E+05
  2.9155667230429999E+06   2.8404777649229998E+06  -1.3433748583399999E+05
  2.8927796865980001E+06   2.8227830746619999E+06  -1.5601237292200001E+05
  2.8378565717330002E+06   2.7550149294099999E+06  -1.9577346181600000E+05
  2.9288456988550001E+06   2.8086457498619999E+06  -9.7517406541000004E+04
  2.9328736467329999E+06   2.7969090393719999E+06  -8.4648007417000001E+04
  2.8395932235679999E+06   2.7543714626739998E+06  -1.9149380524900000E+05
  2.8086792532520001E+06   2.6991941580099999E+06  -1.5681564438200000E+05
  2.8993273248930001E+06   2.7729794657220002E+06  -1.1192053933400000E+05
  2.8996161253559999E+06   2.7750590283820000E+06  -1.1308994400200000E+05
  2.8984327096050000E+06   2.7754776492079999E+06  -1.1513660983500000E+05
  2.8189994445460001E+06   2.6942704294520002E+06  -1.4257724000100000E+05
  2.8211097893260000E+06   2.6950619326340002E+06  -1.4170647111499999E+05
  2.9308581904790001E+06   2.8305514899169998E+06  -1.0933186694500000E+05
  2.9191955682230000E+06   2.7713255696520000E+06  -8.2853318270000003E+04
  2.9008027694080002E+06   2.7746536742699998E+06  -1.1104871665300000E+05
  2.9133914180830000E+06   2.8446252522700001E+06  -1.3846769297100001E+05
  2.9119994636169998E+06   2.8456762323260000E+06  -1.4005796382999999E+05
  2.8154451712290002E+06   2.7189106823129999E+06  -1.7809031365200001E+05
  2.8753878775200001E+06   2.8132775905129998E+06  -1.8131852387800001E+05
  2.8753855139190000E+06   2.8156709938619998E+06  -1.8158594045900000E+05
  2.8742917693289998E+06   2.8142529550510002E+06  -1.8322625968300001E+05
  2.8742675341159999E+06   2.8166450419569998E+06  -1.8350408897899999E+05
  2.8733115353420000E+06   2.8151663961740001E+06  -1.8516039024499999E+05
  2.8732706465019998E+06   2.8175544421399999E+06  -1.8545216834999999E+05
  2.8723244528160002E+06   2.8160621309099998E+06  -1.8710586998700001E+05
  2.8722720551959998E+06   2.8184476566670001E+06  -1.8741916662900001E+05
  2.8732181023229999E+06   2.8199456931860000E+06  -1.8576625621500000E+05
  2.8713354453799999E+06   2.8169479225369999E+06  -1.8905409349200001E+05
  2.8712768265650002E+06   2.8193291756099998E+06  -1.8937876076700000E+05
  2.8703505560180000E+06   2.8178169943720000E+06  -1.9099303425400000E+05
  2.8704122546689999E+06   2.8154382619860000E+06  -1.9066277430799999E+05
  2.8694350795479999E+06   2.8162894484009999E+06  -1.9258553294599999E+05
  2.8695019987559998E+06   2.8139196423040000E+06  -1.9224621103199999E+05
  2.8685342049560002E+06   2.8147471967960000E+06  -1.9414912151100000E+05
  2.8686100944180000E+06   2.8123900446839998E+06  -1.9379398773900000E+05
  2.8683700643699998E+06   2.8171445794870001E+06  -1.9446824439599999E+05
  2.8676405042039999E+06   2.8131999367900002E+06  -1.9568990212399999E+05
  2.8673876871150001E+06   2.8109247758399998E+06  -1.9519111975099999E+05
  2.8666422356860000E+06   2.8116220484940000E+06  -1.9720496770899999E+05
  2.8662487698880001E+06   2.8093651579040000E+06  -1.9662505234400000E+05
  2.8670168111709999E+06   2.8086726958809998E+06  -1.9459626694900001E+05
  2.8659064866570001E+06   2.8071140975520001E+06  -1.9597098557500000E+05
  2.8829629024189999E+06   2.7737644193609999E+06  -1.3874508474200001E+05
  2.8817754760199999E+06   2.7740933570670001E+06  -1.4077930953599999E+05
  2.8814132184100002E+06   2.7721116717440002E+06  -1.3957010728400000E+05
  2.8801720961630000E+06   2.7724894076020001E+06  -1.4158217376599999E+05
  2.8798136493370002E+06   2.7704995981879998E+06  -1.4036081292299999E+05
  2.8530092296449998E+06   2.6876295929120001E+06  -9.6008522404999996E+04
  2.8186491582129998E+06   2.6783041849400001E+06  -1.2319848731800000E+05
  2.9010888273339998E+06   2.7767246153870001E+06  -1.1221552742000000E+05
  2.9022724501129999E+06   2.7763206655250001E+06  -1.1017296231900000E+05
  2.9424619595740000E+06   2.8031069054549998E+06  -7.7763788839000001E+04
  2.8370310452270000E+06   2.7531550288519999E+06  -1.9440917620900000E+05
  2.8294613205590001E+06   2.6717133510289998E+06  -1.0612951816399999E+05
  2.8721523509660000E+06   2.8604815054930001E+06  -1.8801365084399999E+05
  2.8728714340440002E+06   2.8627314763489999E+06  -1.8729747553200001E+05
  2.8885643414230002E+06   2.8745541267570001E+06  -1.6956183714399999E+05
  2.8654899005510001E+06   2.8100923338609999E+06  -1.9872493247199999E+05
  2.8710347053189999E+06   2.7195558935819999E+06  -1.0548308324399999E+05
  2.8727450580660002E+06   2.7211130364450002E+06  -1.0471360533300000E+05
  2.8636065566300000E+06   2.8362699322370002E+06  -2.0206518785200000E+05
  2.9032161848559999E+06   2.8054919623360001E+06  -1.3229224695100001E+05
  2.8736934147310001E+06   2.8606495208939998E+06  -1.8618723517299999E+05
  2.8744008182950001E+06   2.8627975417100000E+06  -1.8547275959100001E+05
  2.8752046906490000E+06   2.8607827481209999E+06  -1.8440235412100001E+05
  2.8758762912690002E+06   2.8628608023540000E+06  -1.8369808905700000E+05
  2.8881851038080002E+06   2.7571970686260001E+06  -1.1556562055399999E+05
  2.8877820654320000E+06   2.7551804767109999E+06  -1.1432850046700001E+05
  2.8925501351410002E+06   2.7815488372689998E+06  -1.3030848716400001E+05
  2.8288563147479999E+06   2.7497430594090000E+06  -2.0437955890500001E+05
  2.8898639196420000E+06   2.8392141273400001E+06  -1.6395169183900001E+05
  2.8281424197000000E+06   2.7415326898400001E+06  -1.9440091475299999E+05
  2.9501406874799998E+06   2.8132606985010002E+06  -7.7185312734000006E+04
  2.9046256938220002E+06   2.7551367676670002E+06  -8.9746743308000005E+04
  2.9267995634539998E+06   2.7664609258480002E+06  -7.0947927077000000E+04
  2.8889294053239999E+06   2.7548204866070002E+06  -1.1225656796600000E+05
  2.8873783570360001E+06   2.7531627201379999E+06  -1.1309132971799999E+05
  2.9360822493440001E+06   2.8090414990610001E+06  -8.9168311883000002E+04
  2.9039161827400001E+06   2.7563866467329999E+06  -9.1690362848000004E+04
  2.8902522669830001E+06   2.8201533857760001E+06  -1.5933205589799999E+05
  2.8911583220099998E+06   2.8190348290340002E+06  -1.5750551633200000E+05
  2.8899702622159999E+06   2.8177453256839998E+06  -1.5909192551199999E+05
  2.8836132665559999E+06   2.7779937459339998E+06  -1.4132348466700001E+05
  2.8580215448710001E+06   2.6868404431130001E+06  -8.8367856918000005E+04
  2.9175037879280001E+06   2.7704491108990000E+06  -8.4292191936000003E+04
  2.8909035621850002E+06   2.8166552992340000E+06  -1.5722870052799999E+05
  2.8896829230229999E+06   2.8153113138600001E+06  -1.5885300296600000E+05
  2.9079559467230001E+06   2.7605166554620001E+06  -8.8902250352000003E+04
  2.8487951230620001E+06   2.7322789314660002E+06  -1.5086814846100000E+05
  2.8477744413520000E+06   2.7302840300850002E+06  -1.5011139763900000E+05
  2.9208878526110002E+06   2.7722172632650002E+06  -8.1425989904999995E+04
  2.8307827033520001E+06   2.7307655395020000E+06  -1.7409828227900001E+05
  2.8107275462730001E+06   2.7246501812970000E+06  -1.9459926175300000E+05
  2.8666747956190002E+06   2.8064462276550001E+06  -1.9395661063300000E+05
  2.8655926266560000E+06   2.8048619935490000E+06  -1.9525680348800001E+05
  2.8434713697029999E+06   2.7025821955419998E+06  -1.2522558271200000E+05
  2.9419736663469998E+06   2.8142066994790002E+06  -8.6306045234000005E+04
  2.9431863910210002E+06   2.8162327413630001E+06  -8.6433445410000000E+04
  2.9036169578240002E+06   2.7370852808759999E+06  -7.5926102457000001E+04
  2.9019673985199998E+06   2.7362046540290001E+06  -7.7413740898999997E+04
  2.9017567380570001E+06   2.8051699608570002E+06  -1.3415672206100001E+05
  2.8934924027689998E+06   2.8380725139680002E+06  -1.5926746133699999E+05
  2.8936135876730001E+06   2.8404795323870000E+06  -1.5927500559900000E+05
  2.9201775076359999E+06   2.7734398474949999E+06  -8.3302094587000000E+04
  2.9218635100980001E+06   2.7743512581759999E+06  -8.1898478728000002E+04
  2.8666712148930002E+06   2.8140173735719998E+06  -1.9758191335799999E+05
  2.8641629483960001E+06   2.7180687240519999E+06  -1.1318472528600000E+05
  2.8172855251879999E+06   2.7085759003240000E+06  -1.6117829744800000E+05
  2.9251640647459999E+06   2.8662089460970000E+06  -1.3106866245600001E+05
  2.8785709761520000E+06   2.7708790381359998E+06  -1.4237645178500001E+05
  2.8782195905599999E+06   2.7688930692119999E+06  -1.4114878713899999E+05
  2.8309307248169999E+06   2.7142963644619999E+06  -1.5330483011499999E+05
  2.9211360679890001E+06   2.7755538346719998E+06  -8.3780208144000004E+04
  2.9228182552200002E+06   2.7765132535660001E+06  -8.2419808539000005E+04
  2.9219666860930002E+06   2.7778225413879999E+06  -8.4553572245000003E+04
  2.9262628486090000E+06   2.8112870814919998E+06  -1.0281440222600001E+05
  2.8626225691600000E+06   2.6902766166520002E+06  -8.5814875239000001E+04
  2.9242689816080001E+06   2.7887310642929999E+06  -8.9029613528999995E+04
  2.8913871850930001E+06   2.7817358183929999E+06  -1.3231556551300001E+05
  2.9150482591990000E+06   2.7848485110970000E+06  -9.8645904120000007E+04
  2.9165881516660000E+06   2.7864658947510002E+06  -9.7677453649000003E+04
  2.9134488587400001E+06   2.7832670989760002E+06  -9.9554572014999998E+04
  2.8766337772900001E+06   2.8609041250499999E+06  -1.8256650000900001E+05
  2.8773683667520001E+06   2.8631117465080000E+06  -1.8187038181500000E+05
  2.9365987348110001E+06   2.8073735763860000E+06  -8.7462971071000007E+04
  2.9350297952859998E+06   2.8351457550840001E+06  -1.0778857647900000E+05
  2.9367379791009999E+06   2.8356349897250002E+06  -1.0616696330700000E+05
  2.8683328083710000E+06   2.6943767360640001E+06  -8.2656262789999993E+04
  2.9025585810159999E+06   2.7783858125809999E+06  -1.1134205410199999E+05
  2.9037367822019998E+06   2.7779871259070002E+06  -1.0929207689400000E+05
  2.9202220687819999E+06   2.8004874266969999E+06  -1.0315571225200000E+05
  2.9142714948390000E+06   2.8784248683890002E+06  -1.4325316091899999E+05
  2.8284386820970001E+06   2.6724035139710000E+06  -1.0817328748299999E+05
  2.9028787967050001E+06   2.8072261288970001E+06  -1.3388604735099999E+05
  2.8065458601569999E+06   2.6817104486320000E+06  -1.3622874300300001E+05
  2.8625170820300002E+06   2.7165493325230000E+06  -1.1404648307000000E+05
  2.8630608157670000E+06   2.7186148608390000E+06  -1.1533195520800000E+05
  2.9331505184900002E+06   2.7781939717410002E+06  -7.1572614444999999E+04
  2.8088043674120000E+06   2.6823383484540000E+06  -1.3588494312099999E+05
  2.9212409143190002E+06   2.8500462026729998E+06  -1.3157462452499999E+05
  2.9223612871249998E+06   2.8485185492719999E+06  -1.3011235192200000E+05
  2.8635187747390000E+06   2.6953139679740001E+06  -8.9938963380000001E+04
  2.8919049204759998E+06   2.8082083851319999E+06  -1.5062756880199999E+05
  2.8860190110909999E+06   2.7095594505389999E+06  -7.6195048832000000E+04
  2.8871607981639998E+06   2.7088176353620002E+06  -7.4254447461999996E+04
  2.8658781113640000E+06   2.7150147432630002E+06  -1.0783339885500001E+05
  2.8289522292689998E+06   2.7298599018310001E+06  -1.7553258548600000E+05
  2.8283806912670000E+06   2.7308646077740001E+06  -1.7782143966900001E+05
  2.8295153504510000E+06   2.7288584260069998E+06  -1.7328569222200001E+05
  2.8263549375789999E+06   2.7360453367829998E+06  -1.8862336848700000E+05
  2.9043332605519998E+06   2.8075609585210001E+06  -1.3202427870500000E+05
  2.8293409210839998E+06   2.7435553894770001E+06  -1.9505105290899999E+05
  2.8681172976370002E+06   2.8434810193659998E+06  -1.9433140491499999E+05
  2.9135117960870001E+06   2.8469759815619998E+06  -1.3878692818600000E+05
  2.9121161468199999E+06   2.8480435758549999E+06  -1.4035587266600001E+05
  2.8324848005110002E+06   2.6720468811039999E+06  -1.0329331762700000E+05
  2.8472556493910002E+06   2.7731909625490000E+06  -2.0191906814799999E+05
  2.8443937697450002E+06   2.7611431093400000E+06  -1.9210828245500001E+05
  2.8722532563339998E+06   2.7190311670720000E+06  -1.0346137018699999E+05
  2.8739284422160001E+06   2.7206368475540001E+06  -1.0266883162200000E+05
  2.8823813660579999E+06   2.8236875477860002E+06  -1.7139510589499999E+05
  2.8758615711840000E+06   2.6992181187580000E+06  -7.9196209747999994E+04
  2.8352444131069998E+06   2.6933077419540002E+06  -1.2593699784900001E+05
  2.8168247193680000E+06   2.6934512989980001E+06  -1.4341138086100001E+05
  2.8157696669460000E+06   2.6916532296600002E+06  -1.4212991111200000E+05
  2.8180169877010002E+06   2.6953023622200000E+06  -1.4459853981300001E+05
  2.9238008389470000E+06   2.7786852824479998E+06  -8.2920291597999996E+04
  2.8608949478699998E+06   2.7347892850350002E+06  -1.3642383262700000E+05
  2.8494832627200000E+06   2.7313216408699998E+06  -1.4879808348199999E+05
  2.8484841037579998E+06   2.7293592760930001E+06  -1.4803348254000000E+05
  2.8468440928799999E+06   2.7284133970610001E+06  -1.4932900666300001E+05
  2.8474743594030002E+06   2.7274189790090001E+06  -1.4728665841000000E+05
  2.8945356018849998E+06   2.7945552051670002E+06  -1.3740676815900000E+05
  2.8933946080890000E+06   2.7924831496819998E+06  -1.3770690482100000E+05
  2.8956997965919999E+06   2.7966203958540000E+06  -1.3711408800500000E+05
  2.8034077855929998E+06   2.7160285332459998E+06  -1.9016935097699999E+05
  2.8947519599959999E+06   2.8394155525480001E+06  -1.5771954150699999E+05
  2.8948973935989998E+06   2.8417621576970001E+06  -1.5769135934000000E+05
  2.8510639353860002E+06   2.6813246141550001E+06  -9.0330020365999997E+04
  2.9152373565090001E+06   2.8381353442589999E+06  -1.3371897923800000E+05
  2.8885260711679999E+06   2.7528073083950002E+06  -1.1102302693000001E+05
  2.8869743664750000E+06   2.7511470782699999E+06  -1.1185652630400000E+05
  2.8858260297340001E+06   2.7514979686570000E+06  -1.1392162871500000E+05
  2.8853825736779999E+06   2.7495052947100000E+06  -1.1266181755399999E+05
  2.8865254477010001E+06   2.7491633039380000E+06  -1.1060073919900000E+05
  2.8849257754409998E+06   2.7475265274999999E+06  -1.1140049076000000E+05
  2.8860674002780002E+06   2.7471870527479998E+06  -1.0934377670600000E+05
  2.8844660706020002E+06   2.7455488402720001E+06  -1.1014461298400001E+05
  2.8856084818090000E+06   2.7452117701220000E+06  -1.0808908283600000E+05
  2.8840040132459998E+06   2.7435713035260001E+06  -1.0889243223400001E+05
  2.8851874690569998E+06   2.7432160746089998E+06  -1.0686658223099999E+05
  2.8835721140359999E+06   2.7415769001620002E+06  -1.0766232071099999E+05
  2.8847731120699998E+06   2.7412166455509998E+06  -1.0564650157199999E+05
  2.8831566931050001E+06   2.7395735144409998E+06  -1.0644016912900000E+05
  2.8843622238159999E+06   2.7392185058900001E+06  -1.0442270032700000E+05
  2.8827728869770002E+06   2.7375643123019999E+06  -1.0522350183199999E+05
  2.8839892025879999E+06   2.7372092640519999E+06  -1.0320267281700000E+05
  2.8824387582800002E+06   2.7355725547569999E+06  -1.0399884130400000E+05
  2.8836421087400001E+06   2.7351897441520002E+06  -1.0197267931300000E+05
  2.8821028704269999E+06   2.7336017713750000E+06  -1.0279453321100000E+05
  2.8832328793990002E+06   2.7331073782680002E+06  -1.0077693278000000E+05
  2.8814740813409998E+06   2.7313745055550002E+06  -1.0178553926700000E+05
  2.8828340972219999E+06   2.7310254171920000E+06  -9.9566771634999997E+04
  2.8859626799929999E+06   2.7408487890450000E+06  -1.0363991801800000E+05
  2.8812713353479998E+06   2.7293487789150001E+06  -1.0034632793600000E+05
  2.8824313437029999E+06   2.7289348900819998E+06  -9.8342077135000000E+04
  2.8808040968800001E+06   2.7272514530489999E+06  -9.9213793030000001E+04
  2.7932699071820001E+06   2.6956422922419999E+06  -1.6632891996299999E+05
  2.7935584636390000E+06   2.6946203877639999E+06  -1.6417914858899999E+05
  2.8770545777320000E+06   2.7692253637290001E+06  -1.4318919670500001E+05
  2.8766284154909998E+06   2.7672898144749999E+06  -1.4193565188300001E+05
  2.8707558438670002E+06   2.7002646364580002E+06  -8.6025483282999994E+04
  2.8663882322680000E+06   2.8042326260000002E+06  -1.9320874464300001E+05
  2.8653177148670000E+06   2.8025717123369998E+06  -1.9443787564499999E+05
  2.8644809784380002E+06   2.8032609766580001E+06  -1.9660846960099999E+05
  2.8641771463370002E+06   2.8009620243850001E+06  -1.9584478340799999E+05
  2.8361907375540002E+06   2.7535393029530002E+06  -1.9662764378099999E+05
  2.8564654884380000E+06   2.6965825390289999E+06  -1.0256161172900000E+05
  2.9346712067590002E+06   2.7975885284290002E+06  -8.3157902956000005E+04
  2.8733431817150000E+06   2.8495267767579998E+06  -1.8635250156500001E+05
  2.8481536825680002E+06   2.7728728501490001E+06  -1.9975467328200000E+05
  2.8487358533910001E+06   2.7748413862629998E+06  -2.0099252899799999E+05
  2.9148693753310000E+06   2.8620092010940001E+06  -1.4018746871300001E+05
  2.8768286701969998E+06   2.8059316104669999E+06  -1.7429087632200000E+05
  2.8764434639559998E+06   2.8036853082840000E+06  -1.7383667620900000E+05
  2.8775305336560002E+06   2.8050035461780000E+06  -1.7220129823200000E+05
  2.8771634474280002E+06   2.8027459436090002E+06  -1.7175341229499999E+05
  2.8782943110489999E+06   2.8040590485640001E+06  -1.7015297310599999E+05
  2.8779857381799999E+06   2.8017653074480002E+06  -1.6974477697499999E+05
  2.8794714102400001E+06   2.8029942422819999E+06  -1.6833845866800001E+05
  2.8788764624910001E+06   2.8007686719410000E+06  -1.6778132834599999E+05
  2.8774122647259999E+06   2.7995506989449998E+06  -1.6923252096500000E+05
  2.8782051951979999E+06   2.7985451885480001E+06  -1.6722979172199999E+05
  2.8767478597180001E+06   2.7973381563169998E+06  -1.6870251568499999E+05
  2.8775145877950001E+06   2.7963103257229999E+06  -1.6668376501500001E+05
  2.8760950370490002E+06   2.7950964554710002E+06  -1.6818270620600000E+05
  2.8803150680149999E+06   2.8020237298249998E+06  -1.6634901658600001E+05
  2.8768157936769999E+06   2.7940661805560002E+06  -1.6614393745200001E+05
  2.8754341380969998E+06   2.7928464019140000E+06  -1.6767147800599999E+05
  2.8809231171889999E+06   2.8042547878399999E+06  -1.6692303775200000E+05
  2.8817546048499998E+06   2.8032922690619999E+06  -1.6492456383800000E+05
  2.8823605019129999E+06   2.8055368689509998E+06  -1.6551142152999999E+05
  2.8831983811989999E+06   2.8045817178659998E+06  -1.6350782645399999E+05
  2.8761121034090002E+06   2.7918217787750000E+06  -1.6561430486199999E+05
  2.8747706902160002E+06   2.7905985171710001E+06  -1.6716668010299999E+05
  2.8740865618340001E+06   2.7916234137309999E+06  -1.6923555085100001E+05
  2.8734226327999998E+06   2.7893812830090001E+06  -1.6873610677099999E+05
  2.8741099270360000E+06   2.7883531158679998E+06  -1.6665880255299999E+05
  2.8727614504950000E+06   2.7871362464580000E+06  -1.6822929286200000E+05
  2.8720750533719999E+06   2.7881686314309998E+06  -1.7030819234600000E+05
  2.8714151436239998E+06   2.7859224926430001E+06  -1.6979815303399999E+05
  2.8721028115690001E+06   2.7848879174070000E+06  -1.6771518858200000E+05
  2.8707596873389999E+06   2.7836756261430001E+06  -1.6927925033000001E+05
  2.8700698439989998E+06   2.7847095571929999E+06  -1.7136576996300000E+05
  2.8693284692759998E+06   2.7825020915259998E+06  -1.7081004771300001E+05
  2.8699229246550002E+06   2.7815130058400002E+06  -1.6868622158300001E+05
  2.8684453796410002E+06   2.7803623674059999E+06  -1.7019499631500000E+05
  2.8678481724999999E+06   2.7813474388040002E+06  -1.7231967751899999E+05
  2.8669676381939999E+06   2.7792100291729998E+06  -1.7170235578700001E+05
  2.8675637313290001E+06   2.7782228963859999E+06  -1.6957756501100000E+05
  2.8660853497040002E+06   2.7770731240639999E+06  -1.7108877937500001E+05
  2.8663671395129999E+06   2.7801916355079999E+06  -1.7382945608800001E+05
  2.8666773203889998E+06   2.7760822036850001E+06  -1.6896759519299999E+05
  2.8651940715800002E+06   2.7749326614370001E+06  -1.7048797939699999E+05
  2.8782847792349998E+06   2.7952571493569999E+06  -1.6468214142500001E+05
  2.8825781768160001E+06   2.8023025136560001E+06  -1.6291987090200000E+05
  2.8837993832860002E+06   2.8068307512880000E+06  -1.6410559417999999E+05
  2.8846460547560002E+06   2.8058909087749999E+06  -1.6209854268200000E+05
  2.8657773184079998E+06   2.7739358118960001E+06  -1.6837660657999999E+05
  2.8642891230480000E+06   2.7727866325530000E+06  -1.6990644499300001E+05
  2.8636843185250000E+06   2.7737965840230002E+06  -1.7198337304700000E+05
  2.8627695441580000E+06   2.7716593697670000E+06  -1.7138338987499999E+05
  2.8633580883419998E+06   2.7706341585680000E+06  -1.6933292070600000E+05
  2.8618498645839998E+06   2.7695209855650002E+06  -1.7079063506800000E+05
  2.8623541036769999E+06   2.7685170554809999E+06  -1.6877040915100000E+05
  2.8608029299420002E+06   2.7674546138280001E+06  -1.7018019468600000E+05
  2.8613498880150001E+06   2.7664245118200001E+06  -1.6821151692200001E+05
  2.8597480370049998E+06   2.7653824998699999E+06  -1.6956255818900000E+05
  2.8604144104229999E+06   2.7642799584300001E+06  -1.6758816810400001E+05
  2.8587627628950002E+06   2.7632550691990000E+06  -1.6896688729499999E+05
  2.8594394328160002E+06   2.7621156335990001E+06  -1.6700204711200000E+05
  2.8577894059250001E+06   2.7611232319629998E+06  -1.6840767845000001E+05
  2.8584267527180002E+06   2.7599818504389999E+06  -1.6649582391199999E+05
  2.8568066690039998E+06   2.7589965372460000E+06  -1.6786614232099999E+05
  2.8574482203000002E+06   2.7578642023510002E+06  -1.6595655785799999E+05
  2.8558287146770000E+06   2.7568914973490001E+06  -1.6733739146799999E+05
  2.8564817661959999E+06   2.7557669935470000E+06  -1.6541867934000000E+05
  2.8548194205080001E+06   2.7548324781129998E+06  -1.6680753279400000E+05
  2.8553884258630001E+06   2.7537763069930002E+06  -1.6482763423699999E+05
  2.8537228654900002E+06   2.7528576687940001E+06  -1.6623850883100001E+05
  2.8543011642319998E+06   2.7517979282320002E+06  -1.6424123103299999E+05
  2.8621601212169998E+06   2.7726715968559999E+06  -1.7345650106099999E+05
  2.7973421333659999E+06   2.6876750787120000E+06  -1.4896467749700000E+05
  2.7959319240720002E+06   2.6884000059690000E+06  -1.5080498475000000E+05
  2.8844016477319999E+06   2.7326954779550000E+06  -9.8770783863999997E+04
  2.8936269596670000E+06   2.7811392084030001E+06  -1.2821561034000000E+05
  2.8266928251459999E+06   2.7351287130680000E+06  -1.8660464519600000E+05
  2.8960245408660001E+06   2.8406295787680000E+06  -1.5614579997100000E+05
  2.8961968572149999E+06   2.8430271255999999E+06  -1.5608611085800000E+05
  2.8973766250829999E+06   2.8418045692429999E+06  -1.5446584861900000E+05
  2.8975047648640000E+06   2.8444110633270000E+06  -1.5448349213699999E+05
  2.8988632098320001E+06   2.8431976551629999E+06  -1.5291120375700001E+05
  2.8992129889110001E+06   2.8459643729810002E+06  -1.5302932240000000E+05
  2.9004330321459998E+06   2.8443977468420002E+06  -1.5153623625600000E+05
  2.9007570559379999E+06   2.8463539093089998E+06  -1.5154259364400001E+05
  2.8755884810549999E+06   2.7675732545389999E+06  -1.4405505021300001E+05
  2.8751317338649998E+06   2.7656385939099998E+06  -1.4277974864100001E+05
  2.8741186621450000E+06   2.7659279110500002E+06  -1.4493502770400001E+05
  2.8736653371170000E+06   2.7639640800839998E+06  -1.4362068697800001E+05
  2.8702604277539998E+06   2.8201920467019998E+06  -1.9130123883700001E+05
  2.8347247315039998E+06   2.7092862962170001E+06  -1.4348154041099999E+05
  2.8594156820870000E+06   2.7796961738829999E+06  -1.8591388102700000E+05
  2.8491485119289998E+06   2.7283793024849999E+06  -1.4595819655600001E+05
  2.8481103453469998E+06   2.7263902029650002E+06  -1.4519696234800000E+05
  2.8463891411159998E+06   2.7254134757210002E+06  -1.4657480050499999E+05
  2.8470559499829998E+06   2.7243577879690002E+06  -1.4440992791400000E+05
  2.8452950185619998E+06   2.7233013694940000E+06  -1.4575457005700000E+05
  2.8459987329970002E+06   2.7223134568480002E+06  -1.4361342024800001E+05
  2.8477105042670001E+06   2.7233883757270002E+06  -1.4229672568700000E+05
  2.8466500517159998E+06   2.7213903992699999E+06  -1.4148073703900000E+05
  2.8449454878540002E+06   2.7202957914310000E+06  -1.4279332282199999E+05
  2.8456751721520000E+06   2.7193447899500001E+06  -1.4070698597899999E+05
  2.8439336254880000E+06   2.7182615354840001E+06  -1.4199210665599999E+05
  2.8447339015469998E+06   2.7172766783059998E+06  -1.3994696532700001E+05
  2.8428650829530000E+06   2.7162743074150002E+06  -1.4115309891400000E+05
  2.8436713084580000E+06   2.7152972878450002E+06  -1.3910914072800000E+05
  2.8455002174869999E+06   2.7163040399930002E+06  -1.3789148971800000E+05
  2.8444703748420002E+06   2.7143154355410002E+06  -1.3706872978500000E+05
  2.8309621316229999E+06   2.7444336375589999E+06  -1.9354387898300000E+05
  2.8091870881880000E+06   2.6777034546309998E+06  -1.2910879913499999E+05
  2.8496356214439999E+06   2.7745308931769999E+06  -1.9883395182100000E+05
  2.8753776406029998E+06   2.8180732287110002E+06  -1.8186325415900000E+05
  2.8813694195389999E+06   2.8473430924340002E+06  -1.7448767222600000E+05
  2.9359867361039999E+06   2.8319930433410001E+06  -1.0450211681500000E+05
  2.8367500245180000E+06   2.7452516570580001E+06  -1.8490799896699999E+05
  2.9040230842720000E+06   2.7800517470399998E+06  -1.1046117026699999E+05
  2.9051999141600002E+06   2.7796552941390001E+06  -1.0841428444900000E+05
  2.8164813121630000E+06   2.7318987176330001E+06  -1.9802729894899999E+05
  2.9266651248030001E+06   2.8218717816980002E+06  -1.0971775272600001E+05
  2.9261638393870001E+06   2.8235056271939999E+06  -1.1136773219800000E+05
  2.8592356852170001E+06   2.7663685767520000E+06  -1.7158988308500001E+05
  2.9511649271640000E+06   2.8153734746360001E+06  -7.7668619525000002E+04
  2.9374633334750002E+06   2.7865545373140001E+06  -7.3292448774999997E+04
  2.9482283846229999E+06   2.8404616300579999E+06  -9.6361516046999997E+04
  2.9465584003570001E+06   2.8400611121860002E+06  -9.8027632180999994E+04
  2.9476631959219999E+06   2.8422160566480001E+06  -9.7905653875999997E+04
  2.9459867599450001E+06   2.8417989139990001E+06  -9.9570386691000007E+04
  2.9448783805530001E+06   2.8396312243530001E+06  -9.9689775890000004E+04
  2.9442957549439999E+06   2.8413517501780000E+06  -1.0123589624000000E+05
  2.8957251014430001E+06   2.7412071492019999E+06  -8.9950967460999993E+04
  2.9251610641069999E+06   2.8213095186419999E+06  -1.1151324991600000E+05
  2.8564424353140001E+06   2.7023864531149999E+06  -1.0844770801400000E+05
  2.8369962576910001E+06   2.7553331818300001E+06  -1.9800705197100001E+05
  2.9170559605290000E+06   2.8275365402429998E+06  -1.2634694792999999E+05
  2.8977718758999999E+06   2.7564944287080001E+06  -9.9910964724999998E+04
  2.9454107997160000E+06   2.8435375868990002E+06  -1.0111844016500001E+05
  2.9437097181219999E+06   2.8430787948670001E+06  -1.0278922531200000E+05
  2.8963458199220002E+06   2.7914449890609998E+06  -1.3218203941299999E+05
  2.8389984622430000E+06   2.6928074544719998E+06  -1.2065386762000000E+05
  2.8781342081160001E+06   2.8610381130019999E+06  -1.8068157924399999E+05
  2.8789055382369999E+06   2.8633270317409998E+06  -1.7996371529500000E+05
  2.8326338723030002E+06   2.7259741437800000E+06  -1.6500526801999999E+05
  2.8345353981579999E+06   2.7268843993390002E+06  -1.6382821383600001E+05
  2.9168220735950000E+06   2.8394927058140002E+06  -1.3251789576799999E+05
  2.8419401137799998E+06   2.6856763662330001E+06  -1.0827493360200000E+05
  2.8452695033120001E+06   2.7300700159700001E+06  -1.5338866182199999E+05
  2.8092862272120002E+06   2.7052860071080001E+06  -1.6567287848099999E+05
  2.8813429528589998E+06   2.7029472700169999E+06  -7.6406634491000004E+04
  2.8726523516340000E+06   2.7642528835140001E+06  -1.4575700808199999E+05
  2.8721789416080001E+06   2.7622967418889999E+06  -1.4442957765900000E+05
  2.8731752414469998E+06   2.7620067810470001E+06  -1.4232186713900001E+05
  2.8716558436240000E+06   2.7603229835640001E+06  -1.4317158578200001E+05
  2.8304642435579998E+06   2.6734372427300001E+06  -1.0742538993100000E+05
  2.8294295156359999E+06   2.6741225518280002E+06  -1.0947932736700001E+05
  2.8916472921099998E+06   2.8317166016509999E+06  -1.6037807339199999E+05
  2.8865756629539998E+06   2.7923295112290001E+06  -1.4862195748300001E+05
  2.8672681948859999E+06   2.7750937704570000E+06  -1.6685102024000001E+05
  2.9060496075160000E+06   2.8774626098090000E+06  -1.5100690873900001E+05
  2.9042496738040000E+06   2.8769273746989998E+06  -1.5269544045800000E+05
  2.8302838955999999E+06   2.6844853166789999E+06  -1.1978724026500000E+05
  2.8932619877129998E+06   2.7791705969360000E+06  -1.2697616792100000E+05
  2.8158998667420000E+06   2.7225402971299998E+06  -1.8323245791600001E+05
  2.8817153717600000E+06   2.7841830256130002E+06  -1.4987878352200001E+05
  2.8400374971220000E+06   2.6793415782929999E+06  -1.0286040053000000E+05
  2.8946299886220000E+06   2.7808182905509998E+06  -1.2609615248100000E+05
  2.8942976198290000E+06   2.7788797399849999E+06  -1.2482685881400001E+05
  2.8995863737860001E+06   2.8619086795879998E+06  -1.5513196194600000E+05
  2.8296435633160002E+06   2.7051549674889999E+06  -1.4491430769600000E+05
  2.8823891270450000E+06   2.7419199561839998E+06  -1.0970077160199999E+05
  2.8583539815719998E+06   2.6914412488549999E+06  -9.3004740418999994E+04
  2.8933274639599998E+06   2.7309690939830001E+06  -8.4790893859999996E+04
  2.8418909025280001E+06   2.7620395627440000E+06  -1.9895450357500001E+05
  2.8796765209479998E+06   2.7277160797710000E+06  -1.0118880959700000E+05
  2.9028431582999998E+06   2.7804512743420000E+06  -1.1250683359100000E+05
  2.9443420183130000E+06   2.8073152367739999E+06  -7.8739608179999996E+04
  2.8181683727389998E+06   2.7269672166260001E+06  -1.8706453114700000E+05
  2.8195069085459998E+06   2.7287030809050002E+06  -1.8788323082200001E+05
  2.8805364310800000E+06   2.7554152188599999E+06  -1.2550719136500001E+05
  2.9245413534519998E+06   2.7774042881560000E+06  -8.0987577002000005E+04
  2.8076196973179998E+06   2.6831577827070002E+06  -1.3777056945600000E+05
  2.8819364317979999E+06   2.7267928286819998E+06  -9.7176290890000004E+04
  2.8802429500790001E+06   2.7251235617229999E+06  -9.8070821941000002E+04
  2.8305484870920000E+06   2.7455129830620000E+06  -1.9560282017600001E+05
  2.8975939860129999E+06   2.7497028884350001E+06  -9.4525359677000000E+04
  2.8407563937149998E+06   2.7375514768070001E+06  -1.6799925029200001E+05
  2.9122414764830000E+06   2.7493413554019998E+06  -7.5394389827999999E+04
  2.9153621463339999E+06   2.8705422880830001E+06  -1.4101570597000001E+05
  2.9014352665370000E+06   2.8069388887260002E+06  -1.3576272543399999E+05
  2.8796714089210001E+06   2.8612594555690000E+06  -1.7876938737000001E+05
  2.8804294911650000E+06   2.8634982986420002E+06  -1.7807070882400000E+05
  2.8811815999530000E+06   2.8615252375790002E+06  -1.7690167112499999E+05
  2.8819182050500000E+06   2.8637199625940002E+06  -1.7622500201699999E+05
  2.9134756410940001E+06   2.7744935495890002E+06  -9.2753633778000003E+04
  2.8962903802850000E+06   2.7161286173390001E+06  -6.9941573139999993E+04
  2.8945413262649998E+06   2.7148260671629999E+06  -7.0931310681999996E+04
  2.8957422762569999E+06   2.7138620455339998E+06  -6.9118679132999998E+04
  2.8303880852060001E+06   2.7221042718770001E+06  -1.6329845460999999E+05
  2.8296208135409998E+06   2.7231291622620001E+06  -1.6531608965300000E+05
  2.8285080368789998E+06   2.7212068698709998E+06  -1.6446506450400001E+05
  2.8759508141109999E+06   2.8014566986570000E+06  -1.7331885073800001E+05
  2.8633515056440001E+06   2.8016810146050001E+06  -1.9801025365400000E+05
  2.8630448564559999E+06   2.7994092460590000E+06  -1.9726901091300001E+05
  2.8967470468740002E+06   2.7234274285990000E+06  -7.4437929764999993E+04
  2.9178529974139999E+06   2.7623341037679999E+06  -7.7845183969999998E+04
  2.8526398888059999E+06   2.7508944233829998E+06  -1.6566243802999999E+05
  2.8532299528700002E+06   2.7498361244440000E+06  -1.6364967524200000E+05
  2.8866362305200002E+06   2.7555460169190001E+06  -1.1640323700900000E+05
  2.9013685439760000E+06   2.7374339103310001E+06  -7.9377530188000004E+04
  2.9003191073610000E+06   2.7353178929409999E+06  -7.8907201849999998E+04
  2.9009389638729999E+06   2.7340920242780000E+06  -7.6943222060000000E+04
  2.9053177543440000E+06   2.8006943212509998E+06  -1.2542900105399999E+05
  2.9065274100770000E+06   2.8027424683639999E+06  -1.2518658716000000E+05
  2.8677699820590001E+06   2.8079488456730000E+06  -1.9265565588499999E+05
  2.8898111334460001E+06   2.7652479401460001E+06  -1.2052238745100000E+05
  2.8101817659870000E+06   2.6793192864609999E+06  -1.3057069522800000E+05
  2.9052728260960001E+06   2.7379668912229999E+06  -7.4426718013000005E+04
  2.9348795223400001E+06   2.8069052588510001E+06  -8.9115564020999998E+04
  2.9042718349520001E+06   2.7358375407500002E+06  -7.3987996769999998E+04
  2.9137646946399999E+06   2.8367388237629998E+06  -1.3496158528100001E+05
  2.9060540530849998E+06   2.7366397839440000E+06  -7.2605088640999995E+04
  2.8870402161929999E+06   2.7575654398690001E+06  -1.1764151469700001E+05
  2.8483349324599998E+06   2.7224614521940001E+06  -1.4016977736000001E+05
  2.8778551838199999E+06   2.7605603861659998E+06  -1.3415496581699999E+05
  2.8865887516970001E+06   2.7067931683999998E+06  -7.3353992815000005E+04
  2.8883349780110000E+06   2.7080692826299998E+06  -7.2354458343000006E+04
  2.9172356277680001E+06   2.7670952065030001E+06  -8.1961873080999998E+04
  2.9227294117359999E+06   2.8756335779900001E+06  -1.3477611659399999E+05
  2.8726246636720002E+06   2.7366402514880002E+06  -1.1914285819699999E+05
  2.9053360214600000E+06   2.7539005053260000E+06  -8.7811968848999997E+04
  2.8842543233790002E+06   2.7669738225110001E+06  -1.3101927198300000E+05
  2.8223792160729999E+06   2.7411616138709998E+06  -2.0325031456200001E+05
  2.8765153999510002E+06   2.7546616724149999E+06  -1.3029433301600000E+05
  2.8753873065889999E+06   2.7796625879540001E+06  -1.5691960338900000E+05
  2.8950609917629999E+06   2.8441469274459998E+06  -1.5764214521799999E+05
  2.8975931429039999E+06   2.7692070448639998E+06  -1.1162858988600000E+05
  2.9214306156210001E+06   2.7604311678419998E+06  -7.2924836922000002E+04
  2.8658186983030001E+06   2.7077667861620001E+06  -1.0034177314799999E+05
  2.9066214477240001E+06   2.8010810296450001E+06  -1.2345981178600001E+05
  2.9078344401059998E+06   2.8031251692100000E+06  -1.2321775578199999E+05
  2.9077460435790000E+06   2.8047951266720002E+06  -1.2494247849100000E+05
  2.9079259357489999E+06   2.8014597937190002E+06  -1.2149181335800000E+05
  2.9019923058000002E+06   2.7678838053130000E+06  -1.0326855431599999E+05
  2.8727413613769999E+06   2.7600231964039998E+06  -1.4105955705000000E+05
  2.8712098038630001E+06   2.7583274480860000E+06  -1.4191088798800000E+05
  2.8723277547900002E+06   2.7580438110920000E+06  -1.3979349093199999E+05
  2.8708207559469999E+06   2.7563639455510001E+06  -1.4062005126300000E+05
  2.8697102635900001E+06   2.7566272283160002E+06  -1.4270516889800000E+05
  2.8693125112060001E+06   2.7547114867810002E+06  -1.4147560857099999E+05
  2.8704256707400000E+06   2.7544056727000000E+06  -1.3934428521700000E+05
  2.8689309473060002E+06   2.7527508885019999E+06  -1.4017531977999999E+05
  2.8700384878870002E+06   2.7524430132289999E+06  -1.3805121028800000E+05
  2.8685717966009998E+06   2.7507778170409999E+06  -1.3887457276600000E+05
  2.8696692012120001E+06   2.7504649515720000E+06  -1.3677071269600000E+05
  2.8682181294590002E+06   2.7488074196049999E+06  -1.3757880535300000E+05
  2.8692966159600001E+06   2.7484787836449998E+06  -1.3549104527500001E+05
  2.8678561273210002E+06   2.7468277965600002E+06  -1.3628796105600000E+05
  2.8689113060780000E+06   2.7464758566339999E+06  -1.3421634476199999E+05
  2.8674634679410001E+06   2.7448150710310000E+06  -1.3501601612200000E+05
  2.8685073535930002E+06   2.7444533729139999E+06  -1.3295368280300000E+05
  2.8670043751300001E+06   2.7427430273640002E+06  -1.3379685569000000E+05
  2.8681203120090002E+06   2.7424115261570001E+06  -1.3169640886500000E+05
  2.8678088259410001E+06   2.7530668277730001E+06  -1.4233133688600000E+05
  2.8665704940729998E+06   2.7406683498590002E+06  -1.3250538161499999E+05
  2.8677372242769999E+06   2.7404010375879998E+06  -1.3041304836000000E+05
  2.8661895996559998E+06   2.7387268550660000E+06  -1.3111354274300000E+05
  2.8673216412149998E+06   2.7384726809200002E+06  -1.2908872629700000E+05
  2.8658457560689999E+06   2.7368747178449999E+06  -1.2975533145800000E+05
  2.8668947196089998E+06   2.7365563348670001E+06  -1.2779436491200000E+05
  2.8229185179450000E+06   2.6929747801000001E+06  -1.3777601840299999E+05
  2.8461737910250002E+06   2.7433426298929998E+06  -1.6661673850499999E+05
  2.7924086448760000E+06   2.6976002258219998E+06  -1.7072057501900001E+05
  2.7919771334719998E+06   2.6985332874909998E+06  -1.7283207560200000E+05
  2.8632342477270002E+06   2.7590922868780000E+06  -1.5808609679800001E+05
  2.9335530282930001E+06   2.8278404394240002E+06  -1.0443484817200000E+05
  2.8548723148869998E+06   2.7507266682330002E+06  -1.6224172403000001E+05
  2.8538131232630000E+06   2.7487743582380000E+06  -1.6164311819000001E+05
  2.9145028311230000E+06   2.7959842225980000E+06  -1.0735848128800000E+05
  2.9003001151270000E+06   2.8048518599899998E+06  -1.3600387426099999E+05
  2.8720906967839999E+06   2.6968156021309998E+06  -8.0912357548000000E+04
  2.9325496144039999E+06   2.8202461452040002E+06  -1.0133638581000001E+05
  2.9136663575030002E+06   2.8492432121410002E+06  -1.3905706370699999E+05
  2.9123232383579998E+06   2.8503771322450000E+06  -1.4058677467200000E+05
  2.9107215484950002E+06   2.8491603879320002E+06  -1.4195246566799999E+05
  2.9333572930620001E+06   2.8346554052040000E+06  -1.0942691816099999E+05
  2.8672448873760002E+06   2.7823281131440001E+06  -1.7445091634200001E+05
  2.8657364853500002E+06   2.7811660350429998E+06  -1.7594314078099999E+05
  2.9097765072030001E+06   2.8598979646899998E+06  -1.4481964860499999E+05
  2.8268542925769999E+06   2.7396510327639999E+06  -1.9368818146800000E+05
  2.8810583479849999E+06   2.8144786237130002E+06  -1.7033058097000001E+05
  2.9060406590419998E+06   2.8402630549519998E+06  -1.4516228017600000E+05
  2.8501818293949999E+06   2.7373276760140001E+06  -1.5439715177999999E+05
  2.8508616253689998E+06   2.7363385100529999E+06  -1.5234390458000000E+05
  2.8980473786900002E+06   2.8287113578510000E+06  -1.5061559532900000E+05
  2.9152787247799998E+06   2.7869855820570001E+06  -9.9733581397000002E+04
  2.9168040126950000E+06   2.7886115015540002E+06  -9.8737839592000004E+04
  2.8843050808649999E+06   2.7212633416100000E+06  -8.8636938693999997E+04
  2.8566733409310002E+06   2.7823679389399998E+06  -1.9428756354800001E+05
  2.8924812503330000E+06   2.8416170785229998E+06  -1.6081985978000000E+05
  2.9061016977619999E+06   2.8426986076190001E+06  -1.4551982766000001E+05
  2.8921723684069999E+06   2.7473426079460001E+06  -1.0033499603200000E+05
  2.9483110496840002E+06   2.8125233578249998E+06  -7.8478519249000004E+04
  2.9149880330469999E+06   2.8357779033869999E+06  -1.3308098861100001E+05
  2.9134952681530002E+06   2.8344052224079999E+06  -1.3435771772399999E+05
  2.8075518106720001E+06   2.6923147447239999E+06  -1.4905954352100001E+05
  2.8097935857839999E+06   2.6838779076450001E+06  -1.3730833393299999E+05
  2.9372680212289998E+06   2.8649833355109999E+06  -1.1945592511500001E+05
  2.9381270303620002E+06   2.8634145168400002E+06  -1.1788032909800000E+05
  2.9396922820759998E+06   2.8641620608890001E+06  -1.1625959994600000E+05
  2.8570527977330000E+06   2.7546998032709998E+06  -1.6342379472500001E+05
  2.9009051782640000E+06   2.7618376595350001E+06  -9.9377976232000001E+04
  2.9070306978469999E+06   2.7682043645029999E+06  -9.6221071884999998E+04
  2.8748275644979998E+06   2.7466673101510000E+06  -1.2522395236100000E+05
  2.8748452016130001E+06   2.8437906879690001E+06  -1.8382689960300000E+05
  2.8154739117530002E+06   2.7234585880829999E+06  -1.8539287574700001E+05
  2.8141159378459998E+06   2.7216906721390001E+06  -1.8455102149899999E+05
  2.8826669691789998E+06   2.8617824203949999E+06  -1.7506370085900000E+05
  2.8834065270280000E+06   2.8639448088580002E+06  -1.7437999135900001E+05
  2.8297253847469999E+06   2.6877147686270000E+06  -1.2497682936000000E+05
  2.8621578179810001E+06   2.8159296022239998E+06  -2.0655683562000000E+05
  2.8877218830189998E+06   2.7108385078329998E+06  -7.5165157290999996E+04
  2.9246673627050002E+06   2.8229524299229998E+06  -1.1315777334699999E+05
  2.9256750578140002E+06   2.8251422516760002E+06  -1.1300169066300000E+05
  2.9176307810820001E+06   2.7837767113009999E+06  -9.4613262503000005E+04
  2.8654250372210001E+06   2.7350119592380002E+06  -1.2850610627500000E+05
  2.8664531314539998E+06   2.7346522168769999E+06  -1.2653537498399999E+05
  2.8649658963629999E+06   2.7331207588550001E+06  -1.2732467931700000E+05
  2.8660069358609999E+06   2.7327388195079998E+06  -1.2527407763800000E+05
  2.8645290959399999E+06   2.7311787149589998E+06  -1.2605608070300000E+05
  2.8655802665769998E+06   2.7308068640760002E+06  -1.2396335845200000E+05
  2.8641135423480002E+06   2.7291980808819998E+06  -1.2470641329800000E+05
  2.8970426342119998E+06   2.8297058863960002E+06  -1.5250325147399999E+05
  2.7953277077179998E+06   2.6959562892040000E+06  -1.6509099852200001E+05
  2.7955803429850000E+06   2.6949691555380002E+06  -1.6303746132900001E+05
  2.8650210102459998E+06   2.8002038426970001E+06  -1.9361732021899999E+05
  2.8754035394449998E+06   2.7960874239119999E+06  -1.7023902956600001E+05
  2.8363390718680001E+06   2.7463038818680001E+06  -1.8695218154399999E+05
  2.8561564639519998E+06   2.7601010090919998E+06  -1.6976275581999999E+05
  2.9362822062809998E+06   2.8371952550160000E+06  -1.0783081432799999E+05
  2.8277342253399999E+06   2.7279837259459998E+06  -1.7469168303200000E+05
  2.7944841339550000E+06   2.6890920121350000E+06  -1.5265440169900001E+05
  2.8753069164330000E+06   2.7742863116070000E+06  -1.5168421259000001E+05
  2.8956890475380002E+06   2.7805643308460000E+06  -1.2394014290399999E+05
  2.8698625604869998E+06   2.8578644787800000E+06  -1.9070599388800000E+05
  2.9180881948219999E+06   2.7881316896930002E+06  -9.6740076732000001E+04
  2.8730166353469999E+06   2.7123256066899998E+06  -9.6090222408999995E+04
  2.8456826454830002E+06   2.7650387106840000E+06  -1.9475702312999999E+05
  2.8925503725790000E+06   2.8018500311889998E+06  -1.4633361265100000E+05
  2.9416897068329998E+06   2.8043941642209999E+06  -7.9579548383999994E+04
  2.8190280410830001E+06   2.7027597848020000E+06  -1.5201521728899999E+05
  2.8651952837899998E+06   2.7288663235599999E+06  -1.2257886935900000E+05
  2.8637129348390000E+06   2.7272337670640000E+06  -1.2334636020900001E+05
  2.9158218190029999E+06   2.8427110208549998E+06  -1.3504589989999999E+05
  2.9228836878539999E+06   2.7981536638529999E+06  -9.7747167543000003E+04
  2.9396081814170000E+06   2.8486829280719999E+06  -1.1032255074200001E+05
  2.8614364205390001E+06   2.7170431157300002E+06  -1.1624998741700000E+05
  2.8619508376219999E+06   2.7191541703100000E+06  -1.1762848133200000E+05
  2.8609252096449998E+06   2.7149862188860001E+06  -1.1492250625400001E+05
  2.9231059495600001E+06   2.7800089814599999E+06  -8.4752201872000005E+04
  2.8923397024240000E+06   2.7429064378880002E+06  -9.5945799545999995E+04
  2.8851647252989998E+06   2.7368149953109999E+06  -1.0120606429300000E+05
  2.8378786028590002E+06   2.7472743317410001E+06  -1.8550319025300001E+05
  2.8935733038860001E+06   2.7907768175710002E+06  -1.3605242925099999E+05
  2.8921718002129998E+06   2.7904433614039999E+06  -1.3796376826400001E+05
  2.8920212983519998E+06   2.7921376540179998E+06  -1.3963640537600001E+05
  2.8907920318590002E+06   2.7900960160780000E+06  -1.3988340536500001E+05
  2.9246645650780001E+06   2.7808863310960000E+06  -8.3239778835999998E+04
  2.8632868703140002E+06   2.7016773087510001E+06  -9.7464926598000005E+04
  2.8920522132750000E+06   2.8179856343580000E+06  -1.5571944219000000E+05
  2.8831939254290001E+06   2.7090387494130000E+06  -7.9155141222000006E+04
  2.8499032091569998E+06   2.7633296511510001E+06  -1.8424711072299999E+05
  2.8611291569880000E+06   2.8119857913500001E+06  -2.0765128347699999E+05
  2.8663537084989999E+06   2.7591352163140001E+06  -1.5162870050899999E+05
  2.9061113707059999E+06   2.8275338763629999E+06  -1.4057759934700001E+05
  2.9139685347790001E+06   2.8514242253220002E+06  -1.3916622263700000E+05
  2.8462352116510002E+06   2.7153616478610002E+06  -1.3581838464900001E+05
  2.8452731957890000E+06   2.7133406311329999E+06  -1.3503133750100000E+05
  2.8569839854990002E+06   2.7897106395390001E+06  -2.0127902411999999E+05
  2.9328133807480000E+06   2.7829493777000001E+06  -7.5903355809000001E+04
  2.8536640286690001E+06   2.7718211906730002E+06  -1.8782254988199999E+05
  2.9053776645880002E+06   2.8751137776060002E+06  -1.5137978082499999E+05
  2.9035154249060000E+06   2.8746275614519999E+06  -1.5312532704900001E+05
  2.9072269793420001E+06   2.8756825059239999E+06  -1.4967376211700001E+05
  2.8992941034700000E+06   2.7331915760309999E+06  -7.8438838495999997E+04
  2.8999265765720000E+06   2.7319797713540001E+06  -7.6469790393000003E+04
  2.9194939165920001E+06   2.7746508743730001E+06  -8.5135118998000005E+04
  2.8780508205030002E+06   2.7051664866800001E+06  -8.2258495787000007E+04
  2.8434247724520001E+06   2.7123496235920000E+06  -1.3622476638300001E+05
  2.8442364988830001E+06   2.7113847347459998E+06  -1.3418718174100001E+05
  2.9176789632430002E+06   2.8172678692009998E+06  -1.1878609009800000E+05
  2.8997045678590001E+06   2.8558068073999998E+06  -1.5411270838699999E+05
  2.9198606068950002E+06   2.8703264794850000E+06  -1.3660529691800001E+05
  2.9315499894500002E+06   2.8413343406489999E+06  -1.1581285813700000E+05
  2.8865755208649999E+06   2.7115688823310002E+06  -7.7102269847000003E+04
  2.8565412011060002E+06   2.7317737415390001E+06  -1.3952876876100001E+05
  2.8417959997879998E+06   2.7142858434350002E+06  -1.4031341753499999E+05
  2.7972778329150002E+06   2.6962123095209999E+06  -1.6384082680800001E+05
  2.7975692432100000E+06   2.6953062052950002E+06  -1.6190321842799999E+05
  2.7991835244590002E+06   2.6967189811769999E+06  -1.6274465161900001E+05
  2.7958378078500000E+06   2.6940379107949999E+06  -1.6108326742200000E+05
  2.8943187623720001E+06   2.7962912331800000E+06  -1.3905420819300000E+05
  2.8954360478590000E+06   2.7983874923359999E+06  -1.3874156880600000E+05
  2.8704712456299998E+06   2.8130658638120000E+06  -1.9033819933900001E+05
  2.8518886857670001E+06   2.7383653347620000E+06  -1.5307252216399999E+05
  2.8525646675450001E+06   2.7373608024729998E+06  -1.5100804088200000E+05
  2.8780528746480001E+06   2.8655850764210001E+06  -1.8117559185500001E+05
  2.8337519851170001E+06   2.7278885083430000E+06  -1.6584137460300000E+05
  2.8356377879150002E+06   2.7287979153209999E+06  -1.6468145303599999E+05
  2.8635793813530002E+06   2.7867925337609998E+06  -1.8516274520100001E+05
  2.8670837492570002E+06   2.6978291549169999E+06  -8.7920560675000001E+04
  2.8712261387570002E+06   2.8216817720090002E+06  -1.8968332776799999E+05
  2.8700969784370000E+06   2.8225895881730001E+06  -1.9157565409000000E+05
  2.8710678512680000E+06   2.8240549996699998E+06  -1.8994908805799999E+05
  2.8699484376150002E+06   2.8250245728179999E+06  -1.9182509544300000E+05
  2.8709558717919998E+06   2.8263763163609998E+06  -1.9013723891300001E+05
  2.8689664658700000E+06   2.8234837191019999E+06  -1.9347024337300000E+05
  2.8720527570290002E+06   2.8254965278280000E+06  -1.8829900189900000E+05
  2.8719444798249998E+06   2.8277597455520001E+06  -1.8848093617599999E+05
  2.8730351439740001E+06   2.8269393003699998E+06  -1.8665313678100001E+05
  2.8729082698019999E+06   2.8292587146830000E+06  -1.8681693349400000E+05
  2.8740917994129998E+06   2.8283256894089999E+06  -1.8501857450200000E+05
  2.8740576093520001E+06   2.8306309835350001E+06  -1.8506375619700001E+05
  2.8752344274189998E+06   2.8296095707180002E+06  -1.8333712056499999E+05
  2.8751990787999998E+06   2.8319155946229999E+06  -1.8338852686499999E+05
  2.8763175273340000E+06   2.8309022978500002E+06  -1.8171034431799999E+05
  2.8763170941410000E+06   2.8331979542870000E+06  -1.8174766749500000E+05
  2.8773977895820001E+06   2.8321590982309999E+06  -1.8008448690399999E+05
  2.8774286746330000E+06   2.8345410124869999E+06  -1.8011610714099999E+05
  2.8785087629189999E+06   2.8333442871039999E+06  -1.7840137895400001E+05
  2.8785549963739999E+06   2.8358929940419998E+06  -1.7846292875699999E+05
  2.8796327979000001E+06   2.8346126081860000E+06  -1.7670559240900000E+05
  2.8763732154299999E+06   2.8285407527720002E+06  -1.8137724210999999E+05
  2.8797093498169999E+06   2.8371410408569998E+06  -1.7676889962099999E+05
  2.8808147471010000E+06   2.8358479323780001E+06  -1.7502600735400000E+05
  2.8806464210319999E+06   2.8333645371480002E+06  -1.7493063875600000E+05
  2.8820324065609998E+06   2.8345597384279999E+06  -1.7333853092200001E+05
  2.8822166240840000E+06   2.8369896098739998E+06  -1.7344805351999999E+05
  2.8783213095320002E+06   2.8308971239379998E+06  -1.7845448563600000E+05
  2.8717343085309998E+06   2.8302283961840002E+06  -1.8878107933400001E+05
  2.8531477293830002E+06   2.7539015004150001E+06  -1.6821380630299999E+05
  2.8906062410410000E+06   2.7347249734310000E+06  -9.1837066191999998E+04
  2.8461782585100001E+06   2.7553767397170002E+06  -1.8132141635499999E+05
  2.9039688684780002E+06   2.8092564561749999E+06  -1.3363183342800001E+05
  2.9146703546420000E+06   2.8063677301280000E+06  -1.1506954770500000E+05
  2.8353076395510002E+06   2.7538259088869998E+06  -1.9885389605600000E+05
  2.8808934797760001E+06   2.7339311124229999E+06  -1.0478367978200001E+05
  2.8289069935570001E+06   2.7448252513480000E+06  -1.9738770429100000E+05
  2.8616711373649999E+06   2.7423224673179998E+06  -1.4218307387100000E+05
  2.9037636415619999E+06   2.7529240916650002E+06  -8.9361685830000002E+04
  2.9044780110089998E+06   2.7517065635719998E+06  -8.7434870381999994E+04
  2.8852388582540001E+06   2.8081312356340000E+06  -1.6270339537600000E+05
  2.8860979423310002E+06   2.8072243223529998E+06  -1.6069931282399999E+05
  2.8854977857800000E+06   2.8049463901880002E+06  -1.6008014950800000E+05
  2.8431411638639998E+06   2.7192266967110001E+06  -1.4405893605600001E+05
  2.9503367365120002E+06   2.8166904565570001E+06  -7.9472009890000001E+04
  2.9503458916900000E+06   2.8201469949289998E+06  -8.1729638739999995E+04
  2.9512192977399998E+06   2.8223152735810000E+06  -8.2182968903999994E+04
  2.9494227011190001E+06   2.8214611870599999E+06  -8.3514197197000001E+04
  2.9511520513630002E+06   2.8257446974940002E+06  -8.4405706917000003E+04
  2.9520189155919999E+06   2.8278221477290001E+06  -8.4808818566000002E+04
  2.8751297394550000E+06   2.8645138162420001E+06  -1.8469582041099999E+05
  2.8444515691390000E+06   2.7244683093010001E+06  -1.4822079205500000E+05
  2.8536390199799999E+06   2.7851580850880002E+06  -2.0327776153100000E+05
  2.8909593061030000E+06   2.7884031806959999E+06  -1.3822242256300000E+05
  2.8895620109089999E+06   2.7880485426349998E+06  -1.4012664176699999E+05
  2.8805299336549998E+06   2.7744595016669999E+06  -1.4278743234199999E+05
  2.8314054583640001E+06   2.6752561129589998E+06  -1.0866072366900000E+05
  2.8303605105740000E+06   2.6759454267489999E+06  -1.1073143500899999E+05
  2.8703805389600000E+06   2.7065799135289998E+06  -9.3234012631999998E+04
  2.8104090953890001E+06   2.6769277464049999E+06  -1.2719096506500000E+05
  2.8782464565530000E+06   2.8520744082180001E+06  -1.7872212372800001E+05
  2.8210802432809998E+06   2.7250283397400002E+06  -1.7959074142000001E+05
  2.8155283011679999E+06   2.6944498041929998E+06  -1.4564047008100001E+05
  2.8933488344890000E+06   2.8529190216310001E+06  -1.6049928419599999E+05
  2.9182844727739999E+06   2.7902642949899998E+06  -9.7818184838000001E+04
  2.9170054448799998E+06   2.7907577983920001E+06  -9.9817723794000005E+04
  2.9431859343030001E+06   2.8391797525430000E+06  -1.0134265706200000E+05
  2.8744143363819998E+06   2.7027085906610000E+06  -8.4156304438000006E+04
  2.8689201460790001E+06   2.7700197955700001E+06  -1.5865696648800001E+05
  2.8087249016419998E+06   2.6846750288100000E+06  -1.3924765984499999E+05
  2.8109750090939999E+06   2.6831894649430001E+06  -1.3543685041700001E+05
  2.8663679321120000E+06   2.7729490654540001E+06  -1.6626227213699999E+05
  2.9396755995129999E+06   2.8098749725230001E+06  -8.5702524086000005E+04
  2.9339465873409999E+06   2.7990983429000000E+06  -8.4953535434999998E+04
  2.8708266336800000E+06   2.8045334738830002E+06  -1.8497927941399999E+05
  2.9236551933329999E+06   2.8207615126550002E+06  -1.1331953046600000E+05
  2.9241595188460001E+06   2.8191235051520001E+06  -1.1166286254800000E+05
  2.8906601667260001E+06   2.8142403117229999E+06  -1.5692268833899999E+05
  2.8752200546590001E+06   2.8341862538760002E+06  -1.8335295279300000E+05
  2.8941635622589998E+06   2.7834811783400001E+06  -1.2927637048500001E+05
  2.8650042145910002E+06   2.7646060218429998E+06  -1.6039196736800001E+05
  2.8835769380600001E+06   2.7284754278040002E+06  -9.6311086293000000E+04
  2.8947773655229998E+06   2.8370055818639998E+06  -1.5752090621600000E+05
  2.9108918691699998E+06   2.8516151083550001E+06  -1.4222249470600000E+05
  2.9093029654999999E+06   2.8502909348410000E+06  -1.4358419640399999E+05
  2.9147071156210001E+06   2.8334295828580000E+06  -1.3248528803100000E+05
  2.9132233526949999E+06   2.8320842830170002E+06  -1.3376195894600000E+05
  2.8498131542730001E+06   2.7273927145090001E+06  -1.4387504895600001E+05
  2.7936338340960001E+06   2.6998788526409999E+06  -1.7386622598300001E+05
  2.7932677060329998E+06   2.7007638552379999E+06  -1.7597261141300001E+05
  2.8730477954119998E+06   2.8584910940379999E+06  -1.8694489350899999E+05
  2.8110715223949999E+06   2.6855578003219999E+06  -1.3863744686900001E+05
  2.8870120260399999E+06   2.8498986827830002E+06  -1.6771590993900000E+05
  2.8953389246220002E+06   2.7785823190649999E+06  -1.2266098420399999E+05
  2.8967310697780000E+06   2.7802442817099998E+06  -1.2175115632600000E+05
  2.8409875387820001E+06   2.7152618582130000E+06  -1.4235902850099999E+05
  2.9344055665710000E+06   2.8085811912759999E+06  -9.0829352723000004E+04
  2.8842360480840001E+06   2.7498451134029999E+06  -1.1472626326500000E+05
  2.8773515314199999E+06   2.7413985610779999E+06  -1.1669313386099999E+05
  2.8373743427920002E+06   2.7617667608929998E+06  -2.0650444510800001E+05
  2.9161195431760000E+06   2.7464609069269998E+06  -6.8213558585999999E+04
  2.8825845974450000E+06   2.8658762357990001E+06  -1.7553227527000001E+05
  2.8840642168769999E+06   2.8661007699219999E+06  -1.7369811784500000E+05
  2.8849175783890001E+06   2.8641405484569999E+06  -1.7250469273000001E+05
  2.8856891405670000E+06   2.8662821674410002E+06  -1.7187378485900001E+05
  2.8865689183749999E+06   2.8643530219190000E+06  -1.7061669802499999E+05
  2.8873123469469999E+06   2.8665147560979999E+06  -1.7005936589300001E+05
  2.8881260868000002E+06   2.8647563278120002E+06  -1.6874827330400000E+05
  2.8888276008839998E+06   2.8668600668750000E+06  -1.6823322164199999E+05
  2.8896492039930001E+06   2.8651684457029998E+06  -1.6692370291900000E+05
  2.8903595899430001E+06   2.8673198129610000E+06  -1.6640571071600000E+05
  2.8911833979300000E+06   2.8656191238270001E+06  -1.6509190807000000E+05
  2.8918999990650001E+06   2.8677734430049998E+06  -1.6456668648100001E+05
  2.9048113817900000E+06   2.7586092963049999E+06  -9.2034880330999993E+04
  2.8833169946039999E+06   2.7458784110380001E+06  -1.1220280492000000E+05
  2.9407550206950000E+06   2.8022624970970000E+06  -7.9154616993000003E+04
  2.9415081333559998E+06   2.8009558674160000E+06  -7.7320763764999996E+04
  2.8508395472249999E+06   2.7293794029420000E+06  -1.4465056471199999E+05
  2.8801335700340001E+06   2.7870756905260002E+06  -1.5534798748899999E+05
  2.8282510872490001E+06   2.7269977083970001E+06  -1.7254022225799999E+05
  2.8431135351010002E+06   2.7659770008000000E+06  -2.0143755513200001E+05
  2.8137081419859999E+06   2.7226237016840000E+06  -1.8670804227700000E+05
  2.8123384120000000E+06   2.7208461718020001E+06  -1.8586826826000001E+05
  2.8309992684129998E+06   2.7346549233940002E+06  -1.7933695692800000E+05
  2.8666200526330001E+06   2.7833020176670002E+06  -1.7659541644299999E+05
  2.8651068724690001E+06   2.7821087077980000E+06  -1.7805740248399999E+05
  2.8642016654320001E+06   2.7800118352359999E+06  -1.7740484054899999E+05
  2.8502155570890000E+06   2.7765126675990000E+06  -2.0009216518499999E+05
  2.8510905160909998E+06   2.7761780341320001E+06  -1.9793072249200000E+05
  2.8505156736099999E+06   2.7741955479199998E+06  -1.9666612392200000E+05
  2.8854937427289998E+06   2.7559172799049998E+06  -1.1847813922600000E+05
  2.8933763235510001E+06   2.7534430776979998E+06  -1.0389422471300000E+05
  2.9028775656570001E+06   2.7507751790990001E+06  -8.8895102786000003E+04
  2.9035654525839998E+06   2.7495552793939998E+06  -8.7000950219000006E+04
  2.8540998815890001E+06   2.7244686502709999E+06  -1.3388130487100000E+05
  2.9054334911570000E+06   2.8096190282290000E+06  -1.3177335254399999E+05
  2.9049175095080002E+06   2.7775915816970002E+06  -1.0724012601700000E+05
  2.9063833316090000E+06   2.7792583935500002E+06  -1.0635730732500000E+05
  2.9066596518839998E+06   2.7813286050020000E+06  -1.0753224578800000E+05
  2.8283717450410002E+06   2.6747956675410001E+06  -1.1154411459500001E+05
  2.8292734053079998E+06   2.6766509088679999E+06  -1.1279805670000000E+05
  2.9150295548769999E+06   2.8482847464080001E+06  -1.3754028808999999E+05
  2.9389661968100001E+06   2.8618427173270001E+06  -1.1628533945900000E+05
  2.9373799324590000E+06   2.8611377532710000E+06  -1.1790451890300000E+05
  2.8511244101209999E+06   2.6864596566340001E+06  -9.6940803150000007E+04
  2.8520726107770000E+06   2.6883310600740002E+06  -9.8127115210999997E+04
  2.9078401162379999E+06   2.7809318696699999E+06  -1.0545918203800000E+05
  2.8810482529420001E+06   2.7701149878260000E+06  -1.3835170692200001E+05
  2.9019881900040000E+06   2.7742611733410000E+06  -1.0900480447500000E+05
  2.8778586626439998E+06   2.7668958021840001E+06  -1.3992439575299999E+05
  2.8876649028369999E+06   2.7488181624830002E+06  -1.0854171262799999E+05
  2.8264420500530000E+06   2.7405622116870000E+06  -1.9587204819199999E+05
  2.8251491832989999E+06   2.7387573454499999E+06  -1.9508772299499999E+05
  2.8715269442090001E+06   2.7541049180729999E+06  -1.3723748366299999E+05
  2.8660743746159999E+06   2.7573331942500002E+06  -1.5002496254000001E+05
  2.8000726090099998E+06   2.7008204885169999E+06  -1.6927165136399999E+05
  2.8991971888600001E+06   2.8276508760520001E+06  -1.4878379333900000E+05
  2.8977100820650002E+06   2.8263996826109998E+06  -1.5018088772699999E+05
  2.8680701676639998E+06   2.8340150251349998E+06  -1.9489269634299999E+05
  2.8648278826819998E+06   2.7269373871380002E+06  -1.2126502531200000E+05
  2.9400286891510002E+06   2.8035882139220000E+06  -8.0970428862999994E+04
  2.7994543287269999E+06   2.6958219688740000E+06  -1.6071315691200001E+05
  2.8010825932539999E+06   2.6974261104210000E+06  -1.6160345427300001E+05
  2.8815452695619999E+06   2.7379073107460001E+06  -1.0725003290799999E+05
  2.8632772742470000E+06   2.7252946426990000E+06  -1.2190418484200000E+05
  2.8818379696280002E+06   2.8321128333490002E+06  -1.7323930054500001E+05
  2.8707559962630002E+06   2.7501435730320001E+06  -1.3467619741699999E+05
  2.8224140506030000E+06   2.7195163131519998E+06  -1.7004387481000001E+05
  2.9332619371759999E+06   2.8065317268180000E+06  -9.0830177941000002E+04
  2.9052454298200002E+06   2.8170628561959998E+06  -1.3641653586100001E+05
  2.8367104150930000E+06   2.7598213047610000E+06  -2.0521807773399999E+05
  2.8842214884730000E+06   2.8091161797850002E+06  -1.6459536250900000E+05
  2.9091385657100002E+06   2.8034989386570002E+06  -1.2124571535499999E+05
  2.8171428616519999E+06   2.6964217893719999E+06  -1.4662921606400001E+05
  2.8193087218040000E+06   2.6971602125530001E+06  -1.4565026633799999E+05
  2.9250819326229999E+06   2.8539725307379998E+06  -1.2850377621200000E+05
  2.9262317331539998E+06   2.8524272989949998E+06  -1.2708267608500000E+05
  2.9256356906260001E+06   2.8501334347620001E+06  -1.2710904567100000E+05
  2.9273758156980001E+06   2.8508756692920001E+06  -1.2566541105300000E+05
  2.9279714713110002E+06   2.8531674544770001E+06  -1.2563892316999999E+05
  2.8692307411690000E+06   2.7420849366350002E+06  -1.2963146356700000E+05
  2.9125763683730001E+06   2.8777534498660001E+06  -1.4480304354700001E+05
  2.8697348344660001E+06   2.7665356121339998E+06  -1.5355307383899999E+05
  2.9241951738399998E+06   2.8245982782959999E+06  -1.1477366830400001E+05
  2.9252384061530000E+06   2.8267684226980000E+06  -1.1464652986700000E+05
  2.8423868651640001E+06   2.7104034518470000E+06  -1.3536517280000000E+05
  2.8431922000489999E+06   2.7094577730870000E+06  -1.3331155976700000E+05
  2.8450362090790002E+06   2.7104228325120001E+06  -1.3213206562600000E+05
  2.8439715991520002E+06   2.7084817782800002E+06  -1.3125569527699999E+05
  2.8744148791319998E+06   2.7227142259700000E+06  -1.0388865868300000E+05
  2.8321432829999998E+06   2.7464253745180001E+06  -1.9418244574400000E+05
  2.8216388366560000E+06   2.7285283139180001E+06  -1.8443868405300000E+05
  2.8699853359840000E+06   2.7461327606020002E+06  -1.3213946693299999E+05
  2.9078028907809998E+06   2.8228641386090000E+06  -1.3606759400899999E+05
  2.9112787840800001E+06   2.8167595418529999E+06  -1.2786443500500001E+05
  2.8389507665729998E+06   2.7208626614700002E+06  -1.5154007944400000E+05
  2.8625488447909998E+06   2.7499284814260001E+06  -1.4794164349500000E+05
  2.8734440901870001E+06   2.7185228008110002E+06  -1.0141292651300000E+05
  2.8717472094939998E+06   2.7169175325910002E+06  -1.0216134049400000E+05
  2.8751085450129998E+06   2.7201554596870001E+06  -1.0062381864400000E+05
  2.8003420408109999E+06   2.6839412644520001E+06  -1.4181941219999999E+05
  2.9020797017109999E+06   2.8233165288030002E+06  -1.4393914312600001E+05
  2.9051696370760002E+06   2.7344451288640001E+06  -7.2271424847999995E+04
  2.8980323251419999E+06   2.8111588345440002E+06  -1.4306400834800000E+05
  2.8678680133509999E+06   2.7741096499620001E+06  -1.6473513544899999E+05
  2.8927063419120000E+06   2.8660458853270002E+06  -1.6327004208000001E+05
  2.8934179020580002E+06   2.8681505359379998E+06  -1.6274264897899999E+05
  2.8554183798679998E+06   2.7496475258089998E+06  -1.6026997612199999E+05
  2.8543943093300001E+06   2.7477328084789999E+06  -1.5966154240100001E+05
  2.9032284876959999E+06   2.7576630715839998E+06  -9.3621991418999998E+04
  2.8177477476320001E+06   2.7278918281180002E+06  -1.8922723532199999E+05
  2.8190680793780000E+06   2.7296262243829998E+06  -1.9007357604200000E+05
  2.9448240814020000E+06   2.8452660531170000E+06  -1.0267327121500000E+05
  2.8859166905359998E+06   2.7579269840139998E+06  -1.1972967269700000E+05
  2.8531995542930001E+06   2.7075264242610000E+06  -1.1817211020600000E+05
  2.8976977463580002E+06   2.8468669852339998E+06  -1.5470651885699999E+05
  2.8097392232229998E+06   2.6863377961229999E+06  -1.4068373864699999E+05
  2.8897469416339998E+06   2.7863550813230001E+06  -1.3847465243799999E+05
  2.8883267072390001E+06   2.7859873852880001E+06  -1.4036725092799999E+05
  2.8997203986889999E+06   2.7365594925139998E+06  -8.0868827671000006E+04
  2.9118994252820001E+06   2.7610882056000000E+06  -8.3952092881000004E+04
  2.9111861539599998E+06   2.7623543415660001E+06  -8.5865977442000003E+04
  2.9197343723060000E+06   2.7900012576480000E+06  -9.5746604560000007E+04
  2.8316376284639998E+06   2.7475181552090002E+06  -1.9640821388500000E+05
  2.9092266721080001E+06   2.8018298394240001E+06  -1.1952231486699999E+05
  2.8986354679350001E+06   2.7647629899340002E+06  -1.0476200525100000E+05
  2.8472388701129998E+06   2.6790671792259999E+06  -9.2239190579999995E+04
  2.8869659685479999E+06   2.8063183984329998E+06  -1.5868160300900001E+05
  2.8832264638310000E+06   2.8333024845890002E+06  -1.7168459313400000E+05
  2.9405614757710001E+06   2.8625991753050000E+06  -1.1467382904000000E+05
  2.8867924672889998E+06   2.7448423615069999E+06  -1.0607380064400000E+05
  2.9043115260740002E+06   2.7821144622780001E+06  -1.1162562779499999E+05
  2.7952989514859999E+06   2.7011915461990000E+06  -1.7488354141599999E+05
  2.7949512474320000E+06   2.7020855825319998E+06  -1.7699028199300001E+05
  2.9306920264189998E+06   2.7890938122700001E+06  -8.2297872516000003E+04
  2.8773127561750002E+06   2.8372004781820001E+06  -1.8028028306300001E+05
  2.8646473657379998E+06   2.7250398726019999E+06  -1.1960883447400000E+05
  2.9183697163399998E+06   2.8571713935790001E+06  -1.3591446270199999E+05
  2.8527894931310001E+06   2.7468459435749999E+06  -1.6101906978699999E+05
  2.8534096612559999E+06   2.7458060551600000E+06  -1.5898278155700001E+05
  2.8491018778059999E+06   2.7002353982050000E+06  -1.1572451379300001E+05
  2.8774783320860001E+06   2.7710986266259998E+06  -1.4445763096300000E+05
  2.8881904513690001E+06   2.7876787684470001E+06  -1.4203256389500000E+05
  2.8869455378549998E+06   2.7856150318840002E+06  -1.4228603047500001E+05
  2.9436927530999999E+06   2.8147193168429998E+06  -8.4763200551000002E+04
  2.8863555061659999E+06   2.8040007077370002E+06  -1.5805136216300001E+05
  2.8200309264320000E+06   2.6825034116509999E+06  -1.2754713138300000E+05
  2.8906537680400000E+06   2.7917812219309998E+06  -1.4154719966300001E+05
  2.8679472029269999E+06   2.7362227985040001E+06  -1.2581241294400000E+05
  2.8600108203050001E+06   2.7608499727759999E+06  -1.6507041955500000E+05
  2.8127909759600000E+06   2.7041398817139999E+06  -1.6028493537900000E+05
  2.8937664174649999E+06   2.7124045435270001E+06  -7.0172214483000003E+04
  2.8238141505109998E+06   2.6919182087240000E+06  -1.3580948176600001E+05
  2.8250051411040002E+06   2.6937307824169998E+06  -1.3689185466300001E+05
  2.8259044336480000E+06   2.6926649245560002E+06  -1.3491157197100000E+05
  2.8270981513450001E+06   2.6944723781650001E+06  -1.3598577024700001E+05
  2.8280110475829998E+06   2.6934036659390000E+06  -1.3399077944099999E+05
  2.8261856415610001E+06   2.6955426426260001E+06  -1.3798222012799999E+05
  2.8857116444520000E+06   2.8103937359670000E+06  -1.6320022858800000E+05
  2.8830576318250000E+06   2.7263198628730001E+06  -9.5118846172000005E+04
  2.8622265526430001E+06   2.8001290553899999E+06  -1.9941962624700001E+05
  2.8619269815860000E+06   2.7978865095719998E+06  -1.9868136094700001E+05
  2.8627475018139998E+06   2.7971776533030001E+06  -1.9653277516900000E+05
  2.8625602110919999E+06   2.8023999509580000E+06  -2.0014971624499999E+05
  2.8758911652580001E+06   2.8588334792729998E+06  -1.8333279084900001E+05
  2.9502575539210001E+06   2.8270373621109999E+06  -8.6144027843999997E+04
  2.8348336607329999E+06   2.7297557785089999E+06  -1.6667667919800000E+05
  2.8366723952710000E+06   2.7306748379609999E+06  -1.6557205557299999E+05
  2.8375517031700001E+06   2.7297834268540000E+06  -1.6357354969000001E+05
  2.8386536112580001E+06   2.7319446497829999E+06  -1.6465919796100000E+05
  2.8394247703140001E+06   2.7308754188500000E+06  -1.6235917075700001E+05
  2.8127409896479999E+06   2.7199092598339999E+06  -1.8371280451900000E+05
  2.8109043580729999E+06   2.7191014018420000E+06  -1.8502042422799999E+05
  2.8112954873460000E+06   2.7181735047889999E+06  -1.8286773970500001E+05
  2.8094137079489999E+06   2.7174023259259998E+06  -1.8416050785800000E+05
  2.8097988705770001E+06   2.7164780599940000E+06  -1.8202244235100001E+05
  2.8079125749130002E+06   2.7157012030750001E+06  -1.8331168705400001E+05
  2.8083302844739999E+06   2.7147700623360001E+06  -1.8117612641600001E+05
  2.8064408065880002E+06   2.7139883395090001E+06  -1.8246051201899999E+05
  2.8068770571160000E+06   2.7130439427729999E+06  -1.8032650388500001E+05
  2.8049903550820001E+06   2.7122635956609999E+06  -1.8160937383400000E+05
  2.8087655071540000E+06   2.7138251359799998E+06  -1.7904264647700000E+05
  2.8812640028209998E+06   2.8065605149980001E+06  -1.6735734700899999E+05
  2.9163411125779999E+06   2.8347501067750002E+06  -1.3101495834100001E+05
  2.9094042047430002E+06   2.8527723338759998E+06  -1.4390891409899999E+05
  2.9078743890410000E+06   2.8514139566210001E+06  -1.4522475500800001E+05
  2.9511587057630001E+06   2.8291447191770002E+06  -8.6518777950999996E+04
  2.8668027312579998E+06   2.7471568180200001E+06  -1.3833480371000001E+05
  2.8981254273359999E+06   2.7516295952470000E+06  -9.5701105018999995E+04
  2.8399764274820001E+06   2.7228135154559999E+06  -1.5235012869000001E+05
  2.8265513645600001E+06   2.7261453633539998E+06  -1.7385717653200001E+05
  2.8270062163260002E+06   2.7250452429720000E+06  -1.7163703770600000E+05
  2.8842791711430000E+06   2.8552882105600000E+06  -1.7183672620700000E+05
  2.9431251581979999E+06   2.8448110639060000E+06  -1.0434360686099999E+05
  2.9420043534430000E+06   2.8426087733399998E+06  -1.0445899210300000E+05
  2.8323513366250000E+06   2.6770873500040001E+06  -1.0990644150700000E+05
  2.8333891251539998E+06   2.6763833166060001E+06  -1.0782520962300000E+05
  2.8901643586289999E+06   2.7737285443660002E+06  -1.2754045055900000E+05
  2.8529937133140001E+06   2.6824683154839999E+06  -8.9372637352999998E+04
  2.8887391993539999E+06   2.8164422846960002E+06  -1.6072571348499999E+05
  2.9031329682550002E+06   2.7825081187539999E+06  -1.1365738759800000E+05
  2.8418735437440001E+06   2.7472925319550000E+06  -1.7858137331500000E+05
  2.8687467672210000E+06   2.7762418249820000E+06  -1.6533766154800000E+05
  2.8577154954420002E+06   2.7388053534980002E+06  -1.4520768714699999E+05
  2.8713216861359999E+06   2.8067977226630002E+06  -1.8547427561499999E+05
  2.8670472279579998E+06   2.7323930664090002E+06  -1.2329863725099999E+05
  2.9397902542690001E+06   2.8000918250660002E+06  -7.8737308539999998E+04
  2.9405535304939998E+06   2.7987791232019998E+06  -7.6887026333000002E+04
  2.9388124873899999E+06   2.7978911021599998E+06  -7.8313800667000003E+04
  2.9396386742389998E+06   2.7965594526570002E+06  -7.6482948029000006E+04
  2.9413581875910000E+06   2.7974845784120001E+06  -7.5038367530000003E+04
  2.9405147108390001E+06   2.7952554433729998E+06  -7.4675886459000001E+04
  2.8664566846010000E+06   2.7285949303930001E+06  -1.2047846724800000E+05
  2.8446074778550002E+06   2.7311398299429999E+06  -1.5552362050300001E+05
  2.8434290158170001E+06   2.7289865930450000E+06  -1.5465558559700000E+05
  2.9079720703719999E+06   2.8538437921350002E+06  -1.4554419816199999E+05
  2.9064570055459999E+06   2.8525383182350001E+06  -1.4685420556599999E+05
  2.9063345654730001E+06   2.8500913251930000E+06  -1.4655688926200001E+05
  2.9048774066099999E+06   2.8511976973919999E+06  -1.4822136921400001E+05
  2.9085071379740001E+06   2.7948214960710001E+06  -1.1469348173400000E+05
  2.9016589625670002E+06   2.7808569875019998E+06  -1.1454476381100000E+05
  2.8711989574529999E+06   2.7625803266139999E+06  -1.4650096140000000E+05
  2.8407757987910002E+06   2.6762640636290000E+06  -9.7355182623999994E+04
  2.8396867150480002E+06   2.7393792558249999E+06  -1.7223169365500001E+05
  2.9289921956659998E+06   2.8516272005240000E+06  -1.2408283899600001E+05
  2.9296879680470000E+06   2.8539205104649998E+06  -1.2417443699800000E+05
  2.9422863360740002E+06   2.7961379082620000E+06  -7.3294798408999995E+04
  2.9414134942470002E+06   2.7939535991190001E+06  -7.2887586265999998E+04
  2.9432337520780000E+06   2.7947891826900002E+06  -7.1551242673999994E+04
  2.9207199950319999E+06   2.8476902505339999E+06  -1.3161948500099999E+05
  2.9217323730520001E+06   2.8461967806930002E+06  -1.3007807537500000E+05
  2.8688029466780000E+06   2.8259150845960001E+06  -1.9374478310999999E+05
  2.8678381377440002E+06   2.8243280534109999E+06  -1.9536116131500000E+05
  2.8539332346640001E+06   2.6895402088460000E+06  -9.7159168292999995E+04
  2.8529934983580001E+06   2.6902457736189999E+06  -9.9287007649000006E+04
  2.8511327115620002E+06   2.6890248032999998E+06  -1.0024045138699999E+05
  2.8548708869659998E+06   2.6914736029090001E+06  -9.8320033813999995E+04
  2.8095894756780001E+06   2.7088883401870001E+06  -1.7065736710199999E+05
  2.9045075679759998E+06   2.7437373120900001E+06  -8.0800322125000006E+04
  2.9028715732060000E+06   2.7428644032890000E+06  -8.2276087129000007E+04
  2.8598525389899998E+06   2.7154385290290001E+06  -1.1707058451400000E+05
  2.8593467292670002E+06   2.7134118517160001E+06  -1.1576591040399999E+05
  2.9081018322649999E+06   2.7830086694049998E+06  -1.0663342054799999E+05
  2.8471300516710002E+06   2.7174350126720001E+06  -1.3655842972200000E+05
  2.8478715492240000E+06   2.7165024236329999E+06  -1.3448536684800001E+05
  2.9175022777370000E+06   2.7518919090430001E+06  -7.1175674952999994E+04
  2.9293604114520000E+06   2.7731044052690002E+06  -7.2017993883000003E+04
  2.8742541699910001E+06   2.7617040636120001E+06  -1.4022442726100000E+05
  2.8931600144000002E+06   2.7156919319389998E+06  -7.2868051221999995E+04
  2.8955203797439998E+06   2.7721019831369999E+06  -1.1689711607000000E+05
  2.8876355142589998E+06   2.7198287381350002E+06  -8.2822589487999998E+04
  2.8900748435800001E+06   2.7544612274870002E+06  -1.1018819271200000E+05
  2.8845320401130002E+06   2.8114287372519998E+06  -1.6500758727799999E+05
  2.8942113713250002E+06   2.8664037921870002E+06  -1.6146766448800001E+05
  2.8950358323650002E+06   2.8685402258720002E+06  -1.6102080781500001E+05
  2.8958483348840000E+06   2.8668089520290000E+06  -1.5977113362000001E+05
  2.8966711666930001E+06   2.8689784367780001E+06  -1.5933302215300000E+05
  2.8958883090110002E+06   2.8706976641460001E+06  -1.6054788404800001E+05
  2.8975156231579999E+06   2.8711517395090000E+06  -1.5887217550300001E+05
  2.8982970791710000E+06   2.8694268481480000E+06  -1.5765764472600000E+05
  2.8922126656459998E+06   2.8264073724440001E+06  -1.5827174278800000E+05
  2.9030601438730001E+06   2.7949164117190000E+06  -1.2419392210200000E+05
  2.9251096603600001E+06   2.8340159875130001E+06  -1.1964697806300000E+05
  2.9069566590809999E+06   2.7352479053259999E+06  -7.0895975269000002E+04
  2.9078383507719999E+06   2.7374402670109998E+06  -7.1219054369000005E+04
  2.9103066592290001E+06   2.8685629214200000E+06  -1.4561713462000000E+05
  2.9009342782600001E+06   2.8013514394720001E+06  -1.3282128720399999E+05
  2.9133817579620001E+06   2.8227150935880002E+06  -1.2862669139599999E+05
  2.9060330310490001E+06   2.7526583577999999E+06  -8.5892076077000005E+04
  2.9328505441379999E+06   2.8133491792080002E+06  -9.6043659067999994E+04
  2.8616020827100002E+06   2.7957024553530002E+06  -1.9793120460000000E+05
  2.8622792420170000E+06   2.7950464968070001E+06  -1.9575298167800001E+05
  2.8444307849110002E+06   2.7463669812300000E+06  -1.7289815888700000E+05
  2.8852723708090000E+06   2.7730741709949998E+06  -1.3462753502400001E+05
  2.9061055587960002E+06   2.7771930815579998E+06  -1.0517506242000000E+05
  2.9426831541570001E+06   2.8177251003450002E+06  -8.8096104290999996E+04
  2.8636120568510001E+06   2.7809205874950001E+06  -1.7949285637900000E+05
  2.8626955422200002E+06   2.7788762389719998E+06  -1.7888236252699999E+05
  2.8054037718210001E+06   2.7113011368559999E+06  -1.7947681449900000E+05
  2.8035350970290001E+06   2.7105421001519999E+06  -1.8077005728800001E+05
  2.8172254329410000E+06   2.7123222202200000E+06  -1.6619659681500000E+05
  2.8652056019190000E+06   2.7664735692380001E+06  -1.6185257141500001E+05
  2.8392680630950001E+06   2.7237981160120000E+06  -1.5439692023100000E+05
  2.9046222586590000E+06   2.8413121467309999E+06  -1.4677980004700000E+05
  2.9239179454720002E+06   2.7821213671430000E+06  -8.5079913604000001E+04
  2.9223450797649999E+06   2.7811649166819998E+06  -8.6558258593999999E+04
  2.9255653906979999E+06   2.7830300488870000E+06  -8.3635858632000003E+04
  2.9264569231570000E+06   2.7816764713349999E+06  -8.1918852262000000E+04
  2.9375454800479999E+06   2.8217183146170001E+06  -9.6452180611000003E+04
  2.8265664122330002E+06   2.7097056807209998E+06  -1.5268175161499999E+05
  2.9002589815190001E+06   2.8420016536450000E+06  -1.5130433176000000E+05
  2.8038315863299998E+06   2.7023921971979998E+06  -1.6733496877199999E+05
  2.8208402267379998E+06   2.7304374803260001E+06  -1.8871532450300001E+05
  2.8204337168459999E+06   2.7313636306230002E+06  -1.9086962448000000E+05
  2.8345419512600000E+06   2.7131368089430002E+06  -1.4798651712599999E+05
  2.8882307552439999E+06   2.7264387557440000E+06  -8.7833747191000002E+04
  2.8374473310650000E+06   2.7482791511010001E+06  -1.8752276742100000E+05
  2.8389936793559999E+06   2.7492878576039998E+06  -1.8611028309000001E+05
  2.8515748875409998E+06   2.7489428639989998E+06  -1.6506795069699999E+05
  2.8509632458759998E+06   2.7499985148700001E+06  -1.6710366038799999E+05
  2.8119362033150000E+06   2.7217869500030000E+06  -1.8802953436300001E+05
  2.9184826731630000E+06   2.7923766317019998E+06  -9.8881041335000002E+04
  2.9172890606149998E+06   2.7928691920840000E+06  -1.0092286639600000E+05
  2.9156895232429998E+06   2.7912903064850001E+06  -1.0189947589099999E+05
  2.8999762257500002E+06   2.8065733486330002E+06  -1.3758600000999999E+05
  2.8988589120530002E+06   2.8045481933960002E+06  -1.3783870576899999E+05
  2.8879748918480002E+06   2.8308046636000001E+06  -1.6524149101000000E+05
  2.9025591751740002E+06   2.8764311945179999E+06  -1.5447599541999999E+05
  2.8633563574049999E+06   2.8237265094220000E+06  -2.0433239030400000E+05
  2.8636020205569998E+06   2.8213997201240002E+06  -2.0392152743300001E+05
  2.8642773604720002E+06   2.8229435288060000E+06  -2.0235031932200000E+05
  2.8645185964759998E+06   2.8205942008670000E+06  -2.0195044724899999E+05
  2.9046966537100002E+06   2.8437622740920000E+06  -1.4712632686999999E+05
  2.8520348112470000E+06   2.6909300767190000E+06  -1.0141356617000001E+05
  2.8501858719000001E+06   2.6897008770249998E+06  -1.0234101285899999E+05
  2.9143868584300000E+06   2.8311270922349999E+06  -1.3192043254300000E+05
  2.9129169678400001E+06   2.8298066677600001E+06  -1.3313045588600001E+05
  2.9117596486209999E+06   2.8307036158119999E+06  -1.3499994988599999E+05
  2.8133077234899998E+06   2.7235647432579999E+06  -1.8886701523200001E+05
  2.8660459032700001E+06   2.7431955980210002E+06  -1.3580556823899999E+05
  2.8282732239359999E+06   2.6962687211159999E+06  -1.3706286410199999E+05
  2.8273449242830002E+06   2.6973413677119999E+06  -1.3907531598600000E+05
  2.9322309085180000E+06   2.7983780823900001E+06  -8.6479237190000000E+04
  2.8045504807010000E+06   2.7132053057559999E+06  -1.8374390578100001E+05
  2.9224098649539999E+06   2.8065615510029998E+06  -1.0460936994600001E+05
  2.8611995191810001E+06   2.7887279414380002E+06  -1.9154463196299999E+05
  2.9018772763069998E+06   2.7487146018460002E+06  -8.8342542770000000E+04
  2.9270265130550000E+06   2.8028835010159998E+06  -9.5896723914999995E+04
  2.9049490845289999E+06   2.8579283842590000E+06  -1.4925005694700000E+05
  2.8882684425840001E+06   2.7128445680700000E+06  -7.6081602297000005E+04
  2.8871640694160000E+06   2.7135162022170001E+06  -7.8056094138999993E+04
  2.8493173588780002E+06   2.7768030884210002E+06  -2.0222340307900001E+05
  2.8507893092020000E+06   2.7784794728959999E+06  -2.0133983393299999E+05
  2.8890108610299998E+06   2.8630115571969999E+06  -1.6735114187500000E+05
  2.8113852134850002E+06   2.6964117503240001E+06  -1.5099741761000000E+05
  2.8857540786069999E+06   2.8618543387850001E+06  -1.7121697975100001E+05
  2.8358926655640001E+06   2.7314989341569999E+06  -1.6756060788600001E+05
  2.8171017810829999E+06   2.6869075911820000E+06  -1.3532762864000001E+05
  2.9165515843639998E+06   2.7775557289430001E+06  -9.1218019029999996E+04
  2.9020008181520002E+06   2.7828750794449998E+06  -1.1573153500400000E+05
  2.9334747370989998E+06   2.8045273475070000E+06  -8.9211272937000002E+04
  2.8972092857390000E+06   2.8390542228020001E+06  -1.5449482122799999E+05
  2.8973725817660000E+06   2.8319545769880000E+06  -1.5292339202299999E+05
  2.8960679320089999E+06   2.8306499972919999E+06  -1.5432611397400001E+05
  2.9045537471920000E+06   2.8728268728270000E+06  -1.5183496789500001E+05
  2.8982792022520001E+06   2.7310678153410000E+06  -7.7958628045999998E+04
  2.8990328030849998E+06   2.7298088573960001E+06  -7.6080261769999997E+04
  2.9007328149870001E+06   2.7306698419980002E+06  -7.4659493409000002E+04
  2.9111364510570001E+06   2.8543475521800001E+06  -1.4249081297299999E+05
  2.8941174449580000E+06   2.7980441445550001E+06  -1.4073901056000000E+05
  2.8952492828960000E+06   2.8001645617260002E+06  -1.4041989501899999E+05
  2.8519539171040002E+06   2.7758259826890002E+06  -1.9577121088100001E+05
  2.8513877029900001E+06   2.7738498621570002E+06  -1.9450189641799999E+05
  2.8458372138299998E+06   2.7094523634660002E+06  -1.3005458282700001E+05
  2.8468854967510002E+06   2.7114391155400001E+06  -1.3094979570200000E+05
  2.7968597521469998E+06   2.6897868088940000E+06  -1.5248897550100001E+05
  2.7954947285449998E+06   2.6904963219659999E+06  -1.5432212617800001E+05
  2.8399094646390001E+06   2.7132653407609998E+06  -1.4152165715399999E+05
  2.8787482286580000E+06   2.8588917339760000E+06  -1.7941480288199999E+05
  2.9381931543450002E+06   2.8595355476420000E+06  -1.1628952485400000E+05
  2.9366013867660002E+06   2.8588610746010002E+06  -1.1792748721500000E+05
  2.8650526439479999E+06   2.7387456385860001E+06  -1.3319858630000000E+05
  2.8116289471109998E+06   2.6761388009350002E+06  -1.2525716241800001E+05
  2.8126204194060001E+06   2.6777972405180000E+06  -1.2673234095699999E+05
  2.8272599934709999E+06   2.6754487217890001E+06  -1.1364512539000000E+05
  2.8281208601469998E+06   2.6774127031959998E+06  -1.1482956188300000E+05
  2.8487499641550002E+06   2.7185541196400002E+06  -1.3522843697800001E+05
  2.8746094208510001E+06   2.7678847270169999E+06  -1.4617264663199999E+05
  2.8301393885670002E+06   2.6786002801509998E+06  -1.1394886500600001E+05
  2.8379504606289999E+06   2.6886045642450000E+06  -1.1635245513300000E+05
  2.9379857527060001E+06   2.8376968422420002E+06  -1.0619536486099999E+05
  2.9384785133429999E+06   2.8361247571490002E+06  -1.0456860729000000E+05
  2.9375031187979998E+06   2.8392956200779998E+06  -1.0783663221600000E+05
  2.9358379495760002E+06   2.8387736863569999E+06  -1.0950632868599999E+05
  2.9027120428840001E+06   2.8723521148709999E+06  -1.5358351465699999E+05
  2.9114320855490002E+06   2.8283814478520001E+06  -1.3430310532800001E+05
  2.8741023743969998E+06   2.8260910161549998E+06  -1.8481190581100000E+05
  2.8391259811490001E+06   2.7142463867360000E+06  -1.4356915240699999E+05
  2.8847228612250001E+06   2.7279914033969999E+06  -9.4258459015999993E+04
  2.9010983366100001E+06   2.8088482629439998E+06  -1.3746823234300001E+05
  2.9189941596539998E+06   2.8531951185349999E+06  -1.3452470233000000E+05
  2.8279714371320000E+06   2.7478203803889998E+06  -2.0325031869700001E+05
  2.8013618117550001E+06   2.6964392553889998E+06  -1.5939277885199999E+05
  2.8030865258550001E+06   2.6981429474070002E+06  -1.6034429600500001E+05
  2.7995815316369999E+06   2.6948127014100002E+06  -1.5865786490200000E+05
  2.8247117383309999E+06   2.7396215102370000E+06  -1.9721506632200000E+05
  2.8234643506789999E+06   2.7379097694810000E+06  -1.9648978052700000E+05
  2.8238672039190000E+06   2.7369607220029999E+06  -1.9429693450000000E+05
  2.8222113007950000E+06   2.7361872292720000E+06  -1.9575630682599999E+05
  2.9092865542979999E+06   2.7826125352579998E+06  -1.0455441344999999E+05
  2.9095415925309998E+06   2.7846911323870001E+06  -1.0574004181600000E+05
  2.8515135400970001E+06   2.7284063425599998E+06  -1.4256125993400000E+05
  2.8640673359180000E+06   2.7335905221389998E+06  -1.2950601205200001E+05
  2.8626287359529999E+06   2.7276088439890002E+06  -1.2550329627399999E+05
  2.8911612266750000E+06   2.7867123540119999E+06  -1.3658299858600000E+05
  2.8960700667079999E+06   2.7826912908040001E+06  -1.2530330062100000E+05
  2.8163088965610000E+06   2.6879235141599998E+06  -1.3721833933200000E+05
  2.8894326735020000E+06   2.8128982526349998E+06  -1.5855889069400000E+05
  2.8901196584020001E+06   2.8118215494420002E+06  -1.5651381838600000E+05
  2.8914447804660001E+06   2.8131960158770001E+06  -1.5487296294800000E+05
  2.8283379525810000E+06   2.7358617369439998E+06  -1.8515000369700001E+05
  2.8269518384420001E+06   2.7340076494220002E+06  -1.8457694895699999E+05
  2.8447585560170002E+06   2.7074945408729999E+06  -1.2917585402200000E+05
  2.8998608478270001E+06   2.7285339384639999E+06  -7.4279913511999999E+04
  2.9485278175479998E+06   2.8192828153650002E+06  -8.3076854844000001E+04
  2.9476373124859999E+06   2.8206359249049998E+06  -8.4851870555000001E+04
  2.8396182426499999E+06   2.7014963744219998E+06  -1.2884619782900000E+05
  2.8186725168110002E+06   2.7305217289840002E+06  -1.9223052874400001E+05
  2.9465205499010002E+06   2.8457195485510002E+06  -1.0100491516999999E+05
  2.9458963938759998E+06   2.8474402682099999E+06  -1.0259773633600000E+05
  2.8535917591619999E+06   2.7393936650350001E+06  -1.5174318204300001E+05
  2.8529100852160002E+06   2.7404149182739998E+06  -1.5383403573999999E+05
  2.8074738180959998E+06   2.6855900155529999E+06  -1.4110112336400000E+05
  2.8296036409200002E+06   2.7491649040310001E+06  -2.0221304076199999E+05
  2.9305910593260000E+06   2.8524794404040002E+06  -1.2252397334200000E+05
  2.9312445606060000E+06   2.8547210685290000E+06  -1.2264510995500001E+05
  2.9320775595900002E+06   2.8533590871810000E+06  -1.2110962489000001E+05
  2.8039146085190000E+06   2.7095491110370001E+06  -1.7863358831900000E+05
  2.8020688286449998E+06   2.7088080338039999E+06  -1.7992513185500001E+05
  2.8976425951080001E+06   2.7322851725209998E+06  -7.9938427632999999E+04
  2.8934491435529999E+06   2.8757638766790000E+06  -1.6426067612500000E+05
  2.9226216692690002E+06   2.8185918143139998E+06  -1.1348420145600000E+05
  2.9231293014819999E+06   2.8169641233450002E+06  -1.1180082059900000E+05
  2.9221406091979998E+06   2.8202303571980000E+06  -1.1514149058899999E+05
  2.9266902420219998E+06   2.8486338717069998E+06  -1.2561976995900000E+05
  2.8935004376989999E+06   2.8643791272069998E+06  -1.6199896583199999E+05
  2.9113603079430000E+06   2.8793713977440000E+06  -1.4607454554699999E+05
  2.8277800410509999E+06   2.7221931735220002E+06  -1.6648125946900001E+05
  2.8266444090620000E+06   2.7203269534250000E+06  -1.6563217569100001E+05
  2.8273717166030002E+06   2.7192953139760001E+06  -1.6362679115300000E+05
  2.8254868093329999E+06   2.7184460932120001E+06  -1.6477145416500000E+05
  2.8261670340479999E+06   2.7174423781949999E+06  -1.6272544191500000E+05
  2.8242394476379999E+06   2.7166297600179999E+06  -1.6384693424999999E+05
  2.8249454488070002E+06   2.7155968468100000E+06  -1.6181385820900000E+05
  2.8268588244349998E+06   2.7164422401410001E+06  -1.6067036981800001E+05
  2.8256501569880000E+06   2.7145816682989998E+06  -1.5976416101800001E+05
  2.8236932559340000E+06   2.7137849402689999E+06  -1.6088305894700001E+05
  2.8471066634169999E+06   2.7046062218700000E+06  -1.2303462418000000E+05
  2.8659442765270001E+06   2.7842733343219999E+06  -1.7873084030400001E+05
  2.8673346764570000E+06   2.7855684343610001E+06  -1.7718973045900001E+05
  2.8290332492979998E+06   2.6793976206100001E+06  -1.1596887497300000E+05
  2.8319041191290002E+06   2.7269657531260001E+06  -1.6708896326200000E+05
  2.9050214308969998E+06   2.8112869045070000E+06  -1.3343124813100000E+05
  2.9104390201440002E+06   2.8038585392519999E+06  -1.1926691614299999E+05
  2.9103540279730000E+06   2.8055379381590001E+06  -1.2099443614000001E+05
  2.8957205931270001E+06   2.8284500449319999E+06  -1.5395137809799999E+05
  2.8360691650180002E+06   2.7556488257680000E+06  -2.0024114462599999E+05
  2.8342649558250001E+06   2.7541020078699999E+06  -2.0104582173200001E+05
  2.8510527631910001E+06   2.6915693674059999E+06  -1.0351513319600000E+05
  2.8492336186050000E+06   2.6903668679889999E+06  -1.0443621659400000E+05
  2.8500854863209999E+06   2.6922097479240000E+06  -1.0559842025700001E+05
  2.8482770720770000E+06   2.6910342805059999E+06  -1.0652148799100000E+05
  2.8490937786470000E+06   2.6929350040290002E+06  -1.0763355382200000E+05
  2.8472612451260001E+06   2.6917584627410001E+06  -1.0855270634600001E+05
  2.8474061450080001E+06   2.6891799571529999E+06  -1.0538778300300000E+05
  2.8480676051150002E+06   2.6936562132379999E+06  -1.0967401904299999E+05
  2.8462871948540001E+06   2.6924342563709999E+06  -1.1060687558599999E+05
  2.8470523441070002E+06   2.6943100438270001E+06  -1.1171530539400000E+05
  2.8453452478439999E+06   2.6930681209189999E+06  -1.1264050516099999E+05
  2.8460955743320002E+06   2.6948625330079999E+06  -1.1367546092100001E+05
  2.8444350974679999E+06   2.6937048762690001E+06  -1.1463353036800001E+05
  2.8614651180830002E+06   2.8008654389769998E+06  -2.0154235747500000E+05
  2.7932101858830000E+06   2.6897283006489999E+06  -1.5453095232200000E+05
  2.8722051036470002E+06   2.8400796991289998E+06  -1.8775792333900000E+05
  2.8787820575660001E+06   2.8197980623619999E+06  -1.7653882299399999E+05
  2.8788525156810000E+06   2.8222161418659999E+06  -1.7669100240100001E+05
  2.8726071350679998E+06   2.8081775034420001E+06  -1.8398348560399999E+05
  2.8693437201830000E+06   2.7752424791040001E+06  -1.6322476637900001E+05
  2.8702205044930000E+06   2.7773808984139999E+06  -1.6382379822600001E+05
  2.9091971725180000E+06   2.8701911485540001E+06  -1.4693742783400000E+05
  2.9108507887869999E+06   2.8708421751990002E+06  -1.4543341455900000E+05
  2.8720780690899999E+06   2.8377246341650002E+06  -1.8801319529700000E+05
  2.8710154153290000E+06   2.8367023318850002E+06  -1.8983818376600000E+05
  2.8939456792549998E+06   2.7769001374249998E+06  -1.2355600324500000E+05
  2.8949911689260001E+06   2.7766020785559998E+06  -1.2139918143000000E+05
  2.8700338716119998E+06   2.8054221756190001E+06  -1.8697198780599999E+05
  2.9090271230980000E+06   2.7805298312610001E+06  -1.0337228578700000E+05
  2.7969857904480002E+06   2.7025113680949998E+06  -1.7586289219000001E+05
  2.7966063373219999E+06   2.7035729956860002E+06  -1.7791119083300000E+05
  2.9139966786039998E+06   2.8289470913340002E+06  -1.3124573103699999E+05
  2.8525230131569998E+06   2.7778171278680000E+06  -1.9705788127700001E+05
  2.8533745576080000E+06   2.7774401478470000E+06  -1.9489174369599999E+05
  2.9087262262820001E+06   2.7360357678669998E+06  -6.9518010943000001E+04
  2.9096299391129999E+06   2.7382244856779999E+06  -6.9816397926999998E+04
  2.9041281021799999E+06   2.7598733141180002E+06  -9.3950997808999993E+04
  2.8746164250830002E+06   2.7180450322280000E+06  -9.9381783035000000E+04
  2.8762785378220002E+06   2.7196777590250000E+06  -9.8592513877999998E+04
  2.9409669408590002E+06   2.8057110806189999E+06  -8.1384796734000003E+04
  2.9237002151310001E+06   2.7901917176890001E+06  -9.0684534476000001E+04
  2.9227454246129999E+06   2.7880715848559998E+06  -9.0608274737999993E+04
  2.9327544573050002E+06   2.8081111235360000E+06  -9.2496543363999997E+04
  2.9316850542219998E+06   2.8061357956429999E+06  -9.2473431503000000E+04
  2.9004988607839998E+06   2.7812427853999999E+06  -1.1662792876100000E+05
  2.8669971838799999E+06   2.7719917630460002E+06  -1.6414630832000001E+05
  2.8517618890000000E+06   2.7449378957590000E+06  -1.6039187217300001E+05
  2.8832147377249999E+06   2.8679899270629999E+06  -1.7488208128300001E+05
  2.8817510759350001E+06   2.8677664144850001E+06  -1.7669636654799999E+05
  2.8384017537090001E+06   2.7612920494080000E+06  -2.0431828070900001E+05
  2.9225795221340000E+06   2.7731120762749999E+06  -8.0001933711000005E+04
  2.8546211335539999E+06   2.7414504659369998E+06  -1.5250108388799999E+05
  2.8427902579350001E+06   2.7301025400410001E+06  -1.5682723337700000E+05
  2.8676671179620000E+06   2.8266314331490002E+06  -1.9564824177100000E+05
  2.9091920093169999E+06   2.8478483487220001E+06  -1.4327600546499999E+05
  2.9058036919269999E+06   2.8079137339710002E+06  -1.3015122235200000E+05
  2.9069220028340002E+06   2.8099896558539998E+06  -1.2988593208300001E+05
  2.8549357519490002E+06   2.7468312908589998E+06  -1.5765493311300001E+05
  2.8052817747419998E+06   2.6826889876750000E+06  -1.3799828951400000E+05
  2.8378118401239999E+06   2.7571508492629998E+06  -1.9940598093699999E+05
  2.9027638925569998E+06   2.8351319070219998E+06  -1.4712295023799999E+05
  2.9067171663469998E+06   2.7994243380129999E+06  -1.2173449756300000E+05
  2.9237813424709998E+06   2.8262188462620000E+06  -1.1639203879300000E+05
  2.9248571697410000E+06   2.8283833279599999E+06  -1.1631761356899999E+05
  2.9263134893209999E+06   2.8289215824270002E+06  -1.1456537206600000E+05
  2.9188672485300000E+06   2.7944608299650000E+06  -9.9986841469999999E+04
  2.9177205300480002E+06   2.7949798847619998E+06  -1.0203160180900000E+05
  2.9436443168250001E+06   2.8375384153970000E+06  -9.9706984714999999E+04
  2.8910772429340002E+06   2.7477185293970001E+06  -1.0239970219100000E+05
  2.8906456014689999E+06   2.7457054636050002E+06  -1.0120281695199999E+05
  2.9413877707050000E+06   2.8443657730080001E+06  -1.0606614067100000E+05
  2.9136921153230001E+06   2.8761223466019998E+06  -1.4347625165100000E+05
  2.9021129778060000E+06   2.7519237980570002E+06  -9.0821676189999998E+04
  2.8647363990110001E+06   2.7200552039800002E+06  -1.1439787891299999E+05
  2.8843868842349998E+06   2.7562747106140000E+06  -1.2057331778700001E+05
  2.8839494813239998E+06   2.7542664953919998E+06  -1.1931040895600000E+05
  2.8848215500810002E+06   2.7582751754259998E+06  -1.2183304067000000E+05
  2.8863511156919999E+06   2.7599237931380002E+06  -1.2098620261300000E+05
  2.8741676474500000E+06   2.7272755639740000E+06  -1.0829419610000000E+05
  2.8758302700299998E+06   2.7288955782760000E+06  -1.0741312657500000E+05
  2.8762510692429999E+06   2.7309242055440000E+06  -1.0856528964400000E+05
  2.8244141096000001E+06   2.7127547590279998E+06  -1.5883766752399999E+05
  2.8263503381810002E+06   2.7135813071840000E+06  -1.5769900374799999E+05
  2.8325572010780000E+06   2.7453224098540000E+06  -1.9209271851000001E+05
  2.8339488926380002E+06   2.7474895680459999E+06  -1.9260482109799999E+05
  2.8901332950869999E+06   2.7608566301730000E+06  -1.1596336196500000E+05
  2.8259283989140000E+06   2.7270921298560002E+06  -1.7595847115000000E+05
  2.8245465706210001E+06   2.7251095473119998E+06  -1.7499929822600001E+05
  2.8650268917259998E+06   2.8506737710350002E+06  -1.9868425385700000E+05
  2.8653146593309999E+06   2.8483331607559999E+06  -1.9846693123200000E+05
  2.8662143503500000E+06   2.8498399489730000E+06  -1.9684609116099999E+05
  2.8075317751980000E+06   2.7166290794370002E+06  -1.8544991048500000E+05
  2.8608138287940002E+06   2.7963597043229998E+06  -2.0008135241900000E+05
  2.8185262996479999E+06   2.6982492831850001E+06  -1.4756838851200000E+05
  2.8205447451289999E+06   2.6989672117140000E+06  -1.4666917458799999E+05
  2.9128792622489999E+06   2.7632232265510000E+06  -8.4407089856000006E+04
  2.9121652381099998E+06   2.7644880696939998E+06  -8.6317939757000000E+04
  2.8630605301649999E+06   2.7748017194610001E+06  -1.7407393259300000E+05
  2.8615341182229999E+06   2.7736794498629998E+06  -1.7555361890700000E+05
  2.8606384481910001E+06   2.7715444184010001E+06  -1.7492307373300000E+05
  2.8600070639430000E+06   2.7725500403229999E+06  -1.7702715954900000E+05
  2.8591154006429999E+06   2.7704013999589998E+06  -1.7637592555900000E+05
  2.8732390255720001E+06   2.8387035615579998E+06  -1.8624594514500001E+05
  2.9136066529520000E+06   2.7619456124860002E+06  -8.2512400443999999E+04
  2.9039099038030002E+06   2.7449542885619998E+06  -8.2751166651000007E+04
  2.9022553284029998E+06   2.7440967010860001E+06  -8.4196605597999995E+04
  2.9012454862179998E+06   2.7419984098260002E+06  -8.3744411945999993E+04
  2.9005735669689998E+06   2.7432703138060002E+06  -8.5603776157000000E+04
  2.8995999131330000E+06   2.7411655847419999E+06  -8.5188592359999995E+04
  2.9096093921869998E+06   2.8349223358539999E+06  -1.3930326820200001E+05
  2.8685665527400002E+06   2.8282203752629999E+06  -1.9414141110400000E+05
  2.8968612661410002E+06   2.7986873528100001E+06  -1.3682640705700000E+05
  2.8818227431379999E+06   2.8596193688260000E+06  -1.7565440672200001E+05
  2.8762085474609998E+06   2.7589865827009999E+06  -1.3489463799500000E+05
  2.9105311316960002E+06   2.8021938742769998E+06  -1.1754054352900000E+05
  2.9093222193339998E+06   2.8001757584589999E+06  -1.1779975607000000E+05
  2.9397587432189998E+06   2.7930274110209998E+06  -7.4329691305999993E+04
  2.8492754851799998E+06   2.6878310352520002E+06  -1.0118553406700000E+05
  2.8117605487950002E+06   2.6873169063459998E+06  -1.4021663938899999E+05
  2.8106763049610001E+06   2.6880963052170002E+06  -1.4201848156900000E+05
  2.8224476296160002E+06   2.7119733927020002E+06  -1.5994575796799999E+05
  2.8617996064590001E+06   2.8031262019930002E+06  -2.0226648731600001E+05
  2.8628907582479999E+06   2.8046681026010001E+06  -2.0088714004100001E+05
  2.8621071440599998E+06   2.8053720587610002E+06  -2.0303955337899999E+05
  2.9200545097150002E+06   2.8453663521170001E+06  -1.3155880980799999E+05
  2.9209528469090001E+06   2.8439077265820000E+06  -1.2992275587700000E+05
  2.9226347191120000E+06   2.8447439858710002E+06  -1.2844018786400001E+05
  2.9218702821920002E+06   2.8424858935079998E+06  -1.2828196115400000E+05
  2.9235036517559998E+06   2.8433123521150001E+06  -1.2677584299100000E+05
  2.8716380992810000E+06   2.7645364439039999E+06  -1.4788976767800000E+05
  2.8701917081360002E+06   2.7627927689230000E+06  -1.4854207221099999E+05
  2.8698313789579999E+06   2.7609593067379999E+06  -1.4714846888999999E+05
  2.8690112378469999E+06   2.7270185160750002E+06  -1.1536530258800001E+05
  2.8830298595949998E+06   2.8308830914269998E+06  -1.7159187150600000E+05
  2.8816253514720001E+06   2.8296771620330000E+06  -1.7316415434899999E+05
  2.9251390682569998E+06   2.8600839544449998E+06  -1.2985341973900000E+05
  2.8988712056010002E+06   2.8252834574859999E+06  -1.4838947768499999E+05
  2.8973710851469999E+06   2.8240893298300002E+06  -1.4977327243099999E+05
  2.9356710225769999E+06   2.7998550913930000E+06  -8.3454549341999998E+04
  2.8899566543549998E+06   2.7846818490289999E+06  -1.3683709059000001E+05
  2.8659455437949998E+06   2.8520699982110001E+06  -1.9700381094699999E+05
  2.8671058722730000E+06   2.8513383900009999E+06  -1.9519711836100000E+05
  2.8016390189120001E+06   2.7097609294739999E+06  -1.8206429183599999E+05
  2.8001800121060000E+06   2.7080316112009999E+06  -1.8121727871499999E+05
  2.8004697936849999E+06   2.7069065187110002E+06  -1.7898665745699999E+05
  2.8217361228749999E+06   2.7130010800830000E+06  -1.6197815369300000E+05
  2.8525132116470002E+06   2.7304002059100000E+06  -1.4335675275799999E+05
  2.7945543351820000E+06   2.7030875758360000E+06  -1.7907351029300000E+05
  2.9425393954650001E+06   2.8465389330040002E+06  -1.0590255098900000E+05
  2.8841809448469998E+06   2.7258324782949998E+06  -9.3045004396999997E+04
  2.8824837157640001E+06   2.7241762484229999E+06  -9.3964025368000002E+04
  2.8429010694960002E+06   2.7065434468210000E+06  -1.3038894961400000E+05
  2.8314589131729999E+06   2.7297053470560000E+06  -1.7160023843800000E+05
  2.7961318998630000E+06   2.7045973112889999E+06  -1.7998965773400001E+05
  2.9302936336510000E+06   2.8561860983879999E+06  -1.2417790292399999E+05
  2.9319429478290002E+06   2.8569051770839998E+06  -1.2268986366800001E+05
  2.8445598841789998E+06   2.6912138880050001E+06  -1.1158489878800001E+05
  2.9299431363720000E+06   2.8499460471419999E+06  -1.2227935118500001E+05
  2.8413276431689998E+06   2.7364940070110001E+06  -1.6599860531099999E+05
  2.9102945903900000E+06   2.8292762202940001E+06  -1.3622090658400001E+05
  2.8335987673010002E+06   2.7522874213560000E+06  -1.9953652500900000E+05
  2.8894815695699998E+06   2.7121056100460002E+06  -7.4167628335000001E+04
  2.8705343616040000E+06   2.8076725923520001E+06  -1.8744854289200000E+05
  2.9393320068930001E+06   2.8049412659049998E+06  -8.2728181802999999E+04
  2.8844096105220001E+06   2.8320668967370000E+06  -1.7004718268100001E+05
  2.8846039553530002E+06   2.8344747209020001E+06  -1.7014109526000000E+05
  2.8495344642240000E+06   2.7176684985210001E+06  -1.3313755978400001E+05
  2.7977816905809999E+06   2.6911752223080001E+06  -1.5417860133800001E+05
  2.8259912009740002E+06   2.6762033446470001E+06  -1.1573121100200000E+05
  2.9368922455610000E+06   2.8409536035910002E+06  -1.0939974230400000E+05
  2.9191023215800002E+06   2.8468468445730000E+06  -1.3309933273100000E+05
  2.8383127543290001E+06   2.7462502677659998E+06  -1.8345464371700000E+05
  2.8673481925750002E+06   2.8491487521230001E+06  -1.9507763768700001E+05
  2.8779057146149999E+06   2.8072751376890000E+06  -1.7263895468699999E+05
  2.8807247281550001E+06   2.8121870878929999E+06  -1.6995396907399999E+05
  2.9273430586810000E+06   2.7838238006890002E+06  -8.2376459711000003E+04
  2.9282544799890001E+06   2.7824398817139999E+06  -8.0621059475000002E+04
  2.8253578074449999E+06   2.7334696768290000E+06  -1.8623702877400001E+05
  2.8253010914130001E+06   2.7319816759649999E+06  -1.8415937268500001E+05
  2.8310221674939999E+06   2.6805441542280000E+06  -1.1507601849000000E+05
  2.7971568652720000E+06   2.6971822559989998E+06  -1.6574604442799999E+05
  2.9352163009959999E+06   2.8404347467660001E+06  -1.1108356078699999E+05
  2.8985859511079998E+06   2.8062755327789998E+06  -1.3937210678599999E+05
  2.8966363763460000E+06   2.7301603123889999E+06  -7.9445086358000000E+04
  2.7942599313090001E+06   2.6909221297169998E+06  -1.5629042324300000E+05
  2.8413854629000002E+06   2.7084954885999998E+06  -1.3444838533600001E+05
  2.8405043490129998E+06   2.7093611521580000E+06  -1.3650505516500000E+05
  2.8991460466169999E+06   2.8715869118519998E+06  -1.5718909485800000E+05
  2.8601672806609999E+06   2.8325338343509999E+06  -2.0974969632500000E+05
  2.8667226751959999E+06   2.8251428523309999E+06  -1.9723051402100001E+05
  2.8669076275760001E+06   2.8227992563979998E+06  -1.9692007799399999E+05
  2.8628575075340001E+06   2.7232933826560001E+06  -1.2049104207000000E+05
  2.8616609787639999E+06   2.7237044051939999E+06  -1.2265889455600000E+05
  2.8612460042260000E+06   2.7216392024160000E+06  -1.2130359020000001E+05
  2.9181438832890000E+06   2.7790090425129998E+06  -9.0369175321999996E+04
  2.8768011059860000E+06   2.7217977796789999E+06  -9.9805153988999999E+04
  2.8779566969670001E+06   2.7213351316660000E+06  -9.7766109895999994E+04
  2.8415973704619999E+06   2.7279733385910001E+06  -1.5600689192400000E+05
  2.8422098398040002E+06   2.7268432103240001E+06  -1.5386999640400000E+05
  2.9233258937599999E+06   2.7866624172160001E+06  -8.8939600886999993E+04
  2.9218081515130000E+06   2.7859980566179999E+06  -9.0538225470000005E+04
  2.9105074455129998E+06   2.7367551899359999E+06  -6.8089669253999993E+04
  2.9114740818599998E+06   2.7390053390090000E+06  -6.8357803220000002E+04
  2.9105366499480000E+06   2.7404522280450002E+06  -7.0133593517999994E+04
  2.9108488320060000E+06   2.8770857048160001E+06  -1.4637615549000000E+05
  2.8967299695680002E+06   2.8728705678079999E+06  -1.6008999683600001E+05
  2.8868306951540001E+06   2.7873084277220001E+06  -1.4391888123900001E+05
  2.8855868188209999E+06   2.7852552006999999E+06  -1.4417964683600000E+05
  2.8856846094419998E+06   2.7835371060339999E+06  -1.4255331720399999E+05
  2.8843432186550000E+06   2.7832178786419998E+06  -1.4445355401800000E+05
  2.8057808536089999E+06   2.7102946697149999E+06  -1.7732162320100001E+05
  2.9349723788080001E+06   2.8013378921320001E+06  -8.5260013540000000E+04
  2.9047876075010002E+06   2.8487463784610000E+06  -1.4789240834299999E+05
  2.8985184836370000E+06   2.8229652501139999E+06  -1.4804307098300001E+05
  2.8970424809590001E+06   2.8218270196440001E+06  -1.4941671842100000E+05
  2.8407330357909999E+06   2.7218939809570001E+06  -1.5031160304500000E+05
  2.8639129997680001E+06   2.7646577247680002E+06  -1.6242694414100001E+05
  2.7956427598609999E+06   2.7002995139219998E+06  -1.7286443856600000E+05
  2.8774822440689998E+06   2.7304858174689999E+06  -1.0652121842400001E+05
  2.8164417524859998E+06   2.6976465388730001E+06  -1.4863515492700000E+05
  2.8600324692799998E+06   2.7221536753670000E+06  -1.2341102658999999E+05
  2.9031620721660000E+06   2.8497095389200002E+06  -1.4969375515499999E+05
  2.8027124665319999E+06   2.6990556780690001E+06  -1.6253928084600001E+05
  2.8047113373659998E+06   2.6998393430639999E+06  -1.6141184909700000E+05
  2.8603225341719999E+06   2.7942897756579998E+06  -1.9928079824900001E+05
  2.8960371156029999E+06   2.8228807487579999E+06  -1.5123408382500001E+05
  2.8956471314929998E+06   2.8205538787870002E+06  -1.5087116458300001E+05
  2.9107395112180002E+06   2.7842972668750002E+06  -1.0364291921300000E+05
  2.9109969849820002E+06   2.7864075767440000E+06  -1.0484882339400001E+05
  2.9060488771680002E+06   2.7330849025090002E+06  -7.0527867884000007E+04
  2.9076398432049998E+06   2.8695785877910000E+06  -1.4835394931299999E+05
  2.8864235817149999E+06   2.8683500644709999E+06  -1.7127809149900000E+05
  2.9025700674840002E+06   2.7589485371900001E+06  -9.5516123147000006E+04
  2.9016529969020002E+06   2.7567545114000002E+06  -9.5203364411999995E+04
  2.8595706478260001E+06   2.7948631026510000E+06  -2.0138670118199999E+05
  2.8354519840719998E+06   2.7516814067919999E+06  -1.9529087710200000E+05
  2.8363034872679999E+06   2.7512028062729998E+06  -1.9320608653999999E+05
  2.8523734747560001E+06   2.7439016319869999E+06  -1.5838967765800000E+05
  2.8343522780070002E+06   2.6782171236870000E+06  -1.0905444296299999E+05
  2.8770933966819998E+06   2.7285383231190001E+06  -1.0539460262799999E+05
  2.8305157167759999E+06   2.7510678626130000E+06  -2.0327916645200000E+05
  2.8498928455349999E+06   2.7480658929780000E+06  -1.6650484483200000E+05
  2.8492755216600001E+06   2.7491322296250002E+06  -1.6856043378299999E+05
  2.8499348775100000E+06   2.6948711265240000E+06  -1.0875520766700000E+05
  2.9008707473060000E+06   2.7832759077740000E+06  -1.1787310973600000E+05
  2.8911078303180002E+06   2.8698142653700002E+06  -1.6589894438800000E+05
  2.8405280605609999E+06   2.7328776847910001E+06  -1.6315607300400001E+05
  2.8779315463560000E+06   2.7325270506920000E+06  -1.0764539148300000E+05
  2.8860108099639998E+06   2.8126905837180000E+06  -1.6362107008899999E+05
  2.8848719565699999E+06   2.8137466226579999E+06  -1.6538550150099999E+05
  2.9154012638539998E+06   2.8301867903490001E+06  -1.3007745855900001E+05
  2.8878002145199999E+06   2.8053723865390001E+06  -1.5661749091200001E+05
  2.8999489706810000E+06   2.8698014765120000E+06  -1.5593842317400000E+05
  2.8991768594200001E+06   2.8677174857629999E+06  -1.5639163367700001E+05
  2.9354455707399999E+06   2.7960863137590000E+06  -8.1334383495999995E+04
  2.8542723245049999E+06   2.7383810072860001E+06  -1.4966327272300000E+05
  2.8532335301620001E+06   2.7363445540580000E+06  -1.4893723121800000E+05
  2.8005235533880000E+06   2.7000891632750002E+06  -1.6731658365300001E+05
  2.8498971863090000E+06   2.7787380543450001E+06  -2.0342513185100001E+05
  2.8872102158050002E+06   2.8030618948050002E+06  -1.5603215825600000E+05
  2.8857324711110000E+06   2.8016566734039998E+06  -1.5742297589999999E+05
  2.9046077505450002E+06   2.7841744257080001E+06  -1.1275860112500000E+05
  2.8251214787010001E+06   2.6743580189800002E+06  -1.1428944863800000E+05
  2.9259263816930000E+06   2.8305564846979999E+06  -1.1625882624700000E+05
  2.9273879002290000E+06   2.8310729724140000E+06  -1.1448397269100000E+05
  2.9269966356299999E+06   2.8327005361250001E+06  -1.1617842217000001E+05
  2.9284609022329999E+06   2.8332183360250001E+06  -1.1440046687900000E+05
  2.8273188704749998E+06   2.7328972380229998E+06  -1.8239922278499999E+05
  2.8259242716000001E+06   2.7309405062770001E+06  -1.8168985527299999E+05
  2.9083678727219999E+06   2.7850776164210001E+06  -1.0779523484300000E+05
  2.8858700338740000E+06   2.7275002360720001E+06  -9.2148411838000000E+04
  2.8863551434749998E+06   2.7297038399390001E+06  -9.3404547563999993E+04
  2.8621664427220002E+06   2.7797818646530001E+06  -1.8089271993900000E+05
  2.8630106310589998E+06   2.7817517236690000E+06  -1.8155340752800001E+05
  2.8612232520280001E+06   2.7778184158370001E+06  -1.8042350349500001E+05
  2.8719782511439999E+06   2.8352908715470000E+06  -1.8824253483200000E+05
  2.7930367670749999E+06   2.6913004036880000E+06  -1.5823866532299999E+05
  2.8221169609820000E+06   2.7322294832910001E+06  -1.8949117263399999E+05
  2.8682854782599998E+06   2.8505398741830001E+06  -1.9336734029299999E+05
  2.9177575262320000E+06   2.8610922874220000E+06  -1.3723656221700000E+05
  2.9201831528880000E+06   2.7939750505519998E+06  -9.7791621708999999E+04
  2.8477064968510000E+06   2.7104915191930002E+06  -1.2882960863600000E+05
  2.8774295077160001E+06   2.7192378461810001E+06  -9.6552033802999998E+04
  2.8791006030450002E+06   2.7209016106940000E+06  -9.5741603759999998E+04
  2.8877654042839999E+06   2.7060849358540000E+06  -7.1468850206000003E+04
  2.8896150924820001E+06   2.7073456996410000E+06  -7.0568597775999995E+04
  2.9123718383630002E+06   2.7412855756160002E+06  -6.8728845679999999E+04
  2.8602068865979998E+06   2.8081455280630002E+06  -2.0856943863900000E+05
  2.8356972792790001E+06   2.6966957555689998E+06  -1.2876062166300000E+05
  2.9493422310970002E+06   2.8283276594119999E+06  -8.7883168659999996E+04
  2.9484773740400001E+06   2.8262303484550002E+06  -8.7476048857000002E+04
  2.8267872391639999E+06   2.6915960739179999E+06  -1.3294170045300000E+05
  2.8288982322940002E+06   2.6923285781569998E+06  -1.3201006177599999E+05
  2.8301304797620000E+06   2.6941884930940000E+06  -1.3300499821399999E+05
  2.8309371145339999E+06   2.6931543305150000E+06  -1.3092855507100000E+05
  2.8297153495470001E+06   2.6912391174920001E+06  -1.3003850965100000E+05
  2.8116896971010002E+06   2.7172543501350000E+06  -1.8072588901799999E+05
  2.8832800787289999E+06   2.8599061436780002E+06  -1.7385887728900000E+05
  2.9379449366390002E+06   2.7955795576820001E+06  -7.7982331216000006E+04
  2.8776663603220000E+06   2.8208768842819999E+06  -1.7846481313500000E+05
  2.8777189414369999E+06   2.8233497604870000E+06  -1.7865198407800001E+05
  2.8789432380900001E+06   2.8246376367410002E+06  -1.7680098852300001E+05
  2.8765002441840000E+06   2.8219804241840001E+06  -1.8047519275100000E+05
  2.8350867010700000E+06   2.7560334468720001E+06  -2.0246175180400000E+05
  2.8138782921529999E+06   2.6770107892180001E+06  -1.2477414974700000E+05
  2.8148656482650000E+06   2.6787093818589998E+06  -1.2630552674900000E+05
  2.8128287626910000E+06   2.6753110048750001E+06  -1.2328647871300000E+05
  2.8680151535060001E+06   2.8528820148490001E+06  -1.9351335661799999E+05
  2.8691997804259998E+06   2.8520412892749999E+06  -1.9168070288299999E+05
  2.8629398633650001E+06   2.7674252095559998E+06  -1.6689691795700000E+05
  2.9493391562049999E+06   2.8425905903099999E+06  -9.6229658163999993E+04
  2.8947496538189999E+06   2.8294143228449998E+06  -1.5575154775200001E+05
  2.8949947335629999E+06   2.8316013981530000E+06  -1.5599805626499999E+05
  2.9419339775020001E+06   2.8370901911780001E+06  -1.0133650337100000E+05
  2.9264646303909998E+06   2.7851734388190000E+06  -8.4078115722999995E+04
  2.9475346850549998E+06   2.8274567999950000E+06  -8.9203864279999994E+04
  2.8590755497599998E+06   2.7027653671100000E+06  -1.0518307767899999E+05
  2.8331265432090000E+06   2.6844753657610002E+06  -1.1701701198500000E+05
  2.8099908272030000E+06   2.7008150557169998E+06  -1.5798041642800000E+05
  2.8214205407090001E+06   2.6979258365770001E+06  -1.4474838956899999E+05
  2.8226077198330001E+06   2.6997119089290001E+06  -1.4575104480599999E+05
  2.8235035157200000E+06   2.6986822878549998E+06  -1.4386031296200000E+05
  2.8246652129259999E+06   2.7004513260490000E+06  -1.4483188742200000E+05
  2.8582713966080002E+06   2.7138327941899998E+06  -1.1788570340300001E+05
  2.8576910643130001E+06   2.7119060646710000E+06  -1.1653289284700000E+05
  2.8587459420300000E+06   2.7114750893199998E+06  -1.1442822606700000E+05
  2.8571379034940000E+06   2.7100517067660000E+06  -1.1518546792900001E+05
  2.8580805852089999E+06   2.7095215143650002E+06  -1.1313374749500000E+05
  2.8587893192730001E+06   2.7158640084409998E+06  -1.1917609951400000E+05
  2.8255628112050002E+06   2.6994269577299999E+06  -1.4297866048699999E+05
  2.8353834912470002E+06   2.6774997777539999E+06  -1.0696381099500001E+05
  2.8823408405419998E+06   2.8698345024410002E+06  -1.7609366151199999E+05
  2.8528950692509999E+06   2.6928547759679998E+06  -1.0266649408500000E+05
  2.8385261107629999E+06   2.7502573150769998E+06  -1.8814824559700000E+05
  2.8400870434130002E+06   2.7512821663879999E+06  -1.8673082104600000E+05
  2.8405327935770000E+06   2.7502943888249998E+06  -1.8470792165800001E+05
  2.8416240760090002E+06   2.7523065259819999E+06  -1.8535457682700001E+05
  2.9502559378479999E+06   2.8304637103019999E+06  -8.8241939968000006E+04
  2.8149722114090002E+06   2.6861990137149999E+06  -1.3621364380600001E+05
  2.8270943672549999E+06   2.7056019261400001E+06  -1.4807443314899999E+05
  2.8695284293869999E+06   2.8031615150210001E+06  -1.8649813546799999E+05
  2.8632106353690000E+06   2.8069217171959998E+06  -2.0163839888900000E+05
  2.8624201791790002E+06   2.8075853067990001E+06  -2.0377977022300000E+05
  2.8635043682300001E+06   2.8091701871469999E+06  -2.0244310489600000E+05
  2.8397338924440001E+06   2.7356821059670001E+06  -1.6738777464200000E+05
  2.9062443018089999E+06   2.8476254696519999E+06  -1.4622372948600000E+05
  2.8313900455020000E+06   2.7385407335140002E+06  -1.8437012839699999E+05
  2.8383489388540001E+06   2.7288425215619998E+06  -1.6148898233299999E+05
  2.8417002170210001E+06   2.7237952378179999E+06  -1.5114434987100001E+05
  2.9246823774049999E+06   2.8174974362380002E+06  -1.0998696343200000E+05
  2.9236416401419998E+06   2.8153466761719999E+06  -1.1007850558200000E+05
  2.9220050583080002E+06   2.8148479520250000E+06  -1.1183473157200000E+05
  2.9224674546409999E+06   2.8132708177339998E+06  -1.1004315973499999E+05
  2.9240134213399999E+06   2.8137991993910000E+06  -1.0825508937700000E+05
  2.9228693694910002E+06   2.8117158468360002E+06  -1.0822117468500001E+05
  2.8499383370679999E+06   2.7722191939240000E+06  -1.9541399893100001E+05
  2.8508592694310001E+06   2.7718675381709998E+06  -1.9324164733599999E+05
  2.9432203619010001E+06   2.7983043948849998E+06  -7.3727297151000006E+04
  2.9227241165530002E+06   2.8240557040840001E+06  -1.1653401161200000E+05
  2.8927457365230001E+06   2.7579851849000002E+06  -1.0824100333799999E+05
  2.8888401410780000E+06   2.7147774241220001E+06  -7.7030463178000005E+04
  2.8344142662289999E+06   2.6756715339779998E+06  -1.0574859008400000E+05
  2.8363179126390000E+06   2.6768695129849999E+06  -1.0483359525499999E+05
  2.8390360519840000E+06   2.7632540646939999E+06  -2.0556163310599999E+05
  2.9009070301870001E+06   2.7580796210920000E+06  -9.6953432040000000E+04
  2.8733458752549998E+06   2.8127805031570001E+06  -1.8488117922399999E+05
  2.9072385689340001E+06   2.8082650313320002E+06  -1.2825608206000000E+05
  2.9083521448510000E+06   2.8103749631130002E+06  -1.2797105823400000E+05
  2.9080480328690000E+06   2.8120954481080002E+06  -1.2962877731799999E+05
  2.9094631047399999E+06   2.8125070076170000E+06  -1.2770588136699999E+05
  2.9097300486670001E+06   2.8107617076249998E+06  -1.2604276773000001E+05
  2.8511418098599999E+06   2.7459754477869999E+06  -1.6241970779099999E+05
  2.8513530182850002E+06   2.7803876895539998E+06  -2.0253621051999999E+05
  2.8647056906480002E+06   2.8399772359730001E+06  -2.0005338569699999E+05
  2.8237179822829999E+06   2.7213614503290001E+06  -1.7091374943100000E+05
  2.8877452558390000E+06   2.7154261931380001E+06  -7.9031098855999997E+04
  2.8860972164790002E+06   2.7141783679080000E+06  -8.0039503937999994E+04
  2.8353231424440001E+06   2.6750677356260000E+06  -1.0361310868600001E+05
  2.9338729292020001E+06   2.8101867836239999E+06  -9.2548329551999996E+04
  2.8549006278550001E+06   2.6809347203810001E+06  -8.5232004113999996E+04
  2.8568391300440002E+06   2.6819764993429999E+06  -8.4278002080000006E+04
  2.8587815802409998E+06   2.6829669675900000E+06  -8.3258773184000005E+04
  2.8493607392199999E+06   2.7702677693309998E+06  -1.9415187454700001E+05
  2.8502765351049998E+06   2.7699159055740000E+06  -1.9197691377399999E+05
  2.8487300426530000E+06   2.7683512314269999E+06  -1.9287201609300001E+05
  2.8496516200450002E+06   2.7679955444100001E+06  -1.9068126346900000E+05
  2.8480954083429999E+06   2.7664253234509998E+06  -1.9158750678200001E+05
  2.8490134129510000E+06   2.7660751980630001E+06  -1.8941062901500001E+05
  2.8474548936160002E+06   2.7645066490310002E+06  -1.9032336323100000E+05
  2.9209744102139999E+06   2.8181272452230002E+06  -1.1523609604600001E+05
  2.8995570431619999E+06   2.7238267940449999E+06  -7.1546775378000006E+04
  2.8321375001300001E+06   2.6797681711180001E+06  -1.1306892909300000E+05
  2.8930024811570002E+06   2.7959271410570000E+06  -1.4103181573700000E+05
  2.8927811326449998E+06   2.7976734242429999E+06  -1.4274588207100000E+05
  2.8916977876189998E+06   2.7955271737759998E+06  -1.4296214397000000E+05
  2.8397140852569998E+06   2.7199515587680000E+06  -1.4947464976900001E+05
  2.9425324534069998E+06   2.8127350714500002E+06  -8.4596225883999999E+04
  2.9442361020610002E+06   2.8131701117699998E+06  -8.3078532185999997E+04
  2.9431005949470000E+06   2.8112885777039998E+06  -8.2894379161999997E+04
  2.9453594477010001E+06   2.8150820424060002E+06  -8.3339428473000007E+04
  2.8393918907389999E+06   2.7071585320720002E+06  -1.3539312264099999E+05
  2.8434159637480001E+06   2.7221865915259998E+06  -1.4705424573500000E+05
  2.9034902569129998E+06   2.8522055970680001E+06  -1.4978762299800001E+05
  2.9019389440230001E+06   2.8511216171590001E+06  -1.5116369561600001E+05
  2.9273265415860000E+06   2.7803375324680000E+06  -8.0126641174999997E+04
  2.9290989656750001E+06   2.7811707429200001E+06  -7.8753700112000006E+04
  2.9280790265350002E+06   2.7790837323449999E+06  -7.8213925126999995E+04
  2.9298756336780000E+06   2.7799345804289998E+06  -7.6827437800000000E+04
  2.9288297789440001E+06   2.7778212951290002E+06  -7.6296079878999997E+04
  2.8597859453590000E+06   2.7110278541290001E+06  -1.1232691899400001E+05
  2.8591853721790002E+06   2.7090807610410000E+06  -1.1104565247500000E+05
  2.8608468594800001E+06   2.7105907101349998E+06  -1.1023621615900000E+05
  2.8603818663610001E+06   2.7086302462740000E+06  -1.0902271039900000E+05
  2.8619569592780001E+06   2.7100897432710002E+06  -1.0824201415600000E+05
  2.8588250719519998E+06   2.7072003556229998E+06  -1.0976701686200000E+05
  2.8614232532469998E+06   2.7081881576709999E+06  -1.0711219412800000E+05
  2.8629257117760000E+06   2.7096550068390002E+06  -1.0627592953500000E+05
  2.8635595420329999E+06   2.7964306111170002E+06  -1.9437193496000001E+05
  2.8629473929510000E+06   2.7943983851589998E+06  -1.9360281875499999E+05
  2.8641809935269998E+06   2.7956786513250000E+06  -1.9221648707199999E+05
  2.8616895260279998E+06   2.7930044752799999E+06  -1.9492415375900001E+05
  2.8954937827579998E+06   2.7656408299830002E+06  -1.1112715680300001E+05
  2.8880672859450001E+06   2.7893633842890002E+06  -1.4367139552100000E+05
  2.8115383025389998E+06   2.7227353593330001E+06  -1.9019680082300000E+05
  2.9341812962509999E+06   2.8382652462289999E+06  -1.1116062006600000E+05
  2.9185443423489998E+06   2.7809996924060001E+06  -9.1468736485999994E+04
  2.8708452600890002E+06   2.8340848204310001E+06  -1.9019119544800001E+05
  2.8258409980779998E+06   2.7414696802190002E+06  -1.9814472270300001E+05
  2.8400596156350002E+06   2.7627948215410002E+06  -2.0339939746599999E+05
  2.8394060295170001E+06   2.7608383426890001E+06  -2.0213593887600000E+05
  2.9056937481640000E+06   2.7608101756660002E+06  -9.2381878131000005E+04
  2.8896710020690002E+06   2.7524521910600001E+06  -1.0895921950700000E+05
  2.8829170518089999E+06   2.8179913861300000E+06  -1.6924972014100000E+05
  2.8558927954119998E+06   2.6827880871759998E+06  -8.6307288604000001E+04
  2.9046387272890001E+06   2.7755314814160001E+06  -1.0606339482800000E+05
  2.8640254808450001E+06   2.7228868206449999E+06  -1.1829444906699999E+05
  2.8518380945400000E+06   2.7313734173829998E+06  -1.4542560471099999E+05
  2.8135868735670000E+06   2.6794441420939998E+06  -1.2821045466900000E+05
  2.8157437984770001E+06   2.6803443939840002E+06  -1.2783220517500000E+05
  2.8145564546059999E+06   2.6810312932719998E+06  -1.2966291557899999E+05
  2.8757646799940001E+06   2.7570254275170001E+06  -1.3360842613499999E+05
  2.8402097616059999E+06   2.7162133319140002E+06  -1.4443138837999999E+05
  2.9192038747959998E+06   2.7874959721829998E+06  -9.4875598241999993E+04
  2.9268983841309999E+06   2.7628579824310001E+06  -6.8851864316000007E+04
  2.9260285370230000E+06   2.7606528443149999E+06  -6.8463156866000005E+04
  2.9250771383989998E+06   2.7620418136490001E+06  -7.0204060360999996E+04
  2.9242054602350001E+06   2.7598376851110002E+06  -6.9817755363000004E+04
  2.9201918588250000E+06   2.8416125029310002E+06  -1.2974427765000000E+05
  2.9211408196049999E+06   2.8402438891900000E+06  -1.2809232780499999E+05
  2.8908185987300002E+06   2.8107915896120002E+06  -1.5444677154200000E+05
  2.8920766163860001E+06   2.8120546643079999E+06  -1.5286039733899999E+05
  2.8901569796960000E+06   2.7092687322950000E+06  -7.1436760232999994E+04
  2.9119798823690000E+06   2.8692080036550001E+06  -1.4409322932499999E+05
  2.8199511473449999E+06   2.7321972227059999E+06  -1.9300632042100001E+05
  2.9035761316519999E+06   2.8108667016269998E+06  -1.3522518286299999E+05
  2.9204823809500001E+06   2.8664148512590001E+06  -1.3540078735900001E+05
  2.8584714827780002E+06   2.7713928139320002E+06  -1.7848709312599999E+05
  2.9205130576680000E+06   2.8197728518520002E+06  -1.1687339810999999E+05
  2.8828594546010001E+06   2.7546219652700000E+06  -1.2141267601000000E+05
  2.8824205240890002E+06   2.7526107077170000E+06  -1.2014924588500000E+05
  2.9423997242029998E+06   2.8354673454450001E+06  -9.9705087509999998E+04
  2.8665430701440000E+06   2.8273987607610002E+06  -1.9753197039000000E+05
  2.9250106296790000E+06   2.7584874241849999E+06  -6.7952512277000002E+04
  2.8596389976090002E+06   2.7199952837169999E+06  -1.2209170976400000E+05
  2.9487753451040001E+06   2.8443575609710002E+06  -9.7778569428000003E+04
  2.8522475334600001E+06   2.7801779789149999E+06  -2.0048785593500000E+05
  2.8928793206529999E+06   2.8146729519429998E+06  -1.5308907136599999E+05
  2.7986536806580001E+06   2.7040233809620002E+06  -1.7669747941800000E+05
  2.9322018375019999E+06   2.8096855236089998E+06  -9.4193153909000001E+04
  2.8266967666119998E+06   2.7011823890610002E+06  -1.4392533468599999E+05
  2.8276011408910002E+06   2.7001738335250001E+06  -1.4211727778300000E+05
  2.8129133970869998E+06   2.7245178051140001E+06  -1.9103649613300001E+05
  2.9105061150639998E+06   2.7636016987700001E+06  -8.7799885976999998E+04
  2.9114806625210000E+06   2.7657378680830002E+06  -8.8248706950000007E+04
  2.9098253579759998E+06   2.7648527708669999E+06  -8.9737804627999998E+04
  2.9131434505389999E+06   2.7666184573070002E+06  -8.6771313003999996E+04
  2.9124497665300001E+06   2.7678704062440000E+06  -8.8701833459000001E+04
  2.8486281608310002E+06   2.7156153110819999E+06  -1.3243540096800000E+05
  2.8383803790830001E+06   2.7151789065129999E+06  -1.4565583933900000E+05
  2.8373157211290002E+06   2.7132239362610001E+06  -1.4478216669899999E+05
  2.8959336690219999E+06   2.7634646389580001E+06  -1.0763935752900000E+05
  2.8364052504240000E+06   2.7372876408670000E+06  -1.7504104762299999E+05
  2.8251410225910000E+06   2.7117237579390001E+06  -1.5678484347200001E+05
  2.8270545644680001E+06   2.7125812130840002E+06  -1.5562945136599999E+05
  2.8035017323960001E+06   2.6970488419240001E+06  -1.5792822534999999E+05
  2.9152645749829998E+06   2.7592669641740001E+06  -7.8923432363999993E+04
  2.9414634832790000E+06   2.8387094884159998E+06  -1.0297087396400000E+05
  2.9042306079250001E+06   2.7322963703810000E+06  -7.1875318046999993E+04
  2.9051063149879999E+06   2.7309445090150000E+06  -7.0140585067000007E+04
  2.8452542508580000E+06   2.6954744535599998E+06  -1.1554469390600000E+05
  2.8435643681120002E+06   2.6944037593089999E+06  -1.1664381140799999E+05
  2.8427176638839999E+06   2.6925422508999999E+06  -1.1566457568600000E+05
  2.9114245668950002E+06   2.7426873863769998E+06  -7.0474278168999997E+04
  2.8860857718050000E+06   2.7706838415350001E+06  -1.3135908643000000E+05
  2.9270562029260001E+06   2.7769758597280001E+06  -7.7690758707999994E+04
  2.9278198249940001E+06   2.7756918035240001E+06  -7.5795447081000006E+04
  2.9260668088730001E+06   2.7748387250740002E+06  -7.7201038067999994E+04
  2.9141217486120001E+06   2.7687480440460001E+06  -8.7223940971999997E+04
  2.9134152968110000E+06   2.7700190164979999E+06  -8.9172933751000004E+04
  2.9151095492880000E+06   2.7708740085740001E+06  -8.7661641002000004E+04
  2.8766542858360000E+06   2.7609457386830002E+06  -1.3617634855400000E+05
  2.8783042115730001E+06   2.7625205022109998E+06  -1.3543308788499999E+05
  2.8282671500370000E+06   2.7144451852830001E+06  -1.5653531865800000E+05
  2.9347229736959999E+06   2.8191365592359998E+06  -9.8021099254000001E+04
  2.8915202410129998E+06   2.7497230503079998E+06  -1.0361587913700000E+05
  2.9050034018569998E+06   2.7620520282930001E+06  -9.4291875813000006E+04
  2.9065606496799998E+06   2.7629914505960001E+06  -9.2736756664999994E+04
  2.9295773625869998E+06   2.7765433641010001E+06  -7.4383349371999997E+04
  2.8493972664230000E+06   2.7244524076500000E+06  -1.4097411612699999E+05
  2.8500087291589999E+06   2.7235194768249998E+06  -1.3886002600400001E+05
  2.8986351266600001E+06   2.7972147627599998E+06  -1.3336128294599999E+05
  2.8503598023790000E+06   2.7510628746969998E+06  -1.6913724877999999E+05
  2.8406980951000000E+06   2.7647494716300000E+06  -2.0462760544099999E+05
  2.9415168043829999E+06   2.8209131648420002E+06  -9.1518140100999997E+04
  2.8910689757470000E+06   2.7541829490540000E+06  -1.0801986197500001E+05
  2.9058228711640001E+06   2.7751308673359999E+06  -1.0398896595400000E+05
  2.9043278705320000E+06   2.7734905136690000E+06  -1.0486921253400001E+05
  2.9072985471609998E+06   2.7767843918160000E+06  -1.0309483138500000E+05
  2.9092581552909999E+06   2.7544902164610000E+06  -8.2873049096000002E+04
  2.9117594949880000E+06   2.7690921417990001E+06  -9.0628409622000006E+04
  2.9373888233400001E+06   2.8572107005099999E+06  -1.1632414017699999E+05
  2.9357864731640001E+06   2.8565851594300000E+06  -1.1799378313000000E+05
  2.9390109593610000E+06   2.8579153617300000E+06  -1.1466185132500000E+05
  2.9194380313980002E+06   2.7967662303940002E+06  -1.0108328218200000E+05
  2.9181241949229999E+06   2.7970231613110001E+06  -1.0312475967600000E+05
  2.8220442012740001E+06   2.7276415146710002E+06  -1.8240129352499999E+05
  2.8636682967880000E+06   2.7627368503790000E+06  -1.6099294629299999E+05
  2.8687334754200000E+06   2.8040628209799998E+06  -1.8850261392500001E+05
  2.8682165450160000E+06   2.8018258677269998E+06  -1.8806431969500001E+05
  2.8289036759609999E+06   2.7240213324569999E+06  -1.6738906932499999E+05
  2.8293359654600001E+06   2.6981428820520001E+06  -1.3809650786899999E+05
  2.8302333550180001E+06   2.6971599600060000E+06  -1.3596034608700001E+05
  2.8565114620920001E+06   2.7516160956870001E+06  -1.6083721415200000E+05
  2.8569629868910001E+06   2.7505047873620000E+06  -1.5887960614600001E+05
  2.8581614984350000E+06   2.7525095879739998E+06  -1.5937333382199999E+05
  2.8510797076929999E+06   2.7255119352679998E+06  -1.3965268977999999E+05
  2.8566730158670000E+06   2.7797526433290001E+06  -1.9115324171400000E+05
  2.8413100590730002E+06   2.7319972147960002E+06  -1.6105955937300000E+05
  2.9023814960559998E+06   2.7848565108220000E+06  -1.1691630848300000E+05
  2.8411291579169999E+06   2.7532729458460002E+06  -1.8743596644300001E+05
  2.8426950316940001E+06   2.7543326476850002E+06  -1.8605422338000001E+05
  2.9277843492689999E+06   2.8294658038829998E+06  -1.1279604499600000E+05
  2.9223370734310001E+06   2.8256601734600002E+06  -1.1811260693700000E+05
  2.8771019759020000E+06   2.7629032969399998E+06  -1.3745383496499999E+05
  2.8787224143039999E+06   2.7644967317450000E+06  -1.3668962830200000E+05
  2.8252759383700001E+06   2.6965953512070002E+06  -1.3995613822100000E+05
  2.8991643350910000E+06   2.8028021789750000E+06  -1.3626660298400000E+05
  2.8482696596579999E+06   2.6834623578240001E+06  -9.6695020934999993E+04
  2.8157784630320002E+06   2.6851431545589999E+06  -1.3426323922100000E+05
  2.8830522089930000E+06   2.8101427842620001E+06  -1.6638712926600000E+05
  2.8593434309629998E+06   2.7735570861720000E+06  -1.7918802069000000E+05
  2.8745650670900000E+06   2.7574119347540000E+06  -1.3562916054700001E+05
  2.8638498758850000E+06   2.8190742832109998E+06  -2.0350576791699999E+05
  2.8647518659350001E+06   2.8182263278009999E+06  -2.0156912826699999E+05
  2.8316553350180001E+06   2.6920550832819999E+06  -1.2894636921200001E+05
  2.8786233489410002E+06   2.7188572077500001E+06  -9.4506270367999998E+04
  2.9015316482230001E+06   2.7293451662180000E+06  -7.2860687718999994E+04
  2.9099169746699999E+06   2.8269027125700000E+06  -1.3548628955799999E+05
  2.9000117476769998E+06   2.7559728303870000E+06  -9.6708895929000006E+04
  2.9006433639070000E+06   2.7546200111710001E+06  -9.4997670362000004E+04
  2.9096892586539998E+06   2.8724577154569998E+06  -1.4680221859300000E+05
  2.9125407652850002E+06   2.8715058592420002E+06  -1.4389608079000001E+05
  2.9308988746650000E+06   2.8584347737870002E+06  -1.2413263031500000E+05
  2.8673307230659998E+06   2.7255040663009998E+06  -1.1627716585799999E+05
  2.8101215116249998E+06   2.7209698174820002E+06  -1.8934846598199999E+05
  2.8853369643999999E+06   2.7253661682509999E+06  -9.0943418390999999E+04
  2.8438921493710000E+06   2.7434408427400002E+06  -1.7007599380100000E+05
  2.8981757238510000E+06   2.7276467877719998E+06  -7.5666190545000005E+04
  2.8444009382010000E+06   2.6760811736130002E+06  -9.2070799901999999E+04
  2.8392090047309999E+06   2.7365377946690000E+06  -1.6941156916799999E+05
  2.8863856494220002E+06   2.8151831803339999E+06  -1.6380033964300001E+05
  2.8535061957640001E+06   2.7324037210880001E+06  -1.4414482360999999E+05
  2.8371944816950001E+06   2.6762840464550001E+06  -1.0266733031300000E+05
  2.8361992222219999E+06   2.6744824420880000E+06  -1.0144782347300000E+05
  2.9177229768180000E+06   2.7769922519740001E+06  -8.9274472645000002E+04
  2.9160965131230000E+06   2.7756110327559998E+06  -9.0224972469999993E+04
  2.8665684869579999E+06   2.7685938408619999E+06  -1.6145120239500000E+05
  2.8575727912619999E+06   2.7692498360819998E+06  -1.7779699446799999E+05
  2.8581472267350000E+06   2.7683004603149998E+06  -1.7570644475699999E+05
  2.8565740643040002E+06   2.7671811311820000E+06  -1.7708735924200001E+05
  2.8571320183799998E+06   2.7662346988920001E+06  -1.7502841228900000E+05
  2.8899732686700001E+06   2.7480803580129999E+06  -1.0446515445500000E+05
  2.8392328812250001E+06   2.7442520897679999E+06  -1.7930383463900001E+05
  2.8874943588089999E+06   2.8085693378480002E+06  -1.5939692018500000E+05
  2.8741267407340002E+06   2.7554525002959999E+06  -1.3433700370400000E+05
  2.8235636295969998E+06   2.7176471480500000E+06  -1.6588183327500001E+05
  2.8607345995120001E+06   2.8016379734729999E+06  -2.0362351374500000E+05
  2.9357958160950001E+06   2.8604645874890001E+06  -1.1953383463899999E+05
  2.9447414815900000E+06   2.8115340363429999E+06  -8.1368761855000004E+04
  2.9037641478639999E+06   2.8706141483000000E+06  -1.5228878242400000E+05
  2.7995498384210002E+06   2.7015284877450000E+06  -1.7127628409000000E+05
  2.8828171244500000E+06   2.8284643877470000E+06  -1.7151922858299999E+05
  2.8926892262920002E+06   2.8735403410350000E+06  -1.6463001584899999E+05
  2.8656586668779999E+06   2.8259750548550002E+06  -1.9914366425999999E+05
  2.9006372312460002E+06   2.8800128511810000E+06  -1.5708605296800000E+05
  2.8974956977110002E+06   2.8042804816979999E+06  -1.3971577254500001E+05
  2.8437177832350000E+06   2.7055566669640001E+06  -1.2827300296100001E+05
  2.8455279982300000E+06   2.7064966177550000E+06  -1.2710549204000000E+05
  2.9385800861709998E+06   2.8415455869669998E+06  -1.0775756897300000E+05
  2.9379008271180000E+06   2.8431500986569999E+06  -1.0935961875500000E+05
  2.8539463277369998E+06   2.7426684929300002E+06  -1.5479613108100000E+05
  2.8556261875160001E+06   2.7435287895570002E+06  -1.5312090437000000E+05
  2.9004151776129999E+06   2.8265294938380001E+06  -1.4697083764799999E+05
  2.9123386649179999E+06   2.7859137685039998E+06  -1.0275059425800000E+05
  2.9125841742380001E+06   2.7880605555799999E+06  -1.0391557756600001E+05
  2.8666194042810001E+06   2.7866097101019998E+06  -1.7939867014199999E+05
  2.8680313950160001E+06   2.7879055162180001E+06  -1.7776399455900001E+05
  2.8686841912050000E+06   2.7867981428950001E+06  -1.7557753911600000E+05
  2.8693893419079999E+06   2.7890669057399998E+06  -1.7607892643900000E+05
  2.8687936807090002E+06   2.7901999442460001E+06  -1.7817531272399999E+05
  2.8700978554179999E+06   2.7912704797140001E+06  -1.7651989664900000E+05
  2.8707163757819999E+06   2.7902378721639998E+06  -1.7446197876000000E+05
  2.8714090337109999E+06   2.7924466090040002E+06  -1.7493809582300001E+05
  2.8707828041300001E+06   2.7933800803419999E+06  -1.7692910889300000E+05
  2.8720835690690000E+06   2.7945937179950001E+06  -1.7539858366000000E+05
  2.8727258806779999E+06   2.7936481765729999E+06  -1.7336627505000000E+05
  2.8734007731010001E+06   2.7958268757480001E+06  -1.7385217144100001E+05
  2.8727390068910001E+06   2.7967146626630002E+06  -1.7587464578200001E+05
  2.8651934214570001E+06   2.7851947865690002E+06  -1.8087262721599999E+05
  2.9288458012190000E+06   2.7970236289780000E+06  -8.9503813200000004E+04
  2.7996930348510002E+06   2.7089300901179998E+06  -1.8334504475900001E+05
  2.8011832296150001E+06   2.7106864919190002E+06  -1.8419402075900001E+05
  2.7979689464469999E+06   2.7071718163490002E+06  -1.8235652339799999E+05
  2.8708399463849999E+06   2.7763889847459998E+06  -1.6169127675300001E+05
  2.8717007791459998E+06   2.7785241544710002E+06  -1.6231582113200001E+05
  2.8711076736090002E+06   2.7795215394120002E+06  -1.6443231643400001E+05
  2.8725828114499999E+06   2.7806681410260000E+06  -1.6292374104200001E+05
  2.8699446400899999E+06   2.7742441711599999E+06  -1.6111919193000000E+05
  2.9019521916000000E+06   2.8456791461029998E+06  -1.5022603018700000E+05
  2.8731781201990000E+06   2.7796763804139998E+06  -1.6082230624700000E+05
  2.8740695217829999E+06   2.7818348511819998E+06  -1.6141539511300001E+05
  2.8734755087100002E+06   2.7828205306980000E+06  -1.6353439664799999E+05
  2.8748348993429998E+06   2.7840678885389999E+06  -1.6198832988000000E+05
  2.8755677376450002E+06   2.7830374525990002E+06  -1.5990797218099999E+05
  2.8763052215270000E+06   2.7852757668499998E+06  -1.6048450280799999E+05
  2.8755052326409998E+06   2.7863184262210000E+06  -1.6252582177800001E+05
  2.8769795134299998E+06   2.7874969988560001E+06  -1.6104646832600000E+05
  2.8777882040039999E+06   2.7864887292109998E+06  -1.5901661665800001E+05
  2.8784343009870001E+06   2.7886812041879999E+06  -1.5960229631199999E+05
  2.8776543218049998E+06   2.7897064775240002E+06  -1.6159895773699999E+05
  2.8790997270200001E+06   2.7908851642020000E+06  -1.6016565952200000E+05
  2.9016516344889998E+06   2.8651105157479998E+06  -1.5356423431599999E+05
  2.8784697549510002E+06   2.7300200373200001E+06  -1.0478470862400001E+05
  2.9078529652649998E+06   2.8312133750950000E+06  -1.3994347436200001E+05
  2.8230975189490002E+06   2.7388665824630000E+06  -1.9863623795400001E+05
  2.8287801787870000E+06   2.7472874801679999E+06  -2.0105097901099999E+05
  2.8271009615560002E+06   2.7458993249420002E+06  -2.0211124105499999E+05
  2.8486320352489999E+06   2.7125987400380000E+06  -1.2973691472900000E+05
  2.8563366068509999E+06   2.7081551843160000E+06  -1.1416399661100000E+05
  2.8824866273119999E+06   2.8577904001340000E+06  -1.7439542419399999E+05
  2.8810221649170001E+06   2.8573973015830000E+06  -1.7617612039500001E+05
  2.8501204069980001E+06   2.7440747101690001E+06  -1.6178601359799999E+05
  2.8222903428500001E+06   2.7158467378929998E+06  -1.6493457698099999E+05
  2.9291635685939998E+06   2.8577210162720000E+06  -1.2557833103800000E+05
  2.9116607804859998E+06   2.8058715107760001E+06  -1.1897999158900000E+05
  2.9115794875739999E+06   2.8075564284140002E+06  -1.2070610209499999E+05
  2.9102552853299999E+06   2.8072399067360000E+06  -1.2270826315499999E+05
  2.9113997212990001E+06   2.8093859733159998E+06  -1.2239951600400000E+05
  2.9467553014529999E+06   2.8254661103269998E+06  -8.8774750950000001E+04
  2.8842480923489998E+06   2.7849047436259999E+06  -1.4604888543600001E+05
  2.9406884071900002E+06   2.8350132909980002E+06  -1.0133174367700001E+05
  2.9411597384210001E+06   2.8334015056349998E+06  -9.9701539323999998E+04
  2.9394441755090002E+06   2.8329430670400001E+06  -1.0131141114500001E+05
  2.9399227630710001E+06   2.8313368658540002E+06  -9.9676989165000006E+04
  2.8158554592749998E+06   2.7001554643299999E+06  -1.5210094350299999E+05
  2.8421851877600001E+06   2.7554956355780000E+06  -1.8841005399300001E+05
  2.8437284253440001E+06   2.7562669687649999E+06  -1.8670312403400001E+05
  2.8813816215490000E+06   2.8272528611289999E+06  -1.7312912960300001E+05
  2.8803311350400001E+06   2.8283729827230000E+06  -1.7493000323000000E+05
  2.8484302374769999E+06   2.7770872178509999E+06  -2.0432492477300001E+05
  2.8654087346680001E+06   2.8197400352900000E+06  -2.0004021973400001E+05
  2.8342029736790000E+06   2.7305588440459999E+06  -1.6873933075900000E+05
  2.8640881623430001E+06   2.8167797877759999E+06  -2.0310933260100000E+05
  2.7992034649149999E+06   2.6904692598000001E+06  -1.5243092838100001E+05
  2.8603864629890001E+06   2.7242522165540000E+06  -1.2472984570200001E+05
  2.8610586612700000E+06   2.8380951383219999E+06  -2.0597097367899999E+05
  2.8603950099360002E+06   2.8365448641369999E+06  -2.0768547355200001E+05
  2.9066405903550000E+06   2.8549187573320000E+06  -1.4707812069600000E+05
  2.8182359490419999E+06   2.7313693418459999E+06  -1.9436951594600000E+05
  2.8169348822389999E+06   2.7297406207160000E+06  -1.9361211929000000E+05
  2.8332644543220000E+06   2.7545113935639998E+06  -2.0333291657999999E+05
  2.9326322020600000E+06   2.8591143663619999E+06  -1.2268092361600000E+05
  2.8835580673119999E+06   2.7015546647930001E+06  -7.2517818517000007E+04
  2.9382033634090000E+06   2.8308751507350001E+06  -1.0127111000200000E+05
  2.9386919730969998E+06   2.8292710996280001E+06  -9.9627024655000001E+04
  2.9369791373049999E+06   2.8288031815559999E+06  -1.0122938579299999E+05
  2.9375422867319998E+06   2.8271533248419999E+06  -9.9653433663000003E+04
  2.8532732844860000E+06   2.7293863865620000E+06  -1.4128115595499999E+05
  2.9208193937059999E+06   2.8127444947600001E+06  -1.1180809257100000E+05
  2.8166364983609999E+06   2.6818440635629999E+06  -1.2922953655900000E+05
  2.8577816085160002E+06   2.7723650797159998E+06  -1.8065767185300001E+05
  2.8352881423840001E+06   2.7324705654469999E+06  -1.6982157360199999E+05
  2.8830191459840001E+06   2.7828703232559999E+06  -1.4634197716800001E+05
  2.8831114013370001E+06   2.7811953551360001E+06  -1.4472101728800000E+05
  2.8818276178460000E+06   2.7808394528760002E+06  -1.4664652875900001E+05
  2.8819177386730001E+06   2.7792028137349999E+06  -1.4500104916100000E+05
  2.8806441333340001E+06   2.7788241222950001E+06  -1.4694754212999999E+05
  2.9194829821299999E+06   2.8393273792610001E+06  -1.2951285808200001E+05
  2.9204190283559998E+06   2.8380101847569998E+06  -1.2784496568700000E+05
  2.9109816357220002E+06   2.8583560119679999E+06  -1.4338871214300001E+05
  2.9126224637630000E+06   2.8590016143530002E+06  -1.4189783758100000E+05
  2.9096162555320002E+06   2.8786988109599999E+06  -1.4769165209399999E+05
  2.8431384735500002E+06   2.7533165868750000E+06  -1.8399969226099999E+05
  2.8495501605860000E+06   2.7117162870209999E+06  -1.2769707213600000E+05
  2.8321449459139998E+06   2.6953554369440000E+06  -1.3171011607399999E+05
  2.8104524965189998E+06   2.6947274412440001E+06  -1.4975058219099999E+05
  2.8127757385470001E+06   2.6955681797920000E+06  -1.4907285867399999E+05
  2.8115086149019999E+06   2.6935493293559998E+06  -1.4768275569799999E+05
  2.9108213799520000E+06   2.8128764024540000E+06  -1.2579667151600000E+05
  2.8867290062489999E+06   2.7889846957399999E+06  -1.4551578982100001E+05
  2.9058345057259998E+06   2.7641303413550002E+06  -9.4622613320999997E+04
  2.9074429459099998E+06   2.7651710956810000E+06  -9.3187750685999999E+04
  2.9105532512949998E+06   2.8316361069769999E+06  -1.3684845501500001E+05
  2.8808529017380001E+06   2.8695224472770002E+06  -1.7793253508999999E+05
  2.9476335918259998E+06   2.8479023470330001E+06  -1.0089777133700000E+05
  2.8303606706849998E+06   2.6902779512399998E+06  -1.2802394747400000E+05
  2.8283757149270000E+06   2.6895031333120000E+06  -1.2897643059700000E+05
  2.9095641085480000E+06   2.7346546700439998E+06  -6.7881511480000001E+04
  2.7976079628730002E+06   2.7083735985280001E+06  -1.8461057204100001E+05
  2.9132875921370001E+06   2.7435062797309998E+06  -6.9091683137000000E+04
  2.9124192352270000E+06   2.7448453245179998E+06  -7.0909997235999996E+04
  2.8516747480170000E+06   2.7245638271750002E+06  -1.3754550438699999E+05
  2.8506034564760001E+06   2.7225717151890001E+06  -1.3675376028500000E+05
  2.8857740972340000E+06   2.8332431618860001E+06  -1.6852035505700001E+05
  2.8380621476250002E+06   2.6756852032070002E+06  -1.0049424293399999E+05
  2.8370655939940000E+06   2.6738859027129998E+06  -9.9280081667999999E+04
  2.8197609508940000E+06   2.7002614483119999E+06  -1.4867441867300001E+05
  2.9243744910789998E+06   2.8122552114200001E+06  -1.0643107865000000E+05
  2.9255538262040000E+06   2.8143402730589998E+06  -1.0647578051500001E+05
  2.8936306154939998E+06   2.7748812629189999E+06  -1.2232943176799999E+05
  2.9358341000760002E+06   2.8266817774180002E+06  -1.0125651657900000E+05
  2.9364061968740001E+06   2.8250325473900000E+06  -9.9671098142999996E+04
  2.9346991758820000E+06   2.8245576426869999E+06  -1.0127095250800000E+05
  2.9352788902409999E+06   2.8229090700010001E+06  -9.9677546530000007E+04
  2.8555779367379998E+06   2.7651207763330000E+06  -1.7638303519400000E+05
  2.8561151897689998E+06   2.7641719729769998E+06  -1.7435669423699999E+05
  2.8523257748969998E+06   2.7735076415320002E+06  -1.9231510367300001E+05
  2.8778210560989999E+06   2.8257840345339999E+06  -1.7874185975500001E+05
  2.9445215497550000E+06   2.8181308793009999E+06  -8.6420309024999995E+04
  2.9439236733240001E+06   2.8196292893429999E+06  -8.8078577653999993E+04
  2.8946722610530001E+06   2.7745787996390001E+06  -1.2017564549500000E+05
  2.8960468710449999E+06   2.7762914718350000E+06  -1.1925063610200000E+05
  2.8503521462139999E+06   2.7196811114659999E+06  -1.3393340589900000E+05
  2.9068244623409999E+06   2.8610444012859999E+06  -1.4785799019400001E+05
  2.8855813472020002E+06   2.8308413932119999E+06  -1.6842530851100001E+05
  2.8486755768390000E+06   2.7502211299089999E+06  -1.7061604142800000E+05
  2.8497708391580000E+06   2.7521511477910001E+06  -1.7117648175499999E+05
  2.8476152893830002E+06   2.7482768335010000E+06  -1.6998993012100001E+05
  2.8859676413139999E+06   2.8356477197830002E+06  -1.6861480562000000E+05
  2.8847982450760002E+06   2.8368767870959998E+06  -1.7023427579900000E+05
  2.8860893976270002E+06   2.8380504631210002E+06  -1.6864151162400001E+05
  2.8848510184630002E+06   2.8392772124259998E+06  -1.7021997111700001E+05
  2.8861530614069998E+06   2.8404478047980000E+06  -1.6861189271099999E+05
  2.8849156624759999E+06   2.8416595198700000E+06  -1.7018880825900001E+05
  2.8862220804880001E+06   2.8428327192299999E+06  -1.6857529867900000E+05
  2.8835968872710001E+06   2.8405066418880001E+06  -1.7181823775500001E+05
  2.8836746624179999E+06   2.8428932715340001E+06  -1.7177070066599999E+05
  2.8823220003370000E+06   2.8417515415360001E+06  -1.7341088073700000E+05
  2.8874500078889998E+06   2.8416316903510001E+06  -1.6701048300800001E+05
  2.8875217233569999E+06   2.8440069750330001E+06  -1.6697030637899999E+05
  2.8887270782140000E+06   2.8428306355050001E+06  -1.6543488429700001E+05
  2.8888125284179999E+06   2.8451966472609998E+06  -1.6539295295499999E+05
  2.8900406327360002E+06   2.8440025910950000E+06  -1.6386222129200000E+05
  2.8901201307549998E+06   2.8463748422980001E+06  -1.6382772078700000E+05
  2.8913533175740000E+06   2.8451864365130002E+06  -1.6229093348099999E+05
  2.8914438981420002E+06   2.8475387912860001E+06  -1.6224237898700000E+05
  2.8926805664789998E+06   2.8463777379419999E+06  -1.6070206270899999E+05
  2.8862932661370002E+06   2.8451757547089998E+06  -1.6853511098299999E+05
  2.9193382044580001E+06   2.7784698153019999E+06  -8.8416090140000000E+04
  2.8635804212050000E+06   2.7115581149800001E+06  -1.0744849753399999E+05
  2.8646513632540000E+06   2.7110178353390000E+06  -1.0545746787500000E+05
  2.9045652293659998E+06   2.8388756068560001E+06  -1.4641802092300000E+05
  2.9031367821599999E+06   2.8399187003210001E+06  -1.4804468562100001E+05
  2.8989116019250001E+06   2.7424550521570002E+06  -8.6995439847000001E+04
  2.8979338027380002E+06   2.7403859202430001E+06  -8.6612184878000000E+04
  2.8985777989770002E+06   2.7390720233359998E+06  -8.4769318432999993E+04
  2.8998701065469999E+06   2.7445420136730000E+06  -8.7415492343999998E+04
  2.8776308571319999E+06   2.8184513047679998E+06  -1.7825518863500000E+05
  2.8798634753450002E+06   2.7898913439910002E+06  -1.5821799698800000E+05
  2.8805129837239999E+06   2.7920656745330002E+06  -1.5878488598200001E+05
  2.8797851656630002E+06   2.7931158929909999E+06  -1.6071687128900000E+05
  2.8812044731330001E+06   2.7943119240549998E+06  -1.5933789239900000E+05
  2.8805013334989999E+06   2.7953997972300001E+06  -1.6125831326800000E+05
  2.8819806113510001E+06   2.7966256379519999E+06  -1.5980580725499999E+05
  2.8827419071930000E+06   2.7954089517060001E+06  -1.5769795526399999E+05
  2.8812276624329998E+06   2.7977009993750001E+06  -1.6179631456800000E+05
  2.8827218931539999E+06   2.7989638237770000E+06  -1.6034723358299999E+05
  2.8654446790100001E+06   2.7707700640650000E+06  -1.6570472959700000E+05
  2.8483736852040002E+06   2.7641958312690002E+06  -1.8819558110700001E+05
  2.8468477462680000E+06   2.7626207320070001E+06  -1.8903861721299999E+05
  2.9075896463629999E+06   2.8440696100240001E+06  -1.4424857311999999E+05
  2.8640011595700001E+06   2.8062397628710000E+06  -1.9948510001400000E+05
  2.8959747176080002E+06   2.7313627288629999E+06  -8.1446567024999997E+04
  2.8950392589580002E+06   2.7292897835710002E+06  -8.0900676638999998E+04
  2.8969989317419999E+06   2.7335241758880001E+06  -8.1947465813000003E+04
  2.8638988085670001E+06   2.7091270908490000E+06  -1.0434454420500000E+05
  2.8657068149730000E+06   2.7104332237590002E+06  -1.0343754054900000E+05
  2.8664678221829999E+06   2.7123927100940002E+06  -1.0461552549900000E+05
  2.8675792364070001E+06   2.7118056771120001E+06  -1.0252011418400001E+05
  2.8682545213170000E+06   2.7138418280699998E+06  -1.0375338511900000E+05
  2.8694629964729999E+06   2.7132218836780000E+06  -1.0163634635800000E+05
  2.8149776637370000E+06   2.7198513115110002E+06  -1.8022538845999999E+05
  2.8409540992500000E+06   2.7290410308579998E+06  -1.5812891449000000E+05
  2.8397737288580001E+06   2.7269143138150000E+06  -1.5729420019900001E+05
  2.8571712763499999E+06   2.7929348492850000E+06  -2.0414240927700000E+05
  2.8895641669430002E+06   2.8093619914020002E+06  -1.5591214274899999E+05
  2.9280641083660000E+06   2.8348182531460002E+06  -1.1608389039900000E+05
  2.9296351106509999E+06   2.8353033176540001E+06  -1.1438505275500000E+05
  2.9300355805640002E+06   2.8337111626040000E+06  -1.1270313571900000E+05
  2.9069575934609999E+06   2.7747451252529998E+06  -1.0187898703000000E+05
  2.9232305305900001E+06   2.8101774266840001E+06  -1.0640166818100000E+05
  2.8925851236500000E+06   2.7751725750400000E+06  -1.2448025354200001E+05
  2.8993512605119999E+06   2.7815870628809999E+06  -1.1874619069300000E+05
  2.8990021740979999E+06   2.7795926817490002E+06  -1.1749997765000000E+05
  2.8996671547099999E+06   2.7835768272759998E+06  -1.2004054415500000E+05
  2.8439530205569998E+06   2.7322065723179998E+06  -1.5765995772000001E+05
  2.8299413534929999E+06   2.6815182681590002E+06  -1.1720821046300000E+05
  2.8278600214910000E+06   2.6802107609910001E+06  -1.1789001436900000E+05
  2.8352096948650000E+06   2.6726840992419999E+06  -1.0022472719500000E+05
  2.8360369085579999E+06   2.6721458324230001E+06  -9.8016419611999998E+04
  2.8690294946140000E+06   2.8372432605690002E+06  -1.9318804926199999E+05
  2.8817423961180001E+06   2.7002861356500001E+06  -7.3457408609000006E+04
  2.8810476977749998E+06   2.6983181835349998E+06  -7.2433995016000001E+04
  2.8799313077260000E+06   2.6990094157550000E+06  -7.4384000595000005E+04
  2.8792404733369998E+06   2.6970223992920001E+06  -7.3338286856000006E+04
  2.8781227113760002E+06   2.6977261750039998E+06  -7.5301596543000007E+04
  2.8774377522300002E+06   2.6957242272330001E+06  -7.4235086269000007E+04
  2.8762947715480002E+06   2.6964583582669999E+06  -7.6189776843000000E+04
  2.8755908599990001E+06   2.6944636769190002E+06  -7.5079283215000003E+04
  2.8744157878040001E+06   2.6952327447799998E+06  -7.7018570668000000E+04
  2.8737135699100001E+06   2.6932271203839998E+06  -7.5896181037000002E+04
  2.8725362422750001E+06   2.6940058197880001E+06  -7.7846737726000007E+04
  2.8718331644770000E+06   2.6919913086959999E+06  -7.6715405180000002E+04
  2.8706511952459998E+06   2.6927768526220000E+06  -7.8678762375000006E+04
  2.8699509051339999E+06   2.6907513041220000E+06  -7.7518195032000003E+04
  2.8687615167520000E+06   2.6915412930239998E+06  -7.9498094824999993E+04
  2.8680656222089999E+06   2.6895068831590000E+06  -7.8320005449000004E+04
  2.8668715615980001E+06   2.6902955752229998E+06  -8.0310085626999993E+04
  2.8662037179879998E+06   2.6882348589559998E+06  -7.9130264142000000E+04
  2.8651052520780000E+06   2.6889205922619998E+06  -8.1237486791999996E+04
  2.8644530044010002E+06   2.6868539979940001E+06  -8.0031579169999997E+04
  2.8633380647069998E+06   2.6875235667880001E+06  -8.2144133342999994E+04
  2.8626909149799999E+06   2.6854430945620001E+06  -8.0917822587999995E+04
  2.8657764250309998E+06   2.6910062360430001E+06  -8.2437745804999999E+04
  2.8615624260769999E+06   2.6861128376520001E+06  -8.3048140356000004E+04
  2.8638281619130000E+06   2.6848188561320002E+06  -7.8821333253999997E+04
  2.8822132975630001E+06   2.8134522787179998E+06  -1.6855653993599999E+05
  2.8694376545529999E+06   2.8468472587370002E+06  -1.9194879640699999E+05
  2.9212482269159998E+06   2.8235158886690000E+06  -1.1830275954699999E+05
  2.9214104501629998E+06   2.7569002291560001E+06  -7.0777508379000006E+04
  2.8368506511349999E+06   2.7492206926940000E+06  -1.8974983235800001E+05
  2.8603770297559998E+06   2.7993600023770002E+06  -2.0293844495800001E+05
  2.8649812767889998E+06   2.8158932403130000E+06  -2.0119436063499999E+05
  2.8641380138249998E+06   2.8146200757559999E+06  -2.0260452186199999E+05
  2.8407239312539999E+06   2.7122956034949999E+06  -1.3947547405100000E+05
  2.8388022517990000E+06   2.7112512352370000E+06  -1.4070097413700001E+05
  2.8516043138600001E+06   2.7843404557190002E+06  -2.0644333249299999E+05
  2.8572551710620001E+06   2.7143063881319999E+06  -1.1996739464499999E+05
  2.8477261392529998E+06   2.6961554678329998E+06  -1.1291492571400000E+05
  2.9061263174790000E+06   2.8061622724919999E+06  -1.2854407070800000E+05
  2.9312849797210000E+06   2.8357525567040001E+06  -1.1274287529800000E+05
  2.9308883613580000E+06   2.8373357305060001E+06  -1.1441339253500001E+05
  2.9007799032200002E+06   2.7386720979180001E+06  -8.1335306165999995E+04
  2.9112400111960000E+06   2.7886359069400001E+06  -1.0616551050200000E+05
  2.9045304984220001E+06   2.8129463325000000E+06  -1.3518942981700000E+05
  2.9029648355390001E+06   2.8122610151610002E+06  -1.3692490498100000E+05
  2.8902997178719998E+06   2.8085336093930001E+06  -1.5391177931200000E+05
  2.8418134036880000E+06   2.6932511725530000E+06  -1.1773278646200000E+05
  2.8427224808230000E+06   2.6953328316910001E+06  -1.1888001780900000E+05
  2.9022492393870000E+06   2.8531943985939999E+06  -1.5120366626500001E+05
  2.9006586288129999E+06   2.8520725813549999E+06  -1.5261283480099999E+05
  2.8766678486890001E+06   2.7329713454720001E+06  -1.0973863869800000E+05
  2.8783076478459998E+06   2.7345840843420001E+06  -1.0888237642400000E+05
  2.9111176474150000E+06   2.8259350364600001E+06  -1.3338399223599999E+05
  2.8913509950999999E+06   2.7850485269149998E+06  -1.3498346767499999E+05
  2.8925519756149999E+06   2.7870395526609998E+06  -1.3469565802400000E+05
  2.8926980086039999E+06   2.7853377766890000E+06  -1.3310174207099999E+05
  2.8939226207829998E+06   2.7873425197879998E+06  -1.3274856770700001E+05
  2.8665857848149999E+06   2.7233577679340001E+06  -1.1514416735000000E+05
  2.8557999345040000E+06   2.6907580233720001E+06  -9.6193934211000000E+04
  2.8567209217389999E+06   2.6927149407210001E+06  -9.7313167039000007E+04
  2.8558630950239999E+06   2.6934783874639999E+06  -9.9497265109999993E+04
  2.8576207812680001E+06   2.6947232637649998E+06  -9.8340072633999996E+04
  2.8583796456889999E+06   2.6940225222600000E+06  -9.6201373651000002E+04
  2.8592428331539999E+06   2.6959446969140000E+06  -9.7181029850999999E+04
  2.8600231425649999E+06   2.6953224474390000E+06  -9.5105241829999999E+04
  2.8608607680330002E+06   2.6972311065730001E+06  -9.6110357881000004E+04
  2.8616681955470000E+06   2.6966383655869998E+06  -9.4026597106999994E+04
  2.8625011707669999E+06   2.6985425775350002E+06  -9.5033849545000005E+04
  2.8633452797989999E+06   2.6979476593070002E+06  -9.2950929300999996E+04
  2.8641628073539999E+06   2.6998569390550000E+06  -9.3925730762000007E+04
  2.8651071789870001E+06   2.6992065312210000E+06  -9.1931767452000000E+04
  2.8835391316960002E+06   2.7522322971810000E+06  -1.1806683557500000E+05
  2.8819711476810002E+06   2.7505946003660001E+06  -1.1888153805400000E+05
  2.8852546445599999E+06   2.7602703667460000E+06  -1.2309012754099999E+05
  2.8867840850370000E+06   2.7619179890379999E+06  -1.2224251596500000E+05
  2.8837272328650001E+06   2.7586225234440002E+06  -1.2393425784500000E+05
  2.8878824382859999E+06   2.7615729404380000E+06  -1.2013705579300001E+05
  2.9122907950550001E+06   2.8353533860479998E+06  -1.3621013806999999E+05
  2.8633176922980002E+06   2.7779137008150001E+06  -1.7679168086399999E+05
  2.8872857722499999E+06   2.8116818159409999E+06  -1.6169617397300000E+05
  2.9079987507739998E+06   2.8562965852140002E+06  -1.4593952013799999E+05
  2.8539326205050000E+06   2.7794233828909998E+06  -1.9619088341700000E+05
  2.8480194469539998E+06   2.7195013719779998E+06  -1.3729965741900000E+05
  2.9165870715140002E+06   2.7955162032849998E+06  -1.0407166647900001E+05
  2.9170991819569999E+06   2.7975863226620001E+06  -1.0503329148299999E+05
  2.9055472774029998E+06   2.7458325708789998E+06  -8.1277674717999995E+04
  2.9049226611710000E+06   2.7470587391690002E+06  -8.3213602792000005E+04
  2.8156032478959998E+06   2.6825769048120002E+06  -1.3105107015499999E+05
  2.8134184638129999E+06   2.6817706103440002E+06  -1.3157326314600001E+05
  2.8347666425819998E+06   2.7455534296110002E+06  -1.8873641686500001E+05
  2.8992545150990002E+06   2.7512426524870000E+06  -9.3733477473999999E+04
  2.8987874676430002E+06   2.7493213228409998E+06  -9.2648230397000007E+04
  2.8097253901530001E+06   2.7219092952290000E+06  -1.9152817181999999E+05
  2.9057727424639999E+06   2.7837920933150002E+06  -1.1072412784200000E+05
  2.9060607596990000E+06   2.7858538598449999E+06  -1.1182353439299999E+05
  2.9469349273299999E+06   2.8495274794390001E+06  -1.0252275337400001E+05
  2.9451830507939998E+06   2.8492452842089999E+06  -1.0433650201200000E+05
  2.9221590781279998E+06   2.7895119363099998E+06  -9.2273487706999993E+04
  2.8305077060659998E+06   2.7487415992850000E+06  -1.9999679651900000E+05
  2.9096477983220001E+06   2.7418485273389998E+06  -7.1892830411000003E+04
  2.9404035894630002E+06   2.8297218175200000E+06  -9.8034006160000004E+04
  2.9107730721550002E+06   2.8004979187429999E+06  -1.1588637412199999E+05
  2.9120581278349999E+06   2.8024727869950002E+06  -1.1564649866000000E+05
  2.9145696661510002E+06   2.7640905314830001E+06  -8.2953336383999995E+04
  2.9402188922310001E+06   2.8070161216810001E+06  -8.3113341600000000E+04
  2.8504972882539998E+06   2.7333209880410000E+06  -1.4955085522999999E+05
  2.8504808244420001E+06   2.7806120022320002E+06  -2.0454521670900000E+05
  2.9148358989769998E+06   2.7674819427729999E+06  -8.5311930823999995E+04
  2.8127138135330002E+06   2.6890222172699999E+06  -1.4147378317000001E+05
  2.8116682923599998E+06   2.6898444347239998E+06  -1.4329157738800001E+05
  2.8095193931950000E+06   2.6889274552739998E+06  -1.4386226938000001E+05
  2.8608350682060001E+06   2.6947150714799999E+06  -9.2995651039000004E+04
  2.9399239453460001E+06   2.7895375682629999E+06  -7.2191001245000007E+04
  2.9440981185539998E+06   2.8358980419439999E+06  -9.8077149753000005E+04
  2.9025281504560001E+06   2.7474845486820000E+06  -8.6484943469000005E+04
  2.8231566843050001E+06   2.7222857635349999E+06  -1.7289656749600000E+05
  2.8077415853039999E+06   2.7000557699650000E+06  -1.5869561091200000E+05
  2.8090477038190002E+06   2.7018465643500001E+06  -1.6009269905800000E+05
  2.8478339979800000E+06   2.7442324358339999E+06  -1.6522515948900001E+05
  2.8105215520199998E+06   2.6906535505860001E+06  -1.4510763315400001E+05
  2.8125972265160000E+06   2.6915068344609998E+06  -1.4451385264200001E+05
  2.9485289775490002E+06   2.8228074418159998E+06  -8.5288255099999995E+04
  2.9467947732110000E+06   2.8220985022419998E+06  -8.6645749611000007E+04
  2.8520363070080001E+06   2.6805841254960001E+06  -8.8255952017000003E+04
  2.8501188272569999E+06   2.6794500805509998E+06  -8.9210095820999995E+04
  2.9514502687130002E+06   2.8356503618460000E+06  -9.0051614088000002E+04
  2.8851355406169998E+06   2.8160159378669998E+06  -1.6578340651999999E+05
  2.8428069956709999E+06   2.7683026416730001E+06  -2.0483095613499999E+05
  2.9153121226740000E+06   2.7628048674189998E+06  -8.1076855255000002E+04
  2.8259377577530001E+06   2.7369122647429998E+06  -1.9074307760100000E+05
  2.8472711947130002E+06   2.6764539288619999E+06  -8.9041202923999997E+04
  2.8477990389069999E+06   2.7623909417619999E+06  -1.8695396915100000E+05
  2.8463207076590001E+06   2.7607816251249998E+06  -1.8766344881100001E+05
  2.9094967915269998E+06   2.7985110600569998E+06  -1.1610556831800001E+05
  2.9081194471020000E+06   2.7981526179800001E+06  -1.1804331648400000E+05
  2.8803212610089998E+06   2.8674732427420001E+06  -1.7846384185100000E+05
  2.8794187689379998E+06   2.8689857079610000E+06  -1.7968960216600000E+05
  2.9243112887260001E+06   2.8455571834350000E+06  -1.2695323642299999E+05
  2.9250958420620002E+06   2.8441438615440000E+06  -1.2520677237000001E+05
  2.9463436799650001E+06   2.8509384887569998E+06  -1.0376780027199999E+05
  2.8204898690050002E+06   2.7111873540619998E+06  -1.6103880457000001E+05
  2.8212059232839998E+06   2.7101611416119998E+06  -1.5900343300900000E+05
  2.8503151191550000E+06   2.7167667308640000E+06  -1.3113201559800000E+05
  2.8528199815219999E+06   2.7333556634660000E+06  -1.4620611900100001E+05
  2.9088230552780000E+06   2.8278689549779999E+06  -1.3744772354000001E+05
  2.9144156798890000E+06   2.7722994013339998E+06  -8.9704654636000007E+04
  2.9383817080350001E+06   2.8028125980000002E+06  -8.2366483391999995E+04
  2.9377077365620001E+06   2.8042408759710002E+06  -8.4102263112000001E+04
  2.9242447867950001E+06   2.8419071758019999E+06  -1.2508862142800000E+05
  2.8624603652189998E+06   2.8098329642960001E+06  -2.0473048223699999E+05
  2.8866303297440000E+06   2.8008045276629999E+06  -1.5539481104500001E+05
  2.8850824476770000E+06   2.7991026730940002E+06  -1.5669135342599999E+05
  2.9231353678930001E+06   2.7916509071640000E+06  -9.2373270151000004E+04
  2.8164147997110002E+06   2.7261458466420001E+06  -1.8838337027200000E+05
  2.8160002276619999E+06   2.7270843995050001E+06  -1.9055980421900001E+05
  2.8583646963450001E+06   2.7513199671510002E+06  -1.5734758562900001E+05
  2.8598568725609998E+06   2.7535011692750002E+06  -1.5752809536300000E+05
  2.8593500481320000E+06   2.7545615914409999E+06  -1.5994137864300000E+05
  2.8572015059190001E+06   2.7494219294220000E+06  -1.5693416669400001E+05
  2.8609725793329999E+06   2.7556989907209999E+06  -1.5844494810499999E+05
  2.8604048775010002E+06   2.7565724767870000E+06  -1.6061035391599999E+05
  2.8927852879960001E+06   2.8486772919470002E+06  -1.6063485299499999E+05
  2.8940261595080001E+06   2.8475922627790002E+06  -1.5909141008999999E+05
  2.8237819213240002E+06   2.7016927531150002E+06  -1.4686367144400001E+05
  2.8917295665710000E+06   2.7453242434879998E+06  -9.9150658412999997E+04
  2.8902097530410001E+06   2.7436939195309998E+06  -1.0001393555100000E+05
  2.8891258385180002E+06   2.7440671634829999E+06  -1.0205859433000001E+05
  2.8886973935779999E+06   2.7420601288160002E+06  -1.0086231432000000E+05
  2.8897702060270002E+06   2.7416846260540001E+06  -9.8832939973000000E+04
  2.8882663427470000E+06   2.7400515494090002E+06  -9.9668678014000005E+04
  2.8893276997610000E+06   2.7396751164950002E+06  -9.7656377565000003E+04
  2.8878367682440002E+06   2.7380383254120001E+06  -9.8472408716999998E+04
  2.8889714656170001E+06   2.7376092041429998E+06  -9.6552694539000004E+04
  2.8874391886950000E+06   2.7360043765079998E+06  -9.7287032999999996E+04
  2.8885566841279999E+06   2.7355968605010002E+06  -9.5383793787999995E+04
  2.8870591376860002E+06   2.7339487548079998E+06  -9.6057962708000006E+04
  2.8882077879140000E+06   2.7336021159810000E+06  -9.4140208572999996E+04
  2.8969077315320000E+06   2.7382767693429999E+06  -8.6256994378000003E+04
  2.8975208429069999E+06   2.7369792825779999E+06  -8.4317550096999999E+04
  2.9298285027239998E+06   2.8721899856079998E+06  -1.2790949637399999E+05
  2.9280538978559999E+06   2.8714941258490002E+06  -1.2937058642599999E+05
  2.9268590153049999E+06   2.8730881000970001E+06  -1.3069276696199999E+05
  2.9262829120820002E+06   2.8707974131260002E+06  -1.3082832397899999E+05
  2.9250901813300001E+06   2.8723957000879999E+06  -1.3214930201600000E+05
  2.9245117333209999E+06   2.8701021537460000E+06  -1.3228647128900001E+05
  2.9233183138270001E+06   2.8717055327090002E+06  -1.3360889614100000E+05
  2.9274952028850000E+06   2.8691996259189998E+06  -1.2949006511300000E+05
  2.8907107891119998E+06   2.7521482717140000E+06  -1.0682976516700001E+05
  2.8041714122910001E+06   2.7084535696009998E+06  -1.7649594129100000E+05
  2.8043560337800002E+06   2.7006820991810001E+06  -1.6345143614400001E+05
  2.8062176090159998E+06   2.7014399284709999E+06  -1.6245386620700001E+05
  2.8968572597190002E+06   2.8194488762280000E+06  -1.4885207518200000E+05
  2.8952352214330002E+06   2.8182163965010000E+06  -1.5053638802400001E+05
  2.8941288921010001E+06   2.8192374828110002E+06  -1.5265244900100000E+05
  2.9092017980780001E+06   2.8143562188419998E+06  -1.2943141359400000E+05
  2.9380763553149998E+06   2.7992469799230001E+06  -8.0162945235000007E+04
  2.8689121213839999E+06   2.8543230787889999E+06  -1.9186273233299999E+05
  2.8702660620610001E+06   2.8535382964300001E+06  -1.9021938440000001E+05
  2.8197862356389998E+06   2.7122097205469999E+06  -1.6305624418400001E+05
  2.9227361438620002E+06   2.8694129660080001E+06  -1.3374953000299999E+05
  2.8194267537980000E+06   2.7330330772219999E+06  -1.9521510459100001E+05
  2.9217450026529999E+06   2.8096606642300002E+06  -1.0818144556599999E+05
  2.8583789261409999E+06   2.7206291144170002E+06  -1.2421680265899999E+05
  2.8550336853350000E+06   2.7373493811420002E+06  -1.4743567624599999E+05
  2.8224808032829999E+06   2.7350369766170001E+06  -1.9345649149099999E+05
  2.8805685052590002E+06   2.7804959127179999E+06  -1.4860192827100001E+05
  2.8271587434680001E+06   2.7229822253950001E+06  -1.6851030915600000E+05
  2.9334870548190000E+06   2.8575801355610001E+06  -1.2112507100000000E+05
  2.9018952872620001E+06   2.8674290693080002E+06  -1.5366505688799999E+05
  2.8659223567459998E+06   2.7011103169620000E+06  -9.2892057262999995E+04
  2.8669122332489998E+06   2.7004306346809999E+06  -9.0939232455999998E+04
  2.8677564146890002E+06   2.7022974196130000E+06  -9.1913905855999998E+04
  2.8687486635019998E+06   2.7016298805240002E+06  -8.9971263175000000E+04
  2.8705744446350001E+06   2.7647166138499998E+06  -1.4999605280100001E+05
  2.8720862798810001E+06   2.7665543149560001E+06  -1.4930889777800001E+05
  2.8691071205000002E+06   2.7628739934049998E+06  -1.5057581449100000E+05
  2.8640394176960001E+06   2.8252824367860002E+06  -2.0274352802999999E+05
  2.9406811837459998E+06   2.8462466341459998E+06  -1.0784312211700001E+05
  2.9421610310940002E+06   2.8485842976710000E+06  -1.0739563994700000E+05
  2.8394406511459998E+06   2.7171281419090000E+06  -1.4652863141700000E+05
  2.8242614473440000E+06   2.7203844394350001E+06  -1.6888136533400000E+05
  2.9188188989519998E+06   2.8371160056799999E+06  -1.2926476116600000E+05
  2.9196705628100000E+06   2.8357602844600002E+06  -1.2759005567700000E+05
  2.8944168685030001E+06   2.8272726979640000E+06  -1.5540411465900001E+05
  2.8953776018710001E+06   2.8262076732529998E+06  -1.5355308106299999E+05
  2.8740632533749999E+06   2.7979884994620001E+06  -1.7434813195700001E+05
  2.8733857354080002E+06   2.7988513160730000E+06  -1.7638065093500001E+05
  2.8973678958890000E+06   2.8060354309959998E+06  -1.4127613893099999E+05
  2.8962268839010000E+06   2.8040215236709998E+06  -1.4169238441800000E+05
  2.8561516324270000E+06   2.7104473527779998E+06  -1.1714465176700000E+05
  2.8982546628439999E+06   2.7436712401760002E+06  -8.8708962971999994E+04
  2.8991779241660000E+06   2.7458033898430001E+06  -8.9205773820000002E+04
  2.9335692263270002E+06   2.8398817874250002E+06  -1.1271625202900000E+05
  2.9345480471029999E+06   2.8422366770890001E+06  -1.1278743682400000E+05
  2.8612652318020002E+06   2.8061088114640000E+06  -2.0533954209700000E+05
  2.8932980532080000E+06   2.8130996367190001E+06  -1.5119596768100001E+05
  2.9150239888149998E+06   2.8281087761320001E+06  -1.2944134046199999E+05
  2.9136519416089999E+06   2.8268720679850001E+06  -1.3056854426900001E+05
  2.8408420593280001E+06   2.6914622174820001E+06  -1.1659310939400000E+05
  2.8417757486500000E+06   2.6907789336430002E+06  -1.1454695144200001E+05
  2.8705214855390000E+06   2.8513614534250000E+06  -1.8991264731000000E+05
  2.8716964771730001E+06   2.8528211067180000E+06  -1.8852805900499999E+05
  2.8713488441559998E+06   2.8549202516480000E+06  -1.8894353906899999E+05
  2.8728409613370001E+06   2.8543654139830000E+06  -1.8717970270800000E+05
  2.9060865314659998E+06   2.8133233737440002E+06  -1.3321662369600000E+05
  2.8559483520459998E+06   2.7394446111450000E+06  -1.4841118232800000E+05
  2.8860083357230001E+06   2.7047859603439998E+06  -7.2477002160999997E+04
  2.8313185573970000E+06   2.6993221951150000E+06  -1.3685410813899999E+05
  2.8788245642039999E+06   2.6997160147420000E+06  -7.6337061304999996E+04
  2.8435711199159999E+06   2.7574869818799999E+06  -1.8854600878800001E+05
  2.9223671253920002E+06   2.7845589565110002E+06  -8.8816010131999996E+04
  2.9240025046310001E+06   2.7854329732010001E+06  -8.7197729131999993E+04
  2.9315208171629999E+06   2.8606782302730000E+06  -1.2407066909800000E+05
  2.8545791094720000E+06   2.7630657468639999E+06  -1.7568954486600001E+05
  2.8550924613620001E+06   2.7621105984680001E+06  -1.7369663670300000E+05
  2.8535757560769999E+06   2.7610218685289999E+06  -1.7501681412500000E+05
  2.8540629993449999E+06   2.7600602814759999E+06  -1.7306100171499999E+05
  2.8525719683389999E+06   2.7589938005530001E+06  -1.7436329279000001E+05
  2.8530259590380001E+06   2.7580200409300001E+06  -1.7245008679800000E+05
  2.8566330658069998E+06   2.7632017747180001E+06  -1.7233847599300000E+05
  2.9419624394140001E+06   2.8079726503889998E+06  -8.1775691653999995E+04
  2.8879654630249999E+06   2.7910336269860002E+06  -1.4526337325700000E+05
  2.8321802616429999E+06   2.6911020232449998E+06  -1.2699768447199999E+05
  2.8544167882869998E+06   2.7343669275010000E+06  -1.4500795577599999E+05
  2.8624142747660000E+06   2.7922988616709998E+06  -1.9258914095299999E+05
  2.8241321349620000E+06   2.7262785575939999E+06  -1.7713067460400000E+05
  2.8253188470780002E+06   2.7280426643130002E+06  -1.7820730565699999E+05
  2.8288480549450000E+06   2.7261782819099999E+06  -1.7050446723099999E+05
  2.9146407176509998E+06   2.8260996608770001E+06  -1.2883015867200001E+05
  2.8839434568349998E+06   2.8700231457839999E+06  -1.7427438748800001E+05
  2.9184082118279999E+06   2.8445543652189998E+06  -1.3301293632199999E+05
  2.9175677110910001E+06   2.8459703364430000E+06  -1.3448737002199999E+05
  2.9179554926250000E+06   2.8483536708269999E+06  -1.3458435071900001E+05
  2.8793580716940002E+06   2.8109053972510002E+06  -1.7143289998799999E+05
  2.8804061454719999E+06   2.8098945522179999E+06  -1.6955850666799999E+05
  2.8628617306789998E+06   2.8415154341330002E+06  -2.0287521476000000E+05
  2.8227212791459998E+06   2.7245449205780001E+06  -1.7654994048900000E+05
  2.8986038612540001E+06   2.8082413654499999E+06  -1.4081060076800000E+05
  2.8720618009469998E+06   2.7975351066850000E+06  -1.7787154323400001E+05
  2.8550165240949998E+06   2.7660509920640001E+06  -1.7842895077900001E+05
  2.8862215295910002E+06   2.8172605633689999E+06  -1.6451936390200001E+05
  2.8936891041069999E+06   2.8304261821470000E+06  -1.5739121640300000E+05
  2.8939940467830002E+06   2.8325520899959998E+06  -1.5754412648800001E+05
  2.8695914768900000E+06   2.7034921668710001E+06  -9.0929207104000001E+04
  2.8705797062760000E+06   2.7028303172680000E+06  -8.9011215427000003E+04
  2.8714162416160000E+06   2.7046850698540001E+06  -8.9955097725000000E+04
  2.8724035107939998E+06   2.7040323720880002E+06  -8.8052175868999999E+04
  2.8419399386120001E+06   2.7046299159789998E+06  -1.2941557179200000E+05
  2.8609305522309998E+06   2.7788301189790000E+06  -1.8211416481700001E+05
  2.8245982773890002E+06   2.7350161026450000E+06  -1.8988754325399999E+05
  2.8409556616099998E+06   2.7055474647410000E+06  -1.3165893383699999E+05
  2.8286222698440002E+06   2.7020193125620000E+06  -1.4296866224000001E+05
  2.8381605054190001E+06   2.7512962733820002E+06  -1.9009684913600000E+05
  2.9041786960359998E+06   2.8557266436839998E+06  -1.4968447945300001E+05
  2.8678943962559998E+06   2.7274200131000001E+06  -1.1733348065899999E+05
  2.8694794839619999E+06   2.7290023334240001E+06  -1.1653947736800001E+05
  2.8471983038989999E+06   2.7452709851050000E+06  -1.6727639461700001E+05
  2.7986793573449999E+06   2.6993191764949998E+06  -1.6826882225900001E+05
  2.8734166937830001E+06   2.8409458724960000E+06  -1.8598084448400000E+05
  2.8744172215689998E+06   2.8396174322799998E+06  -1.8451769400600001E+05
  2.8647260084360000E+06   2.8422435441970001E+06  -1.9985517066500001E+05
  2.8657602618129998E+06   2.8435770458160001E+06  -1.9810067886399999E+05
  2.8681786168970000E+06   2.8318106345859999E+06  -1.9476364163900001E+05
  2.8690736522590001E+06   2.8328758899170002E+06  -1.9322146007000000E+05
  2.9170669606169998E+06   2.7749100680889999E+06  -8.8425647786999994E+04
  2.8802543697960000E+06   2.7205669008849999E+06  -9.3795498869999996E+04
  2.9465518519449998E+06   2.8183550088570002E+06  -8.4526556612999993E+04
  2.8145880630299998E+06   2.6983648607560000E+06  -1.5114527379700000E+05
  2.8961159299630001E+06   2.8171546263910001E+06  -1.4882066730299999E+05
  2.9282058847389999E+06   2.7860243954679999E+06  -8.2890035382999995E+04
  2.9272451230629999E+06   2.7873193315610001E+06  -8.4638905180999995E+04
  2.8225497333860002E+06   2.7312941577389999E+06  -1.8737537399200001E+05
  2.9006361661299998E+06   2.7272309916090001E+06  -7.2522764639000001E+04
  2.8294031689329999E+06   2.7010611212680000E+06  -1.4108226105800000E+05
  2.9128870781669999E+06   2.7901762287699999E+06  -1.0495614352800000E+05
  2.7989741648280001E+06   2.7029883945579999E+06  -1.7461394043700001E+05
  2.8807157103320002E+06   2.7772495784350000E+06  -1.4524898606200001E+05
  2.8793591829499998E+06   2.7768175006700000E+06  -1.4717398384199999E+05
  2.8512001651880001E+06   2.7695856861149999E+06  -1.8981506902699999E+05
  2.8888629162960001E+06   2.8475178069560002E+06  -1.6539264245900000E+05
  2.8866482181099998E+06   2.7160496716189999E+06  -8.1013674115000002E+04
  2.8882509283349998E+06   2.7173483324839999E+06  -7.9946477614000003E+04
  2.8732236223680000E+06   2.7058666786139999E+06  -8.8990342791000003E+04
  2.8742163161599999E+06   2.7052390245500002E+06  -8.7107310779000007E+04
  2.8750024660629998E+06   2.7070401879880000E+06  -8.8052010406000001E+04
  2.8760353830680000E+06   2.7064711791630001E+06  -8.6181794766000006E+04
  2.8767655319610001E+06   2.7084027157379999E+06  -8.7121820422000004E+04
  2.8777440865179999E+06   2.7078080093890000E+06  -8.5147184305999996E+04
  2.9004423054780001E+06   2.8499785997839998E+06  -1.5247475472999999E+05
  2.8991654212949998E+06   2.8506347682380001E+06  -1.5387037556600000E+05
  2.7952975079669999E+06   2.6921384183350001E+06  -1.5803959261100000E+05
  2.8941724095540000E+06   2.8498813242660002E+06  -1.5909912192800001E+05
  2.8953600858490001E+06   2.8489077268980001E+06  -1.5753758267900001E+05
  2.8596810409110002E+06   2.8002318470290001E+06  -2.0500835486900000E+05
  2.8840723861810002E+06   2.8580015462059998E+06  -1.7254126739600001E+05
  2.8674222431250000E+06   2.7592282615609998E+06  -1.4953989949400001E+05
  2.8672590576909999E+06   2.7574879023059998E+06  -1.4789660028399999E+05
  2.8658296168869999E+06   2.7555275307550002E+06  -1.4834465466299999E+05
  2.8672314296430000E+06   2.7556758931999998E+06  -1.4593071277600000E+05
  2.8655130100540002E+06   2.7536093611809998E+06  -1.4671135201300000E+05
  2.8685502115690000E+06   2.7578663768679998E+06  -1.4600402210700000E+05
  2.8625822505259998E+06   2.7628886588880001E+06  -1.6311644703300000E+05
  2.8622427459020000E+06   2.7607519353310000E+06  -1.6164370500200000E+05
  2.8628951879929998E+06   2.7648037719140002E+06  -1.6442072302599999E+05
  2.8926132381589999E+06   2.8107913263460002E+06  -1.5094982933499999E+05
  2.8577044796030000E+06   2.7162143491090001E+06  -1.2123773464100000E+05
  2.8784637565620001E+06   2.7097541547099999E+06  -8.6004747386000003E+04
  2.8794245264309999E+06   2.7091583627189999E+06  -8.4091656105000002E+04
  2.8801022928570001E+06   2.7110743990179999E+06  -8.4962134749000004E+04
  2.8811372116930000E+06   2.7104968627360002E+06  -8.3097184787999999E+04
  2.8818033538859999E+06   2.7124708387960000E+06  -8.4035523547000004E+04
  2.8828146171260001E+06   2.7117441143729999E+06  -8.2065140723000004E+04
  2.8804468246450000E+06   2.7084838685989999E+06  -8.2154624488000001E+04
  2.8834756790979998E+06   2.7136537311580000E+06  -8.2951368719999999E+04
  2.8652845756620001E+06   2.7679769598780000E+06  -1.6317957003000000E+05
  2.8901582914390001E+06   2.7830677248040000E+06  -1.3525840192700000E+05
  2.8887479051270001E+06   2.7826409995680000E+06  -1.3708946652399999E+05
  2.8889645687690000E+06   2.7808237879740000E+06  -1.3532803745300000E+05
  2.8674803031899999E+06   2.8028219051160002E+06  -1.9006463267100000E+05
  2.8670023281870000E+06   2.8005841231539999E+06  -1.8970260515399999E+05
  2.8677419303609999E+06   2.7995748695609998E+06  -1.8754048411100000E+05
  2.8665908543750001E+06   2.7981927813320002E+06  -1.8910793311200000E+05
  2.8527669603060000E+06   2.7820502611759999E+06  -2.0172917544100000E+05
  2.8649828118980001E+06   2.8135985812789998E+06  -2.0082241873000000E+05
  2.8527360015989998E+06   2.7264897530660001E+06  -1.3832415082300000E+05
  2.8823444474559999E+06   2.8440701915139998E+06  -1.7335702697800001E+05
  2.8810130332849999E+06   2.8430512977240002E+06  -1.7496472350600001E+05
  2.8809551858999999E+06   2.8407220853909999E+06  -1.7506113135600000E+05
  2.8796674521280001E+06   2.8421379556600000E+06  -1.7667533805399999E+05
  2.8797677576430002E+06   2.8444649635200002E+06  -1.7644090081900000E+05
  2.8830549386910000E+06   2.8718930989460000E+06  -1.7549236369100001E+05
  2.9213068192969998E+06   2.8367601713450002E+06  -1.2605516688000000E+05
  2.8059357255600002E+06   2.7022769993699999E+06  -1.6438748689000000E+05
  2.8078398744640001E+06   2.7030520231920001E+06  -1.6336684663300001E+05
  2.9207829036619999E+06   2.7839340057730000E+06  -9.0533106343000007E+04
  2.9203136069729999E+06   2.7854515194810000E+06  -9.2149494623999999E+04
  2.8515688029319998E+06   2.7569860628320002E+06  -1.7373245457199999E+05
  2.8519550424350002E+06   2.7559958771250001E+06  -1.7192494245700000E+05
  2.8504648671619999E+06   2.7550790275030001E+06  -1.7339638634900001E+05
  2.8535649904820002E+06   2.7569882145050000E+06  -1.7057503801500000E+05
  2.8170069534009998E+06   2.6797203019209998E+06  -1.2608528280800000E+05
  2.8234686925599999E+06   2.6751486331270002E+06  -1.1638866823700001E+05
  2.7958949282269999E+06   2.7056892876800001E+06  -1.8195190574900000E+05
  2.8382161893380000E+06   2.7347345201849998E+06  -1.6869005860200000E+05
  2.8376012455710000E+06   2.7355076814390002E+06  -1.7071253772699999E+05
  2.7999121486820001E+06   2.6920199397669998E+06  -1.5407369133199999E+05
  2.7987166530129998E+06   2.6926533513250002E+06  -1.5573669646100001E+05
  2.8006420897400002E+06   2.6935959078290001E+06  -1.5549758654100000E+05
  2.8521428032330000E+06   2.7412751822890001E+06  -1.5587280778300000E+05
  2.8150808635010002E+06   2.6761019399950001E+06  -1.2269406828399999E+05
  2.8836787998770000E+06   2.8456030630950001E+06  -1.7173983496000001E+05
  2.8910635818220000E+06   2.8726217746460000E+06  -1.6643117040800001E+05
  2.8067916140839998E+06   2.6986816759480000E+06  -1.5758333415400001E+05
  2.8561908616630002E+06   2.7424005897920001E+06  -1.5116262200100001E+05
  2.8571955319440002E+06   2.7446386655489998E+06  -1.5162950230500000E+05
  2.8564435982519998E+06   2.7456278855639999E+06  -1.5375965209100000E+05
  2.8385742412780002E+06   2.7082932880790001E+06  -1.3767463901300001E+05
  2.8955952455210001E+06   2.7280122302319999E+06  -7.8979812220000007E+04
  2.8589845945759998E+06   2.7929112954640002E+06  -2.0057002914999999E+05
  2.8597164685100000E+06   2.7922874920060001E+06  -1.9848349269899999E+05
  2.9365169191580000E+06   2.8548512465320001E+06  -1.1642590165299999E+05
  2.9349264039889998E+06   2.8543761810050001E+06  -1.1813122262000000E+05
  2.8807947237120001E+06   2.7225582294040001E+06  -9.4891900274000000E+04
  2.8818769132739999E+06   2.7220876282600001E+06  -9.2907610367000001E+04
  2.8835894700290002E+06   2.7236676748569999E+06  -9.1895939027000000E+04
  2.8333923817509999E+06   2.7311363918340001E+06  -1.7075111262800000E+05
  2.8681983631139998E+06   2.7293528930529999E+06  -1.1869497474999999E+05
  2.8330797543720002E+06   2.6816823321130001E+06  -1.1410143970700000E+05
  2.8082836955619999E+06   2.6898115907190000E+06  -1.4572422195199999E+05
  2.8243633379130000E+06   2.7302227955120001E+06  -1.8303775580099999E+05
  2.8072573465950000E+06   2.6880213332509999E+06  -1.4442342426500001E+05
  2.8680278955230000E+06   2.8049757865189998E+06  -1.9035144732700000E+05
  2.8521005205339999E+06   2.7599275519699999E+06  -1.7626711377100000E+05
  2.8246405988380001E+06   2.6771728051900002E+06  -1.1795151290500000E+05
  2.8790605993470000E+06   2.8270694953210000E+06  -1.7686018046900001E+05
  2.8785243548349999E+06   2.7234589140530000E+06  -9.8947666379999995E+04
  2.8773580453280001E+06   2.7239380256860000E+06  -1.0098585683800001E+05
  2.8048907296310002E+06   2.6872459704049998E+06  -1.4484382299799999E+05
  2.8037941876280000E+06   2.6858664439900001E+06  -1.4321382447200001E+05
  2.9066164028630001E+06   2.8571994421279998E+06  -1.4749176789900000E+05
  2.9244586799460002E+06   2.8300079506799998E+06  -1.1802056957100000E+05
  2.8237260755619998E+06   2.7270836710830000E+06  -1.7900881430200001E+05
  2.8486428076249999E+06   2.7094569935760000E+06  -1.2646159897599999E+05
  2.8939815493500000E+06   2.7272929599939999E+06  -8.0593926389999993E+04
  2.8936696468719998E+06   2.7285550092139998E+06  -8.2156957917000007E+04
  2.8955229913360002E+06   2.8515916981719998E+06  -1.5770184205700000E+05
  2.8794750164569998E+06   2.7750537149290000E+06  -1.4513369497300001E+05
  2.8779974938770002E+06   2.7747821707150000E+06  -1.4750505783300000E+05
  2.9054352236930002E+06   2.8709396580320001E+06  -1.5069501112899999E+05
  2.9046312358940002E+06   2.8687847950419998E+06  -1.5116327496800001E+05
  2.8321044515379998E+06   2.6980695503670000E+06  -1.3457675802700000E+05
  2.9008875789950001E+06   2.8719211469649998E+06  -1.5536377018600001E+05
  2.9000400763909998E+06   2.8737537501739999E+06  -1.5667291928999999E+05
  2.8426971027870001E+06   2.7036332380969999E+06  -1.2736171250800000E+05
  2.9476734257020000E+06   2.8172321865699999E+06  -8.2567926093000002E+04
  2.8133314248569999E+06   2.6843330069860001E+06  -1.3526072986600001E+05
  2.9139461971689998E+06   2.7875146119490000E+06  -1.0182609239500000E+05
  2.8586888562139999E+06   2.7745665926279998E+06  -1.8145552229200001E+05
  2.8948738335350002E+06   2.8160992198970001E+06  -1.5017941031199999E+05
  2.8742600279649999E+06   2.8374458234600001E+06  -1.8475264438499999E+05
  2.8753889331669998E+06   2.8383851996519999E+06  -1.8309656018900001E+05
  2.8755666830389998E+06   2.8404522291680002E+06  -1.8283171350099999E+05
  2.8610807694170000E+06   2.7910182398509998E+06  -1.9419552303899999E+05
  2.8942992522660000E+06   2.8740814300279999E+06  -1.6299148138799999E+05
  2.8950582555559999E+06   2.8762864640319999E+06  -1.6259173999800000E+05
  2.8935216915580002E+06   2.8719484189410000E+06  -1.6338800445499999E+05
  2.8365501830679998E+06   2.7141311626610002E+06  -1.4686575890200000E+05
  2.8825319466030002E+06   2.7145433208590001E+06  -8.4982914764000001E+04
  2.8277774054919998E+06   2.7031428236320000E+06  -1.4496106604800001E+05
  2.9090444851500001E+06   2.8763842383360001E+06  -1.4801860427099999E+05
  2.8586455456110002E+06   2.6967639788629999E+06  -9.9200346023999999E+04
  2.8951636746359998E+06   2.7325904227669998E+06  -8.3679476852000007E+04
  2.8621581886720001E+06   2.6881362436179998E+06  -8.4284482709000004E+04
  2.8604737004180001E+06   2.6867469410890001E+06  -8.5091434871999998E+04
  2.8309985917050000E+06   2.6893856368660000E+06  -1.2606542613300000E+05
  2.9300555527349999E+06   2.7832276928309998E+06  -7.9334922686999998E+04
  2.8778611858740002E+06   2.8283563130569998E+06  -1.7894094843399999E+05
  2.8801662824749998E+06   2.8259501994810002E+06  -1.7494889767700000E+05
  2.9083761114540002E+06   2.8254940563469999E+06  -1.3674141433599999E+05
  2.9120109121170002E+06   2.8567222141479999E+06  -1.4207412273000000E+05
  2.9137296352519998E+06   2.8573921507720002E+06  -1.4051129681900001E+05
  2.9131150803600000E+06   2.8550952951250002E+06  -1.4068728251300001E+05
  2.9149041332589998E+06   2.8558112225170000E+06  -1.3906396296100001E+05
  2.9154739343280001E+06   2.8580916999349999E+06  -1.3892887009300000E+05
  2.8136251051699999E+06   2.6881719748610002E+06  -1.3972709720900000E+05
  2.8423234502110002E+06   2.7340071769280001E+06  -1.6191871655799999E+05
  2.8952170078070001E+06   2.8336900666840002E+06  -1.5624877988900000E+05
  2.9202820382170002E+06   2.8143291684790002E+06  -1.1364598858000000E+05
  2.8919615060959999E+06   2.7105845749900001E+06  -7.0621041068999999E+04
  2.8914810883660000E+06   2.7971580207980000E+06  -1.4458001258000001E+05
  2.8904015551430001E+06   2.7950995690580001E+06  -1.4479091651600000E+05
  2.8924460042280001E+06   2.7995271575770001E+06  -1.4473707421699999E+05
  2.8279369517080002E+06   2.7453594674979998E+06  -1.9985325759200001E+05
  2.8262834919659998E+06   2.7440160816270001E+06  -2.0093025333000001E+05
  2.8767050451000002E+06   2.8672319956899998E+06  -1.8292393749600000E+05
  2.8967221485239998E+06   2.8501616037300001E+06  -1.5622071559300000E+05
  2.9068088105980000E+06   2.8169901590749999E+06  -1.3428163995600000E+05
  2.9258451841030000E+06   2.8427310122839999E+06  -1.2350507821900000E+05
  2.9267102975920001E+06   2.8450339185219998E+06  -1.2364695743500000E+05
  2.9283362016329998E+06   2.8461528627229999E+06  -1.2228765308700000E+05
  2.8607894016379998E+06   2.7195895455100001E+06  -1.1989806841800000E+05
  2.8634554365650001E+06   2.8113250783790001E+06  -2.0319017794900000E+05
  2.8474487184950002E+06   2.7605393166450001E+06  -1.8529366861600001E+05
  2.9120982303360002E+06   2.7837900991199999E+06  -1.0159512823700000E+05
  2.9047584755030000E+06   2.8462550474029998E+06  -1.4749293398599999E+05
  2.8415493593489998E+06   2.7210294588759998E+06  -1.4825478138599999E+05
  2.8672736190360002E+06   2.8308114647720000E+06  -1.9630853957399999E+05
  2.8775601608750001E+06   2.7105851414129999E+06  -8.8101241590999998E+04
  2.8136394870300000E+06   2.6944808592670001E+06  -1.4719999833100001E+05
  2.9017887145860000E+06   2.7603245342689999E+06  -9.7341491750000001E+04
  2.8627223042609999E+06   2.8347056026380002E+06  -2.0386746090999999E+05
  2.8376694563210001E+06   2.7065613032410000E+06  -1.3683718344699999E+05
  2.8376471721399999E+06   2.7091909584880001E+06  -1.3982378651000001E+05
  2.8616857228850001E+06   2.6992837983450000E+06  -9.7317246557999999E+04
  2.8061887256080001E+06   2.7091367596610002E+06  -1.7505682170700000E+05
  2.8077320741340001E+06   2.7110873807549998E+06  -1.7608868759799999E+05
  2.8083070271100001E+06   2.7102319213330001E+06  -1.7415094880000001E+05
  2.8096846621710001E+06   2.7118768026649999E+06  -1.7493068359999999E+05
  2.8842246598370001E+06   2.8002600533779999E+06  -1.5886788554100000E+05
  2.8093875036709998E+06   2.6917462315500001E+06  -1.4713364830500001E+05
  2.8666898227579999E+06   2.7534025870960001E+06  -1.4450171435600001E+05
  2.8651827060170001E+06   2.7515923349390002E+06  -1.4522731621700001E+05
  2.8285018380749999E+06   2.6817806690509999E+06  -1.1882078040300000E+05
  2.8268381677520000E+06   2.6811308454069998E+06  -1.1975236376900000E+05
  2.9001397864399999E+06   2.7593626323549999E+06  -9.8701918990000006E+04
  2.9027405315890000E+06   2.7625675101500000E+06  -9.7644070166000005E+04
  2.9355096884430000E+06   2.8525934392730002E+06  -1.1672399520999999E+05
  2.9339820826630001E+06   2.8523156494910000E+06  -1.1842824813800000E+05
  2.9381896989219999E+06   2.8555446805039998E+06  -1.1469843393100001E+05
  2.9398424656059998E+06   2.8563250833720001E+06  -1.1302971300500000E+05
  2.9406630933019998E+06   2.8586241019310001E+06  -1.1296524362900000E+05
  2.9423032429100000E+06   2.8594071442769999E+06  -1.1131269797199999E+05
  2.8547288224109998E+06   2.7789839415159998E+06  -1.9405951856500001E+05
  2.8541762879070002E+06   2.7770408047949998E+06  -1.9282284757700001E+05
  2.9185353356650001E+06   2.7990026065210002E+06  -1.0415535589900000E+05
  2.9176109355739998E+06   2.7995806143860002E+06  -1.0593366375000001E+05
  2.8347580455390001E+06   2.7497079971400001E+06  -1.9400257938000001E+05
  2.8339731992050000E+06   2.7502439622909999E+06  -1.9604403146000000E+05
  2.8658335981500000E+06   2.7992573780310000E+06  -1.9134068844100001E+05
  2.8165627295420002E+06   2.7306739313960001E+06  -1.9579729199200001E+05
  2.9037980043489998E+06   2.8174233569370001E+06  -1.3854876460800000E+05
  2.9127887512389999E+06   2.8096189943080000E+06  -1.2034453703500000E+05
  2.9126975949710002E+06   2.8117756883189999E+06  -1.2201814521700000E+05
  2.8875691436689999E+06   2.7291610886730002E+06  -9.1204148556999993E+04
  2.9335704026770000E+06   2.8224296023869999E+06  -1.0127636470100000E+05
  2.9329878112880001E+06   2.8240748854189999E+06  -1.0287102281600000E+05
  2.8731729056549999E+06   2.8520769788970002E+06  -1.8678231840300001E+05
  2.8742797629680000E+06   2.8536932908109999E+06  -1.8533082347300000E+05
  2.8964131381910001E+06   2.7266483872449999E+06  -7.7070094408000004E+04
  2.8363588640100001E+06   2.6793537087209998E+06  -1.0815041851400000E+05
  2.8352651100099999E+06   2.6801460236689998E+06  -1.1015195348200000E+05
  2.8278170414010002E+06   2.7318615552550000E+06  -1.8012924855200000E+05
  2.8291756439410001E+06   2.7337781150659998E+06  -1.8083533871300000E+05
  2.9206191526299999E+06   2.8342238948869999E+06  -1.2555440828700000E+05
  2.8867340546189998E+06   2.7318764261940001E+06  -9.4736042413999996E+04
  2.8885110562260002E+06   2.8043216781330002E+06  -1.5451304861699999E+05
  2.8024954535510000E+06   2.6999683899240000E+06  -1.6453034195199999E+05
  2.8940588561930000E+06   2.7855471239510002E+06  -1.3109544748500001E+05
  2.8952996233910001E+06   2.7876431244190000E+06  -1.3078943373000000E+05
  2.8954816811910002E+06   2.7858691251380001E+06  -1.2908022916800001E+05
  2.8967007492650002E+06   2.7880011115299999E+06  -1.2883764797700000E+05
  2.8969264957869998E+06   2.7863397603440001E+06  -1.2714872749700000E+05
  2.8791050559029998E+06   2.7255944923830000E+06  -1.0010579040400000E+05
  2.8779549890810000E+06   2.7261011935339998E+06  -1.0213280295500001E+05
  2.8761556687480002E+06   2.7243828529670001E+06  -1.0302809453100000E+05
  2.8649782504150001E+06   2.7019259773920001E+06  -9.5073791706999997E+04
  2.8881574715749999E+06   2.7316055361870001E+06  -9.2487837983000005E+04
  2.8685987173740002E+06   2.7043311094749998E+06  -9.3036269193999993E+04
  2.8828734892150001E+06   2.7213147647609999E+06  -9.0752645583999998E+04
  2.8819380481850002E+06   2.7999983048230000E+06  -1.6234646602500000E+05
  2.8804582955160001E+06   2.7987439689799999E+06  -1.6378911034900000E+05
  2.8836986491910000E+06   2.8147252430920000E+06  -1.6716574155599999E+05
  2.9069536208819998E+06   2.7317316521190000E+06  -6.8762850227000003E+04
  2.9059885555099999E+06   2.7296520012690001E+06  -6.8436450125000003E+04
  2.8457926864240002E+06   2.7589670417309999E+06  -1.8637024961100001E+05
  2.9408563253890001E+06   2.8089730789190000E+06  -8.3712957567000005E+04
  2.8796557203290001E+06   2.8396805113070002E+06  -1.7678516775500000E+05
  2.8783388053629999E+06   2.8411813317169999E+06  -1.7869878842800000E+05
  2.8626240721040000E+06   2.8118146207960001E+06  -2.0483702452199999E+05
  2.8006718393890001E+06   2.7048802328320001E+06  -1.7540289587700000E+05
  2.8957954371850002E+06   2.7842519511219999E+06  -1.2728605330400000E+05
  2.8740316375259999E+06   2.8562623667569999E+06  -1.8577759538099999E+05
  2.8753237264970001E+06   2.8551799601820000E+06  -1.8381805630100000E+05
  2.8899519077610001E+06   2.8416187078430001E+06  -1.6390767919900001E+05
  2.9189367412180002E+06   2.8120013583160001E+06  -1.1371640176800000E+05
  2.8354583304530000E+06   2.7122379168619998E+06  -1.4592550230299999E+05
  2.8362205234369999E+06   2.7112906465409999E+06  -1.4397460104400001E+05
  2.8327815808000001E+06   2.6902981956210001E+06  -1.2513662219700000E+05
  2.8634337216570000E+06   2.8390742509120000E+06  -2.0214140950899999E+05
  2.9019156295240000E+06   2.8477671386739998E+06  -1.5061742304600001E+05
  2.8387843920310000E+06   2.7337648085730001E+06  -1.6656843853000001E+05
  2.9457903145400002E+06   2.8265464853220000E+06  -9.0435189830000003E+04
  2.9187791125050001E+06   2.8335080826019999E+06  -1.2749832680200000E+05
  2.9177363180700000E+06   2.8313886482130000E+06  -1.2760664121800000E+05
  2.9172437086900002E+06   2.8330293981369999E+06  -1.2920717731499999E+05
  2.9396333960099998E+06   2.8438166741410000E+06  -1.0775579970800001E+05
  2.9388428449349999E+06   2.8453152105620001E+06  -1.0942792676600000E+05
  2.9129469664050001E+06   2.8172853406659998E+06  -1.2578271166200000E+05
  2.8561213788350001E+06   2.7146550120819998E+06  -1.2204113896800000E+05
  2.8251230531759998E+06   2.7232751529489998E+06  -1.7174883708999999E+05
  2.8667315395630002E+06   2.7097755533220000E+06  -1.0137675383099999E+05
  2.8692278654399998E+06   2.8303684655809999E+06  -1.9302240874700001E+05
  2.8700897120229998E+06   2.8322010710789999E+06  -1.9151742440300001E+05
  2.8704921827810002E+06   2.8301045445989999E+06  -1.9088775590399999E+05
  2.8533200083229998E+06   2.7254897600880000E+06  -1.3625021499600000E+05
  2.9030515633080001E+06   2.8374952803469999E+06  -1.4765563523399999E+05
  2.9016400901410002E+06   2.8385263734350000E+06  -1.4932112557100001E+05
  2.8663484500139998E+06   2.7260326202150001E+06  -1.1820925473200000E+05
  2.8694746939180000E+06   2.6935792990620001E+06  -8.0650431219000006E+04
  2.9215065876310002E+06   2.7909283991629998E+06  -9.4010197528999997E+04
  2.9048854818210001E+06   2.7862508836900000E+06  -1.1388721969899999E+05
  2.9063158556180000E+06   2.7878779649910000E+06  -1.1291104283900000E+05
  2.9075280167959998E+06   2.7875460901199998E+06  -1.1087664063500000E+05
  2.8341345870860000E+06   2.7564823422869998E+06  -2.0472439697300000E+05
  2.9018669877089998E+06   2.8698605431789998E+06  -1.5405102560100000E+05
  2.9397309765800000E+06   2.8382089596480001E+06  -1.0458986528100001E+05
  2.8957926725240001E+06   2.7742158748340001E+06  -1.1807480084800000E+05
  2.8744184735099999E+06   2.8514198628409998E+06  -1.8483718635500001E+05
  2.8820902587239998E+06   2.7776718300210000E+06  -1.4338880596000000E+05
  2.8074662717189998E+06   2.7038156024600002E+06  -1.6528190913300001E+05
  2.8121232948050001E+06   2.7264351470539998E+06  -1.9547652325400000E+05
  2.8138737919669999E+06   2.7272445699870000E+06  -1.9412338479499999E+05
  2.8887194230410000E+06   2.8500615143670002E+06  -1.6569241437400001E+05
  2.8946758255369999E+06   2.8597664661119999E+06  -1.5982042895599999E+05
  2.8950663190219998E+06   2.8620579685920002E+06  -1.5965930981800001E+05
  2.8968603562090001E+06   2.8631754525580001E+06  -1.5801009239199999E+05
  2.8936941518259998E+06   2.8611365800770000E+06  -1.6122096474200001E+05
  2.9142781295110001E+06   2.7421302938709999E+06  -6.7336479519999993E+04
  2.9402919575419999E+06   2.8421003572689998E+06  -1.0611874291600000E+05
  2.9369840913930000E+06   2.8233749690510002E+06  -9.8070855419000000E+04
  2.8499015310760001E+06   2.7656982802720000E+06  -1.8725548252300001E+05
  2.8840344802110000E+06   2.7934540566480001E+06  -1.5410583029300001E+05
  2.8827858740090001E+06   2.7933078136499999E+06  -1.5608091211300000E+05
  2.8621453314399999E+06   2.8182468185299998E+06  -2.0706045827300000E+05
  2.8379031842089999E+06   2.6733105159049998E+06  -9.7088399791999997E+04
  2.8674498157090000E+06   2.8156011931779999E+06  -1.9600996273299999E+05
  2.8672652718340000E+06   2.8180045460279998E+06  -1.9631972729400001E+05
  2.8681922790130000E+06   2.8195439976820000E+06  -1.9476668288499999E+05
  2.8664814137370000E+06   2.8164515916169998E+06  -1.9786393848899999E+05
  2.9220816126239998E+06   2.8081174802529998E+06  -1.0639450062999999E+05
  2.9206130234329998E+06   2.8076327508100001E+06  -1.0817576943000000E+05
  2.8990745261519998E+06   2.8484594146630000E+06  -1.5359233071200000E+05
  2.8334223435970000E+06   2.6928570146869998E+06  -1.2764845209399999E+05
  2.7991592432700000E+06   2.6984937845460000E+06  -1.6610001321199999E+05
  2.8238594304559999E+06   2.7332189283329998E+06  -1.8818568046800001E+05
  2.8470614719489999E+06   2.7493305172939999E+06  -1.7209418063300001E+05
  2.8769464297030000E+06   2.7171657624960002E+06  -9.5299071144000001E+04
  2.8782842001700001E+06   2.7167171154959998E+06  -9.2985996161000003E+04
  2.8752615418460001E+06   2.7155722328460002E+06  -9.6194674847999995E+04
  2.8016442260260000E+06   2.6915813680019998E+06  -1.5236686245099999E+05
  2.8719152902469998E+06   2.8328475392100001E+06  -1.8840969199900000E+05
  2.8729785920580002E+06   2.8340693844750002E+06  -1.8663741267600001E+05
  2.8905754584710002E+06   2.8058306283680000E+06  -1.5152382305899999E+05
  2.9358601500050002E+06   2.8212535021179998E+06  -9.8064520329999999E+04
  2.8764930294169998E+06   2.8390746928280001E+06  -1.8147735892800000E+05
  2.8767877579770000E+06   2.8414477483480000E+06  -1.8100900209400000E+05
  2.8041735732270000E+06   2.6950023918249998E+06  -1.5466246486599999E+05
  2.9166555605469998E+06   2.8564916570239998E+06  -1.3747098069500001E+05
  2.9161582365779998E+06   2.8542406770410002E+06  -1.3754040251900000E+05
  2.8747212442439999E+06   2.7970551281510000E+06  -1.7229534269100000E+05
  2.8490145149490000E+06   2.7546128413579999E+06  -1.7542652048700000E+05
  2.9084569627160002E+06   2.7763806452990002E+06  -1.0098765653100000E+05
  2.9097579914250001E+06   2.8166354739680002E+06  -1.3009903955800000E+05
  2.9377182563459999E+06   2.8324706039300002E+06  -1.0290540074500001E+05
  2.9073135715810000E+06   2.8265402195899999E+06  -1.3870517727499999E+05
  2.8722539995900001E+06   2.7066915287420000E+06  -9.1054085414000001E+04
  2.8102071198490001E+06   2.7109904708810002E+06  -1.7300991595200001E+05
  2.8115500617490001E+06   2.7125730804780000E+06  -1.7373941468900000E+05
  2.8111280023960001E+06   2.7135823322379999E+06  -1.7572147722000000E+05
  2.8130134433499998E+06   2.7142508960790001E+06  -1.7446575350500000E+05
  2.8126159608910000E+06   2.7153089004509998E+06  -1.7649021220899999E+05
  2.8145329121960001E+06   2.7160280062219999E+06  -1.7513249455199999E+05
  2.8120879197140001E+06   2.7115921405469999E+06  -1.7166151620899999E+05
  2.9142762215760001E+06   2.7456509737390000E+06  -6.9552584528000007E+04
  2.9135043624780001E+06   2.7469297258660002E+06  -7.1443757465999995E+04
  2.8402696474080002E+06   2.7035454504550002E+06  -1.3024821583600000E+05
  2.8673084826560002E+06   2.7972282337719998E+06  -1.8693255115200000E+05
  2.8659785093680001E+06   2.7958409970979998E+06  -1.8841993596599999E+05
  2.9032394401369998E+06   2.8787284204460001E+06  -1.5406107521099999E+05
  2.9434243099460001E+06   2.8097128089649999E+06  -8.1372060219000006E+04
  2.9451256894479999E+06   2.8095845658200001E+06  -7.9559353501999998E+04
  2.8609167818649998E+06   2.6884973848990002E+06  -8.6254871155000001E+04
  2.9247406429050001E+06   2.8107237987640002E+06  -1.0460998600500000E+05
  2.8199427468409999E+06   2.6798531295360001E+06  -1.2433845733700000E+05
  2.9068719362229998E+06   2.8242761112390002E+06  -1.3806559750800001E+05
  2.9094730866589998E+06   2.8245862847219999E+06  -1.3480779948799999E+05
  2.8227769403990000E+06   2.6762086248599999E+06  -1.1811805483600000E+05
  2.8623260291680000E+06   2.8372297099199998E+06  -2.0402517767599999E+05
  2.9266142691930002E+06   2.8343296970870001E+06  -1.1786099741900001E+05
  2.8685725981439999E+06   2.7986107947439998E+06  -1.8541458539100000E+05
  2.8800396239919998E+06   2.8235372859100001E+06  -1.7490675638700000E+05
  2.8925767451320002E+06   2.8440195803240002E+06  -1.6076662830800001E+05
  2.8359061927740001E+06   2.7579430630899998E+06  -2.0384979048100000E+05
  2.7965395374610000E+06   2.6917421515190001E+06  -1.5610575999399999E+05
  2.7977248607259998E+06   2.6931952240550001E+06  -1.5785194030100000E+05
  2.8962901608790001E+06   2.7396850937339999E+06  -8.8068248319000006E+04
  2.8305076872919998E+06   2.7030036801740001E+06  -1.4186278111200000E+05
  2.8780921265340000E+06   2.8680534707640000E+06  -1.8127931253699999E+05
  2.8415297369450000E+06   2.7350104653210002E+06  -1.6411136202999999E+05
  2.9153469179690001E+06   2.7477328163350001E+06  -7.0099937747000004E+04
  2.9145869589069998E+06   2.7490118738940000E+06  -7.1978417581000002E+04
  2.9171765861630002E+06   2.7485382805320001E+06  -6.8772088233000002E+04
  2.8235821952669998E+06   2.7431423335950002E+06  -2.0434674069400001E+05
  2.8245037995079998E+06   2.7423882747149998E+06  -2.0175853938599999E+05
  2.8230534536290001E+06   2.7402107152580000E+06  -2.0075427554100001E+05
  2.9239443299989998E+06   2.8678117051459998E+06  -1.3241434479599999E+05
  2.8795913481879998E+06   2.7341867599390000E+06  -1.0680187623500000E+05
  2.8799376145839998E+06   2.7362280678180000E+06  -1.0806600916500000E+05
  2.8786994803749998E+06   2.7366110698370002E+06  -1.1010797405700000E+05
  2.8135780968309999E+06   2.7180648423370002E+06  -1.7940161704499999E+05
  2.8646199601050001E+06   2.8110856153549999E+06  -2.0097589736100001E+05
  2.9255603463050001E+06   2.7863531797969998E+06  -8.5715235230000006E+04
  2.9220678399290000E+06   2.8011056148290001E+06  -1.0126466025500000E+05
  2.9207851994530000E+06   2.7989919261850002E+06  -1.0117849616500000E+05
  2.8048995021090000E+06   2.7177402487760000E+06  -1.9104966112800001E+05
  2.8067660382530000E+06   2.7185048693149998E+06  -1.8976682579000000E+05
  2.8052754074289999E+06   2.7167954032350001E+06  -1.8888889394700000E+05
  2.8037711694769999E+06   2.7150801319559999E+06  -1.8801991395300001E+05
  2.8018985258599999E+06   2.7143097036750000E+06  -1.8930122344000000E+05
  2.8022513723160001E+06   2.7133629350080001E+06  -1.8716932853999999E+05
  2.8003784849009998E+06   2.7125953083090000E+06  -1.8845582887900001E+05
  2.9193227957569999E+06   2.8176884558760002E+06  -1.1701006275300001E+05
  2.8382016095289998E+06   2.6780919779909998E+06  -1.0387877001800000E+05
  2.8803196610559998E+06   2.7382666250749999E+06  -1.0927922498200000E+05
  2.8791366179020000E+06   2.7386194184809998E+06  -1.1133506779700000E+05
  2.8807672070100000E+06   2.7402653691840000E+06  -1.1051652809800000E+05
  2.8796066566969999E+06   2.7406068809670000E+06  -1.1257413767100000E+05
  2.8779932492499999E+06   2.7390097269239998E+06  -1.1339697331299999E+05
  2.8146905800520000E+06   2.6898754519940000E+06  -1.4089187764100000E+05
  2.8607251695019999E+06   2.8234630714619998E+06  -2.0999986788800001E+05
  2.9465693453670000E+06   2.8285764799569999E+06  -9.0888965907999998E+04
  2.9352678300270000E+06   2.8283229228539998E+06  -1.0283084281200000E+05
  2.8869853283429998E+06   2.8743324296249999E+06  -1.7132308461399999E+05
  2.8878388246169998E+06   2.8724514451899999E+06  -1.7014347663600001E+05
  2.8862664988919999E+06   2.8722569826549999E+06  -1.7190025631000000E+05
  2.8893959495810000E+06   2.8726367517519998E+06  -1.6840285326500001E+05
  2.8886748645700002E+06   2.8706015357369999E+06  -1.6898715346400000E+05
  2.8939624772160002E+06   2.8249408964430001E+06  -1.5513446197400001E+05
  2.8997658992969999E+06   2.8192199117430001E+06  -1.4497433409600001E+05
  2.8984030126209999E+06   2.8194111801200002E+06  -1.4692789403400000E+05
  2.8996279747029999E+06   2.8215378724540002E+06  -1.4625778411899999E+05
  2.8999964948580000E+06   2.8240891880879998E+06  -1.4666233110400001E+05
  2.8920160325509999E+06   2.8639759637389998E+06  -1.6377690397099999E+05
  2.8670625037799999E+06   2.7144378858300000E+06  -1.0580702075200000E+05
  2.8688044485709998E+06   2.7159338038110002E+06  -1.0497807656300000E+05
  2.8670874461229998E+06   2.8204113603880000E+06  -1.9661823501999999E+05
  2.8130108730899999E+06   2.6857392008529999E+06  -1.3726479894600000E+05
  2.8933039155430002E+06   2.7728368294529999E+06  -1.2110116828000000E+05
  2.8159956118600001E+06   2.7178730736529999E+06  -1.7596592577999999E+05
  2.9017024463740001E+06   2.8252264362019999E+06  -1.4501588930600000E+05
  2.8430875051449998E+06   2.7357511850749999E+06  -1.6271400963600000E+05
  2.8990851238960000E+06   2.8530895260089999E+06  -1.5432179754500001E+05
  2.8677045529530002E+06   2.7610208630659999E+06  -1.5109795274499999E+05
  2.8165207649320001E+06   2.7168267335540000E+06  -1.7374861869000000E+05
  2.8333472307040002E+06   2.7110643685789998E+06  -1.4685610742700001E+05
  2.8301442354230001E+06   2.7000316265289998E+06  -1.3905095522100001E+05
  2.8666412917320002E+06   2.7949595629790002E+06  -1.8620088924600001E+05
  2.8859138850280000E+06   2.8556284474419998E+06  -1.6997889832599999E+05
  2.8865272297390001E+06   2.8578755003849999E+06  -1.6962365390700000E+05
  2.8879309882609998E+06   2.8584988003199999E+06  -1.6797540207300000E+05
  2.8869643460559999E+06   2.8601776094240001E+06  -1.6944474847399999E+05
  2.8855408314589998E+06   2.8592819207070000E+06  -1.7103844348399999E+05
  2.8174169424279998E+06   2.6767141405969998E+06  -1.2197066471899999E+05
  2.8978515628789999E+06   2.7799289316099999E+06  -1.1961575361699999E+05
  2.8471954762430000E+06   2.7667389404469999E+06  -1.9379596020800000E+05
  2.9078413539000000E+06   2.8780487694089999E+06  -1.4933939471299999E+05
  2.9084377798759998E+06   2.8740212948449999E+06  -1.4825033993099999E+05
  2.9286714904530002E+06   2.8676171611250001E+06  -1.2812606571500000E+05
  2.8796618460280001E+06   2.8527946275120000E+06  -1.7687647307400001E+05
  2.8787320163570000E+06   2.8544454315149998E+06  -1.7843479713699999E+05
  2.8773848478580001E+06   2.8535194956780002E+06  -1.8028710235199999E+05
  2.8776519231679998E+06   2.8562369485950000E+06  -1.8021657951700001E+05
  2.8794669761600001E+06   2.8568938789030001E+06  -1.7804778540500000E+05
  2.9085802424329999E+06   2.8615777201540000E+06  -1.4623717667799999E+05
  2.8437377254110002E+06   2.6843255279629999E+06  -1.0405628321300000E+05
  2.8455290980929998E+06   2.6855348105629999E+06  -1.0303957769900000E+05
  2.8446648169769999E+06   2.6861744627299998E+06  -1.0518680998599999E+05
  2.8464401015599999E+06   2.6848466839069999E+06  -1.0093159948500000E+05
  2.8477061751640001E+06   2.7523951638859999E+06  -1.7489867271899999E+05
  2.9310679233630002E+06   2.8468418332870002E+06  -1.1935529084500000E+05
  2.9313623829109999E+06   2.8490975113690002E+06  -1.2022710039000001E+05
  2.8852480943089998E+06   2.7954466703349999E+06  -1.5372684714000000E+05
  2.8851493569749999E+06   2.7971997683069999E+06  -1.5518374184599999E+05
  2.8591765347070000E+06   2.7500286702709999E+06  -1.5402821544500001E+05
  2.8553584174509998E+06   2.7335084377680002E+06  -1.4282858846900001E+05
  2.8742454459960000E+06   2.8190406978360000E+06  -1.8380370291299999E+05
  2.8742082721810001E+06   2.8214412177590001E+06  -1.8412828795699999E+05
  2.8731576883029998E+06   2.8223210178689999E+06  -1.8609378283300000E+05
  2.8753579442429999E+06   2.8204978801699998E+06  -1.8216218729500001E+05
  2.8753135681480002E+06   2.8229527740349998E+06  -1.8250442667200000E+05
  2.8764859542210000E+06   2.8246892339019999E+06  -1.8079666339599999E+05
  2.8297525481329998E+06   2.7516785483740000E+06  -2.0552687693299999E+05
  2.8314678265030002E+06   2.7530449549349998E+06  -2.0438513979900000E+05
  2.8322979231010000E+06   2.7523075196980000E+06  -2.0183581899400000E+05
  2.8320410356769999E+06   2.7506081195830000E+06  -1.9987288469300000E+05
  2.8317928585999999E+06   2.7490927746910001E+06  -1.9818570306900001E+05
  2.8241709364689998E+06   2.7286943633900001E+06  -1.8096202791000000E+05
  2.8658043742189999E+06   2.7874964619999998E+06  -1.8163053745300000E+05
  2.8643939020409998E+06   2.7860202254269999E+06  -1.8302560421500000E+05
  2.8124937522510001E+06   2.7254797606680002E+06  -1.9325918062100001E+05
  2.8164239814340002E+06   2.6991170158480001E+06  -1.5022271819799999E+05
  2.8614906814000001E+06   2.8315616895809998E+06  -2.0754886238000001E+05
  2.8113754473990002E+06   2.7024835832179999E+06  -1.5915280384199999E+05
  2.8106635698360000E+06   2.7035593811019999E+06  -1.6114621173499999E+05
  2.8120206666830000E+06   2.7052077105919998E+06  -1.6231270690600001E+05
  2.8975076135940002E+06   2.8672671315250001E+06  -1.5806149425799999E+05
  2.8984330596690001E+06   2.8653046017000000E+06  -1.5677075401199999E+05
  2.8639564659360000E+06   2.6896040493339999E+06  -8.3407777531000000E+04
  2.8646658660030002E+06   2.6917383557219999E+06  -8.4634850663000005E+04
  2.8372448900690000E+06   2.6813202468739999E+06  -1.0919857266100000E+05
  2.8223036471040002E+06   2.6968783327600001E+06  -1.4279311289500000E+05
  2.8785809499400002E+06   2.8436749449069998E+06  -1.7824292515299999E+05
  2.9184926501940000E+06   2.8406601630259999E+06  -1.3119451561199999E+05
  2.8049421767870001E+06   2.6964651082489998E+06  -1.5603360138300000E+05
  2.8459033314600000E+06   2.7628815545760002E+06  -1.9120865423600000E+05
  2.8692632955850000E+06   2.8062983235840001E+06  -1.8891652812999999E+05
  2.8697582833340000E+06   2.8085262272239998E+06  -1.8938921831100000E+05
  2.8710245546439998E+06   2.8099251045780000E+06  -1.8794515178099999E+05
  2.8952263097839998E+06   2.8465055815510000E+06  -1.5758889751099999E+05
  2.8745677823460000E+06   2.8586835942090000E+06  -1.8514985927399999E+05
  2.8331486469919998E+06   2.7394054385319999E+06  -1.8293315578100001E+05
  2.8318421372159999E+06   2.7375407803570000E+06  -1.8222274012599999E+05
  2.8070975440389998E+06   2.6975131392390002E+06  -1.5577848266300000E+05
  2.9414349890370001E+06   2.8610169421430002E+06  -1.1299667674200000E+05
  2.8554835384979998E+06   2.7032208700799998E+06  -1.1051218684600000E+05
  2.8562013792440002E+06   2.7052264152040002E+06  -1.1142955749200001E+05
  2.8570801880350001E+06   2.7043444195150002E+06  -1.0942769680999999E+05
  2.8580931014000000E+06   2.7035489748539999E+06  -1.0732742852800000E+05
  2.9285809778060000E+06   2.7744042724600001E+06  -7.3900353728000002E+04
  2.9303371283519999E+06   2.7752508615370002E+06  -7.2486038652999996E+04
  2.9391913307670001E+06   2.8398491949669998E+06  -1.0618420200799999E+05
  2.8412004526669998E+06   2.7601347483780002E+06  -1.9763889153500000E+05
  2.8403331885509999E+06   2.7604649049300002E+06  -1.9990601098900000E+05
  2.8611255976209999E+06   2.7367265834390000E+06  -1.3784172701900001E+05
  2.8625463472560002E+06   2.7385802801629999E+06  -1.3722610066400000E+05
  2.8626803668419998E+06   2.7404053507490000E+06  -1.3869871147800001E+05
  2.8638946502689999E+06   2.7404219750259998E+06  -1.3671841055100001E+05
  2.8639282670930000E+06   2.7420780778259998E+06  -1.3823067406799999E+05
  2.8623432704429999E+06   2.7366585448090001E+06  -1.3577732488599999E+05
  2.8621174745519999E+06   2.7346650078280000E+06  -1.3429860134500000E+05
  2.8635792845720001E+06   2.7366386148709999E+06  -1.3368779080700001E+05
  2.8633606652779998E+06   2.7345886827890002E+06  -1.3189616586300000E+05
  2.8617309408439999E+06   2.7326300210340000E+06  -1.3283644186600001E+05
  2.8695597351139998E+06   2.8494651926469998E+06  -1.9141758874199999E+05
  2.9065774011849998E+06   2.8730757654410000E+06  -1.4991029739299999E+05
  2.8356257845080001E+06   2.7081182137910002E+06  -1.4113787144500000E+05
  2.9226023515440002E+06   2.7931013393060002E+06  -9.4131697081000006E+04
  2.8837951842870000E+06   2.8248836136630001E+06  -1.6979714315200000E+05
  2.8175692573680002E+06   2.7337562877819999E+06  -1.9942305931700001E+05
  2.8183634275170001E+06   2.7332662575579998E+06  -1.9733173678800001E+05
  2.8191937653310001E+06   2.7347819016450001E+06  -1.9842249412799999E+05
  2.8887669712189999E+06   2.7285319658499998E+06  -8.8971558191000004E+04
  2.8098383042130000E+06   2.7044173795389999E+06  -1.6332937460899999E+05
  2.9151571410929998E+06   2.7443264858060000E+06  -6.7721474719000005E+04
  2.9208817164240000E+06   2.7924352408810002E+06  -9.5767248991000000E+04
  2.9220631994030001E+06   2.7945961835170002E+06  -9.5931434521999996E+04
  2.9216320417720000E+06   2.7961342615589998E+06  -9.7699013137000002E+04
  2.9268254798070001E+06   2.8547160921149999E+06  -1.2705727207200001E+05
  2.9256797056000000E+06   2.8562621126279999E+06  -1.2847481877200000E+05
  2.8899186706059999E+06   2.7327335995999998E+06  -9.1058270529000001E+04
  2.8427312421220001E+06   2.6972538650850002E+06  -1.2087691167900000E+05
  2.8408300780349998E+06   2.6964115950870002E+06  -1.2237093111100000E+05
  2.8264392337630000E+06   2.6983901702029998E+06  -1.4104139970200000E+05
  2.8484706304029999E+06   2.7705753874169998E+06  -1.9634623634700000E+05
  2.9276956671980000E+06   2.7896007694779998E+06  -8.5588703064000001E+04
  2.8901721095420001E+06   2.8747981270740000E+06  -1.6777059390599999E+05
  2.8972442437180001E+06   2.7758951242370000E+06  -1.1718976669700000E+05
  2.8986893435180001E+06   2.8333270954319998E+06  -1.5153019347400000E+05
  2.8988749382569999E+06   2.8356666762569998E+06  -1.5200565694600000E+05
  2.8975551336269998E+06   2.8342132341629998E+06  -1.5334536196600000E+05
  2.8975754396509998E+06   2.8365018608740000E+06  -1.5384268611700000E+05
  2.8987651858819998E+06   2.8381001704310002E+06  -1.5240320908999999E+05
  2.8962185552619998E+06   2.8369597900009998E+06  -1.5564106133200001E+05
  2.8828073192309998E+06   2.8477686162069999E+06  -1.7275923681599999E+05
  2.8601925134129999E+06   2.7817827653850000E+06  -1.8683213042999999E+05
  2.8608730292650000E+06   2.7811126131950002E+06  -1.8480678049100001E+05
  2.8616631234240001E+06   2.7831590436300002E+06  -1.8565485824500001E+05
  2.8336167541029998E+06   2.7383999349079998E+06  -1.8078931948599999E+05
  2.8764987947000000E+06   2.8170741361940000E+06  -1.7993720582800001E+05
  2.7997018213470001E+06   2.6882849587059999E+06  -1.4882649322999999E+05
  2.8411325535960002E+06   2.7558356186580001E+06  -1.9066918968600000E+05
  2.8763045456249998E+06   2.8354697526320000E+06  -1.8176121120600001E+05
  2.7938879554220000E+06   2.6936973464750000E+06  -1.6217645808300000E+05
  2.8595521204780000E+06   2.6872548915229999E+06  -8.6792425145999994E+04
  2.8587897343159998E+06   2.6856155755280000E+06  -8.6153911710000000E+04
  2.8765050578820002E+06   2.8194956540080002E+06  -1.8019374523999999E+05
  2.9013359859500001E+06   2.8212216263660002E+06  -1.4391822571800000E+05
  2.8990026060239999E+06   2.8795193167670001E+06  -1.5878692545400001E+05
  2.8983016948520001E+06   2.8772735523790000E+06  -1.5921799770899999E+05
  2.8999413974779998E+06   2.8777511301310002E+06  -1.5750927771800000E+05
  2.9113729683349999E+06   2.8386249266610001E+06  -1.3864127502999999E+05
  2.8535009337120000E+06   2.7048652584239999E+06  -1.1470498127500000E+05
  2.8356528821660001E+06   2.7492847370330002E+06  -1.9191242639700000E+05
  2.8352002731389999E+06   2.7474695391650000E+06  -1.9040468764300001E+05
  2.8813683987360001E+06   2.7246589808390001E+06  -9.6022010345000002E+04
  2.8680172368919998E+06   2.8219408262680001E+06  -1.9506052398100001E+05
  2.8951110884529999E+06   2.7373536459390000E+06  -8.7930681542000006E+04
  2.9216822443889999E+06   2.8218812006919999E+06  -1.1674711528600000E+05
  2.9200858884490002E+06   2.8214075937560000E+06  -1.1846110450400000E+05
  2.8540674770080000E+06   2.7446917266370002E+06  -1.5671045230199999E+05
  2.8771709505730001E+06   2.8587880496970001E+06  -1.8140462796700001E+05
  2.8599991630710000E+06   2.7970312295280001E+06  -2.0223377828299999E+05
  2.8586075995809999E+06   2.7953192021750002E+06  -2.0366784286400001E+05
  2.8746523679749998E+06   2.8086690930630001E+06  -1.8046256586000000E+05
  2.8652491414580001E+06   2.7935448611070001E+06  -1.8763417048400000E+05
  2.8645402833380001E+06   2.7943750787269999E+06  -1.9006409158400001E+05
  2.8732494492540001E+06   2.6960172288449998E+06  -7.8963000178999995E+04
  2.8964672987730000E+06   2.7348529189100000E+06  -8.3880057245999997E+04
  2.8822778779159999E+06   2.8393952506909999E+06  -1.7344882969700001E+05
  2.8429691931779999E+06   2.7493230013060002E+06  -1.7924699263800000E+05
  2.8414169898580001E+06   2.7482893747919998E+06  -1.8063778574399999E+05
  2.8425155195590002E+06   2.7503185638000001E+06  -1.8129339747200001E+05
  2.8131527273929999E+06   2.7189812215359998E+06  -1.8155799599600001E+05
  2.8145385729830000E+06   2.7207674552839999E+06  -1.8238755154399999E+05
  2.8718586609200002E+06   2.8484101850959999E+06  -1.8832630978700001E+05
  2.8875203246650002E+06   2.7997273397160000E+06  -1.5322315970799999E+05
  2.8093165743390000E+06   2.7228487527190000E+06  -1.9372557028799999E+05
  2.9100006243909998E+06   2.8090161873889999E+06  -1.2437369341900000E+05
  2.9232563128700000E+06   2.7612356572880000E+06  -7.1561543055000002E+04
  2.9241298048470002E+06   2.7634367149919998E+06  -7.1944288119000004E+04
  2.8396730628729998E+06   2.7652022111379998E+06  -2.0678470746100001E+05
  2.8905222345610000E+06   2.7934583528089998E+06  -1.4319319204100000E+05
  2.8891930616170000E+06   2.7930729932650002E+06  -1.4501713430199999E+05
  2.8891118254149999E+06   2.7947046199159999E+06  -1.4654276971100000E+05
  2.8246885121700000E+06   2.7413610672619999E+06  -1.9991761068200000E+05
  2.8683447936209999E+06   2.7646337363809999E+06  -1.5414592127600001E+05
  2.8785322946139998E+06   2.8384652037499999E+06  -1.7849070874400000E+05
  2.8889860600680001E+06   2.8188824647360002E+06  -1.6094115332799999E+05
  2.9105973849289999E+06   2.8467481174989999E+06  -1.4166287424100001E+05
  2.8625445788980001E+06   2.7906057798299999E+06  -1.9053568299800000E+05
  2.8844280897550001E+06   2.7815379841780001E+06  -1.4288079098100000E+05
  2.8857637109449999E+06   2.7816505909970002E+06  -1.4089496239599999E+05
  2.9232199697520002E+06   2.7577098280949998E+06  -6.9366975621000005E+04
  2.8770572713139998E+06   2.7843000169640002E+06  -1.5837063765200000E+05
  2.8762548986020000E+06   2.7820506731989998E+06  -1.5777660924500000E+05
  2.8300769792040000E+06   2.7366839997919998E+06  -1.8368128736399999E+05
  2.8694430359240002E+06   2.8115860384660000E+06  -1.9185141232500001E+05
  2.9425981940120002E+06   2.8510922949890001E+06  -1.0800605407899999E+05
  2.9438399001890002E+06   2.8501669929169999E+06  -1.0627309532800000E+05
  2.9150301036160002E+06   2.8502591237110002E+06  -1.3790714300000001E+05
  2.8432190022280002E+06   2.7332114933540002E+06  -1.5980542514899999E+05
  2.9409346916870000E+06   2.8280688540260000E+06  -9.6443411835999999E+04
  2.9075035088620000E+06   2.8065309829600002E+06  -1.2660414261500000E+05
  2.8408917392420000E+06   2.6787232949259998E+06  -1.0068771852200000E+05
  2.8334567039760002E+06   2.6738468591180001E+06  -1.0452457023200000E+05
  2.8961118391519999E+06   2.8057952677950002E+06  -1.4324525246500000E+05
  2.8949638251720001E+06   2.8038463089970001E+06  -1.4372313938400001E+05
  2.9276670742609999E+06   2.8363679405840002E+06  -1.1773298086200000E+05
  2.8914226053419998E+06   2.7562176877899999E+06  -1.0921907593399999E+05
  2.9022583870060001E+06   2.8157204144379999E+06  -1.3970899049200001E+05
  2.9019431834339998E+06   2.8133488097589999E+06  -1.3887239455699999E+05
  2.9004536489050002E+06   2.8119631885950002E+06  -1.4013960339400001E+05
  2.9015142867879998E+06   2.8111156308149998E+06  -1.3826174618399999E+05
  2.9000864431119999E+06   2.8098115238250000E+06  -1.3948386624300000E+05
  2.8562674280240000E+06   2.7711376935970001E+06  -1.8207675713799999E+05
  2.8905165426349998E+06   2.8634896060640002E+06  -1.6555946586600001E+05
  2.8899201219899999E+06   2.8613262696409998E+06  -1.6594818877800001E+05
  2.8913952636099998E+06   2.8618949118610001E+06  -1.6420242488800001E+05
  2.9110438143010000E+06   2.7988011521740002E+06  -1.1425648367900000E+05
  2.8661772469589999E+06   2.8318033715920001E+06  -1.9814594119799999E+05
  2.9499075666689998E+06   2.8408241690650000E+06  -9.4675915873999998E+04
  2.8606217726210002E+06   2.7327899309080001E+06  -1.3501826960699999E+05
  2.8601710948529998E+06   2.7307997469770000E+06  -1.3356011566899999E+05
  2.8612142117269998E+06   2.7304127120900000E+06  -1.3142166206500001E+05
  2.8605094881489999E+06   2.7284699469920001E+06  -1.2986393143500001E+05
  2.8621493378519998E+06   2.7299656817529998E+06  -1.2919646979800001E+05
  2.8615595247430000E+06   2.7280298613350000E+06  -1.2768496411400000E+05
  2.8598385617849999E+06   2.7266158229160002E+06  -1.2833427369500000E+05
  2.8609035214760001E+06   2.7261940826019999E+06  -1.2615800076300000E+05
  2.8786022655239999E+06   2.8063522733000000E+06  -1.7056416803000000E+05
  2.8976854792550001E+06   2.7586782826290000E+06  -1.0125601780200000E+05
  2.9342234878739999E+06   2.7803026237650001E+06  -7.2024383503000005E+04
  2.9324290477610002E+06   2.7794834343289998E+06  -7.3483337440000003E+04
  2.8323523074440002E+06   2.7550503721389999E+06  -2.0565882634599999E+05
  2.8528206026200000E+06   2.7754756161219999E+06  -1.9362320587199999E+05
  2.8559243444510000E+06   2.6855269254820002E+06  -8.9516392099000004E+04
  2.8225836027990002E+06   2.6901326979180002E+06  -1.3470226911600001E+05
  2.9019930500750002E+06   2.8279257674840000E+06  -1.4556156421000001E+05
  2.9079334399069999E+06   2.8589529232720002E+06  -1.4646825706400000E+05
  2.9228478736140002E+06   2.8570564892449998E+06  -1.3138291201500001E+05
  2.8811288772490001E+06   2.8010197120139999E+06  -1.6435005914800000E+05
  2.9189132410900001E+06   2.8594866885899999E+06  -1.3581164751000001E+05
  2.8463702393649998E+06   2.6998692758980002E+06  -1.1900284197900000E+05
  2.8455095395800001E+06   2.6980123941199998E+06  -1.1812228308800000E+05
  2.8472618910590000E+06   2.6990785550370002E+06  -1.1693160095900000E+05
  2.8747010358150001E+06   2.7808251821340001E+06  -1.5927433822899999E+05
  2.8737389347330001E+06   2.7786818918079999E+06  -1.5880318835000001E+05
  2.8173284959180001E+06   2.7288206487070001E+06  -1.9141621966800001E+05
  2.8416289085070002E+06   2.7643561509039998E+06  -2.0243333830400000E+05
  2.9111306001149998E+06   2.8111821706360001E+06  -1.2410216783999999E+05
  2.8586993994069998E+06   2.7775907029169998E+06  -1.8486158471500000E+05
  2.8254037109500002E+06   2.7444919079629998E+06  -2.0317676951400001E+05
  2.8341718920180001E+06   2.6809243238260001E+06  -1.1213804105499999E+05
  2.9274852664859998E+06   2.8133542755080000E+06  -1.0289361876700001E+05
  2.9259048180249999E+06   2.8128148759619999E+06  -1.0464892582000000E+05
  2.9271311749339998E+06   2.8148780098110000E+06  -1.0472338780300001E+05
  2.9251057818390001E+06   2.8091874447249998E+06  -1.0278628242400000E+05
  2.9274224267159998E+06   2.8569946214430002E+06  -1.2702654413700000E+05
  2.9240860587809999E+06   2.7705711201720000E+06  -7.6229074301999994E+04
  2.9250759812880000E+06   2.7727019049350000E+06  -7.6713251182000007E+04
  2.8690387020390001E+06   2.8008932216420001E+06  -1.8599094157100000E+05
  2.8454742940360000E+06   2.6830158082499998E+06  -9.9762511138000002E+04
  2.8473542711280002E+06   2.6841565427810000E+06  -9.8816796461000005E+04
  2.8386815436829999E+06   2.7568306224320000E+06  -1.9715050035799999E+05
  2.8408742668329999E+06   2.6938761035540001E+06  -1.1974593126700001E+05
  2.9267875760579999E+06   2.8164066355130002E+06  -1.0654264778000000E+05
  2.8505192197280000E+06   2.7470168584900000E+06  -1.6445537762099999E+05
  2.8375345443460001E+06   2.7049659063929999E+06  -1.3521573389000000E+05
  2.8393408084430001E+06   2.7053936259699999E+06  -1.3346978239600000E+05
  2.8715549120669998E+06   2.7754153189599998E+06  -1.5940473926000000E+05
  2.8704670653599999E+06   2.7734155458940002E+06  -1.5932876836099999E+05
  2.8690508017400000E+06   2.7719048767499998E+06  -1.6034585132099999E+05
  2.8621468755950001E+06   2.6834251592589999E+06  -7.9619763659000004E+04
  2.8353177872270001E+06   2.7258713041010001E+06  -1.6180627234400000E+05
  2.8372491428299998E+06   2.7268189676839998E+06  -1.6063638242499999E+05
  2.8379545160650001E+06   2.7258383288719999E+06  -1.5855577804199999E+05
  2.8351256041830000E+06   2.7353827918819999E+06  -1.7422523330500000E+05
  2.8356633793750000E+06   2.7342675222620000E+06  -1.7182862150099999E+05
  2.9160650002509998E+06   2.7544015884079998E+06  -7.4958456833999997E+04
  2.9043556439470001E+06   2.7633057590629999E+06  -9.6149175807000007E+04
  2.8883036730450001E+06   2.8077740110229999E+06  -1.5728088380099999E+05
  2.8571385236080000E+06   2.7732812610729998E+06  -1.8288415456900001E+05
  2.8596839098729999E+06   2.7769992338470002E+06  -1.8235973550899999E+05
  2.8201951767460001E+06   2.6961017865749998E+06  -1.4367955586100000E+05
  2.9041705683430000E+06   2.7288158628940000E+06  -6.9753764133000004E+04
  2.8739461291620000E+06   2.7723232014080002E+06  -1.5208592323399999E+05
  2.8752546947849998E+06   2.7725519854919999E+06  -1.5004101139900001E+05
  2.8766309436039999E+06   2.7745303563910001E+06  -1.4962769344999999E+05
  2.8765647036649999E+06   2.7728112561690002E+06  -1.4798094211500001E+05
  2.8751671744140000E+06   2.7708652947390000E+06  -1.4840248926900001E+05
  2.8738592741259998E+06   2.7705296578680002E+06  -1.5041338474600000E+05
  2.8737692905710000E+06   2.7685918391890000E+06  -1.4846833719399999E+05
  2.8724098864640002E+06   2.7685182745180000E+06  -1.5085795951500000E+05
  2.8264620474760002E+06   2.7298902508669998E+06  -1.7933799273299999E+05
  2.8571367854399998E+06   2.7213018646769999E+06  -1.2635199749700000E+05
  2.9035930240190001E+06   2.7694622415089998E+06  -1.0245317264600001E+05
  2.9024667042879998E+06   2.7698355137919998E+06  -1.0453902759100001E+05
  2.9008199107039999E+06   2.7682700599230002E+06  -1.0531525721400000E+05
  2.9013202577020000E+06   2.7702061047530002E+06  -1.0661224364200000E+05
  2.8996415288640000E+06   2.7686456003290000E+06  -1.0735930470500000E+05
  2.9001403769769999E+06   2.7705816349410000E+06  -1.0865838707400000E+05
  2.8991386568220002E+06   2.7667047774379998E+06  -1.0606093061400000E+05
  2.8980312305000001E+06   2.7670327259860002E+06  -1.0814641692900000E+05
  2.8974776755650002E+06   2.7651187388579999E+06  -1.0681758886200000E+05
  2.8908934651190001E+06   2.7649075236720000E+06  -1.1840599852400000E+05
  2.8145325464169998E+06   2.6833981712870002E+06  -1.3302605337800001E+05
  2.8569209964180002E+06   2.6846661270559998E+06  -8.7371126701000001E+04
  2.8539600245309998E+06   2.6817124720259998E+06  -8.7287356929999994E+04
  2.8481633320619999E+06   2.7010138965349998E+06  -1.1792044195800000E+05
  2.8480981925630001E+06   2.6980446982700001E+06  -1.1458212638300000E+05
  2.8796638385780002E+06   2.7230027758439998E+06  -9.6908279846999998E+04
  2.8559373172749998E+06   2.7829234845230002E+06  -1.9643985502600000E+05
  2.8545266637479998E+06   2.7814563743340001E+06  -1.9747856725500000E+05
  2.9333601947720000E+06   2.8117620155480001E+06  -9.4293544771999994E+04
  2.9350308316540001E+06   2.8122582864140002E+06  -9.2657512766999993E+04
  2.8521859892469998E+06   2.7478930801700000E+06  -1.6303911760500001E+05
  2.9188861357310000E+06   2.8193263479280001E+06  -1.1861162538600000E+05
  2.9185405590780000E+06   2.8209142056439999E+06  -1.2022023510100000E+05
  2.8436940064929998E+06   2.7589703816410000E+06  -1.9058844226700001E+05
  2.8875510697240001E+06   2.7424602242100001E+06  -1.0285712340300001E+05
  2.8410424960409999E+06   2.7247868534329999E+06  -1.5313132213600000E+05
  2.8427744107459998E+06   2.7256749679580000E+06  -1.5181006929900000E+05
  2.8441933518780000E+06   2.7277843592810002E+06  -1.5227188270500000E+05
  2.8443411555160000E+06   2.7261640159840002E+06  -1.5026347502499999E+05
  2.8404077299649999E+06   2.7258591201020000E+06  -1.5519941580799999E+05
  2.8779921240599998E+06   2.7765133645420000E+06  -1.4924519312700001E+05
  2.8638989154150002E+06   2.7695813892780002E+06  -1.6728469072799999E+05
  2.8648540719030001E+06   2.7717738732119999E+06  -1.6781202256799999E+05
  2.9017066674980000E+06   2.8409492338859998E+06  -1.4966963466499999E+05
  2.8481848125390001E+06   2.7792744543050001E+06  -2.0752223496000000E+05
  2.8234272707400001E+06   2.6890914124730001E+06  -1.3272053032200001E+05
  2.8255181858859998E+06   2.6898154630000000E+06  -1.3184077463599999E+05
  2.8263230491330000E+06   2.6887607997530000E+06  -1.2987543574099999E+05
  2.8258461019140002E+06   2.7107214865100002E+06  -1.5472405657399999E+05
  2.9081041840390000E+06   2.7743315827640002E+06  -9.9766942341000002E+04
  2.9100491421900000E+06   2.7779726900040000E+06  -1.0014907623300000E+05
  2.9113114274700000E+06   2.7774904713440002E+06  -9.8082525855999993E+04
  2.9116249527860000E+06   2.7795677738120002E+06  -9.9291877443000005E+04
  2.9102833785899999E+06   2.7800797080219998E+06  -1.0131357507100000E+05
  2.8408828582299999E+06   2.6864645288430001E+06  -1.1026703017400000E+05
  2.8427508107090001E+06   2.6876168614579998E+06  -1.0931391658100000E+05
  2.8417581851809998E+06   2.6883422799740001E+06  -1.1134610080099999E+05
  2.8934236036910000E+06   2.8281902223520000E+06  -1.5715861730799999E+05
  2.8922429089500001E+06   2.8293231647390001E+06  -1.5898570415400001E+05
  2.9343796094330000E+06   2.8501845415050001E+06  -1.1710226250899999E+05
  2.9297157627050001E+06   2.7904728344620001E+06  -8.4073998642999999E+04
  2.8784721198860002E+06   2.7409942480460000E+06  -1.1463564601100000E+05
  2.8800808090080000E+06   2.7425899308230001E+06  -1.1381957526200000E+05
  2.8797822933060001E+06   2.8052983528880002E+06  -1.6874737376700001E+05
  2.7918827188849999E+06   2.6933004311650000E+06  -1.6321416254300001E+05
  2.8581067568410002E+06   2.7567216567199999E+06  -1.6401416476799999E+05
  2.8314867993830000E+06   2.6727390122389998E+06  -1.0536894847600001E+05
  2.8113738648259998E+06   2.7061345832520002E+06  -1.6449849969900001E+05
  2.8923141049970002E+06   2.8202367336430000E+06  -1.5594678408200000E+05
  2.8934583604770000E+06   2.8210397765680002E+06  -1.5430458466500000E+05
  2.9120221760630002E+06   2.8330262618900002E+06  -1.3560787364199999E+05
  2.9108204554220000E+06   2.8339705109060002E+06  -1.3745536172099999E+05
  2.8260084545220002E+06   2.6822985909060002E+06  -1.2167593199800000E+05
  2.8643646615519999E+06   2.8468323340909998E+06  -2.0009866522500000E+05
  2.8841343518139999E+06   2.8619778255329998E+06  -1.7323478392500000E+05
  2.8063701674609999E+06   2.6841417390040001E+06  -1.3954203727599999E+05
  2.8039934770220001E+06   2.6836550115069998E+06  -1.3975995749599999E+05
  2.8029233721309998E+06   2.6821982865040000E+06  -1.3820421764100000E+05
  2.8297247844969998E+06   2.7124106061680000E+06  -1.5240636205400000E+05
  2.9165739155359999E+06   2.8627048336379998E+06  -1.3863543416599999E+05
  2.8148951374670002E+06   2.7147316114929998E+06  -1.7275356611000001E+05
  2.8711767214409998E+06   2.7684275691290000E+06  -1.5299958910700001E+05
  2.9105026976770000E+06   2.8443411260159998E+06  -1.4134433155599999E+05
  2.8791975602279999E+06   2.7494170735220001E+06  -1.2169531430500001E+05
  2.9037328286509998E+06   2.7882468785540001E+06  -1.1741132738600000E+05
  2.9131216714599999E+06   2.8675580937270001E+06  -1.4273837232500000E+05
  2.8502697537050000E+06   2.7827421809810000E+06  -2.0752825673299999E+05
  2.8866387162460000E+06   2.8093750657489998E+06  -1.6132531883300000E+05
  2.8050878467450002E+06   2.6850465016580001E+06  -1.4135392538299999E+05
  2.9433193398449998E+06   2.8017757220780002E+06  -7.5988861459000007E+04
  2.8630993590179998E+06   2.8260655746180001E+06  -2.0474389421200001E+05
  2.9063916845519999E+06   2.8044265450950000E+06  -1.2689025905500000E+05
  2.8460684892670000E+06   2.7291998350789999E+06  -1.5134495110599999E+05
  2.8573961295289998E+06   2.7015315164609998E+06  -1.0637097684900000E+05
  2.8598706374499998E+06   2.7049592915269998E+06  -1.0620581279800000E+05
  2.8869368256440000E+06   2.8214655222860002E+06  -1.6447574640400000E+05
  2.8068455971550001E+06   2.6905914833900002E+06  -1.4761025796100000E+05
  2.8501999162519998E+06   2.6871503284200002E+06  -9.9069833599999998E+04
  2.8518794126680000E+06   2.7821564323280002E+06  -2.0363735149100001E+05
  2.8243817271710001E+06   2.6976386142090000E+06  -1.4191359404100000E+05
  2.8276416957709999E+06   2.7425819189149998E+06  -1.9656272111799999E+05
  2.9216431353090000E+06   2.8648185250550001E+06  -1.3402664211900000E+05
  2.9233257349689999E+06   2.7718480568710002E+06  -7.8114980385000003E+04
  2.9007241398720001E+06   2.8289797046599998E+06  -1.4741261983000001E+05
  2.9090832338109999E+06   2.8302433796080002E+06  -1.3808934393599999E+05
  2.9311172113649999E+06   2.7962408444510000E+06  -8.6193081781999994E+04
  2.8905020516200000E+06   2.7757580175780002E+06  -1.2877009075100000E+05
  2.8648491924510002E+06   2.7790446657790001E+06  -1.7531209124199999E+05
  2.8654874088289998E+06   2.7780610382240000E+06  -1.7321777631500000E+05
  2.9286013187040002E+06   2.7672823319899999E+06  -6.9579969897999996E+04
  2.8673405946289999E+06   2.7892142819320001E+06  -1.8019088462800000E+05
  2.8683882186039998E+06   2.7914990660319999E+06  -1.8003850380999999E+05
  2.8541453533999999E+06   2.7840373390680002E+06  -2.0113257704999999E+05
  2.9055441128270002E+06   2.8355159818350002E+06  -1.4411743106999999E+05
  2.8394257531920001E+06   2.7482752223470001E+06  -1.8407976343799999E+05
  2.9032186481579999E+06   2.8423482723460002E+06  -1.4838010473500000E+05
  2.8403675045830002E+06   2.7583202647389998E+06  -1.9627967210500001E+05
  2.8611270370160001E+06   2.7985965371639999E+06  -2.0082080514200000E+05
  2.8322231820540000E+06   2.6853718036050000E+06  -1.1897448776100000E+05
  2.8312610334560000E+06   2.6835084036260000E+06  -1.1791143418100000E+05
  2.9003136152650001E+06   2.7663285407300000E+06  -1.0402097492199999E+05
  2.8960128666860000E+06   2.7433854616850000E+06  -9.1201666400999995E+04
  2.8767036485730000E+06   2.8004937970360001E+06  -1.7126979365700000E+05
  2.8655797680440000E+06   2.8460074395860001E+06  -1.9821219700700001E+05
  2.9114291367670000E+06   2.8669139927019998E+06  -1.4428113560700000E+05
  2.8452958515189998E+06   2.7609591300479998E+06  -1.8983790669400000E+05
  2.8463390345399999E+06   2.7669762566439998E+06  -1.9604023731800000E+05
  2.9077702514709998E+06   2.8489637851350000E+06  -1.4490835050700000E+05
  2.9076752029809998E+06   2.8465132983789998E+06  -1.4458268425300001E+05
  2.8832550713419998E+06   2.7795720473969998E+06  -1.4311450470399999E+05
  2.8455346391710001E+06   2.7443792752910000E+06  -1.6867081617400001E+05
  2.9017551260270001E+06   2.8741698228569999E+06  -1.5489368606800001E+05
  2.9231769806220001E+06   2.8224125417010002E+06  -1.1494690796000000E+05
  2.8787690562029998E+06   2.7473899935309999E+06  -1.2045155822799999E+05
  2.8799000683160000E+06   2.7469782657380002E+06  -1.1839807355800000E+05
  2.8794238124710000E+06   2.7449745489150002E+06  -1.1713545132599999E+05
  2.8810263217130001E+06   2.7465724759160001E+06  -1.1633074155999999E+05
  2.8815013385150000E+06   2.7485840920290002E+06  -1.1760295917500000E+05
  2.8826328753060000E+06   2.7482021748939999E+06  -1.1552522154100001E+05
  2.8805530765209999E+06   2.7445792887829999E+06  -1.1507400198700000E+05
  2.8803724318789998E+06   2.7489850367040001E+06  -1.1966946292799999E+05
  2.8652883196899998E+06   2.6965772291770000E+06  -8.8914245353999999E+04
  2.8610500966300000E+06   2.7534756311920001E+06  -1.5523167446499999E+05
  2.8626222177490001E+06   2.7569627919660001E+06  -1.5677924095300000E+05
  2.8388830871919999E+06   2.6879216808469999E+06  -1.1430812723699999E+05
  2.8883512343380000E+06   2.8138570234190002E+06  -1.6062858948500000E+05
  2.8349711088319998E+06   2.6977378132650000E+06  -1.3066676347700000E+05
  2.8339329009409999E+06   2.6958796459610001E+06  -1.3004136154200000E+05
  2.9058159848480001E+06   2.8378828807029999E+06  -1.4466926755799999E+05
  2.9143502450469998E+06   2.7535332704420001E+06  -7.6394489128999994E+04
  2.9150051886339998E+06   2.7523140440560002E+06  -7.4450699966000000E+04
  2.9335293655860000E+06   2.7815990588489999E+06  -7.3950782668000000E+04
  2.8775821469109999E+06   2.7929992627409999E+06  -1.6413830678099999E+05
  2.8184961315049999E+06   2.7140986029849998E+06  -1.6717896311600000E+05
  2.9451639812799999E+06   2.8025867692470001E+06  -7.4680148707999993E+04
  2.9197839886269998E+06   2.8160242067310000E+06  -1.1536092146899999E+05
  2.9386697741359998E+06   2.8238349649760001E+06  -9.6455244321000006E+04
  2.8692990926959999E+06   2.8444175794330002E+06  -1.9236954691999999E+05
  2.8682993958200002E+06   2.8459097520150002E+06  -1.9386212265199999E+05
  2.8669539989049998E+06   2.8451755548160002E+06  -1.9607130079499999E+05
  2.8364467550220001E+06   2.7278240100920000E+06  -1.6267238813599999E+05
  2.8981110491860001E+06   2.7883998908030000E+06  -1.2690382398099999E+05
  2.8979136495280000E+06   2.7900826271360000E+06  -1.2857564468899999E+05
  2.9272336818390000E+06   2.8202223846470001E+06  -1.0809840191000000E+05
  2.8754532901249998E+06   2.7895744934979999E+06  -1.6510133404099999E+05
  2.8747979316329998E+06   2.7873326825339999E+06  -1.6458616515200000E+05
  2.8441658779389998E+06   2.7552810810540002E+06  -1.8469713031000001E+05
  2.9044767592940000E+06   2.7936636321520000E+06  -1.2047981232700001E+05
  2.9056522319260002E+06   2.7957164540100000E+06  -1.2024355498700000E+05
  2.9043572350829998E+06   2.7953166260440000E+06  -1.2221702297000001E+05
  2.8970632175030001E+06   2.7520991502589998E+06  -9.7767247317000001E+04
  2.8988774373289999E+06   2.7537793893530001E+06  -9.6775499907999998E+04
  2.8974787574189999E+06   2.7541205396240000E+06  -9.8951278992000007E+04
  2.8310842322359998E+06   2.6961753307300000E+06  -1.3388026847899999E+05
  2.8246812711479999E+06   2.6908647308970001E+06  -1.3382655748900000E+05
  2.9212870334970001E+06   2.7821979592539999E+06  -8.8682601563999997E+04
  2.9037518048689999E+06   2.8148467109810002E+06  -1.3724259799000001E+05
  2.8920640170439999E+06   2.7538999552110001E+06  -1.0585567382900001E+05
  2.8186263604730000E+06   2.7354997867609998E+06  -2.0051100924099999E+05
  2.8202670478429999E+06   2.7364156235520002E+06  -1.9930656695899999E+05
  2.8681567012470001E+06   2.7772330264659999E+06  -1.6745564493099999E+05
  2.8475712324230000E+06   2.7708951750260000E+06  -1.9850930469500000E+05
  2.9483831674440000E+06   2.8295934215270001E+06  -8.9645669699000005E+04
  2.9493291438750001E+06   2.8317936824750002E+06  -8.9996441462000003E+04
  2.9512018836880000E+06   2.8325778606349998E+06  -8.8540909092000002E+04
  2.8289530340379998E+06   2.7064479978140001E+06  -1.4690585864200001E+05
  2.8859580295970002E+06   2.7183945611669999E+06  -8.3877545052000001E+04
  2.8345705751930000E+06   2.7520740968209999E+06  -1.9740857118599999E+05
  2.8814484468029998E+06   2.7593691001149998E+06  -1.2807345103900001E+05
  2.8898041107160002E+06   2.7717008773579998E+06  -1.2630735036500001E+05
  2.8912168247280000E+06   2.7734291537350002E+06  -1.2540440067800001E+05
  2.8908849198639998E+06   2.7713864459890001E+06  -1.2418709003399999E+05
  2.8922594327819999E+06   2.7731342636320000E+06  -1.2325561240300001E+05
  2.8929679810560001E+06   2.7707775317620002E+06  -1.1987638484100001E+05
  2.8465411977690002E+06   2.7648054303190000E+06  -1.9251376285599999E+05
  2.8318764993440001E+06   2.7423413956180001E+06  -1.8936980583600001E+05
  2.8847855240460001E+06   2.7347625418759999E+06  -9.9993376296000002E+04
  2.8695055846259999E+06   2.7948540021589999E+06  -1.8063459300600001E+05
  2.8525126879949998E+06   2.7055563425260000E+06  -1.1689074470000000E+05
  2.8544465909270002E+06   2.7071515884179999E+06  -1.1584269389200000E+05
  2.8929055450350000E+06   2.7771902060440001E+06  -1.2570997650400001E+05
  2.8900021419360000E+06   2.7141147068150002E+06  -7.5119449552999999E+04
  2.8904949534319998E+06   2.7160441975810002E+06  -7.5943071171000003E+04
  2.8914768540940001E+06   2.7134621908109998E+06  -7.3194019862999994E+04
  2.9461864967689998E+06   2.8081949618319999E+06  -7.7524367979999995E+04
  2.8918811212459998E+06   2.7938278142390000E+06  -1.4130753203199999E+05
  2.9031767244549999E+06   2.7932610444629998E+06  -1.2245984963200000E+05
  2.9042435258070002E+06   2.7969733248810000E+06  -1.2394712936799999E+05
  2.8614618716970002E+06   2.7125190290839998E+06  -1.1152926002900000E+05
  2.8624948849740000E+06   2.7120707086339998E+06  -1.0944742395400000E+05
  2.8641672744250000E+06   2.7135413733569998E+06  -1.0864371641199999E+05
  2.8604076949749999E+06   2.7129688253310001E+06  -1.1364577074900000E+05
  2.8368633860280002E+06   2.7575254436440002E+06  -2.0162399017999999E+05
  2.8386180505390000E+06   2.7589936648070002E+06  -2.0078893603899999E+05
  2.8364344087040001E+06   2.6955600612039999E+06  -1.2676106265199999E+05
  2.8471421184740001E+06   2.7574025957499999E+06  -1.8209607130499999E+05
  2.8465384664400001E+06   2.7583042431089999E+06  -1.8424898183999999E+05
  2.8980813522930001E+06   2.7356911772429999E+06  -8.2371900466999999E+04
  2.8662942552919998E+06   2.8019152390970001E+06  -1.9199468205599999E+05
  2.9212697408579998E+06   2.7874268737220000E+06  -9.2133614222000004E+04
  2.8919149345109998E+06   2.8343666342850002E+06  -1.6071486025900001E+05
  2.9309258660240001E+06   2.7820863277329998E+06  -7.7385519931999996E+04
  2.9173409244039999E+06   2.8421336922289999E+06  -1.3311635622500000E+05
  2.8703321761230002E+06   2.8022684574790001E+06  -1.8446685201500001E+05
  2.8996547730359999E+06   2.7871360579869999E+06  -1.2326567956600001E+05
  2.8982930664869999E+06   2.7867829922719998E+06  -1.2523679677299999E+05
  2.8984048563680002E+06   2.7852941302840002E+06  -1.2359955845100000E+05
  2.9282379878619998E+06   2.8494016345569999E+06  -1.2408782203600000E+05
  2.9234100000660000E+06   2.8470168333700001E+06  -1.2859300411900000E+05
  2.8395068290769998E+06   2.7586488129240000E+06  -1.9853106120900001E+05
  2.8689217961869999E+06   2.6990429751860001E+06  -8.6966327990000005E+04
  2.9029463496510000E+06   2.7965734596070000E+06  -1.2592450328500000E+05
  2.9441887460280000E+06   2.8004471375330002E+06  -7.4203565753000003E+04
  2.8210360948660001E+06   2.7140270294070002E+06  -1.6399623885900000E+05
  2.8789704552549999E+06   2.7728629346099999E+06  -1.4366657690499999E+05
  2.9100896784870001E+06   2.7531494071889999E+06  -8.1073277935000006E+04
  2.9083803391479999E+06   2.7522918569870000E+06  -8.2509800656000007E+04
  2.8042056460449998E+06   2.6812275210540001E+06  -1.3643841401600000E+05
  2.8725870948490002E+06   2.7014833500520000E+06  -8.5084902589000005E+04
  2.8396457325430000E+06   2.7102973172289999E+06  -1.3861342257800000E+05
  2.8415580073859999E+06   2.7113383779989998E+06  -1.3741879038500000E+05
  2.8833986442220001E+06   2.8012938123460002E+06  -1.6090700777699999E+05
  2.8840329823889998E+06   2.8036079371460001E+06  -1.6149655830500001E+05
  2.8250356634180001E+06   2.6869815571030001E+06  -1.2879033200500000E+05
  2.8270462787839998E+06   2.6877834427979998E+06  -1.2787590789500000E+05
  2.8893008015930001E+06   2.7914121591420001E+06  -1.4342360980400001E+05
  2.9126740699740001E+06   2.7711909486630000E+06  -9.1120727926000007E+04
  2.9195948780260002E+06   2.8492232446570001E+06  -1.3308771593999999E+05
  2.9184370920930002E+06   2.8508047224840000E+06  -1.3459940100799999E+05
  2.9165983633249998E+06   2.8499524224430001E+06  -1.3630349705800001E+05
  2.9173275284420000E+06   2.8525173973940001E+06  -1.3607169133199999E+05
  2.9178459919710001E+06   2.8548523931769999E+06  -1.3599714785000001E+05
  2.8949565060239998E+06   2.7911138593110000E+06  -1.3411252613200000E+05
  2.9287074192090002E+06   2.8154262296690000E+06  -1.0298170771300000E+05
  2.8539374618730000E+06   2.6843589972859998E+06  -9.0513729676000003E+04
  2.9346065601869998E+06   2.8367055844120001E+06  -1.0947344340100000E+05
  2.8292575787000000E+06   2.7201737109269998E+06  -1.6245864663500001E+05
  2.9111634813520000E+06   2.7472585005310001E+06  -7.4877920008999994E+04
  2.8638689900580002E+06   2.7986709698410002E+06  -1.9509495401500000E+05
  2.8111333439739998E+06   2.7236904154360001E+06  -1.9238575872600000E+05
  2.8761913618170000E+06   2.7885355734899999E+06  -1.6306593425300001E+05
  2.8698550451310002E+06   2.8277498382339999E+06  -1.9198218847900000E+05
  2.8853266398000000E+06   2.7903013176699998E+06  -1.4892236225700000E+05
  2.8453687318930002E+06   2.6753345243620002E+06  -8.9994835582999993E+04
  2.9162582703900002E+06   2.7649622921400000E+06  -8.1505406969999996E+04
  2.8751143294580001E+06   2.8109540126930000E+06  -1.8094261137800000E+05
  2.8738893568879999E+06   2.8095617363519999E+06  -1.8248517728000000E+05
  2.8874720686650001E+06   2.8625162205920001E+06  -1.6918375625499999E+05
  2.8919839316079998E+06   2.7645622668530000E+06  -1.1629080907700000E+05
  2.8943405481309998E+06   2.7725151654780000E+06  -1.1895279984599999E+05
  2.8178162201330001E+06   2.6812849104610002E+06  -1.2756885305600001E+05
  2.9332685192260002E+06   2.8005781375850001E+06  -8.6782578513999993E+04
  2.9315937975160000E+06   2.7998100742370002E+06  -8.8299013649999994E+04
  2.9325332782200002E+06   2.8020252547840001E+06  -8.8659009774999999E+04
  2.9308740345399999E+06   2.8011584465370001E+06  -9.0089613563999999E+04
  2.9316651959219999E+06   2.8032256373290000E+06  -9.0529651668999999E+04
  2.9300585395670002E+06   2.8023203772410001E+06  -9.1870184162999998E+04
  2.9342733246729998E+06   2.8028613861260000E+06  -8.7109281321000002E+04
  2.8840042576250001E+06   2.7306068988810000E+06  -9.7538058585999999E+04
  2.9119863502170001E+06   2.8754571807189998E+06  -1.4502865901900001E+05
  2.9131112837919998E+06   2.8738155719519998E+06  -1.4369138351099999E+05
  2.9148054682109999E+06   2.8744895711389999E+06  -1.4215152727100000E+05
  2.9223334712540000E+06   2.7697206683870000E+06  -7.7636195504000003E+04
  2.8368364977219999E+06   2.7237900760539998E+06  -1.5772595063599999E+05
  2.8707278248919998E+06   2.7869579086500001E+06  -1.7188111794299999E+05
  2.8713910873349998E+06   2.7892023408570001E+06  -1.7238358706900000E+05
  2.8727390562910000E+06   2.7904099863910000E+06  -1.7080689782000001E+05
  2.8734009295720002E+06   2.7926415840570000E+06  -1.7130201410299999E+05
  2.8720537282520002E+06   2.7914318997640000E+06  -1.7287569350500000E+05
  2.8740553003600002E+06   2.7948539026509998E+06  -1.7179617865799999E+05
  2.8566953751820000E+06   2.6900887385430001E+06  -9.4059957890999998E+04
  2.8787363683950002E+06   2.8173895420240001E+06  -1.7634757623300000E+05
  2.8481433587570000E+06   2.7512997600059998E+06  -1.7272996805299999E+05
  2.8210979949530000E+06   2.7176940750449998E+06  -1.6912875593900000E+05
  2.9223098253110000E+06   2.7626296136269998E+06  -7.3300388099000003E+04
  2.8597288183990000E+06   2.7694044302550000E+06  -1.7429318557300000E+05
  2.8892945138659999E+06   2.7211809547330001E+06  -8.1724489107999994E+04
  2.8700395655910000E+06   2.7880001681039999E+06  -1.7397113674300001E+05
  2.9310946835619998E+06   2.8075967612890000E+06  -9.4140453399000005E+04
  2.9300126774729998E+06   2.8055131310879998E+06  -9.4061093378999998E+04
  2.9294160424899999E+06   2.8070439532690002E+06  -9.5781588640999995E+04
  2.9305304114500000E+06   2.8091668412830001E+06  -9.5848138078000004E+04
  2.9299954220570000E+06   2.8107589187869998E+06  -9.7590099791000001E+04
  2.9276934903759998E+06   2.8065204470290001E+06  -9.7494465364999996E+04
  2.8746770382829998E+06   2.7636810664090002E+06  -1.4149007387299999E+05
  2.8674605649560001E+06   2.7510782619599998E+06  -1.4098934812000001E+05
  2.8663369995809998E+06   2.7513591352340002E+06  -1.4310576693099999E+05
  2.8660276045300001E+06   2.7493786221750001E+06  -1.4172751272500001E+05
  2.8649004629040002E+06   2.7496055257609999E+06  -1.4379956648899999E+05
  2.8646272815330001E+06   2.7476597130840002E+06  -1.4239607695700001E+05
  2.8682203588769999E+06   2.7550442974049998E+06  -1.4359892957599999E+05
  2.8419183263590001E+06   2.7686671105300002E+06  -2.0702633357399999E+05
  2.8516667370540001E+06   2.7781739337120000E+06  -1.9920890932300000E+05
  2.8628241764819999E+06   2.7422102487349999E+06  -1.4017604596799999E+05
  2.8641231003930001E+06   2.7438765173620000E+06  -1.3962288087500000E+05
  2.9268961652589999E+06   2.8608046892829998E+06  -1.2838910905600000E+05
  2.9382465174320000E+06   2.8078328201979999E+06  -8.5900414208000002E+04
  2.9371122021140000E+06   2.8057452349270000E+06  -8.5787611380999995E+04
  2.8442198721929998E+06   2.7212292792870002E+06  -1.4491030569899999E+05
  2.8619947976890001E+06   2.7257818311879998E+06  -1.2398542920000000E+05
  2.8296495648050001E+06   2.7377021133630001E+06  -1.8581727826399999E+05
  2.8450061112509998E+06   2.7343187851169999E+06  -1.5847851468900000E+05
  2.8213197983920001E+06   2.7215186146590002E+06  -1.7418419229899999E+05
  2.9014578002980002E+06   2.8566722976170001E+06  -1.5251026938000001E+05
  2.9353860766099999E+06   2.8051640072160000E+06  -8.7357269671000002E+04
  2.7981019451350002E+06   2.7000200336230001E+06  -1.7017123282199999E+05
  2.7966257799340002E+06   2.6987128905630000E+06  -1.6905348107700000E+05
  2.8978673496920001E+06   2.7225771084530000E+06  -7.2519328059000007E+04
  2.8984275182079999E+06   2.7245464707360002E+06  -7.3344266189000002E+04
  2.8509022185920002E+06   2.6940732094120001E+06  -1.0670120437100000E+05
  2.8519675068600001E+06   2.6961353006890002E+06  -1.0769054576300000E+05
  2.8506760953150000E+06   2.6968303703709999E+06  -1.1002341984900000E+05
  2.8893721221139999E+06   2.7167056098830001E+06  -7.7915681125000003E+04
  2.8357190949619999E+06   2.7150504281219998E+06  -1.4894929680000001E+05
  2.8870855990340002E+06   2.7839018256259998E+06  -1.4063418539400000E+05
  2.8826254197479999E+06   2.7717431076270002E+06  -1.3754975311699999E+05
  2.8822789805250000E+06   2.7697263608539999E+06  -1.3634442222300000E+05
  2.8806823886839999E+06   2.7681127585379998E+06  -1.3712976657099999E+05
  2.8819110519849998E+06   2.7677188414380001E+06  -1.3512074591299999E+05
  2.8834430747790001E+06   2.7693672903689998E+06  -1.3428708536200001E+05
  2.8872078986769998E+06   2.7468398838930000E+06  -1.0729064887500000E+05
  2.8883929596239999E+06   2.7464588473160001E+06  -1.0527852246199999E+05
  2.8389217382749999E+06   2.6750785355460001E+06  -9.8321394541000001E+04
  2.8624054639490000E+06   2.7212444064020002E+06  -1.1907908388999999E+05
  2.8637715165820001E+06   2.7208869968539998E+06  -1.1661463107000000E+05
  2.8650587918940000E+06   2.7225811376829999E+06  -1.1651732845200000E+05
  2.8603364759010002E+06   2.7175232863050001E+06  -1.1846961005100000E+05
  2.8328382137500001E+06   2.7012198627619999E+06  -1.3693873520100000E+05
  2.8892604358669999E+06   2.8213355230000000E+06  -1.6112021880999999E+05
  2.8517626100450000E+06   2.7715045537120001E+06  -1.9109751160000000E+05
  2.8533522972680000E+06   2.7731649212730001E+06  -1.8995851726299999E+05
  2.8938550285700001E+06   2.7329351259920001E+06  -8.5811935029999993E+04
  2.8420998555129999E+06   2.7311214537189999E+06  -1.5895775008299999E+05
  2.9138573296440002E+06   2.7653544557599998E+06  -8.4861316053000002E+04
  2.8332539224500000E+06   2.6789957211350002E+06  -1.1106443456400000E+05
  2.8539326947169998E+06   2.6922254807010000E+06  -1.0050348775299999E+05
  2.8549487454209998E+06   2.6944467838470000E+06  -1.0191862334200001E+05
  2.8535204473279999E+06   2.6946488844150002E+06  -1.0406906717500000E+05
  2.8375672792940000E+06   2.7392557111979998E+06  -1.7579499522000001E+05
  2.9063198702210002E+06   2.7400715715350001E+06  -7.4901557067999995E+04
  2.9189379815429999E+06   2.7762183956309999E+06  -8.7105538878000007E+04
  2.9205628167249998E+06   2.7780666683240002E+06  -8.6534465989999997E+04
  2.8466401311499998E+06   2.7084543139370000E+06  -1.2794290934100001E+05
  2.8473009315040000E+06   2.7073887613209998E+06  -1.2592998130100001E+05
  2.8462886673110002E+06   2.7055106196710002E+06  -1.2505935209000000E+05
  2.8479724077150002E+06   2.7064131591389999E+06  -1.2400524457600000E+05
  2.8812618218620000E+06   2.7530152296859999E+06  -1.2219543619500000E+05
  2.9022848550029998E+06   2.7554124885260002E+06  -9.3326782997999995E+04
  2.8373291228749999E+06   2.6786803426720002E+06  -1.0604333675900000E+05
  2.8739754397029998E+06   2.6980178606480001E+06  -8.0055934546000004E+04
  2.8280694237469998E+06   2.7183006836430002E+06  -1.6157166803000000E+05
  2.8287710420550001E+06   2.7173045138989999E+06  -1.5951005491899999E+05
  2.8970976337179998E+06   2.7477111280979998E+06  -9.3328206059000004E+04
  2.9214841573230000E+06   2.8286743967539999E+06  -1.2113748089300000E+05
  2.8491475554960002E+06   2.6801932114229999E+06  -9.1286024399000002E+04
  2.8818887170480001E+06   2.8111625373240001E+06  -1.6816941931100001E+05
  2.8275610190400002E+06   2.7154437706800001E+06  -1.5860521690999999E+05
  2.8294779086580002E+06   2.7163078289239998E+06  -1.5744166545500001E+05
  2.9090290421569999E+06   2.7430683255300000E+06  -7.3877901561000006E+04
  2.8980446547490000E+06   2.7174234403130002E+06  -6.8941799929000001E+04
  2.8674669138079998E+06   2.7210972762940000E+06  -1.1158881332700000E+05
  2.9031735637010001E+06   2.7738699064969998E+06  -1.0694927908900000E+05
  2.8657319400499999E+06   2.7474327730399999E+06  -1.4035969895100000E+05
  2.8643654172490002E+06   2.7457469167789998E+06  -1.4100539064500001E+05
  2.8969705531339999E+06   2.7737963616909999E+06  -1.1601727118000000E+05
  2.8987151599829998E+06   2.7775510765689998E+06  -1.1631058535300000E+05
  2.8231701529620001E+06   2.7109430957479998E+06  -1.5789845564400000E+05
  2.8219290565570001E+06   2.7091344147500000E+06  -1.5695993009300000E+05
  2.8199661330530001E+06   2.7083516040980001E+06  -1.5806245890400000E+05
  2.8699970123069999E+06   2.7310349738179999E+06  -1.1768861900599999E+05
  2.8689970662570000E+06   2.7315645583690000E+06  -1.1960882865800000E+05
  2.8705500481840000E+06   2.7330795281019998E+06  -1.1879811322499999E+05
  2.8695151266069999E+06   2.7335409710260001E+06  -1.2070497472200000E+05
  2.9285628200340001E+06   2.8554530952900001E+06  -1.2561501977600000E+05
  2.8811914142729999E+06   2.7358894623440001E+06  -1.0603101566400001E+05
  2.8792880025900002E+06   2.7320150725810002E+06  -1.0536869874199999E+05
  2.8600688484930000E+06   2.8057935817290000E+06  -2.0773413776099999E+05
  2.9129212309249998E+06   2.7790616481030001E+06  -9.7245956896000003E+04
  2.8751916720949998E+06   2.8252675288689998E+06  -1.8295679726600001E+05
  2.8809929431019998E+06   2.7573937692080000E+06  -1.2679118378300000E+05
  2.8971690069990000E+06   2.7969155134160002E+06  -1.3523415492800000E+05
  2.8983235183000001E+06   2.7989804872189998E+06  -1.3495499476900001E+05
  2.8460840281839999E+06   2.7123786291570002E+06  -1.3299796895800001E+05
  2.9267111244919999E+06   2.8273142660500002E+06  -1.1287561242300000E+05
  2.9281950972920000E+06   2.8278761899110000E+06  -1.1109938494800001E+05
  2.9449259579489999E+06   2.8166086323400000E+06  -8.4896195957000004E+04
  2.8738378124279999E+06   2.7597235863080001E+06  -1.3896181149800000E+05
  2.9409239116489999E+06   2.8172727729329998E+06  -8.9733399705000003E+04
  2.8875888807120002E+06   2.7659404067870001E+06  -1.2472666021099999E+05
  2.9033555201180000E+06   2.7336631006430001E+06  -7.3618746931000001E+04
  2.9290858061540001E+06   2.7845416336490000E+06  -8.1104419867000004E+04
  2.8951433700430002E+06   2.8644469542870000E+06  -1.6004032771799999E+05
  2.8695472970050001E+06   2.7922776545540001E+06  -1.7842443477200001E+05
  2.8305206587950001E+06   2.7356692251639999E+06  -1.8152522913500000E+05
  2.8296839798539998E+06   2.7327675449330001E+06  -1.7859926851200001E+05
  2.8463611677919999E+06   2.7735063215720002E+06  -2.0407308733200000E+05
  2.8658694577509998E+06   2.8236487325990000E+06  -1.9880947254900000E+05
  2.8208896722189998E+06   2.7227653098690002E+06  -1.7644211115499999E+05
  2.8212838366810000E+06   2.7295001187390001E+06  -1.8653938206599999E+05
  2.8231940311739999E+06   2.7303468667500000E+06  -1.8501005998200001E+05
  2.8457082933490002E+06   2.7332432180289999E+06  -1.5633713711600000E+05
  2.8821688048430001E+06   2.7462140256110001E+06  -1.1426561714100000E+05
  2.8817031741459998E+06   2.7442303384690001E+06  -1.1301276446500000E+05
  2.8311454263060000E+06   2.7210692506220001E+06  -1.6128100818100001E+05
  2.8707616384100001E+06   2.7962105972420000E+06  -1.7930927830999999E+05
  2.9118597050190000E+06   2.7816787187859998E+06  -1.0044570344899999E+05
  2.9137008187719998E+06   2.7853828918329999E+06  -1.0069028651300000E+05
  2.9154798554710001E+06   2.7891399534140001E+06  -1.0081892789599999E+05
  2.9141510687580002E+06   2.7896795614669998E+06  -1.0291312994300001E+05
  2.9144444604839999E+06   2.7918075398980002E+06  -1.0408185953900000E+05
  2.9160730784290000E+06   2.7933992194240000E+06  -1.0307453589600000E+05
  2.9470988989140000E+06   2.8439717699020002E+06  -9.9449458499999993E+04
  2.8412882364639998E+06   2.7181750229969998E+06  -1.4529453277500000E+05
  2.8848862636819999E+06   2.7103015871710000E+06  -7.8125127598000006E+04
  2.8960498634009999E+06   2.7675589672340001E+06  -1.1245641566600000E+05
  2.9072613158029998E+06   2.7617649874100001E+06  -9.0823198363000003E+04
  2.9216020269849999E+06   2.7709776569200000E+06  -7.9531429736000006E+04
  2.9243163846290000E+06   2.7739820678869998E+06  -7.8600800143999993E+04
  2.9286611241669999E+06   2.8262704025090002E+06  -1.0944387818299999E+05
  2.8483448972499999E+06   2.6885055912890001E+06  -1.0330009960200000E+05
  2.9184843950149999E+06   2.7725175337530002E+06  -8.4705984465999994E+04
  2.9070479692520001E+06   2.8673772044830001E+06  -1.4859566124799999E+05
  2.8653237663190002E+06   2.7409043661280000E+06  -1.3481705443399999E+05
  2.8608989592619999E+06   2.7838729012090000E+06  -1.8772027767899999E+05
  2.8834793973280001E+06   2.7979054102909998E+06  -1.5836195267800000E+05
  2.9321103363830000E+06   2.8326069874490001E+06  -1.0937894744200000E+05
  2.8464003904519998E+06   2.7183861747400002E+06  -1.3863231037299999E+05
  2.8425219016069998E+06   2.7639888127350002E+06  -2.0022596601800001E+05
  2.8760437271799999E+06   2.7694120862610000E+06  -1.4522880823600001E+05
  2.9164160425760001E+06   2.8371523448080001E+06  -1.3192832728500001E+05
  2.8693775555210002E+06   2.7857470596840000E+06  -1.7345961295300000E+05
  2.9061533031640002E+06   2.7446162508959998E+06  -7.9313563156000004E+04
  2.8940807159509999E+06   2.8166978362560002E+06  -1.5198702346400000E+05
  2.8380277020390001E+06   2.7122575030620000E+06  -1.4273774025900001E+05
  2.8915414516420001E+06   2.7754627312030001E+06  -1.2662675404099999E+05
  2.9214662687260001E+06   2.8164800654440001E+06  -1.1355977885700000E+05
  2.8541981314739999E+06   2.7313873507969999E+06  -1.4215499287500000E+05
  2.8135523086350001E+06   2.7031016842200002E+06  -1.5825988366399999E+05
  2.8679391661530002E+06   2.7230446609419999E+06  -1.1290559293499999E+05
  2.8420530678980001E+06   2.7172510656430000E+06  -1.4320386801599999E+05
  2.9213321764190001E+06   2.8112097894279999E+06  -1.0996797530500000E+05
  2.8007929929539999E+06   2.7032800944830002E+06  -1.7286263063000000E+05
  2.8025274487839998E+06   2.7066351373290000E+06  -1.7575408360099999E+05
  2.8410394661470000E+06   2.7623663142100000E+06  -2.0121543750100001E+05
  2.9034685752289998E+06   2.7611586982089998E+06  -9.5848574879000007E+04
  2.8887008134460002E+06   2.7655956630699998E+06  -1.2262455587800000E+05
  2.8732162437519999E+06   2.7231656628270000E+06  -1.0593178735499999E+05
  2.8538212317090002E+06   2.7094470704080001E+06  -1.1949391456200001E+05
  2.8700107008920000E+06   2.7153546629710002E+06  -1.0292197331000000E+05
  2.8712487004109998E+06   2.7147855215560002E+06  -1.0083491965600000E+05
  2.8707236166539998E+06   2.7125607517630002E+06  -9.9264839429000000E+04
  2.8725341093750000E+06   2.7144171562760002E+06  -9.8872191787000003E+04
  2.8729755124909999E+06   2.7164195795669998E+06  -1.0014533042200000E+05
  2.9051686365899998E+06   2.7504644816009998E+06  -8.5524235954999996E+04
  2.8760888984340001E+06   2.7106354043450002E+06  -9.0252338826000007E+04
  2.8343384200100000E+06   2.6732680594790000E+06  -1.0238093638000000E+05
  2.8060255183669999E+06   2.7149226590419998E+06  -1.8459907342700000E+05
  2.8862313017429998E+06   2.7535223841650002E+06  -1.1516253117000000E+05
  2.8445055074319998E+06   2.7424305736300000E+06  -1.6799535780100001E+05
  2.8894159346119999E+06   2.7632243660519999E+06  -1.1928664221900000E+05
  2.8794518255989999E+06   2.7685033101030001E+06  -1.3913848035900001E+05
  2.8841181404789998E+06   2.7734214588870001E+06  -1.3668737126099999E+05
  2.8837805481560002E+06   2.7713951755630001E+06  -1.3548799751399999E+05
  2.8518311170999999E+06   2.6933718589539998E+06  -1.0472477681200000E+05
  2.8805030439080000E+06   2.8308482018949999E+06  -1.7490503259200000E+05
  2.8927645563579998E+06   2.7190547044020002E+06  -7.5647270185999994E+04
  2.8700018757580002E+06   2.7585785478730001E+06  -1.4419498725000001E+05
  2.8938752025690000E+06   2.7180882141880002E+06  -7.3651506611999997E+04
  2.8711343008949999E+06   2.7521319836140000E+06  -1.3594859110300001E+05
  2.8722222076340001E+06   2.7518144372140002E+06  -1.3385589847499999E+05
  2.8718353684810000E+06   2.7498166166719999E+06  -1.3258858053300000E+05
  2.8733025457830001E+06   2.7514882994110002E+06  -1.3177037075500001E+05
  2.8729308424340002E+06   2.7494741729720002E+06  -1.3051643741899999E+05
  2.8737027078860002E+06   2.7534811044140002E+06  -1.3304599542500000E+05
  2.8714577593000000E+06   2.7478040849090000E+06  -1.3132904300999999E+05
  2.8725532761590001E+06   2.7474542270030002E+06  -1.2926649628399999E+05
  2.8710814346670001E+06   2.7457836349410000E+06  -1.3007666576500000E+05
  2.8721707265969999E+06   2.7454319235530002E+06  -1.2802231992400000E+05
  2.8707013177020000E+06   2.7437623477340001E+06  -1.2882955205899999E+05
  2.8717848193290001E+06   2.7434116606850000E+06  -1.2678535215000001E+05
  2.8703207620790000E+06   2.7417469445500001E+06  -1.2758852585900000E+05
  2.8713947854550001E+06   2.7413953744629999E+06  -1.2555858914900001E+05
  2.8699205823300001E+06   2.7397524566609999E+06  -1.2634584405699999E+05
  2.8709783074289998E+06   2.7393975011780001E+06  -1.2433381379700000E+05
  2.8728576113129999E+06   2.7430510650129998E+06  -1.2474910583200000E+05
  2.8694546705479999E+06   2.7378064224200002E+06  -1.2508190516100000E+05
  2.8704937414480001E+06   2.7374442831540001E+06  -1.2309160974400000E+05
  2.8689827184520001E+06   2.7358695961950002E+06  -1.2383680061900000E+05
  2.8688434032080001E+06   2.7400892461709999E+06  -1.2836962410500000E+05
  2.8707330959720002E+06   2.7606883572979998E+06  -1.4523138036700001E+05
  2.9018301948070000E+06   2.7407717207410000E+06  -8.1802680496000001E+04
  2.8812363337659999E+06   2.7422489976960002E+06  -1.1176404928399999E+05
  2.9003064751140000E+06   2.8663097327649998E+06  -1.5506899213299999E+05
  2.9046767199380002E+06   2.8058264400909999E+06  -1.3042158492900000E+05
  2.9086177210960002E+06   2.8086412761909999E+06  -1.2631835784400000E+05
  2.8331093821919998E+06   2.7287957542309999E+06  -1.6787855754400001E+05
  2.8313139078279999E+06   2.7279609768429999E+06  -1.6936192347899999E+05
  2.8885324401250002E+06   2.7843036476079999E+06  -1.3872754378300000E+05
  2.9087651640969999E+06   2.7784447461020001E+06  -1.0219215892600000E+05
  2.8575299608089998E+06   2.6920600859150002E+06  -9.5148785646000004E+04
  2.8591843711740002E+06   2.6933891145529998E+06  -9.4071064520999993E+04
  2.8030948633490000E+06   2.7114801635270002E+06  -1.8289911948200001E+05
  2.8292116584870000E+06   2.6951984275549999E+06  -1.3504460213700001E+05
  2.8423671488049999E+06   2.7201459909410002E+06  -1.4616797095799999E+05
  2.8426104442920000E+06   2.7133164994009999E+06  -1.3826768660700001E+05
  2.8681999522370002E+06   2.8101519636349999E+06  -1.9323151539099999E+05
  2.9248020434780000E+06   2.7922785125020002E+06  -9.0799586240999997E+04
  2.8932055113769998E+06   2.7941989904209999E+06  -1.3936300292400000E+05
  2.8894263860300002E+06   2.7897316348790000E+06  -1.4178435529199999E+05
  2.9088794004950002E+06   2.8068931610019999E+06  -1.2466166398000000E+05
  2.8664607873200001E+06   2.7451955156210000E+06  -1.3702841366300001E+05
  2.8757729324090001E+06   2.7175979285900001E+06  -9.7364199569000004E+04
  2.8295263631340000E+06   2.7467389619979998E+06  -1.9894187268599999E+05
  2.8723073956610002E+06   2.7775768641229998E+06  -1.6025204942900001E+05
  2.9013743509740001E+06   2.7787951714389999E+06  -1.1338282309100000E+05
  2.8771057978989999E+06   2.7349915623770002E+06  -1.1096097527800000E+05
  2.8655519967640000E+06   2.6861906590069998E+06  -7.7945916780000000E+04
  2.8673835966830002E+06   2.6874802742300001E+06  -7.7134750792999999E+04
  2.9090904724960001E+06   2.8454192246450000E+06  -1.4296059052299999E+05
  2.8705301395939998E+06   2.7174684526849999E+06  -1.0420521888900000E+05
  2.8693210594839999E+06   2.7180184588529998E+06  -1.0623815994000000E+05
  2.8848644819620000E+06   2.7054977317610001E+06  -7.4396585684999998E+04
  2.8831386979840002E+06   2.7041998410740001E+06  -7.5439065304999996E+04
  2.9493412854430000E+06   2.8146162679809998E+06  -7.8962719859999997E+04
  2.9475855279569998E+06   2.8139622899070000E+06  -8.0263575695000007E+04
  2.8885875343229999E+06   2.7592117505609998E+06  -1.1680191223000000E+05
  2.9187284605370001E+06   2.7645385978740002E+06  -7.8209023967000001E+04
  2.8666508220440000E+06   2.7305169199100002E+06  -1.2199781561799999E+05
  2.9078552376609999E+06   2.7338764293140001E+06  -6.9194358861999994E+04
  2.8014536210220000E+06   2.6952383271849998E+06  -1.5707689181199999E+05
  2.9063866322280001E+06   2.7595620083949999E+06  -9.0463571450999996E+04
  2.9256719630390001E+06   2.8196793569080001E+06  -1.0985184608300000E+05
  2.8842124409329998E+06   2.8296617265180000E+06  -1.6995713827100000E+05
  2.8853900292679998E+06   2.8284415834120000E+06  -1.6832876015500000E+05
  2.9482467115250002E+06   2.8461496716040000E+06  -9.9301451604999995E+04
  2.8607300367310001E+06   2.7040246564330002E+06  -1.0389425729300000E+05
  2.8615549013089999E+06   2.7059637354310001E+06  -1.0460696972400000E+05
  2.8664955127869998E+06   2.8476225815860000E+06  -1.9662698480499999E+05
  2.9012857925470001E+06   2.7855443106120001E+06  -1.1926219445400000E+05
  2.9117950788960001E+06   2.8041820251150001E+06  -1.1727543792300000E+05
  2.9131117970460001E+06   2.8061345928880000E+06  -1.1697661005100000E+05
  2.9099799071320002E+06   2.7951340963039999E+06  -1.1283245239900000E+05
  2.8024177904280000E+06   2.7078009414610001E+06  -1.7780703774400000E+05
  2.8756212758960002E+06   2.7222702160600000E+06  -1.0184168164000000E+05
  2.8914210605710000E+06   2.8097064692549999E+06  -1.5252994045900000E+05
  2.8506064177399999E+06   2.7676629483810002E+06  -1.8845774756799999E+05
  2.8524094964830000E+06   2.7695123116819998E+06  -1.8744641187000001E+05
  2.8970630912029999E+06   2.7821562335740002E+06  -1.2299543137000001E+05
  2.9388271725260001E+06   2.7942708070850000E+06  -7.6139793302000005E+04
  2.9381537786650001E+06   2.7920698979690000E+06  -7.5695448655000000E+04
  2.9370197741450001E+06   2.7930784046700001E+06  -7.7654161441999997E+04
  2.9362758728970001E+06   2.7946928116190000E+06  -7.9505897395000007E+04
  2.9371309569830000E+06   2.7969918312280001E+06  -7.9801811098000006E+04
  2.9345185898250001E+06   2.7936184131959998E+06  -8.1027841239000001E+04
  2.9288597312480002E+06   2.8316210029589999E+06  -1.1271585956800000E+05
  2.8511873465789999E+06   2.7393213143540001E+06  -1.5512063336300000E+05
  2.8834198505000002E+06   2.8357203324070000E+06  -1.7178108587400001E+05
  2.8835439290740001E+06   2.8381258904289999E+06  -1.7183478069300001E+05
  2.8608891051690001E+06   2.7746910029989998E+06  -1.7768710874600001E+05
  2.8287288306709998E+06   2.7348138845330002E+06  -1.8302673971500000E+05
  2.8006124662569999E+06   2.6983388721369999E+06  -1.6392321902500000E+05
  2.8983751831950000E+06   2.8733296471210001E+06  -1.5839585848299999E+05
  2.8686507572269998E+06   2.7111280454580002E+06  -1.0037636193899999E+05
  2.8713004994970001E+06   2.7113135576869999E+06  -9.7134412794999997E+04
  2.8977180262389998E+06   2.8025265433479999E+06  -1.3812695904300001E+05
  2.9255192479240000E+06   2.8322193910929998E+06  -1.1800082340900000E+05
  2.7952961730209999E+06   2.6971972867879998E+06  -1.6741962917999999E+05
  2.9092120065990002E+06   2.7509506765990001E+06  -8.0709630522000007E+04
  2.9075038054570002E+06   2.7500959078560001E+06  -8.2146581034999996E+04
  2.8229873875799999E+06   2.7148150829200000E+06  -1.6291254505600000E+05
  2.8854937961439998E+06   2.7869412766180001E+06  -1.4577089632400000E+05
  2.8376001422290001E+06   2.7160794613180002E+06  -1.4775119244200000E+05
  2.9012348938640002E+06   2.7498907869460001E+06  -9.0143289976999993E+04
  2.8610583389570001E+06   2.8038413735900000E+06  -2.0433417954899999E+05
  2.8164085512680002E+06   2.6779861608980000E+06  -1.2422350581800001E+05
  2.8113891624909998E+06   2.6785682304010000E+06  -1.2865066067800000E+05
  2.8754048638590002E+06   2.7268539671840002E+06  -1.0625618765599999E+05
  2.8706467097009998E+06   2.7285860327229998E+06  -1.1448558289999999E+05
  2.8832945633569998E+06   2.7566250590530001E+06  -1.2267426089600001E+05
  2.8918709095410001E+06   2.7774814835049999E+06  -1.2785789257000000E+05
  2.8881205618659998E+06   2.7507960234010001E+06  -1.0979452402000000E+05
  2.8873775230120001E+06   2.8392346499049999E+06  -1.6705116874699999E+05
  2.8641582731329999E+06   2.7664628952020002E+06  -1.6374672330400001E+05
  2.8175547088720002E+06   2.6896754274169998E+06  -1.3833115426200000E+05
  2.8887172740679998E+06   2.8103574284160002E+06  -1.5824383021799999E+05
  2.9105087392699998E+06   2.8145411733129998E+06  -1.2747577046800000E+05
  2.9006177336650002E+06   2.8031057845350001E+06  -1.3441452566900000E+05
  2.8933113964680000E+06   2.8357039687919999E+06  -1.5924553799800001E+05
  2.8827657327790000E+06   2.7653053599540000E+06  -1.3188370911699999E+05
  2.8973126396059999E+06   2.7289099755299999E+06  -7.7499757343999998E+04
  2.8711379599110000E+06   2.7306008860909999E+06  -1.1565573344200000E+05
  2.9408005464360001E+06   2.8121409805999999E+06  -8.6104979347000000E+04
  2.9024209075910002E+06   2.7395405741249998E+06  -7.9848491045000002E+04
  2.8378923866699999E+06   2.7189254174390002E+06  -1.5069857616999999E+05
  2.9081601196010001E+06   2.7639506215140000E+06  -9.1226203112999996E+04
  2.9091373650460001E+06   2.7661295073370002E+06  -9.1706471065999998E+04
  2.9083930749090002E+06   2.7675854243399999E+06  -9.3897543420000002E+04
  2.9082427971009999E+06   2.7965143841050002E+06  -1.1631587174500000E+05
  2.9034541977220001E+06   2.7759268941640002E+06  -1.0812086954400000E+05
  2.9355538807979999E+06   2.8106627072190000E+06  -9.0908746396999995E+04
  2.8755051879270002E+06   2.7333803632870000E+06  -1.1183202119699999E+05
  2.8552534118369999E+06   2.7403982125949999E+06  -1.5044750835399999E+05
  2.9024028040880002E+06   2.7878345264949999E+06  -1.1933379379200000E+05
  2.7983399891820000E+06   2.7052363453500001E+06  -1.7892473207900001E+05
  2.9460330010620002E+06   2.8012566941310000E+06  -7.2894225135999994E+04
  2.8710502670490001E+06   2.7350782615299998E+06  -1.1994047836100000E+05
  2.8529899507380002E+06   2.6798359873250001E+06  -8.6195344695000007E+04
  2.8768701206620000E+06   2.7394117012000000E+06  -1.1545470817500001E+05
  2.8789503732949998E+06   2.7429850162399998E+06  -1.1588258898000000E+05
  2.8855462247620001E+06   2.7388442218050002E+06  -1.0241815691000001E+05
  2.8841586228310000E+06   2.7606165613560001E+06  -1.2519295808600000E+05
  2.9075755985519998E+06   2.7788553889279999E+06  -1.0428252913500000E+05
  2.8478356872649998E+06   2.7686559949800000E+06  -1.9508617948399999E+05
  2.8792188989530001E+06   2.7877474511870001E+06  -1.5760343734900001E+05
  2.8696056095850002E+06   2.7441056398660000E+06  -1.3088638845100001E+05
  2.8875813285969999E+06   2.8463085550090000E+06  -1.6694377082500001E+05
  2.8863061075249999E+06   2.8476509660970001E+06  -1.6856690001499999E+05
  2.8335397772559999E+06   2.7433276480109999E+06  -1.8793299201300001E+05
  2.9263005670820000E+06   2.7782494788199998E+06  -7.9593025443999999E+04
  2.8986731241740002E+06   2.7344250227450002E+06  -8.0411169112999996E+04
  2.8614835138050001E+06   2.7404706344260001E+06  -1.4072812093400001E+05
  2.8564559144299999E+06   2.7122500084810001E+06  -1.1880791774600001E+05
  2.8306876169039998E+06   2.7181697391860001E+06  -1.5834832589199999E+05
  2.8313993803429999E+06   2.7171762124569998E+06  -1.5627814924699999E+05
  2.8720372651220001E+06   2.7236419587760000E+06  -1.0796561273300000E+05
  2.8939089024620000E+06   2.7998632190230000E+06  -1.4248676500900000E+05
  2.8671315310720000E+06   2.7491085758250002E+06  -1.3965372602000000E+05
  2.8105136142259999E+06   2.7200333040399998E+06  -1.8717950462100000E+05
  2.8314056012949999E+06   2.7433753889629999E+06  -1.9146355643000000E+05
  2.8808073496500002E+06   2.7510109686980001E+06  -1.2092098180600000E+05
  2.8778311684840000E+06   2.7433900340610002E+06  -1.1793871904800000E+05
  2.8463831548979999E+06   2.6823192511890000E+06  -9.7646131481000004E+04
  2.8873233127580001E+06   2.7823190699180001E+06  -1.3902473879100001E+05
  2.8730916476699999E+06   2.7386380737450002E+06  -1.2032616651500000E+05
  2.8123832407140001E+06   2.6801816147750001E+06  -1.3011499684399999E+05
  2.8112035319070001E+06   2.6809129517580001E+06  -1.3204579604799999E+05
  2.8906844146610000E+06   2.7112439347910001E+06  -7.2357140595000004E+04
  2.8892615985579998E+06   2.7504435493150000E+06  -1.0773522479900000E+05
  2.8861134347170000E+06   2.7642586050559999E+06  -1.2560193515500000E+05
  2.8830972801049999E+06   2.7502086394380000E+06  -1.1680237424000000E+05
  2.9428598554019998E+06   2.8338399464050001E+06  -9.8076924239999993E+04
  2.8324358337840000E+06   2.6745570816759998E+06  -1.0659432418300000E+05
  2.8741415735080000E+06   2.7850829838870000E+06  -1.6406674935500001E+05
  2.8727927881939998E+06   2.7838526425259998E+06  -1.6562737960799999E+05
  2.8617592994829998E+06   2.6940529329559999E+06  -9.0952610669999995E+04
  2.9220069671359998E+06   2.8390007028450002E+06  -1.2636616298800000E+05
  2.8703706915930002E+06   2.7481441110930000E+06  -1.3340479039300000E+05
  2.8750443794479999E+06   2.7313609091719999E+06  -1.1062969292099999E+05
  2.8379669306919998E+06   2.7526108359240000E+06  -1.9209482836000001E+05
  2.9025786675350000E+06   2.7349832999080000E+06  -7.5446613511000003E+04
  2.9136717884450001E+06   2.8698628269429998E+06  -1.4255269083300000E+05
  2.8454956987149999E+06   2.6905496501890002E+06  -1.0952467414200000E+05
  2.8888962686480000E+06   2.7100706783190002E+06  -7.3260631714999996E+04
  2.8653269069170002E+06   2.7129714076919998E+06  -1.0665495793100000E+05
  2.8687243868109998E+06   2.7834932735640001E+06  -1.7293108700599999E+05
  2.8680216627019998E+06   2.7845250802969998E+06  -1.7503996637499999E+05
  2.8713666064430000E+06   2.6948010856470000E+06  -7.9804589324000000E+04
  2.9311582385700000E+06   2.7739184133759998E+06  -7.0649932497000002E+04
  2.9178150146200000E+06   2.7859237593040001E+06  -9.5716343169999993E+04
  2.8803077965330002E+06   2.8551101661640001E+06  -1.7657315560999999E+05
  2.8874487935680002E+06   2.7595771797960000E+06  -1.1888029681499999E+05
  2.8828535792230000E+06   2.7439000217180001E+06  -1.1095183236200000E+05
  2.8718151633359999E+06   2.8090604726200001E+06  -1.8597121718700000E+05
  2.8723052283540000E+06   2.8113260478830002E+06  -1.8647611885299999E+05
  2.8146624607250001E+06   2.6925148584099999E+06  -1.4404416505000001E+05
  2.8548733435320002E+06   2.6888417355000000E+06  -9.5039663629999995E+04
  2.8769594053270002E+06   2.7566302540560002E+06  -1.3158602579099999E+05
  2.9050040501279999E+06   2.8040661362100001E+06  -1.2882538211300000E+05
  2.9069016534660002E+06   2.7548577888739998E+06  -8.6257905478999994E+04
  2.8827427994929999E+06   2.8078334056899999E+06  -1.6597459085499999E+05
  2.9025539202470002E+06   2.8089317665360002E+06  -1.3544368957600000E+05
  2.8258632601520000E+06   2.6792752749899998E+06  -1.1885598290100000E+05
  2.8425128453030000E+06   2.7229949890680001E+06  -1.4916429881800001E+05
  2.8775477060320000E+06   2.7370017580670002E+06  -1.1218271246400000E+05
  2.8636650157039999E+06   2.8039602787779998E+06  -1.9875255498099999E+05
  2.8647853875380000E+06   2.8055368880030001E+06  -1.9735692202599999E+05
  2.8846798100950001E+06   2.7518584321510000E+06  -1.1599229452600000E+05
  2.9010762273700000E+06   2.7530032623939998E+06  -9.3021781642000002E+04
  2.8764138026850000E+06   2.7374061413920000E+06  -1.1424371435300000E+05
  2.8775870775629999E+06   2.8104844772020001E+06  -1.7515365157600000E+05
  2.9035060784250000E+06   2.7845117954580002E+06  -1.1483391975800000E+05
  2.8850878016340001E+06   2.7538910456019999E+06  -1.1723658491600001E+05
  2.9342544639539998E+06   2.8560164789399998E+06  -1.1958676373700000E+05
  2.8798084928839998E+06   2.7306110758369998E+06  -1.0346918447300000E+05
  2.8817248483670000E+06   2.7550032171390001E+06  -1.2347960486500000E+05
  2.8991448210450001E+06   2.7378150776109998E+06  -8.2824404521999997E+04
  2.8513705997730000E+06   2.7190185411800002E+06  -1.3171269770600001E+05
  2.8519690875559999E+06   2.7176832380769998E+06  -1.2982240771299999E+05
  2.8271502733660000E+06   2.7289516755309999E+06  -1.7692066536700001E+05
  2.8421770182719999E+06   2.7075719471140001E+06  -1.3243661316400001E+05
  2.8639748410180002E+06   2.7517484214499998E+06  -1.4734166019000000E+05
  2.9182510056400001E+06   2.7506180466370001E+06  -6.9313684059000007E+04
  2.9138698743489999E+06   2.8010827174020000E+06  -1.1218797284800000E+05
  2.8795052123900000E+06   2.7621330327499998E+06  -1.3340951769899999E+05
  2.8481315038510002E+06   2.7402926090650000E+06  -1.6048759202800001E+05
  2.8497769388259999E+06   2.7411781491970001E+06  -1.5912220270800000E+05
  2.8250956407180000E+06   2.7048609724690001E+06  -1.4910834479800001E+05
  2.8259382834129999E+06   2.7035927098160000E+06  -1.4708187850799999E+05
  2.9002008582420000E+06   2.7399130260720002E+06  -8.3282239117999998E+04
  2.8501643182799998E+06   2.7303534534680001E+06  -1.4672618449499999E+05
  2.9388071603130000E+06   2.7840294905780000E+06  -6.9550300220999998E+04
  2.8937204571030000E+06   2.7577233737039999E+06  -1.0605841786800000E+05
  2.8682003503060001E+06   2.8578797330060001E+06  -1.9266950775100000E+05
  2.9126258185210000E+06   2.8527420826980001E+06  -1.4072976522900001E+05
  2.8803213810100001E+06   2.8592746302160001E+06  -1.7749308397400001E+05
  2.8072881954790000E+06   2.7120794615360000E+06  -1.7819372945099999E+05
  2.8246227364779999E+06   2.7088952870280002E+06  -1.5380883833400000E+05
  2.8321293154930002E+06   2.7161809942540000E+06  -1.5421001747200001E+05
  2.9065893825150002E+06   2.7727195936520002E+06  -1.0066211967000000E+05
  2.9127250467599998E+06   2.7597476426519998E+06  -8.2159735723000005E+04
  2.9472074741960000E+06   2.8103642710420000E+06  -7.8046020724000002E+04
  2.8751869724110002E+06   2.8023868549290001E+06  -1.7536742272199999E+05
  2.8725105925710001E+06   2.7256737733640000E+06  -1.0916705133400000E+05
  2.8830618910480002E+06   2.7609621211819998E+06  -1.2729630959200001E+05
  2.8752418767900001E+06   2.7486794044459998E+06  -1.2647368991299999E+05
  2.8799492835059999E+06   2.7640987537320000E+06  -1.3467955989500001E+05
  2.9105115560679999E+06   2.7821857173110000E+06  -1.0247220866900000E+05
  2.8949412308950000E+06   2.7637276210289998E+06  -1.0979743057100000E+05
  2.8623349070319999E+06   2.7480020256159999E+06  -1.4649286389300000E+05
  2.7940234521200000E+06   2.6989622592170001E+06  -1.7181746620600001E+05
  2.8969538892589998E+06   2.7631885589200002E+06  -1.0549868360200000E+05
  2.7972748288010000E+06   2.7016175525460001E+06  -1.7386449855600001E+05
  2.8210061166770002E+06   2.7034803010229999E+06  -1.5102876926900001E+05
  2.8218577311890000E+06   2.7021827531320001E+06  -1.4896415203400000E+05
  2.9169779558859998E+06   2.7601315179229998E+06  -7.7482047672000001E+04
  2.8879603749190001E+06   2.8201793479749998E+06  -1.6271122607199999E+05
  2.8669351543910000E+06   2.8423796632019999E+06  -1.9630586705800000E+05
  2.8520501297499998E+06   2.7519483302630000E+06  -1.6766995644200000E+05
  2.8819455813350002E+06   2.7399271039229999E+06  -1.0846421548499999E+05
  2.9425983139670002E+06   2.8408823432310000E+06  -1.0289709079400000E+05
  2.8077078128089998E+06   2.7081512172079999E+06  -1.7180798209199999E+05
  2.8856865023449999E+06   2.7622636447350001E+06  -1.2434733069100000E+05
  2.8696329767390001E+06   2.7783790477890000E+06  -1.6594437618399999E+05
  2.8705166003200002E+06   2.7805185791070000E+06  -1.6655824658100001E+05
  2.9167508553479998E+06   2.7531668978450000E+06  -7.3041523069000003E+04
  2.9156689321579998E+06   2.7510911382070002E+06  -7.2511384134000007E+04
  2.8391577066380000E+06   2.7403123961709999E+06  -1.7436246495299999E+05
  2.8721434129229998E+06   2.7346385938570001E+06  -1.1797068428400000E+05
  2.8196195857859999E+06   2.6838754063599999E+06  -1.2956013964300000E+05
  2.8220165191540001E+06   2.6940211366360001E+06  -1.3973896337899999E+05
  2.9224600005390001E+06   2.7996007112010000E+06  -9.9502400984000007E+04
  2.9029987926179999E+06   2.7541227531050001E+06  -9.1347439597000004E+04
  2.9453458416100000E+06   2.8379626638949998E+06  -9.8071117184000002E+04
  2.9110669436369999E+06   2.7702676737680002E+06  -9.2514108512000006E+04
  2.9119557040169998E+06   2.7725837577579999E+06  -9.3210290445000006E+04
  2.9441530213810001E+06   2.7969486957810000E+06  -7.1993679896999995E+04
  2.8918885740009998E+06   2.8156399687009999E+06  -1.5530187278500001E+05
  2.7971604767959998E+06   2.7094475488840002E+06  -1.8674265455899999E+05
  2.8511634637179999E+06   2.7323437758780001E+06  -1.4749056636800000E+05
  2.8719249645099998E+06   2.7560733720459999E+06  -1.3851843356700000E+05
  2.9097805321249999E+06   2.7867229665230000E+06  -1.0691456380100000E+05
  2.8646805600500000E+06   2.7978345982840001E+06  -1.9288747224999999E+05
  2.8599945129979998E+06   2.7067712509519998E+06  -1.0780032391700000E+05
  2.8814286627469999E+06   2.8716709051500000E+06  -1.7735254158300001E+05
  2.9095272236279999E+06   2.7614621959199999E+06  -8.7354143234999996E+04
  2.9367669068319998E+06   2.8127170499640000E+06  -9.1052810029000000E+04
  2.8210668627929999E+06   2.7392018390170000E+06  -2.0235760105900001E+05
  2.8469819972760002E+06   2.7144446859030002E+06  -1.3375311494699999E+05
  2.9215329074140000E+06   2.8710297909969999E+06  -1.3508581081500000E+05
  2.8674913465370000E+06   2.7343027699110000E+06  -1.2455939479000001E+05
  2.7928901744439998E+06   2.6966573993529999E+06  -1.6854673169799999E+05
  2.9135533673950001E+06   2.7584076633850001E+06  -8.0365583176999993E+04
  2.9125676389049999E+06   2.8376797329030000E+06  -1.3680203189899999E+05
  2.8371972832900002E+06   2.7442288777319998E+06  -1.8283832415199999E+05
  2.9148005361959999E+06   2.8682465243239999E+06  -1.4121035649500001E+05
  2.8487732777869999E+06   2.7253902268579998E+06  -1.4310105983000001E+05
  2.8871802592870002E+06   2.7041167842950001E+06  -7.0610351664999995E+04
  2.9054880650070002E+06   2.7817221895849998E+06  -1.0958239707200001E+05
  2.8826323938719998E+06   2.7589700886789998E+06  -1.2603652742699999E+05
  2.8644978929829998E+06   2.7829834187050001E+06  -1.8018136948100000E+05
  2.8490281738149999E+06   2.7614681411069999E+06  -1.8358555128000001E+05
  2.8754125402420000E+06   2.8530042505939999E+06  -1.8341671075200001E+05
  2.9012526506190002E+06   2.7995917394900001E+06  -1.3122197006600001E+05
  2.8872171351270000E+06   2.7639117937940001E+06  -1.2349831629900000E+05
  2.8883170996579998E+06   2.7635685200660001E+06  -1.2139200143700000E+05
  2.9205448947140002E+06   2.7582391900559999E+06  -7.2559468955999997E+04
  2.8312663961720001E+06   2.6778313340540002E+06  -1.1193686029800000E+05
  2.9108000386319999E+06   2.7669849523530002E+06  -9.0183174457000001E+04
  2.9406706639910000E+06   2.7917371362830000E+06  -7.2532289745000002E+04
  2.8799208879410001E+06   2.7187536951589999E+06  -9.2572746880000006E+04
  2.9252126598860002E+06   2.8158763540949998E+06  -1.0829812566500000E+05
  2.8848161033270000E+06   2.8681577312790002E+06  -1.7307488450099999E+05
  2.8762603867299999E+06   2.8440924473999999E+06  -1.8169858713400000E+05
  2.8730892528450000E+06   2.8364075237250002E+06  -1.8647028761900001E+05
  2.8737016276679998E+06   2.7252151668600002E+06  -1.0712778463900000E+05
  2.9079802940799999E+06   2.7409576632849998E+06  -7.3399938343000002E+04
  2.9069395629039998E+06   2.7388448772339998E+06  -7.2931383088000002E+04
  2.8793216606200002E+06   2.7784991625440000E+06  -1.4892046358400001E+05
  2.8615395893999999E+06   2.8355579272460002E+06  -2.0584097818999999E+05
  2.8762858717459999E+06   2.8567727548819999E+06  -1.8245021615900000E+05
  2.8851798767410000E+06   2.7794906308809998E+06  -1.4009374888200001E+05
  2.9223787209990001E+06   2.7590407298289998E+06  -7.1186382593999995E+04
  2.9173785326129999E+06   2.7816386962420000E+06  -9.3470427278000003E+04
  2.8330116258439999E+06   2.7443040805609999E+06  -1.9004586843700000E+05
  2.8768818626910001E+06   2.7907560631690002E+06  -1.6360154776200000E+05
  2.9133196763519999E+06   2.7514253929659999E+06  -7.5911711779999998E+04
  2.8612505468879999E+06   2.7705338114459999E+06  -1.7284701628499999E+05
  2.8436303125760001E+06   2.6918692670089998E+06  -1.1362626716600001E+05
  2.8821846760029998E+06   2.7569854907269999E+06  -1.2476264449000001E+05
  2.8993228131010002E+06   2.7904393274099999E+06  -1.2665325911800000E+05
  2.9131841068259999E+06   2.7939700974240000E+06  -1.0756305156199999E+05
  2.9148243228940000E+06   2.7941485808700002E+06  -1.0545119848100000E+05
  2.8089935597199998E+06   2.6800446708700000E+06  -1.3249954494200001E+05
  2.9149843108999999E+06   2.7760629347600001E+06  -9.2049369858000005E+04
  2.9362441845300002E+06   2.8143115590130002E+06  -9.2800430282999994E+04
  2.9330629163360000E+06   2.8186362397400001E+06  -9.9649756475000002E+04
  2.8445047198069999E+06   2.7045604110050001E+06  -1.2618300357299999E+05
  2.8414489084439999E+06   2.7015083259330001E+06  -1.2662252363900001E+05
  2.9292391664600000E+06   2.8369107651410000E+06  -1.1607307155900000E+05
  2.9304039817720000E+06   2.8390087843070002E+06  -1.1595132547300000E+05
  2.9231853215529998E+06   2.7648307718839999E+06  -7.3681190522999997E+04
  2.8522404815610000E+06   2.7235493050290002E+06  -1.3540188718399999E+05
  2.8526745634630001E+06   2.7224478732639998E+06  -1.3335671207600000E+05
  2.9161258990340000E+06   2.7728843287960002E+06  -8.7984584703000000E+04
  2.8923664956809999E+06   2.7887389366489998E+06  -1.3632475281999999E+05
  2.9107404094230002E+06   2.7901130541389999E+06  -1.0797982943500001E+05
  2.8498279514620001E+06   2.7343046318089999E+06  -1.5161712002300000E+05
  2.8857336845419998E+06   2.7686537447919999E+06  -1.3014696990800000E+05
  2.8693094362849998E+06   2.8186745103000002E+06  -1.9289447838399999E+05
  2.9049724401969998E+06   2.8537993352760002E+06  -1.4856765155499999E+05
  2.8806272046090001E+06   2.7128682678550002E+06  -8.5931037584000005E+04
  2.8734508035780001E+06   2.7861068187440000E+06  -1.6614717522100001E+05
  2.8714014618640002E+06   2.7826607307899999E+06  -1.6717258305399999E+05
  2.9423406013730001E+06   2.7996344482539999E+06  -7.5514694380000001E+04
  2.8919049671769999E+06   2.8521204389109998E+06  -1.6213141377799999E+05
  2.9262606032230002E+06   2.8180280002879999E+06  -1.0822623612300000E+05
  2.8800777459769999E+06   2.7534319505300000E+06  -1.2422162450999999E+05
  2.8269320788019998E+06   2.6782722286609998E+06  -1.1686826063999999E+05
  2.8590542567670001E+06   2.7587934800459999E+06  -1.6455548187500000E+05
  2.8016272869730000E+06   2.6831316516959998E+06  -1.3997933254000000E+05
  2.9313552243519998E+06   2.8235466503019999E+06  -1.0453114479000001E+05
  2.8762444569310001E+06   2.7039271567130000E+06  -8.3216957007999998E+04
  2.9042943360710000E+06   2.8365071957560000E+06  -1.4589106268999999E+05
  2.8289780944900000E+06   2.7134486717980001E+06  -1.5446237674099999E+05
  2.8997623947210000E+06   2.7854380821070001E+06  -1.2156682357800000E+05
  2.9080199807119998E+06   2.7998021033410002E+06  -1.1976854282000000E+05
  2.9234261975360001E+06   2.8278006712699998E+06  -1.1800222874500000E+05
  2.9497649107110002E+06   2.8353431352380002E+06  -9.1684503463000001E+04
  2.9066029815520002E+06   2.7479174426259999E+06  -8.1765669920999993E+04
  2.8965175591489999E+06   2.7897278439340000E+06  -1.3051086887500000E+05
  2.8494919278589999E+06   2.7383013784150002E+06  -1.5643813967599999E+05
  2.8276143312849998E+06   2.6905371125719999E+06  -1.3095367962000000E+05
  2.9364406203760002E+06   2.8195882453210000E+06  -9.6419311671999996E+04
  2.9403983820110001E+06   2.8188449544529999E+06  -9.1467861967999997E+04
  2.9071983581719999E+06   2.7467130168420002E+06  -7.9795051128999999E+04
  2.8478422586030001E+06   2.7751471030529998E+06  -2.0313308302300001E+05
  2.8975366603790000E+06   2.7152089475730001E+06  -6.8109749597999995E+04
  2.9088457555340002E+06   2.7627077596479999E+06  -8.9288492721000002E+04
  2.8760703430559998E+06   2.7526871469649998E+06  -1.2899851616100001E+05
  2.9426123181530000E+06   2.8064723126570000E+06  -7.9980294425999993E+04
  2.9227027833119999E+06   2.8411515235520001E+06  -1.2663474014200000E+05
  2.8731336563559999E+06   2.7662639152540001E+06  -1.4709011838299999E+05
  2.9381143212919999E+06   2.8254932972240001E+06  -9.8061818786000003E+04
  2.8618783275090000E+06   2.7441921575320000E+06  -1.4362279424399999E+05
  2.9016272738509998E+06   2.7328360704629999E+06  -7.5032661634000004E+04
  2.9255457276760000E+06   2.7795256997179999E+06  -8.1483799226999996E+04
  2.8762671470510000E+06   2.7652898778900001E+06  -1.4070943102100000E+05
  2.8601964557659999E+06   2.8104571523589999E+06  -2.0906808075600001E+05
  2.8612425775830001E+06   2.8096166597230001E+06  -2.0694927979800000E+05
  2.8854955977360001E+06   2.7122629738220000E+06  -7.9071135540999996E+04
  2.9494741086019999E+06   2.8179919538280000E+06  -8.1282931620000003E+04
  2.8990597499319999E+06   2.7709002050500000E+06  -1.1075849354500000E+05
  2.8864254073200002E+06   2.7727212502600001E+06  -1.3256475529999999E+05
  2.8714795743880002E+06   2.8583763167130002E+06  -1.8879708326499999E+05
  2.8979515041399999E+06   2.8549483075219998E+06  -1.5571601593400000E+05
  2.8947675446680002E+06   2.8535785735050002E+06  -1.5887878638000001E+05
  2.9221563483920000E+06   2.7556398147140001E+06  -6.8935651293999996E+04
  2.9268273451450001E+06   2.7735535295890002E+06  -7.5308481490000006E+04
  2.9411093377230000E+06   2.8498647447730000E+06  -1.0924815043199999E+05
  2.9390556920960001E+06   2.7908381944240001E+06  -7.3942501222000006E+04
  2.9375291733309999E+06   2.7899715418850002E+06  -7.5266038297000006E+04
  2.9086055942549999E+06   2.7697498133250000E+06  -9.5376112739999997E+04
  2.8165849380509998E+06   2.7095996422819998E+06  -1.6319422606799999E+05
  2.8417424179759999E+06   2.6780991337430002E+06  -9.8512392269999997E+04
  2.8904069579759999E+06   2.7205492150590001E+06  -7.9714480872000000E+04
  2.8490533247799999E+06   2.7725539658969999E+06  -1.9758615524100000E+05
  2.9345212042390001E+06   2.8138462430690001E+06  -9.4406158968000003E+04
  2.8473024002970001E+06   2.7204656510439999E+06  -1.3936764265699999E+05
  2.8274043765880000E+06   2.6730845838009999E+06  -1.1021178171300000E+05
  2.8368504052550001E+06   2.7102243736939998E+06  -1.4196560541399999E+05
  2.9390669627260002E+06   2.8014391129640001E+06  -8.0565036080000005E+04
  2.8940674294500002E+06   2.7704019535400001E+06  -1.1777684612000000E+05
  2.8829188029310000E+06   2.7862071467990000E+06  -1.4954668668700001E+05
  2.9090528852499998E+06   2.8051742844570000E+06  -1.2297065739800000E+05
  2.8474750240059998E+06   2.7413151555710002E+06  -1.6252627352700001E+05
  2.8966740346690002E+06   2.8767868662580000E+06  -1.6091231864499999E+05
  2.8428974628150002E+06   2.6849478618290001E+06  -1.0621302400400001E+05
  2.8908264254279998E+06   2.7412920310350000E+06  -9.6813648778000002E+04
  2.8307212332790000E+06   2.7250670157289999E+06  -1.6619856190900001E+05
  2.9084636674270001E+06   2.7558073978189998E+06  -8.4703412612999993E+04
  2.8690401882830001E+06   2.7793720507080001E+06  -1.6806923613800001E+05
  2.8880260515000001E+06   2.8021348625850002E+06  -1.5396077586699999E+05
  2.8340938810680001E+06   2.6836250586810000E+06  -1.1508802642800000E+05
  2.9041321339130001E+06   2.7986332917100000E+06  -1.2567605311500000E+05
  2.8809538732039998E+06   2.8382919504399998E+06  -1.7508585462100001E+05
  2.9277523986390000E+06   2.7650710158020002E+06  -6.9220285986000003E+04
  2.8873877370030000E+06   2.7788352026399998E+06  -1.3618692335100000E+05
  2.9087311080570002E+06   2.7396472734719999E+06  -7.1538968296999999E+04
  2.8619929118510000E+06   2.7145278921639998E+06  -1.1277598486000000E+05
  2.9069342749879998E+06   2.7834030157019999E+06  -1.0868528850900001E+05
  2.8932585315490002E+06   2.7469533701220001E+06  -9.8271936151999995E+04
  2.8849339401039998E+06   2.7710420209579999E+06  -1.3342447600000000E+05
  2.8569581875169999E+06   2.6955647528760000E+06  -1.0049563272900000E+05
  2.9398032895180001E+06   2.8602540702640000E+06  -1.1464715842300000E+05
  2.8488267864879998E+06   2.6955658246030002E+06  -1.1086559702400000E+05
  2.8663278740659999E+06   2.7215030355540002E+06  -1.1361794882400001E+05
  2.9159299940900002E+06   2.8728498249740000E+06  -1.4081492744100001E+05
  2.8639955075790002E+06   2.7065596933060000E+06  -1.0140173905600001E+05
  2.8333480245289998E+06   2.6714884998499998E+06  -1.0113632163000001E+05
  2.8885698597920001E+06   2.7785383893450000E+06  -1.3413768931399999E+05
  2.9271685633479999E+06   2.8257009552590000E+06  -1.1121901695300000E+05
  2.8430916620890000E+06   2.7372587442190000E+06  -1.6432487289699999E+05
  2.8882224808060001E+06   2.8225595039679999E+06  -1.6289085981900000E+05
  2.8240997957930001E+06   2.6947846615140000E+06  -1.3886345690600001E+05
  2.8951332885599998E+06   2.7893929219979998E+06  -1.3245417352099999E+05
  2.8675759653880000E+06   2.6923503310790001E+06  -8.1491819904999997E+04
  2.8917737452880000E+06   2.7582522705069999E+06  -1.1042309365000000E+05
  2.8395837245580000E+06   2.7521620351510001E+06  -1.8871767832300000E+05
  2.8702040960169998E+06   2.6956080199920000E+06  -8.1765794985999994E+04
  2.9024287504560002E+06   2.7315091343899998E+06  -7.3229292459999997E+04
  2.8092022983309999E+06   2.7128583614730001E+06  -1.7694364905499999E+05
  2.8648095140140001E+06   2.7627230430279998E+06  -1.5890410830699999E+05
  2.8726185244160001E+06   2.7537961606259998E+06  -1.3513875412400000E+05
  2.9142364541560002E+06   2.8721754116199999E+06  -1.4235409685500001E+05
  2.8691376832249998E+06   2.8210726575679998E+06  -1.9318280830700000E+05
  2.8658196689479998E+06   2.7195720699439999E+06  -1.1236890115300000E+05
  2.8477380617650002E+06   2.7135541385440002E+06  -1.3170050033499999E+05
  2.8915070938570001E+06   2.7625925969810002E+06  -1.1501094613300000E+05
  2.9054165024979999E+06   2.7666811184720001E+06  -9.7151611973999999E+04
  2.8909460431050002E+06   2.8275018740909998E+06  -1.6020056859499999E+05
  2.8576691648249999E+06   2.7652710061829998E+06  -1.7298486208100000E+05
  2.8559596086720000E+06   2.7527058525879998E+06  -1.6282896140800000E+05
  2.9192391540859998E+06   2.8430402576310001E+06  -1.3142655590300000E+05
  2.8301917230210002E+06   2.7153142986079999E+06  -1.5536908722200000E+05
  2.9209475496729999E+06   2.8749553958290000E+06  -1.3625702658999999E+05
  2.8380908646600000E+06   2.7382996310729999E+06  -1.7364420745200000E+05
  2.8159481960430001E+06   2.7105570314509999E+06  -1.6523916748900001E+05
  2.9239103336900002E+06   2.7564143986780001E+06  -6.7560368182000006E+04
  2.8489543901419998E+06   2.7215383814070001E+06  -1.3805538925199999E+05
  2.8837783615199998E+06   2.7478616707210001E+06  -1.1346166805500000E+05
  2.8333304514990002E+06   2.7180549858499998E+06  -1.5511636244699999E+05
  2.9167960058840001E+06   2.7716511703289999E+06  -8.6148641950999998E+04
  2.8889897715119999E+06   2.7612242227280000E+06  -1.1803647128400000E+05
  2.8684640600930001E+06   2.7730834191049999E+06  -1.6260985410000000E+05
  2.8683979298190000E+06   2.7381503927059998E+06  -1.2708116571700000E+05
  2.9502946029110001E+06   2.8236186418690002E+06  -8.3962296155999997E+04
  2.8437919601870002E+06   2.6868076512150001E+06  -1.0731883163099999E+05
  2.8569335766349998E+06   2.7702012669670000E+06  -1.7991617696000001E+05
  2.8573203019480002E+06   2.7073418030590001E+06  -1.1191307439800000E+05
  2.8494447512679999E+06   2.7147013877280001E+06  -1.3048648262300000E+05
  2.8979548010720001E+06   2.8612641250620000E+06  -1.5664796506200000E+05
  2.8991458366520000E+06   2.7921235079109999E+06  -1.2833701533500000E+05
  2.8399115288630002E+06   2.6921388350570002E+06  -1.1862658609000000E+05
  2.8380239420619998E+06   2.6910621698860000E+06  -1.1951258703400000E+05
  2.8937534842770002E+06   2.7890674458140000E+06  -1.3439789651399999E+05
  2.8731523715599999E+06   2.8019207262960002E+06  -1.7891010039599999E+05
  2.8604124401309998E+06   2.7916565826880001E+06  -1.9633589012000000E+05
  2.9201148737559998E+06   2.8515977121759998E+06  -1.3304763463799999E+05
  2.8749079101439998E+06   2.7247752892610002E+06  -1.0508470889600000E+05
  2.8606222115320000E+06   2.7596566309670000E+06  -1.6314804107599999E+05
  2.9306262669509999E+06   2.7786588114860002E+06  -7.4898702546000000E+04
  2.8496159015980000E+06   2.7205954153419998E+06  -1.3597994722700000E+05
  2.8299799083320000E+06   2.7191639884990002E+06  -1.6041466379500000E+05
  2.8238947943190001E+06   2.7099157572760000E+06  -1.5585259542600001E+05
  2.9253051023539999E+06   2.7761212909840001E+06  -7.9092936528999999E+04
  2.8549365896239998E+06   2.6836017408440001E+06  -8.8386951442999998E+04
  2.8609194136780002E+06   2.8340220422210000E+06  -2.0767567903699999E+05
  2.8376604814220001E+06   2.7593971397020002E+06  -2.0299482347100001E+05
  2.9076072175190002E+06   2.8136809091850002E+06  -1.3127487281199999E+05
  2.8900013321699998E+06   2.7801619127090001E+06  -1.3321509980400000E+05
  2.9416279199089999E+06   2.8317819226420000E+06  -9.8069590219000005E+04
  2.9144335862550000E+06   2.7606060329760001E+06  -8.0720101494999995E+04
  2.8106687448249999E+06   2.7145983514540000E+06  -1.7775760660800000E+05
  2.8453372241190001E+06   2.6779408898299998E+06  -9.3195270892999994E+04
  2.8515295396650000E+06   2.7353326228230000E+06  -1.5028954567900000E+05
  2.8514699751209999E+06   2.7529933206039998E+06  -1.6965379829199999E+05
  2.8504730368249998E+06   2.7402330112959999E+06  -1.5712925789199999E+05
  2.8449404899800001E+06   2.7454007623919998E+06  -1.7075869302000001E+05
  2.9235526863589999E+06   2.7752564326519999E+06  -8.0488691372000001E+04
  2.8792756552510001E+06   2.8295442908620001E+06  -1.7676507000599999E+05
  2.8962740605690000E+06   2.8328455653070002E+06  -1.5465689098400000E+05
  2.9000366495659999E+06   2.7975502226010002E+06  -1.3146065839800000E+05
  2.7945282210880001E+06   2.6980838731950000E+06  -1.6974253737300000E+05
  2.8121926495969999E+06   2.7014534699039999E+06  -1.5713950620400000E+05
  2.8903205540900002E+06   2.8574847153500002E+06  -1.6484052115600000E+05
  2.8876798065459998E+06   2.7243714444060000E+06  -8.6738407053000003E+04
  2.8865161397310002E+06   2.7249008346310002E+06  -8.8832841218000001E+04
  2.9065225897880001E+06   2.8116670665310002E+06  -1.3153188602999999E+05
  2.9012182143760002E+06   2.8627477215410001E+06  -1.5364426903600001E+05
  2.8272438358550002E+06   2.7387225416850001E+06  -1.9151408087500001E+05
  2.8217969577290001E+06   2.7332607454110002E+06  -1.9170492501300000E+05
  2.8402074971710001E+06   2.7299688669400001E+06  -1.6023146933399999E+05
  2.8637408683770001E+06   2.7497849340889999E+06  -1.4588140531900001E+05
  2.8116636498210002E+06   2.7099559818890002E+06  -1.6976345754900001E+05
  2.8501576621860000E+06   2.6846113535050000E+06  -9.5749777822999997E+04
  2.9042396415080000E+06   2.7483157943920000E+06  -8.5106675558000003E+04
  2.8163501921000001E+06   2.7216273023170000E+06  -1.8107424562599999E+05
  2.8842945618750001E+06   2.8192103517419999E+06  -1.6773139490799999E+05
  2.9015414973309999E+06   2.7453812403070000E+06  -8.6030562506999995E+04
  2.9153860151289999E+06   2.8768030119230002E+06  -1.4193767568700001E+05
  2.9275911029320001E+06   2.7722673758890000E+06  -7.3411384437999994E+04
  2.8905344339600001E+06   2.7628687061729999E+06  -1.1719922520800000E+05
  2.9072241503590001E+06   2.7854724771550000E+06  -1.0981167951000000E+05
  2.9485368966760002E+06   2.8159556155409999E+06  -8.0758356685999999E+04
  2.9158148660860001E+06   2.7695941718469998E+06  -8.5749911296000006E+04
  2.9114072737610000E+06   2.8731478922199998E+06  -1.4524171164800000E+05
  2.8349554901490002E+06   2.7583860097840000E+06  -2.0610140625700000E+05
  2.9131676535290000E+06   2.8613201785639999E+06  -1.4173777376400001E+05
  2.8997865439980002E+06   2.7992830293749999E+06  -1.3308864006800001E+05
  2.8993303633630001E+06   2.7572870804510000E+06  -9.8336235262000002E+04
  2.8102193027769998E+06   2.7155477204140001E+06  -1.7988572416499999E+05
  2.9362698957460001E+06   2.8425503152470002E+06  -1.1094471681400000E+05
  2.8981671341710002E+06   2.7818775652910001E+06  -1.2087357141800001E+05
  2.9012511177289998E+06   2.7255438201080002E+06  -7.0701429720999993E+04
  2.8787165819040001E+06   2.8459434171670000E+06  -1.7795484883800001E+05
  2.8600105705080000E+06   2.6927864055420002E+06  -9.1946135949000003E+04
  2.8450431022740002E+06   2.7631141726819999E+06  -1.9345471190900001E+05
  2.9316981410550000E+06   2.7807863556110002E+06  -7.5411582552000007E+04
  2.9320050454960000E+06   2.7844739956160001E+06  -7.8105086580999996E+04
  2.8573655921470001E+06   2.7817619150330001E+06  -1.9216146423000001E+05
  2.8904487410660000E+06   2.7564853182390002E+06  -1.1140539936700001E+05
  2.8277690341650001E+06   2.7115761906340001E+06  -1.5356591116600001E+05
  2.8299993372100000E+06   2.7259679906600001E+06  -1.6850491146199999E+05
  2.9258860089759999E+06   2.8464156027629999E+06  -1.2542062001600000E+05
  2.9365612921150001E+06   2.8627183617090001E+06  -1.1951737355200000E+05
  2.9355967370409998E+06   2.8642967446740000E+06  -1.2104180052000000E+05
  2.9133601562460000E+06   2.8044314618850001E+06  -1.1537185287200000E+05
  2.9149089135779999E+06   2.8046937510420000E+06  -1.1349966911600000E+05
  2.8263347850199998E+06   2.6737442646220000E+06  -1.1224462215100000E+05
  2.8851605452979999E+06   2.7301600495980000E+06  -9.5502675464999993E+04
  2.9421480201530000E+06   2.8192546435980001E+06  -8.9812193287999995E+04
  2.9476548547930000E+06   2.8241813353849999E+06  -8.7055243497000003E+04
  2.8602753649519999E+06   2.7684332141550002E+06  -1.7222478411300000E+05
  2.9106976571869999E+06   2.7439672401870000E+06  -7.2376647842999999E+04
  2.9165247811170002E+06   2.7683464122250001E+06  -8.3857852599999998E+04
  2.8558824178720000E+06   2.7486402921389998E+06  -1.5835587745900001E+05
  2.8211269716880000E+06   2.6815193508690000E+06  -1.2551196388400000E+05
  2.8733814775470002E+06   2.8072925346289999E+06  -1.8196974564000001E+05
  2.8931513485790002E+06   2.7513144423340000E+06  -1.0280675961400000E+05
  2.8876973623029999E+06   2.8284392370320000E+06  -1.6506390572600000E+05
  2.8504608641769998E+06   2.7264332590649999E+06  -1.4176395043400000E+05
  2.8984508364169998E+06   2.7471995340430001E+06  -9.1230452403000003E+04
  2.9094063875170001E+06   2.8551965181620000E+06  -1.4434741178400000E+05
  2.8654502486240002E+06   2.8282626766249998E+06  -1.9947479065000001E+05
  2.9457904287999999E+06   2.8363068807420000E+06  -9.6441216304999994E+04
  2.8923944506549998E+06   2.7559499465390001E+06  -1.0703666277200000E+05
  2.8850609104260001E+06   2.7147962998179998E+06  -8.1943079215000005E+04
  2.9421047757700002E+06   2.8301552175590000E+06  -9.6446042405000000E+04
  2.9032887289300002E+06   2.7301450567720002E+06  -7.1480495964000002E+04
  2.8299121578380000E+06   2.7277992954980000E+06  -1.7120909604100001E+05
  2.9442232502069999E+06   2.8469462958930000E+06  -1.0421892635700000E+05
  2.8206997000170001E+06   2.7073345924990000E+06  -1.5600680237900000E+05
  2.8977437992139999E+06   2.7917794992069998E+06  -1.3025876202600000E+05
  2.8766576822520001E+06   2.7762479641249999E+06  -1.5129845695399999E+05
  2.8437024543070002E+06   2.7679544284799998E+06  -2.0264162174999999E+05
  2.9075907845979999E+06   2.7536058360690000E+06  -8.4342161263000002E+04
  2.9054599050099999E+06   2.7731119524969999E+06  -1.0276977266900000E+05
  2.8941198947290001E+06   2.8118439846250000E+06  -1.4913900467299999E+05
  2.8610060702010002E+06   2.7936646013890002E+06  -1.9712061575699999E+05
  2.9164976292130002E+06   2.8751684180140002E+06  -1.4061436193600000E+05
  2.8403160156379999E+06   2.7462586468920000E+06  -1.7998447672400001E+05
  2.9283612814560002E+06   2.8169503140520002E+06  -1.0480057761199999E+05
  2.8592025543930000E+06   2.7179166615510001E+06  -1.2065264657200000E+05
  2.8986702251519999E+06   2.8406397521540001E+06  -1.5270132190200000E+05
  2.8643418117300002E+06   2.8085493451089999E+06  -2.0022716585399999E+05
  2.8753222157430002E+06   2.7550593761510001E+06  -1.3231555489900001E+05
  2.8577109833049998E+06   2.7405583011190002E+06  -1.4700288967900001E+05
  2.8085262792570000E+06   2.6871594441160001E+06  -1.4256330194100001E+05
  2.9086587985270000E+06   2.7871119331210000E+06  -1.0888865854400001E+05
  2.9054257761039999E+06   2.7990310354439998E+06  -1.2370311644600000E+05
  2.8501889831099999E+06   2.6994677132549998E+06  -1.1352932676600000E+05
  2.8758989037130000E+06   2.7632854646649999E+06  -1.3947512456200001E+05
  2.9032268325270000E+06   2.7462190507029998E+06  -8.4627712266000002E+04
  2.9319496126210000E+06   2.8218963186220000E+06  -1.0293730182800000E+05
  2.8747470825689998E+06   2.7938590495969998E+06  -1.6973631583599999E+05
  2.9101403121850002E+06   2.7682352328510000E+06  -9.2092295385999998E+04
  2.8369490848790002E+06   2.7363195626369999E+06  -1.7284587592900000E+05
  2.9172026280789999E+06   2.8587874013530002E+06  -1.3736104909900000E+05
  2.8891410117560001E+06   2.8067452246090001E+06  -1.5494497829999999E+05
  2.9204024169190000E+06   2.8726386304609999E+06  -1.3643242479500000E+05
  2.8326093981849998E+06   2.7190400393220000E+06  -1.5718683656100000E+05
  2.8776087348050000E+06   2.8160388455099999E+06  -1.7802533509700000E+05
  2.8391764609449999E+06   2.6799479079900002E+06  -1.0502700703900000E+05
  2.8397703874390000E+06   2.6744691333450000E+06  -9.6148312371000007E+04
  2.9380787015320002E+06   2.8469990743610002E+06  -1.1116697993800000E+05
  2.9493932049309998E+06   2.8249345155449999E+06  -8.5725258948000002E+04
  2.8785520905990000E+06   2.7856642616949999E+06  -1.5691593752899999E+05
  2.8433732310219998E+06   2.7443880164100002E+06  -1.7220711539100000E+05
  2.8719942023800001E+06   2.7816654560250002E+06  -1.6504543783700000E+05
  2.9179487121529998E+06   2.7658377110540001E+06  -8.0058056058999995E+04
  2.8967109765909999E+06   2.8274362341060000E+06  -1.5207717473999999E+05
  2.9450804131990001E+06   2.7991102228870001E+06  -7.2429523912999997E+04
  2.8814056722690002E+06   2.7911290748330001E+06  -1.5667407543500001E+05
  2.8090263995320001E+06   2.7183337734810002E+06  -1.8631400353600000E+05
  2.9445475807699999E+06   2.8342558798449999E+06  -9.6451005862999998E+04
  2.8587292604270000E+06   2.7556303338279999E+06  -1.6201011295800001E+05
  2.8148795805210001E+06   2.7299896664720001E+06  -1.9725975726899999E+05
  2.9090112096910002E+06   2.8429964934410001E+06  -1.4262371224100000E+05
  2.8754514322890001E+06   2.7613273719660002E+06  -1.3819682134900001E+05
  2.8599252828650000E+06   2.7872197616670001E+06  -1.9278289399099999E+05
  2.8935103652160000E+06   2.7556078941230001E+06  -1.0494237703700000E+05
  2.8635150992999999E+06   2.7608942776839999E+06  -1.5946913804500000E+05
  2.8179656678579999E+06   2.6859040945400000E+06  -1.3339371910799999E+05
  2.8803158436010000E+06   2.7661071005020002E+06  -1.3590580752100001E+05
  2.8644019166890001E+06   2.7535738692009998E+06  -1.4895324857400000E+05
  2.9298526608360000E+06   2.8476091783099999E+06  -1.2124458048999999E+05
  2.9008435056659998E+06   2.7466550700810002E+06  -8.7837281369999997E+04
  2.9139304560329998E+06   2.7502315132829999E+06  -7.3930064807999996E+04
  2.8937352699500001E+06   2.8037994212940000E+06  -1.4579284333999999E+05
  2.9117761568419999E+06   2.7460597845850000E+06  -7.2889039103999996E+04
  2.9058513649100000E+06   2.7492140382599998E+06  -8.3618840056000001E+04
  2.8963812666610000E+06   2.8251644986089999E+06  -1.5164737607000000E+05
  2.8815426631789999E+06   2.7657088587090001E+06  -1.3389558006800001E+05
  2.9193246574160000E+06   2.8680198125169999E+06  -1.3677330674800000E+05
  2.8859767057699999E+06   2.7228420690850001E+06  -8.7729186809000006E+04
  2.9067203366490002E+06   2.7514074002850000E+06  -8.3979698143000001E+04
  2.9256771890750001E+06   2.8746982143430002E+06  -1.3200600590100000E+05
  2.8751317993979999E+06   2.6972305481420001E+06  -7.8119312499000007E+04
  2.8078355701130000E+06   2.7211418537969999E+06  -1.9283863939000000E+05
  2.8796772715039998E+06   2.7997651646840000E+06  -1.6578443287500000E+05
  2.9161419938630001E+06   2.7614678607939999E+06  -7.9282765480999995E+04
  2.8150662138089999E+06   2.7243895328299999E+06  -1.8754631552400001E+05
  2.8168247288830001E+06   2.7252184998380002E+06  -1.8623245473800000E+05
  2.9098612329380000E+06   2.8372659195309998E+06  -1.3986929864299999E+05
  2.8831046287070001E+06   2.7673373428819999E+06  -1.3308591493200001E+05
  2.8576306808940000E+06   2.7536191823939998E+06  -1.6140428998599999E+05
  2.9155471777220001E+06   2.7662222690889998E+06  -8.3408671482000005E+04
  2.8506061653310000E+06   2.7110646110410001E+06  -1.2558383378500000E+05
  2.8513565861149998E+06   2.7130791669859998E+06  -1.2671179203700001E+05
  2.9068246948890002E+06   2.7977659766480001E+06  -1.2000970323400000E+05
  2.8911429286039998E+06   2.7366948016670002E+06  -9.2803064352999994E+04
  2.8207089165210002E+06   2.7259399769359999E+06  -1.8161804631100001E+05
  2.9110933815469998E+06   2.8363000005250000E+06  -1.3805330430600001E+05
  2.8454984041019999E+06   2.7483527504690001E+06  -1.7358028702799999E+05
  2.8645890898460001E+06   2.7759306164640002E+06  -1.7259728882300001E+05
  2.9316814275590000E+06   2.8112615762990001E+06  -9.5938298234000002E+04
  2.8262904343860000E+06   2.7464643710550000E+06  -2.0435896497500001E+05
  2.8255507576690000E+06   2.7378425956299999E+06  -1.9291592058300000E+05
  2.8333347442780002E+06   2.6999976758790002E+06  -1.3504712400300000E+05
  2.9125727383929999E+06   2.8276296419380000E+06  -1.3239707730599999E+05
  2.8928031018800000E+06   2.7449297260099999E+06  -9.7102461893000000E+04
  2.8553077621499998E+06   2.7061347070350000E+06  -1.1347585706400000E+05
  2.8100044372890000E+06   2.6816303610330001E+06  -1.3397165635500001E+05
  2.8638010322980001E+06   2.7386539168340000E+06  -1.3523228101700000E+05
  2.8783417016110001E+06   2.7919381577940001E+06  -1.6214777964800000E+05
  2.8375037746569999E+06   2.7227946873900001E+06  -1.5565452496499999E+05
  2.8054069837540002E+06   2.7039897467100001E+06  -1.6828155637899999E+05
  2.9112774260010002E+06   2.7971143399149999E+06  -1.1262999477900000E+05
  2.9148820508070001E+06   2.8459334229150000E+06  -1.3722655686700001E+05
  2.9146245936909998E+06   2.8436277364770002E+06  -1.3677116697600001E+05
  2.8231977170589999E+06   2.6958314967310000E+06  -1.4082933823299999E+05
  2.9143332375630001E+06   2.8596977683450002E+06  -1.4034769508899999E+05
  2.8950811985080000E+06   2.8239898124589999E+06  -1.5309577928399999E+05
  2.8646823150760001E+06   2.8376196706810002E+06  -2.0026317044900000E+05
  2.8844627022440000E+06   2.7129475673119999E+06  -8.1031079970000006E+04
  2.8521568960500001E+06   2.7274641323810001E+06  -1.4038571936500000E+05
  2.9248595776100000E+06   2.8402402556570000E+06  -1.2342139487100000E+05
  2.9299444640509998E+06   2.7990905057910001E+06  -8.9754666280999998E+04
  2.8790875647430001E+06   2.7665017272689999E+06  -1.3791491484899999E+05
  2.8970388939140001E+06   2.7672920470630000E+06  -1.1029980291600000E+05
  2.8521757612629998E+06   2.7343342264640001E+06  -1.4823593284900000E+05
  2.9170188237310001E+06   2.7636695234730002E+06  -7.9643257809999996E+04
  2.8666601811739998E+06   2.7609446066609998E+06  -1.5318474792699999E+05
  2.9239077483370001E+06   2.8740099553459999E+06  -1.3346375897299999E+05
  2.9061752196970000E+06   2.8451544368170002E+06  -1.4586822077900000E+05
  2.7982805525880000E+06   2.6890570644970001E+06  -1.5067090483300001E+05
  2.8422183580540000E+06   2.7663342849249998E+06  -2.0363720179200001E+05
  2.8624250680600000E+06   2.7758042368180002E+06  -1.7618186344500000E+05
  2.9296828418540000E+06   2.8284532970220000E+06  -1.0932814069600000E+05
  2.9332175447519999E+06   2.8430733498930000E+06  -1.1476593206599999E+05
  2.9311714823139999E+06   2.8128514742549998E+06  -9.7690730897999994E+04
  2.8994738483679998E+06   2.8010448414059998E+06  -1.3468132868300000E+05
  2.8638091455029999E+06   2.7838023694119998E+06  -1.8228800469100001E+05
  2.8919251703679999E+06   2.7517399893769999E+06  -1.0481649735200001E+05
  2.9392487408300000E+06   2.8276122858529999E+06  -9.8044951497999995E+04
  2.8631289280630001E+06   2.7295570745440000E+06  -1.2692951136700000E+05
  2.8617826050379998E+06   2.7768108441150002E+06  -1.7830595762299999E+05
  2.8597217841449999E+06   2.7576517311049998E+06  -1.6260128998000000E+05
  2.8464451104720002E+06   2.6898674799259999E+06  -1.0745071693200000E+05
  2.8750065995970001E+06   2.7593693510799999E+06  -1.3691496442999999E+05
  2.8821494637670000E+06   2.7097712372150002E+06  -8.1126525131000002E+04
  2.8774951400090000E+06   2.7648921951569999E+06  -1.3869808810500000E+05
  2.8592187743340000E+06   2.7877607430850002E+06  -1.9486183260699999E+05
  2.8811034229799998E+06   2.8224439879680001E+06  -1.7306618930299999E+05
  2.9055363807390002E+06   2.7973714011329999E+06  -1.2197592207600000E+05
  2.8811155722220000E+06   2.8656500348049998E+06  -1.7735308750100000E+05
  2.9002364244630001E+06   2.7479006606239998E+06  -8.9649260251000000E+04
  2.8882671064459998E+06   2.8331828445500000E+06  -1.6540111122300001E+05
  2.9319840735249999E+06   2.8394093575100000E+06  -1.1431826752199999E+05
  2.8187383239690000E+06   2.7065489182970002E+06  -1.5709891897900001E+05
  2.9221271799479998E+06   2.8733277667149999E+06  -1.3493238565800001E+05
  2.8731021742699998E+06   2.8104511126779998E+06  -1.8448428108900000E+05
  2.8723692225279999E+06   2.8136814465890001E+06  -1.8680742058999999E+05
  2.9210065795999998E+06   2.8687223602749999E+06  -1.3524434100300001E+05
  2.8833729448739998E+06   2.8124434138139999E+06  -1.6678272211999999E+05
  2.9240021076480001E+06   2.8493354592570001E+06  -1.2860334251300000E+05
  2.8469544655700000E+06   2.7754497799740001E+06  -2.0525845815100000E+05
  2.9022617498289999E+06   2.8805163634279999E+06  -1.5538859341900001E+05
  2.8622279960759999E+06   2.7853342910739998E+06  -1.8646343732900001E+05
  2.8941353924500002E+06   2.8780198743050001E+06  -1.6384700983600001E+05
  2.8845945960189998E+06   2.7690084466659999E+06  -1.3222160823700001E+05
  2.8326968361060000E+06   2.7296299010910001E+06  -1.6966207648200000E+05
  2.8628600728099998E+06   2.7517848613290000E+06  -1.4946986110899999E+05
  2.8122435339690000E+06   2.6825370935999998E+06  -1.3355009755599999E+05
  2.8913415615030001E+06   2.7999712180400002E+06  -1.4696930917699999E+05
  2.8402273790560002E+06   2.7384697009910000E+06  -1.7011082405000000E+05
  2.8290398872500001E+06   2.6885909147490002E+06  -1.2696165939600000E+05
  2.9071175319460002E+06   2.7944584870179999E+06  -1.1659463999200000E+05
  2.8646994433390000E+06   2.7554133173619998E+06  -1.5056443713400001E+05
  2.8559417024989999E+06   2.7776942690940001E+06  -1.9019400311600001E+05
  2.8121241822040002E+06   2.7163271216940000E+06  -1.7857666863199999E+05
  2.9426201594030000E+06   2.8230349252410000E+06  -9.1547735237000001E+04
  2.9443196601060000E+06   2.8232682158380002E+06  -8.9921028263999993E+04
  2.9159648455690001E+06   2.7981570089790002E+06  -1.0708426560400000E+05
  2.9363534644619999E+06   2.7984214805979999E+06  -8.1613172508999996E+04
  2.9181146543709999E+06   2.8296542895100000E+06  -1.2610406989300001E+05
  2.8709180108249998E+06   2.7665851564859999E+06  -1.5145871056100001E+05
  2.8180002094290000E+06   2.7075591083559999E+06  -1.5915590997899999E+05
  2.8390849685330000E+06   2.7279067804700001E+06  -1.5939184746799999E+05
  2.8963807283319999E+06   2.7782833805780001E+06  -1.2049274607800000E+05
  2.8734268610149999E+06   2.7577467573980000E+06  -1.3769389247300001E+05
  2.9320946441250001E+06   2.7760908760670000E+06  -7.1065933948999998E+04
  2.8413278141129999E+06   2.7667028129309998E+06  -2.0584115304899999E+05
  2.9128545084090000E+06   2.7481466118850000E+06  -7.3408825486999995E+04
  2.8814895743610002E+06   2.7077568248230000E+06  -8.0184554696000007E+04
  2.8625521179479999E+06   2.6960041191039998E+06  -9.1956035226000007E+04
  2.9250758711999999E+06   2.8478239723430001E+06  -1.2711516386600000E+05
  2.8577240140780001E+06   2.7889983291179999E+06  -1.9908620659900000E+05
  2.8192454428349999E+06   2.7093727074440001E+06  -1.6009637523800001E+05
  2.8380055626510000E+06   2.7637163624649998E+06  -2.0773843832700001E+05
  2.8451394626569999E+06   2.7533761305519999E+06  -1.8059813173100000E+05
  2.8145062609919999E+06   2.6970313478589999E+06  -1.4951194055500001E+05
  2.8838281614350001E+06   2.7110181061990000E+06  -8.0092461039000002E+04
  2.9282680325610000E+06   2.8049235611939998E+06  -9.5756865487000003E+04
  2.9289102638240000E+06   2.8032450068669999E+06  -9.3884645816999997E+04
  2.9325278263099999E+06   2.8377838654250000E+06  -1.1278287481400000E+05
  2.9123244282650002E+06   2.8007842235460002E+06  -1.1402867162800000E+05
  2.8560298399439999E+06   2.7299340485240002E+06  -1.3820672005599999E+05
  2.9118376612129998E+06   2.8150563507800000E+06  -1.2573896146599999E+05
  2.8376643528129999E+06   2.7432293911959999E+06  -1.8074166997200000E+05
  2.8612972649969999E+06   2.7585438555339999E+06  -1.6120314521700001E+05
  2.9160533872870002E+06   2.8603961206850000E+06  -1.3878812444099999E+05
  2.8926911519180001E+06   2.8698981095560002E+06  -1.6394368946800000E+05
  2.8797734396719998E+06   2.7064633647739999E+06  -8.1218996711999993E+04
  2.9102453787509999E+06   2.8747763542220001E+06  -1.4661281638999999E+05
  2.8285120646440000E+06   2.7105351032860000E+06  -1.5152738381500001E+05
  2.8242188937789998E+06   2.6729205977909998E+06  -1.1267891811100001E+05
  2.8578017313770000E+06   2.7182312668329999E+06  -1.2292805392100000E+05
  2.8386212610650002E+06   2.7248287533640000E+06  -1.5646866715699999E+05
  2.8964859820070001E+06   2.7653794171710000E+06  -1.0897145401400000E+05
  2.9157772090530000E+06   2.8253790354660000E+06  -1.2686788516000001E+05
  2.9148018201279999E+06   2.8230881455029999E+06  -1.2689854881800000E+05
  2.8492377860400002E+06   2.6853049803780001E+06  -9.7876688938000007E+04
  2.8980173382299999E+06   2.8007519811680000E+06  -1.3654481908900000E+05
  2.8746749053199999E+06   2.7136055218349998E+06  -9.5151141134000005E+04
  2.8464785246540001E+06   2.6873544864130002E+06  -1.0421523113900000E+05
  2.9408967132400000E+06   2.8403852239950001E+06  -1.0454857961099999E+05
  2.8770230255490001E+06   2.8512854713289998E+06  -1.8060785069299999E+05
  2.7999092791980002E+06   2.7054861881570001E+06  -1.7742640356300000E+05
  2.8730208435399998E+06   2.7557721995359999E+06  -1.3642009245800000E+05
  2.8510835781740001E+06   2.6787121345520001E+06  -8.7148340998000000E+04
  2.8506832824700000E+06   2.7651960297810002E+06  -1.8513910679100000E+05
  2.8185376845120001E+06   2.7103935715330001E+06  -1.6211630932100001E+05
  2.8743206282589999E+06   2.8118564826090001E+06  -1.8295645418000000E+05
  2.8460703236290002E+06   2.7757647687610001E+06  -2.0739155542200000E+05
  2.9347541598029998E+06   2.8445213756080000E+06  -1.1372183842600000E+05
  2.9063365628840001E+06   2.8298537611980001E+06  -1.4116516989799999E+05
  2.9235827168620001E+06   2.8086406914679999E+06  -1.0459692029100000E+05
  2.9097546817109999E+06   2.7968191589449998E+06  -1.1446586653800000E+05
  2.8538012527009998E+06   2.7352952117570001E+06  -1.4693990934499999E+05
  2.9039643328000000E+06   2.7714767877910002E+06  -1.0365549810400000E+05
  2.8787299067290002E+06   2.7071750788750001E+06  -8.3181658360000001E+04
  2.9259458851629999E+06   2.7642467827450000E+06  -7.0591493751000002E+04
  2.8675334370260001E+06   2.7709246692440002E+06  -1.6208736952400001E+05
  2.9239466886009998E+06   2.8555138975180001E+06  -1.2993959448900000E+05
  2.8574901202309998E+06   2.7370963796870001E+06  -1.4375006638100001E+05
  2.9239426403049999E+06   2.8070895931009999E+06  -1.0279515865400000E+05
  2.8242775246489998E+06   2.7360587829880002E+06  -1.9213310127000001E+05
  2.8932365534450002E+06   2.8589274207350002E+06  -1.6144158788300000E+05
  2.9301094893990001E+06   2.7867785213359999E+06  -8.1482018412000005E+04
  2.9249957934800000E+06   2.7656429689340000E+06  -7.2319818188000005E+04
  2.8491770632420001E+06   2.6775823487350000E+06  -8.8094338290000000E+04
  2.9028328369780001E+06   2.7718467690619999E+06  -1.0574651233899999E+05
  2.8760473556700000E+06   2.7982976025769999E+06  -1.7075120652700000E+05
  2.8744171724810000E+06   2.8032774235040001E+06  -1.7740151727800001E+05
  2.8463033687720001E+06   2.6772000866600000E+06  -9.1116612294999999E+04
  2.8794863621979998E+06   2.8320920097050001E+06  -1.7668451716700001E+05
  2.8082434459279999E+06   2.7202072377010002E+06  -1.9065093555500000E+05
  2.9233834683989999E+06   2.8593667478720001E+06  -1.3131715157900000E+05
  2.8178383879700000E+06   2.7114145492050000E+06  -1.6412743066499999E+05
  2.8407956724660001E+06   2.7452836678149998E+06  -1.7788751026400001E+05
  2.8790434654740002E+06   2.7941921042320002E+06  -1.6269009581100001E+05
  2.9233192625449998E+06   2.7966916543290000E+06  -9.5978817259999996E+04
  2.8901654161290000E+06   2.8487608600300001E+06  -1.6383534945300000E+05
  2.8797511669399999E+06   2.7964682179430001E+06  -1.6323928056200000E+05
  2.8629220609800001E+06   2.8198360572420000E+06  -2.0550400041899999E+05
  2.8014041812740001E+06   2.6853064651730000E+06  -1.4344302570000000E+05
  2.8888113195070000E+06   2.7484589463030002E+06  -1.0649357173700001E+05
  2.9119575284870001E+06   2.8225212708859998E+06  -1.3042358267400000E+05
  2.9116073989880001E+06   2.8242206341110002E+06  -1.3180808733400001E+05
  2.8386480077010002E+06   2.7373983158010002E+06  -1.7150500608699999E+05
  2.8748815730800000E+06   2.7530903827889999E+06  -1.3101812384800000E+05
  2.8323138277710001E+06   2.7365324392490000E+06  -1.8006162969000000E+05
  2.8573980760780000E+06   2.7480750485890000E+06  -1.5470409108799999E+05
  2.8403166103820000E+06   2.7671478930400000E+06  -2.0799451190099999E+05
  2.8770443816379998E+06   2.7058413146560001E+06  -8.4241177815000003E+04
  2.8752285736910002E+06   2.7045984131499999E+06  -8.5186545568000001E+04
  2.8559883735980000E+06   2.7681098167840000E+06  -1.7917297575400001E+05
  2.8643134698870000E+06   2.6972662443909999E+06  -9.0941037771999996E+04
  2.8257206629300001E+06   2.6860517807999998E+06  -1.2675406063800000E+05
  2.8796611244089999E+06   2.8654613771770000E+06  -1.7915812173899999E+05
  2.8912804592120000E+06   2.7433064241889999E+06  -9.7976702453000005E+04
  2.8649410808159998E+06   2.7882476646819999E+06  -1.8384045497799999E+05
  2.8814127819860000E+06   2.8167695904589999E+06  -1.7068138024699999E+05
  2.9297779123290000E+06   2.8599754440020001E+06  -1.2552593577600000E+05
  2.8482094821020002E+06   2.6783233837000001E+06  -9.0163258562000003E+04
  2.8956451144409999E+06   2.7243908415230000E+06  -7.6421453536999994E+04
  2.8146633841220001E+06   2.7253299901589998E+06  -1.8970799929899999E+05
  2.8584675698020002E+06   2.7446593428250002E+06  -1.4960263623800001E+05
  2.8793050991469999E+06   2.7801782199740000E+06  -1.5058848202900001E+05
  2.8612527138310000E+06   2.7630851634260002E+06  -1.6534865240600001E+05
  2.9292661153050000E+06   2.8300331161600002E+06  -1.1102675655999999E+05
  2.9293934712669998E+06   2.7955838335400000E+06  -8.7757997313999993E+04
  2.8568585437889998E+06   2.7335062928920002E+06  -1.4089191270399999E+05
  2.8699660148780001E+06   2.8358644161250000E+06  -1.9163615915900000E+05
  2.8734046150670000E+06   2.7033743888269998E+06  -8.6118591262999995E+04
  2.8965560295980000E+06   2.8004799285370000E+06  -1.3842867931199999E+05
  2.8455772578590000E+06   2.6880113098220001E+06  -1.0632318623500000E+05
  2.8541038479169998E+06   2.7284073308020001E+06  -1.3889647879600001E+05
  2.9304440956270001E+06   2.8321301456010002E+06  -1.1101996063099999E+05
  2.8772064197280002E+06   2.8082025734859998E+06  -1.7472244041600000E+05
  2.8473977287829998E+06   2.6866758489760002E+06  -1.0210912763000000E+05
  2.8972519167390000E+06   2.8525311418400002E+06  -1.5604865283000001E+05
  2.8697487578220000E+06   2.7009493937380002E+06  -8.8004983737999995E+04
  2.8660802814449999E+06   2.6985337028930001E+06  -8.9924394526000004E+04
  2.9373767795420000E+06   2.8006388161360002E+06  -8.1994590616999994E+04
  2.9341614103020001E+06   2.8207775772609999E+06  -9.9668548399000007E+04
  2.8639560748510002E+06   2.7769261500160000E+06  -1.7469393186099999E+05
  2.8715795038089999E+06   2.7021586544690002E+06  -8.7054824013999998E+04
  2.9053906513359998E+06   2.8668787961680000E+06  -1.5013279495000001E+05
  2.9017001039229999E+06   2.7722079102790002E+06  -1.0783163936900000E+05
  2.8722160898139998E+06   2.8208214725620002E+06  -1.8773815236199999E+05
  2.8770169945740001E+06   2.6984458489899999E+06  -7.7265652725000007E+04
  2.8270954612610000E+06   2.7434850652820002E+06  -1.9872777332599999E+05
  2.9313623796310001E+06   2.7773742208670001E+06  -7.2979564270999996E+04
  2.8618787042210000E+06   2.7576534178209999E+06  -1.5916878522200001E+05
  2.8602428464850001E+06   2.7757437006270001E+06  -1.7989748985899999E+05
  2.8191040266200001E+06   2.7132083113790001E+06  -1.6508238957999999E+05
  2.9005187355120000E+06   2.7725882007370000E+06  -1.0988313542799999E+05
  2.8586990228109998E+06   2.7673372185340002E+06  -1.7363838685800001E+05
  2.9173581254369998E+06   2.8188430960410000E+06  -1.2040522434500000E+05
  2.8875229965499998E+06   2.8175145582710002E+06  -1.6271608082300000E+05
  2.8282214128029998E+06   2.6831789174170000E+06  -1.2045237268900000E+05
  2.9197025514619998E+06   2.7804449109200002E+06  -8.9548965410999997E+04
  2.8679143580939998E+06   2.6997387127959998E+06  -8.8958111564999999E+04
  2.9181039929590002E+06   2.8156250886519998E+06  -1.1719585791100000E+05
  2.8651192274569999E+06   2.8078112498550001E+06  -1.9806630824899999E+05
  2.8676557507529999E+06   2.7089914746679999E+06  -9.9306869714000000E+04
  2.8170762847660002E+06   2.7019366310319998E+06  -1.5304987839699999E+05
  2.8006912284720000E+06   2.6897170731870001E+06  -1.5058684719000000E+05
  2.7977630775040002E+06   2.6943461287969998E+06  -1.5995185113800000E+05
  2.9023330789830000E+06   2.7279608981969999E+06  -7.1079028972000000E+04
  2.8826931969869998E+06   2.8541445070079998E+06  -1.7350056796600000E+05
  2.8847733492600000E+06   2.7232469192849998E+06  -8.9796266860999996E+04
  2.9033171150190001E+06   2.8447974996770001E+06  -1.4870209122999999E+05
  2.8483180022040000E+06   2.6859936465280000E+06  -9.9996884202000001E+04
  2.8390666000620001E+06   2.6774905505410000E+06  -1.0170577387200001E+05
  2.8140574492540001E+06   2.7170721450000000E+06  -1.7728530353100001E+05
  2.8744633315240000E+06   2.7511022934730002E+06  -1.2973719335000000E+05
  2.8676334396569999E+06   2.7682774334700000E+06  -1.5920328308200001E+05
  2.8895500961759998E+06   2.7460720121430000E+06  -1.0325939790800000E+05
  2.8927399374899999E+06   2.7835396770339999E+06  -1.3159709558699999E+05
  2.9349766343700001E+06   2.8620219005780001E+06  -1.2113373940400001E+05
  2.9459660605250001E+06   2.8235813410169999E+06  -8.8421260292999999E+04
  2.8589619272269998E+06   2.8011504365829998E+06  -2.0697824177200001E+05
  2.9262802845060001E+06   2.8585374955300000E+06  -1.2843999997900000E+05
  2.8840072836000002E+06   2.8272592509010001E+06  -1.6987736355400001E+05
  2.8903913469400001E+06   2.7500859834199999E+06  -1.0567635761900000E+05
  2.9208453663770002E+06   2.8251131961159999E+06  -1.1984076227100000E+05
  2.9069418372900002E+06   2.7961131515420000E+06  -1.1827695429800000E+05
  2.8957513617500002E+06   2.8785262601219998E+06  -1.6216825948000001E+05
  2.9209075990700000E+06   2.8060655082689999E+06  -1.0643132074600000E+05
  2.9093457489399998E+06   2.8325859833570002E+06  -1.3870526546299999E+05
  2.9164223697700002E+06   2.7498138783550002E+06  -7.0641476358999993E+04
  2.8215155065879999E+06   2.7382058802930000E+06  -2.0014853270300000E+05
  2.8985837784620002E+06   2.7689441132049998E+06  -1.0947391148100000E+05
  2.8537475527730002E+06   2.7751910275190002E+06  -1.9152372250500001E+05
  2.9015155288260002E+06   2.8361241754419999E+06  -1.4889536632199999E+05
  2.8630269626130001E+06   2.7845854224600000E+06  -1.8437423010200000E+05
  2.8721681147210002E+06   2.8231653700720002E+06  -1.8803935345800000E+05
  2.8700675698000002E+06   2.8381763663360002E+06  -1.9140689565600001E+05
  2.9316950541280000E+06   2.8341786573720002E+06  -1.1106319712100000E+05
  2.8229836775360000E+06   2.7185628726789998E+06  -1.6797990577099999E+05
  2.9274530992190000E+06   2.8472860312970001E+06  -1.2397397695100000E+05
  2.9052306148450002E+06   2.8604142047319999E+06  -1.4933892145299999E+05
  2.9001857186139999E+06   2.7792045738019999E+06  -1.1543004776300000E+05
  2.8789829632000001E+06   2.7975155815110002E+06  -1.6523345973900001E+05
  2.9245295496840002E+06   2.8578088571839998E+06  -1.2989659572899999E+05
  2.8969137243550001E+06   2.8095113182109999E+06  -1.4390716248200001E+05
  2.9321602555430001E+06   2.8690430723710000E+06  -1.2517412693699999E+05
  2.9398493128080000E+06   2.7860996878840001E+06  -7.0007530081999997E+04
  2.9432234930409999E+06   2.8212834874089998E+06  -8.9825431641999996E+04
  2.8999030737109999E+06   2.7771364511279999E+06  -1.1426041376400000E+05
  2.9006630243009999E+06   2.8682149805939998E+06  -1.5499748568400001E+05
  2.8849959617110002E+06   2.8440491067440002E+06  -1.7013816822299999E+05
  2.8888521519909999E+06   2.8568217635059999E+06  -1.6656293904299999E+05
  2.8167514025929999E+06   2.6841886656990000E+06  -1.3229947461599999E+05
  2.8786662773970002E+06   2.8118368574939999E+06  -1.7350188664800001E+05
  2.8260517476769998E+06   2.7212345532729998E+06  -1.6769105391900000E+05
  2.9129080241789999E+06   2.8078491065500001E+06  -1.1861447707800000E+05
  2.9221574647140000E+06   2.8671260978089999E+06  -1.3388800012800001E+05
  2.9383221151399999E+06   2.7886819021510002E+06  -7.3609761048000000E+04
  2.9190851540629999E+06   2.7833034204799999E+06  -9.2399638934999995E+04
  2.8086382428540001E+06   2.7192696006629998E+06  -1.8847626627500000E+05
  2.8248441701110001E+06   2.7194247022279999E+06  -1.6682266694800000E+05
  2.7989342728129998E+06   2.7065691645080000E+06  -1.8048651321800001E+05
  2.8607571067670002E+06   2.6838307723949999E+06  -8.1826938206000006E+04
  2.9305242631950001E+06   2.7976856222549998E+06  -8.7996848729999998E+04
  2.9237897155169998E+06   2.8317137514970000E+06  -1.1997685368099999E+05
  2.8587935821670000E+06   2.7270450297380001E+06  -1.3049076097700000E+05
  2.8805115719460002E+06   2.7821778250839999E+06  -1.5022869124900000E+05
  2.8864158660419998E+06   2.8272583192790002E+06  -1.6661510555000001E+05
  2.8677248590680002E+06   2.8554708777810000E+06  -1.9366083045899999E+05
  2.8731066731850002E+06   2.8246450493749999E+06  -1.8639894322300001E+05
  2.8284674056919999E+06   2.6991110468770000E+06  -1.4016594991000000E+05
  2.9018120919030001E+06   2.8433585775779998E+06  -1.4997280783800001E+05
  2.8825551547329999E+06   2.8157302375490000E+06  -1.6891834956400000E+05
  2.9146540592880002E+06   2.7742048369870000E+06  -9.0957252848000004E+04
  2.8216834862939999E+06   2.7167765759480000E+06  -1.6702092720400001E+05
  2.8778372993250000E+06   2.7729808783740001E+06  -1.4585354646700001E+05
  2.9144386046079998E+06   2.8080698839059998E+06  -1.1665139415399999E+05
  2.9329412601959999E+06   2.8362224299740000E+06  -1.1110856501500000E+05
  2.8581411131679998E+06   2.6977532424120000E+06  -1.0127887702900000E+05
  2.8963799184070001E+06   2.8022447338430001E+06  -1.4007208031700001E+05
  2.8137195920130000E+06   2.6907619338619998E+06  -1.4272578560300000E+05
  2.8446009825539999E+06   2.6887353100069999E+06  -1.0838714186100000E+05
  2.8919493282110002E+06   2.7408163673350001E+06  -9.4874474908000004E+04
  2.8545378199800001E+06   2.7590802361220000E+06  -1.7110485795999999E+05
  2.8071488923579999E+06   2.7175644269209998E+06  -1.8760397778500000E+05
  2.8741506281550000E+06   2.7160004038499999E+06  -9.8163504547999997E+04
  2.7992746536030001E+06   2.7099166803440000E+06  -1.8549576172499999E+05
  2.9233830229039998E+06   2.8655188344239998E+06  -1.3253640948400000E+05
  2.8083559457979999E+06   2.6939950707299998E+06  -1.5039187504300001E+05
  2.9008791817589998E+06   2.8759696417850000E+06  -1.5622688131900001E+05
  2.8203887287200000E+06   2.7149895865590000E+06  -1.6605392410500001E+05
  2.8740614538199999E+06   2.7490967851760001E+06  -1.2847629509699999E+05
  2.8453264317279998E+06   2.7035966004750002E+06  -1.2408678278700000E+05
  2.8458541573919998E+06   2.7265839352790001E+06  -1.4867960155799999E+05
  2.8764193421530002E+06   2.8649833849040000E+06  -1.8315096826600001E+05
  2.9065381488009999E+06   2.7661422279790002E+06  -9.5195780671000000E+04
  2.9280320545060001E+06   2.8592608194780000E+06  -1.2698122437800000E+05
  2.8851577584580001E+06   2.8461446272629998E+06  -1.6996083703400000E+05
  2.9040209688809998E+06   2.8341407360939998E+06  -1.4534107699599999E+05
  2.7958564244880001E+06   2.7068537614059998E+06  -1.8384241531400001E+05
  2.9265085689900001E+06   2.8044255010319999E+06  -9.7603137260000003E+04
  2.8685611004889999E+06   2.7593234894320001E+06  -1.4760517256300000E+05
  2.8586454071129998E+06   2.7464776684770002E+06  -1.5100885040000000E+05
  2.9485584770439998E+06   2.8333061182780000E+06  -9.1700078613000005E+04
  2.8873133985210001E+06   2.8368256237019999E+06  -1.6708112062400000E+05
  2.8971332814540002E+06   2.7848344493860002E+06  -1.2545100344600000E+05
  2.8325984391480000E+06   2.6970548541830000E+06  -1.3290940880800001E+05
  2.8056500185159999E+06   2.7158546351580000E+06  -1.8673699349399999E+05
  2.8840036821550000E+06   2.7953016708700000E+06  -1.5561016062300000E+05
  2.8863761398640000E+06   2.7428442077790000E+06  -1.0485764447699999E+05
  2.8581869247869998E+06   2.7642911031990000E+06  -1.7095550666300001E+05
  2.9180543421180001E+06   2.8350571269660001E+06  -1.2919493126899999E+05
  2.8870420567470002E+06   2.7269919744429998E+06  -8.9984880829999995E+04
  2.8255061865349999E+06   2.7221423323080000E+06  -1.6970697344999999E+05
  2.8974197930669999E+06   2.7255155973990001E+06  -7.5154274736000007E+04
  2.8387589150169999E+06   2.7452376046589999E+06  -1.8139968229999999E+05
  2.9257188494670000E+06   2.8685067951719998E+06  -1.3095320426200000E+05
  2.8179592960959999E+06   2.7008090492400001E+06  -1.5073440421899999E+05
  2.8654238254180001E+06   2.7968071826510001E+06  -1.9065152144400001E+05
  2.8923281050890000E+06   2.7267872915770002E+06  -8.2447928192000007E+04
  2.8566603725410001E+06   2.7192270128799998E+06  -1.2520775209600000E+05
  2.8993179093490001E+06   2.8126575463560000E+06  -1.4205513844899999E+05
  2.8488465891950000E+06   2.7056389477550001E+06  -1.2205766320800000E+05
  2.8732516110310000E+06   2.7450736774829999E+06  -1.2597535749600000E+05
  2.9131560261969999E+06   2.8246613255389999E+06  -1.3001585574600000E+05
  2.8680251768209999E+06   2.8362586099069999E+06  -1.9491330979999999E+05
  2.9083929219820001E+06   2.8803590203760001E+06  -1.4895174223300000E+05
  2.8454716622839998E+06   2.7738280826180000E+06  -2.0622502841500001E+05
  2.9165414784010001E+06   2.8293419261900000E+06  -1.2807589425400000E+05
  2.8825870113650002E+06   2.8260574601340001E+06  -1.7146975011200001E+05
  2.9140417655819999E+06   2.8115506512830001E+06  -1.1979670552700000E+05
  2.9274522130550002E+06   2.8012742073300001E+06  -9.4328742379999996E+04
  2.8795336441859999E+06   2.7016968402260002E+06  -7.7355668130000005E+04
  2.8876293894420001E+06   2.8153375355239999E+06  -1.6205644516500001E+05
  2.9328064958179998E+06   2.8505725400930000E+06  -1.1912725731000000E+05
  2.8529394857580001E+06   2.7857993793560001E+06  -2.0529318972600001E+05
  2.8436600315560000E+06   2.6894231263819998E+06  -1.1044817993200000E+05
  2.9212070630970001E+06   2.7975759664579998E+06  -9.9451487179999996E+04
  2.8125191440949999E+06   2.6979205028400002E+06  -1.5214423390900000E+05
  2.8448432634200002E+06   2.7591830337999999E+06  -1.8838506022499999E+05
  2.8198883884319998E+06   2.7018896692949999E+06  -1.5027941721000001E+05
  2.9080665841760002E+06   2.8717424189470001E+06  -1.4826656880099999E+05
  2.8879712492860002E+06   2.7444575819669999E+06  -1.0406713822500000E+05
  2.8975101750400001E+06   2.7779426269490002E+06  -1.1836801072999999E+05
  2.8332115556800002E+06   2.7483837573119998E+06  -1.9496165681799999E+05
  2.8062031870030002E+06   2.6864232984620002E+06  -1.4297109442400001E+05
  2.8871253343050000E+06   2.7404546312940000E+06  -1.0164750265500000E+05
  2.8647773431070000E+06   2.7368706076300000E+06  -1.3170044215700001E+05
  2.8937780590420002E+06   2.8018070811430002E+06  -1.4419673321199999E+05
  2.8634934202540000E+06   2.7478459435800002E+06  -1.4444200841300000E+05
  2.8950835779780000E+06   2.8019883004520000E+06  -1.4209779789300001E+05
  2.8511651226300001E+06   2.7216278564550001E+06  -1.3470410931500001E+05
  2.8713910458869999E+06   2.8145657516310001E+06  -1.8873504661799999E+05
  2.8563060194130000E+06   2.7905514103970001E+06  -2.0345944205799999E+05
  2.8399239358239998E+06   2.6768799749850002E+06  -9.9530421895000007E+04
  2.8675994431230002E+06   2.7165066870010002E+06  -1.0702686130400001E+05
  2.8943231727089998E+06   2.7303228299270002E+06  -8.2825294458000004E+04
  2.8777243047989998E+06   2.7004405815289998E+06  -7.8299300690000004E+04
  2.8635646534350002E+06   2.7315854706410002E+06  -1.2829277769800001E+05
  2.8652509275000002E+06   2.8305341686550002E+06  -1.9978680637599999E+05
  2.9458091648729998E+06   2.8199963248140002E+06  -8.6350538195000001E+04
  2.9243044490800002E+06   2.7937312974970001E+06  -9.2516216602000000E+04
  2.8562971567210001E+06   2.7372805539839999E+06  -1.4551844560199999E+05
  2.8053006948230001E+06   2.6989552279059999E+06  -1.5910042473000000E+05
  2.8812196744680000E+06   2.8248369308960000E+06  -1.7312318586400000E+05
  2.8724018569020000E+06   2.8423683610950001E+06  -1.8746476030299999E+05
  2.9269342968219998E+06   2.8669065153390002E+06  -1.2959583009200000E+05
  2.8700207926099999E+06   2.8556122520760000E+06  -1.9051388985800001E+05
  2.8815309300640002E+06   2.7892461592959999E+06  -1.5479939728700000E+05
  2.8736544363680002E+06   2.7470882632030002E+06  -1.2721974644300000E+05
  2.9304011168100000E+06   2.8622298992869998E+06  -1.2546532839700000E+05
  2.8325924504990000E+06   2.7317488378070001E+06  -1.7280593373200000E+05
  2.8631610497349999E+06   2.8153064794109999E+06  -2.0456282516099999E+05
  2.9121850495950002E+06   2.8134284941079998E+06  -1.2400827180100000E+05
  2.9037586810260001E+06   2.7864963803490000E+06  -1.1598557881599999E+05
  2.9381219729789998E+06   2.7852855714940000E+06  -7.1432166910999993E+04
  2.8631435516720000E+06   2.7072174776880001E+06  -1.0341549480000000E+05
  2.9292673278450002E+06   2.8698966905720001E+06  -1.2801809863900000E+05
  2.8866996852440001E+06   2.7384447100370000E+06  -1.0043385623600001E+05
  2.8769018451899998E+06   2.8267755176809998E+06  -1.8033706956900001E+05
  2.9132014858909999E+06   2.7811549522420000E+06  -9.8415642021000007E+04
  2.8817684026560001E+06   2.7825136035560002E+06  -1.4827036553899999E+05
  2.8967381158220000E+06   2.8653894109919998E+06  -1.5850308979400000E+05
  2.8494894353669998E+06   2.7451069092999999E+06  -1.6382351324500001E+05
  2.8991455417269999E+06   2.7602703374399999E+06  -1.0048113361800001E+05
  2.8531086274219998E+06   2.7798535059620002E+06  -1.9836658614299999E+05
  2.8626445736830002E+06   2.7321401130760000E+06  -1.3060535864000001E+05
  2.9194245478039999E+06   2.8056233900629999E+06  -1.0822782769200001E+05
  2.9015902672640001E+06   2.8782317257590001E+06  -1.5579105570999999E+05
  2.8361783671140000E+06   2.6820930959190000E+06  -1.1118571967599999E+05
  2.8651868103049998E+06   2.8221198949369998E+06  -2.0039591979200000E+05
  2.8427134683309998E+06   2.6900995260620001E+06  -1.1250098769800000E+05
  2.8042981517610000E+06   2.7072174067170001E+06  -1.7448281673699999E+05
  2.8534834394260002E+06   2.7648978023620001E+06  -1.7973388947299999E+05
  2.9262389927679999E+06   2.8359712525840001E+06  -1.1935610599000000E+05
  2.8968355924820001E+06   2.8158029888800001E+06  -1.4711683251599999E+05
  2.9076082925669998E+06   2.8288693451810000E+06  -1.3934373187200000E+05
  2.9366982891279999E+06   2.8020711675860002E+06  -8.3792607162999993E+04
  2.8741516976549998E+06   2.8238005270190001E+06  -1.8447975921200000E+05
  2.8408106682569999E+06   2.6890205237750001E+06  -1.1340251435600000E+05
  2.8571318347169999E+06   2.7622154332920001E+06  -1.7033405354200001E+05
  2.8904602335390002E+06   2.7392131670160000E+06  -9.5737631657000005E+04
  2.8150134527119999E+06   2.6959022043989999E+06  -1.4777767727300001E+05
  2.8316979519730001E+06   2.6885607729850002E+06  -1.2414035625899999E+05
  2.7940646676360001E+06   2.6926541220310000E+06  -1.6008608309900001E+05
  2.8874899688769998E+06   2.7807257195390002E+06  -1.3751611682800000E+05
  2.8665049047349999E+06   2.6930891251110001E+06  -8.3609902774999995E+04
  2.8645861943979999E+06   2.8445212015869999E+06  -1.9991267908500001E+05
  2.8753846286980002E+06   2.7992396708080000E+06  -1.7280848086499999E+05
  2.8544206509520002E+06   2.7669491635309998E+06  -1.8051119196000000E+05
  2.9342306625709999E+06   2.8597903976509999E+06  -1.2112655637900000E+05
  2.8848739897949998E+06   2.8026278750519999E+06  -1.5947067959099999E+05
  2.8863121386250001E+06   2.7364044169959999E+06  -9.9235274353999994E+04
  2.8948043825280000E+06   2.8057752025850001E+06  -1.4519194181200000E+05
  2.9321437017790000E+06   2.8629317718810001E+06  -1.2400024749600000E+05
  2.9315962481600000E+06   2.8512865839869999E+06  -1.2085158287000000E+05
  2.8772556254639998E+06   2.8301679181110002E+06  -1.8011086602099999E+05
  2.8551656846889998E+06   2.7445413763970002E+06  -1.5480402605600000E+05
  2.9283015971980002E+06   2.7984257545360001E+06  -9.1216950610999993E+04
  2.8719303554739999E+06   2.8506243723840001E+06  -1.8824672620000000E+05
  2.8740449033710002E+06   2.7773969719070001E+06  -1.5698693363900000E+05
  2.8156018015760002E+06   2.7280296883089999E+06  -1.9276375768600000E+05
  2.9294749914660002E+06   2.8452706591249998E+06  -1.2042840919100000E+05
  2.8027081859280001E+06   2.6844957029980002E+06  -1.4159257719200000E+05
  2.9310056761130001E+06   2.8706098421700001E+06  -1.2654775306900000E+05
  2.8597408364050002E+06   2.6848290632830001E+06  -8.4137905123999997E+04
  2.8557520711159999E+06   2.7089331951959999E+06  -1.1596553023800001E+05
  2.9389633281069999E+06   2.8345391625170000E+06  -1.0294140831400000E+05
  2.9058472908080001E+06   2.8252565783540001E+06  -1.3996101243199999E+05
  2.8744072831970002E+06   2.7446545117810001E+06  -1.2398179525200000E+05
  2.8176747768529998E+06   2.6832949417289998E+06  -1.3045055767600000E+05
  2.9402102248740001E+06   2.8366142344689998E+06  -1.0296231786000000E+05
  2.8398641050720001E+06   2.7472636558280000E+06  -1.8203975597100001E+05
  2.8799821812900002E+06   2.8466936233310001E+06  -1.7615798679400000E+05
  2.8591770888870000E+06   2.7247880066160001E+06  -1.2682641930199999E+05
  2.8886525498799998E+06   2.8404327160510002E+06  -1.6547754039700000E+05
  2.8782843736310001E+06   2.8095545403250000E+06  -1.7307322721099999E+05
  2.9001313883659998E+06   2.8371335284050000E+06  -1.5060585772100001E+05
  2.8657567911060001E+06   2.8124657000310002E+06  -1.9914886174900000E+05
  2.8587702036290001E+06   2.7227516205230001E+06  -1.2550869248600000E+05
  2.9179019153600000E+06   2.8383419240649999E+06  -1.3081825518100000E+05
  2.8728921554760002E+06   2.8316779290789999E+06  -1.8678429205200000E+05
  2.8915000732749999E+06   2.7153330839379998E+06  -7.4342270724999995E+04
  2.9055880915839998E+06   2.8150945350660002E+06  -1.3491195592199999E+05
  2.9170690261070002E+06   2.8203981769220000E+06  -1.2201688547300000E+05
  2.8800930296709999E+06   2.8075997240160001E+06  -1.6915552831900000E+05
  2.8399305478639998E+06   2.6945653658500002E+06  -1.2163295069300001E+05
  2.9132927704599998E+06   2.8157028007200002E+06  -1.2406584250499999E+05
  2.9158254654720002E+06   2.8323089356999998E+06  -1.3066921333400000E+05
  2.8218665386830000E+06   2.7371714285060000E+06  -1.9791091156499999E+05
  2.8867018197929999E+06   2.8296237437769999E+06  -1.6678060354300000E+05
  2.9372301407949999E+06   2.8340573338350002E+06  -1.0453704765500000E+05
  2.8389381615140000E+06   2.6903791070599998E+06  -1.1749054656400000E+05
  2.9350296794929998E+06   2.8582200272180000E+06  -1.1954799528100000E+05
  2.8930570113800000E+06   2.7137011680140002E+06  -7.1759348333000002E+04
  2.8398707513500000E+06   2.6897003516650000E+06  -1.1545172267300000E+05
  2.8829690438110000E+06   2.7845407000640002E+06  -1.4794598792700001E+05
  2.8806358150109998E+06   2.7009815641830000E+06  -7.5399860037999999E+04
  2.9182559724170002E+06   2.8224687008949998E+06  -1.2182473907000000E+05
  2.8600845888910000E+06   2.6976449215150001E+06  -9.7917728547000006E+04
  2.8785826188409999E+06   2.7284402148000002E+06  -1.0328926719400000E+05
  2.8869353930520001E+06   2.8320119461449999E+06  -1.6691062101700000E+05
  2.8959388140890002E+06   2.7361363809690000E+06  -8.5766946280999997E+04
  2.8859291101770001E+06   2.7343545016879998E+06  -9.8020445108999993E+04
  2.8912611440209998E+06   2.8428083068329999E+06  -1.6234075305599999E+05
  2.8581264967550002E+06   2.7252190468720002E+06  -1.2899384332200000E+05
  2.8631321923540002E+06   2.8175415321470001E+06  -2.0507984377800001E+05
  2.8746889341779999E+06   2.8001553763589999E+06  -1.7485791688700000E+05
  2.9009853383350000E+06   2.8543714724099999E+06  -1.5263594036199999E+05
  2.8911706266970001E+06   2.8404024958390002E+06  -1.6238782086099999E+05
  2.8041386090990002E+06   2.7141433246300002E+06  -1.8588488573899999E+05
  2.8217018484990001E+06   2.7005641513649998E+06  -1.4739269967800000E+05
  2.8638068527070000E+06   2.8276085226590000E+06  -2.0311642504100001E+05
  2.9136143875799999E+06   2.8027500865569999E+06  -1.1377551631200001E+05
  2.9364792454369999E+06   2.8304023901829999E+06  -1.0286289349000000E+05
  2.8883781756759998E+06   2.8117887111579999E+06  -1.5988452338200001E+05
  2.9464977997550000E+06   2.8118935338730002E+06  -7.9851789288000000E+04
  2.9247486034129998E+06   2.7842616080189999E+06  -8.5401210093999995E+04
  2.8404601721720002E+06   2.7540006900399998E+06  -1.8951846207600000E+05
  2.8459961309710001E+06   2.7473635105630001E+06  -1.7143221293400001E+05
  2.8227741445760000E+06   2.7233186725209998E+06  -1.7480063248100001E+05
  2.8817731205290002E+06   2.8556662566940002E+06  -1.7483806335099999E+05
  2.9163736346109998E+06   2.8472425055959998E+06  -1.3597211359900000E+05
  2.8900762214110000E+06   2.7371645349679999E+06  -9.4662736355999994E+04
  2.8634000930180000E+06   2.7926692758820001E+06  -1.9080047556600001E+05
  2.9332616799220000E+06   2.8613577939709998E+06  -1.2261196663600000E+05
  2.9151556561019998E+06   2.8030399022840001E+06  -1.1193390942900001E+05
  2.8386572882780000E+06   2.7180193939499999E+06  -1.4861724225600000E+05
  2.8915914958469998E+06   2.8498559025760000E+06  -1.6220487568500001E+05
  2.8855525094750002E+06   2.7322830498380000E+06  -9.6772808302999998E+04
  2.8420660132539999E+06   2.7513114112030002E+06  -1.8332913025900000E+05
  2.8739807897259998E+06   2.7426439689500001E+06  -1.2275023055599999E+05
  2.8694257344129998E+06   2.7647116340279998E+06  -1.5204881207600000E+05
  2.9001688322689999E+06   2.8395643787600002E+06  -1.5098105237900000E+05
  2.8990610319790002E+06   2.8105738926160000E+06  -1.4128391586800001E+05
  2.8680230992939998E+06   2.7628260675769998E+06  -1.5262372639000000E+05
  2.8346004489770001E+06   2.7107138723499998E+06  -1.4507155011300000E+05
  2.8662806693489999E+06   2.8188723375100000E+06  -1.9817078133800000E+05
  2.8646871478889999E+06   2.7353880480749998E+06  -1.3027792579199999E+05
  2.8841690859090001E+06   2.7865869483800000E+06  -1.4764004549799999E+05
  2.9077006587319998E+06   2.7895000286190002E+06  -1.1203540552700000E+05
  2.8370372760859998E+06   2.6892909655169998E+06  -1.1837764410400001E+05
  2.9094408950100001E+06   2.8575370368389999E+06  -1.4474905695900001E+05
  2.8789786810400002E+06   2.8086308802490002E+06  -1.7100300658099999E+05
  2.9347522588700000E+06   2.8299265055089998E+06  -1.0445572091300000E+05
  2.8555887416659999E+06   2.7611351567110000E+06  -1.7170919824600001E+05
  2.9355704605769999E+06   2.7928317802120000E+06  -7.9282538012000005E+04
  2.8767160445500002E+06   2.7265184933779999E+06  -1.0419092380200000E+05
  2.8405043862310001E+06   2.7190726338599999E+06  -1.4739124831400000E+05
  2.9458942888110001E+06   2.8135087385080000E+06  -8.1645743797999996E+04
  2.8549831895909999E+06   2.7304803642150001E+06  -1.4021479196700000E+05
  2.8623547839910001E+06   2.7824784709359999E+06  -1.8359696754200000E+05
  2.8094372679960001E+06   2.6932482462829999E+06  -1.4879282473500000E+05
  2.8583819255280001E+06   2.7935328660260001E+06  -2.0237956372599999E+05
  2.8739220882090000E+06   2.8010491901219999E+06  -1.7688853793100000E+05
  2.8320303761250000E+06   2.6824887730230000E+06  -1.1607089263700000E+05
  2.8409697314129998E+06   2.7492910879139998E+06  -1.8268081668700001E+05
  2.8971402829260002E+06   2.8077443617250002E+06  -1.4271793243799999E+05
  2.8166974467710000E+06   2.6906795668959999E+06  -1.4022746347799999E+05
  2.8648718077480001E+06   2.7084898087840001E+06  -1.0237360828400000E+05
  2.9341250629639998E+06   2.8262002691700002E+06  -1.0285475451699999E+05
  2.8644310915250001E+06   2.7683848380689998E+06  -1.6513063776499999E+05
  2.8026499968679999E+06   2.7124206253760001E+06  -1.8503837956400000E+05
  2.8142497815780002E+06   2.7262834301950000E+06  -1.9190746287100000E+05
  2.9197773179390002E+06   2.8107007345980001E+06  -1.1162359761700001E+05
  2.9360247126349998E+06   2.8035698216559999E+06  -8.5562725997000001E+04
  2.8551828858249998E+06   2.7579934266229998E+06  -1.6922563110000000E+05
  2.8973180723790000E+06   2.7416905075039999E+06  -8.8342765255000006E+04
  2.8327832575460002E+06   2.6940238248370001E+06  -1.2956272595800000E+05
  2.8249386101219999E+06   2.6803729426679998E+06  -1.2080044265100000E+05
  2.8475504278830001E+06   2.7773768767450000E+06  -2.0641868408800001E+05
  2.9092241551009999E+06   2.8224752623350001E+06  -1.3398529945500000E+05
  2.8684260947179999E+06   2.8482216040590000E+06  -1.9343061724299999E+05
  2.9391514092970002E+06   2.7873513043889999E+06  -7.1887666847000000E+04
  2.8824467615609998E+06   2.7022377219910002E+06  -7.4454254327000002E+04
  2.9004117115549999E+06   2.7507960709030000E+06  -9.1931736059000003E+04
  2.8878231186710000E+06   2.7943390399310002E+06  -1.4831805829500000E+05
  2.9208703304989999E+06   2.7799441034570001E+06  -8.7660644056999998E+04
  2.8536965925360001E+06   2.7819072113859998E+06  -1.9969170165500001E+05
  2.8815739359209999E+06   2.8088645223030001E+06  -1.6776739579400001E+05
  2.8861533355339998E+06   2.7988610222769999E+06  -1.5480852479600001E+05
  2.8939062779279999E+06   2.8452486436319998E+06  -1.5917596507199999E+05
  2.8908431823749999E+06   2.8597327616900001E+06  -1.6454661332300000E+05
  2.8562101115440000E+06   2.7478481089189998E+06  -1.5664233695200001E+05
  2.8399839656739999E+06   2.7337046386020002E+06  -1.6486283225300000E+05
  2.8714398213579999E+06   2.8121934351110002E+06  -1.8842978034699999E+05
  2.8506590922719999E+06   2.7587717363209999E+06  -1.7745809964700000E+05
  2.8930302227440001E+06   2.8172205243409998E+06  -1.5387760555800001E+05
  2.8736254603550001E+06   2.8431504326900002E+06  -1.8567025869799999E+05
  2.9371882081809998E+06   2.8446367573449998E+06  -1.1094834689200000E+05
  2.8937711106699998E+06   2.8428740239650002E+06  -1.5923437032399999E+05
  2.8446483526519998E+06   2.7543316541080000E+06  -1.8265898537200000E+05
  2.9054962176259998E+06   2.8231247793049999E+06  -1.3929894295299999E+05
  2.9324092557810000E+06   2.8257166476850002E+06  -1.0445920419600001E+05
  2.8578385678440002E+06   2.6837865912670000E+06  -8.5293827560999998E+04
  2.9197259621649999E+06   2.8229993338489998E+06  -1.2004148135900000E+05
  2.8492792705279998E+06   2.7532566914940001E+06  -1.7325409143000000E+05
  2.8649599332190002E+06   2.8244712679010001E+06  -2.0076409748299999E+05
  2.9327550172919999E+06   2.8554227667149999E+06  -1.2113101923100000E+05
  2.8668251032300000E+06   2.8535537443980002E+06  -1.9537627918600000E+05
  2.8242302772289999E+06   2.7237463621040001E+06  -1.7353240656199999E+05
  2.8435991855799998E+06   2.7523373005829998E+06  -1.8196162667200001E+05
  2.8963893330319999E+06   2.8349543201500000E+06  -1.5505186067600001E+05
  2.8632485619709999E+06   2.7459318909729999E+06  -1.4302210065499999E+05
  2.8751471842120001E+06   2.8274177850919999E+06  -1.8325366487300000E+05
  2.8542018445740002E+06   2.7559118320479998E+06  -1.6872222641800001E+05
  2.8820787176419999E+06   2.7760073010010002E+06  -1.4199696269600000E+05
  2.8616379304160001E+06   2.7007142993410002E+06  -9.9051289449000004E+04
  2.8114931068090000E+06   2.6920990638970002E+06  -1.4605796889399999E+05
  2.8660833669309998E+06   2.7698288341000001E+06  -1.6358918054199999E+05
  2.8152212661560001E+06   2.7289867537389998E+06  -1.9500284095600000E+05
  2.8724566071469998E+06   2.7410309244519998E+06  -1.2353625682900001E+05
  2.9204060893259998E+06   2.8266847579040001E+06  -1.2134186756899999E+05
  2.9293195715020001E+06   2.8003788519310001E+06  -9.1451909975999995E+04
  2.8620337855529999E+06   2.7653899185850001E+06  -1.6633074591699999E+05
  2.8871258595179999E+06   2.8344205139110000E+06  -1.6700944144400000E+05
  2.8842591192859998E+06   2.7034882171930000E+06  -7.3501716841000001E+04
  2.8854041122909999E+06   2.7886191162859998E+06  -1.4734970017100000E+05
  2.8660783357640002E+06   2.8212765859010001E+06  -1.9848203719800001E+05
  2.9131904970479999E+06   2.7921259920549998E+06  -1.0610159857000000E+05
  2.8067489476890001E+06   2.7007662140529999E+06  -1.6050231812300000E+05
  2.8545609893939998E+06   2.7736305340280002E+06  -1.8817955058000001E+05
  2.8830588945909999E+06   2.8561749352529999E+06  -1.7341786485499999E+05
  2.8277312621419998E+06   2.6868798213330000E+06  -1.2585183619300000E+05
  2.8494924594769999E+06   2.6974934453199999E+06  -1.1219036172299999E+05
  2.8610000470079998E+06   2.8075578425659998E+06  -2.0684460678900001E+05
  2.9144225383299999E+06   2.8535879219080000E+06  -1.3912309219299999E+05
  2.9161223869880000E+06   2.8448936458669999E+06  -1.3568178010599999E+05
  2.9231103850030000E+06   2.7832900485510002E+06  -8.6957581588999994E+04
  2.8647374493399998E+06   2.8267943128000000E+06  -2.0112418879700001E+05
  2.8492216193110002E+06   2.7638691807590001E+06  -1.8618068103099999E+05
  2.8540431785430000E+06   2.7640006090110000E+06  -1.7769734259099999E+05
  2.8503430812760000E+06   2.7138198484390001E+06  -1.2861225972000000E+05
  2.9206352275169999E+06   2.7887209931009999E+06  -9.3770459759000005E+04
  2.8621745101800002E+06   2.8134232201720001E+06  -2.0600617699599999E+05
  2.8465709182549999E+06   2.7463278718699999E+06  -1.6933595084100001E+05
  2.8239367744990001E+06   2.7032959251370002E+06  -1.4841976730300000E+05
  2.8995669277260001E+06   2.7528823365330002E+06  -9.4828980299000003E+04
  2.8929974834190002E+06   2.8191425464260001E+06  -1.5449564133200000E+05
  2.8740826280169999E+06   2.8329526142810001E+06  -1.8502214992200001E+05
  2.8398967635949999E+06   2.7000211822409998E+06  -1.2705680655400000E+05
  2.8525695163400001E+06   2.7549421250220002E+06  -1.7012359907800000E+05
  2.8856879786250000E+06   2.8496670471089999E+06  -1.6928436760000000E+05
  2.8495368775379998E+06   2.7074482228760002E+06  -1.2309548983100000E+05
  2.8866474805600001E+06   2.7906564429810001E+06  -1.4707617261099999E+05
  2.9189826247169999E+06   2.7854139812880000E+06  -9.3864853797999996E+04
  2.8896415521370000E+06   2.7352152999920002E+06  -9.3575356360000005E+04
  2.8656597910090000E+06   2.7242285449740002E+06  -1.1734553937100001E+05
  2.8752331573509998E+06   2.8665261875300002E+06  -1.8467802781900001E+05
  2.8763776285040001E+06   2.7711214926519999E+06  -1.4648219019800000E+05
  2.8549624530179999E+06   2.7264861268159999E+06  -1.3527247645799999E+05
  2.8963300083010001E+06   2.8454595332120000E+06  -1.5607981701500001E+05
  2.8900522703580000E+06   2.8067841785929999E+06  -1.5319610932300001E+05
  2.8768801525790002E+06   2.7812603876490002E+06  -1.5592321103499999E+05
  2.8996288402590002E+06   2.8079595386040001E+06  -1.3898212299999999E+05
  2.8568287098389999E+06   2.7414120458709998E+06  -1.4921661131099999E+05
  2.9177908771380000E+06   2.7737281214410001E+06  -8.6551213059999995E+04
  2.8726577879969999E+06   2.7996881730289999E+06  -1.7839336587600000E+05
  2.9391048947480000E+06   2.8540843967720000E+06  -1.1301929917000000E+05
  2.8466922544709998E+06   2.6963809005860002E+06  -1.1460402190599999E+05
  2.8490214126970000E+06   2.7789979033700000E+06  -2.0547469963200000E+05
  2.8720243237250000E+06   2.7390290210159998E+06  -1.2232620533100000E+05
  2.8524473985469998E+06   2.6981075000629998E+06  -1.0928965106200000E+05
  2.8878860625490001E+06   2.7926894394959998E+06  -1.4680669892299999E+05
  2.8335258327440000E+06   2.6896061916129999E+06  -1.2324633428400000E+05
  2.8690010721920002E+06   2.8350316325920001E+06  -1.9329097353600000E+05
  2.9033397428219998E+06   2.8472433862569998E+06  -1.4909622145499999E+05
  2.8630192176470002E+06   2.7440486608580002E+06  -1.4160598998899999E+05
  2.8614305828120001E+06   2.7549759380569998E+06  -1.5657980845499999E+05
  2.8073538614180000E+06   2.7047272121250001E+06  -1.6713510357300000E+05
  2.8440273587170001E+06   2.6970612995110000E+06  -1.1907245537800000E+05
  2.8007564367100000E+06   2.7116418229680001E+06  -1.8633306935599999E+05
  2.8456514059259999E+06   2.7562968576790001E+06  -1.8339963105200001E+05
  2.8509281503790002E+06   2.7540406566189998E+06  -1.7158462164400000E+05
  2.8553046169690001E+06   2.7809373828819999E+06  -1.9528680335700000E+05
  2.8853780062670000E+06   2.7028272505350001E+06  -7.1577022536000004E+04
  2.8840361190570001E+06   2.8169724561520000E+06  -1.6752238872100000E+05
  2.8886836716339998E+06   2.8013616054290002E+06  -1.5214999969500001E+05
  2.9096732266710000E+06   2.7693972299480001E+06  -9.3665783685999995E+04
  2.8885852549419999E+06   2.8380193360529998E+06  -1.6551137642499999E+05
  2.8633405611680001E+06   2.7002446615530001E+06  -9.5776806909999999E+04
  2.8899779109890000E+06   2.8708879152819999E+06  -1.6748694503300000E+05
  2.8687974510329999E+06   2.7610326884200000E+06  -1.4908271428600000E+05
  2.9450131123090000E+06   2.8216293504770002E+06  -8.8194586867999999E+04
  2.9248842500560000E+06   2.7874593959700000E+06  -8.7373359544000006E+04
  2.8591950090439999E+06   2.7979106503499998E+06  -2.0433558625900000E+05
  2.8530693893040000E+06   2.7619596392270001E+06  -1.7697748770600001E+05
  2.8722923339930000E+06   2.8565054466490000E+06  -1.8783270074000000E+05
  2.8964514714250001E+06   2.8478090665670000E+06  -1.5611991466700000E+05
  2.8574317697259998E+06   2.7947344123970000E+06  -2.0542275504100000E+05
  2.8559023499349998E+06   2.7131425016259998E+06  -1.2069744987600000E+05
  2.8482323353039999E+06   2.7472020224529998E+06  -1.6792540883299999E+05
  2.8595933570840000E+06   2.7517336601920002E+06  -1.5558978247400001E+05
  2.9503831226079999E+06   2.8338276001960002E+06  -9.0135919003000003E+04
  2.8884446364449998E+06   2.8607744980500001E+06  -1.6769705649100000E+05
  2.9051194008519999E+06   2.7276800653430000E+06  -6.8080434007000003E+04
  2.9415084249840002E+06   2.8108041285150000E+06  -8.4326774527000001E+04
  2.8679044094770001E+06   2.7699125952690002E+06  -1.6038334659900001E+05
  2.8764025376760000E+06   2.8545408217139998E+06  -1.8199715516299999E+05
  2.8715269334610002E+06   2.7370646572079998E+06  -1.2110502169400000E+05
  2.9062636190030002E+06   2.8591172454320001E+06  -1.4812798575299999E+05
  2.9221354749349998E+06   2.8357666996340002E+06  -1.2447709711400000E+05
  2.8947243425150001E+06   2.8217682428199998E+06  -1.5272638907800001E+05
  2.8811225197279998E+06   2.8452636314119999E+06  -1.7480777865800000E+05
  2.8702359458860001E+06   2.8107650619480000E+06  -1.8990021900000001E+05
  2.8713729797290000E+06   2.7983199375900002E+06  -1.7986163454000000E+05
  2.8922898160950001E+06   2.8603959406880001E+06  -1.6285132427700001E+05
  2.9334668822240001E+06   2.8539603684069999E+06  -1.1969927983200000E+05
  2.8792369005620000E+06   2.7850413890720000E+06  -1.5511860503300000E+05
  2.8346103187020002E+06   2.6947550483960002E+06  -1.2812354379900001E+05
  2.8041047249659998E+06   2.7015469475739999E+06  -1.6539738417100001E+05
  2.9406221195540000E+06   2.8480730365289999E+06  -1.0886234396600000E+05
  2.8985645568690002E+06   2.8631556599699999E+06  -1.5632449241199999E+05
  2.9189406759179998E+06   2.8006759068140001E+06  -1.0498209010000000E+05
  2.8715574445710001E+06   2.7736980182400001E+06  -1.5764646518000000E+05
  2.8331066340490002E+06   2.7505741612979998E+06  -1.9794602469799999E+05
  2.8517123051160001E+06   2.7207802825569999E+06  -1.3297833586399999E+05
  2.8914713697750000E+06   2.7834281967819999E+06  -1.3352472979099999E+05
  2.9367529159920001E+06   2.7878885491880002E+06  -7.5024610694000003E+04
  2.8990533734970000E+06   2.7264992662350000E+06  -7.3891288335000005E+04
  2.8804461770739998E+06   2.7890040379430000E+06  -1.5653281571200001E+05
  2.9191202267189999E+06   2.8072411859220001E+06  -1.0985725413600000E+05
  2.8206878260329999E+06   2.7355522559150001E+06  -1.9722285468100000E+05
  2.8745935138869998E+06   2.8417336834229999E+06  -1.8425487801900000E+05
  2.8534769837819999E+06   2.6976753900339999E+06  -1.0756467817100001E+05
  2.8852715474419999E+06   2.8572234810390002E+06  -1.7100338413799999E+05
  2.8361108002200001E+06   2.7473511180260000E+06  -1.8867257098200000E+05
  2.8992048831010000E+06   2.8755203429029998E+06  -1.5795474458100001E+05
  2.9289296275800001E+06   2.7882816253610002E+06  -8.3575719733000005E+04
  2.8318712739849999E+06   2.7031907084880001E+06  -1.4035647829800000E+05
  2.8636585740570002E+06   2.8431161931540002E+06  -2.0150080336600001E+05
  2.9359735249990001E+06   2.8509884443319999E+06  -1.1552991786700000E+05
  2.8615707956790002E+06   2.7805149061050001E+06  -1.8283139815100000E+05
  2.8559631433259998E+06   2.7356057168749999E+06  -1.4419424919100001E+05
  2.8893815279700002E+06   2.8591041730990000E+06  -1.6626608326600000E+05
  2.8623030519300001E+06   2.7077831623399998E+06  -1.0531612196600001E+05
  2.8183726516570002E+06   2.6825384945860002E+06  -1.2889046837000000E+05
  2.8431601789199999E+06   2.7246265440560002E+06  -1.5012293495500000E+05
  2.9386953221570002E+06   2.8063132387899999E+06  -8.4371429539999997E+04
  2.9233845619410002E+06   2.8400331669500000E+06  -1.2517569221500000E+05
  2.8510780571519998E+06   2.7157931281760000E+06  -1.2935062983599999E+05
  2.8451044576929999E+06   2.7571431877810000E+06  -1.8541951457100001E+05
  2.8663517861549999E+06   2.8295990037929998E+06  -1.9785298492300001E+05
  2.8930027415319998E+06   2.8508651023889999E+06  -1.6064033448500000E+05
  2.8143524685920002E+06   2.6872592801029999E+06  -1.3801613787100001E+05
  2.8257855757209999E+06   2.7020054914549999E+06  -1.4554076963699999E+05
  2.8488592282280000E+06   2.7461478607259998E+06  -1.6586955627000000E+05
  2.8741494218350002E+06   2.8352318669599998E+06  -1.8491942465400000E+05
  2.8496491436040001E+06   2.7808655590630001E+06  -2.0653864368400001E+05
  2.8155374314810000E+06   2.6889239961680002E+06  -1.3907261357600000E+05
  2.8975466366209998E+06   2.7447393469190001E+06  -9.0372231413000001E+04
  2.9194043589059999E+06   2.7984600172839998E+06  -1.0253547838400000E+05
  2.8928013226589998E+06   2.8248766387450001E+06  -1.5682585813600000E+05
  2.8689864014940001E+06   2.8093527096110000E+06  -1.9130549556800001E+05
  2.8648959324200000E+06   2.7033840991960000E+06  -9.6709752590999997E+04
  2.8801869584309999E+06   2.7295086232759999E+06  -1.0201447042600000E+05
  2.9157964978970001E+06   2.7962662785600000E+06  -1.0580081795600000E+05
  2.8736860859659999E+06   2.7140994447940001E+06  -9.7042779250000007E+04
  2.8699986304020002E+06   2.7354979548479998E+06  -1.2187289195300000E+05
  2.8077481796459998E+06   2.7020510941740000E+06  -1.6161135909600000E+05
  2.9023559260979998E+06   2.8104102333769999E+06  -1.3667450101000001E+05
  2.8987064135940000E+06   2.7555000639610002E+06  -9.8136461022000003E+04
  2.9329687725200001E+06   2.8411923292890000E+06  -1.1408865917299999E+05
  2.9026382651999998E+06   2.8552473084910000E+06  -1.5113404374299999E+05
  2.9468799816210000E+06   2.8154104534749999E+06  -8.2038680217000001E+04
  2.8714301374420002E+06   2.7954393237480000E+06  -1.7736996977500001E+05
  2.8959152752040001E+06   2.8745787295630001E+06  -1.6133718191499999E+05
  2.8853326435190002E+06   2.8181964395409999E+06  -1.6600953175600001E+05
  2.8600581721600001E+06   2.8024403585450002E+06  -2.0560641031100001E+05
  2.8880190724499999E+06   2.8685732910529999E+06  -1.6949837549199999E+05
  2.8702257270490001E+06   2.7718135126860002E+06  -1.5812897927200000E+05
  2.8209114733690000E+06   2.7346030996900001E+06  -1.9532304761800001E+05
  2.8929320883280002E+06   2.7255677730700001E+06  -8.0513488303999999E+04
  2.8110693193810000E+06   2.7294531626309999E+06  -2.0203963295200001E+05
  2.8266006988920001E+06   2.7236080270870002E+06  -1.7021618640700000E+05
  2.9436013082360001E+06   2.8482843736279998E+06  -1.0561690227599999E+05
  2.8973380433640000E+06   2.8178477862269999E+06  -1.4753368922599999E+05
  2.8056918382390002E+06   2.7031291288259998E+06  -1.6629997988800000E+05
  2.9448854224580000E+06   2.8275807493240000E+06  -9.2005312349000000E+04
  2.8132769400249999E+06   2.6930860210980000E+06  -1.4583837400200000E+05
  2.8523790306270001E+06   2.7839290705570001E+06  -2.0452529642699999E+05
  2.9299785299660000E+06   2.8404535711440002E+06  -1.1719556486499999E+05
  2.8584747897069999E+06   2.7989098604350002E+06  -2.0636215380000000E+05
  2.9194955160429999E+06   2.7918191275430000E+06  -9.7193541043999998E+04
  2.8674650665699998E+06   2.8287599356950000E+06  -1.9598728350100000E+05
  2.8654395676340000E+06   2.7455100489360001E+06  -1.3900961882199999E+05
  2.9219635539299999E+06   2.8272127807419999E+06  -1.1965013721600000E+05
  2.8528877303950000E+06   2.7193446677760002E+06  -1.3006661884900001E+05
  2.8515972369780000E+06   2.7608157429439998E+06  -1.7822495849399999E+05
  2.8983923177089998E+06   2.7837073897310002E+06  -1.2216680071900001E+05
  2.8232640736380001E+06   2.7346066670590001E+06  -1.9145718689800001E+05
  2.8411690022249999E+06   2.7029706963840001E+06  -1.2849474304099999E+05
  2.8685080906130001E+06   2.7339466376580000E+06  -1.2261005069800001E+05
  2.9027131725869998E+06   2.7865844536440000E+06  -1.1782224761700000E+05
  2.8745836781400000E+06   2.8495002775739999E+06  -1.8434259514799999E+05
  2.8524407750940002E+06   2.6949302887229999E+06  -1.0578498058700000E+05
  2.8511539392630002E+06   2.7579129993679998E+06  -1.7555046135400000E+05
  2.8667839476310001E+06   2.7027863814249998E+06  -9.3625210166000004E+04
  2.8932345540550002E+06   2.8096864130609999E+06  -1.4939247920199999E+05
  2.8656220508190002E+06   2.8173437278180001E+06  -1.9970436735300001E+05
  2.8975514609269998E+06   2.8750582389850002E+06  -1.5965718073699999E+05
  2.8846715324800001E+06   2.8720730330409999E+06  -1.7368384718499999E+05
  2.9204283489930001E+06   2.7764716160740000E+06  -8.5416581170000005E+04
  2.9358087999700001E+06   2.8439513022690001E+06  -1.1220142287200000E+05
  2.8484755937760002E+06   2.7432066634889999E+06  -1.6317956126900000E+05
  2.9105906233899998E+06   2.8564263451089999E+06  -1.4341354456400001E+05
  2.9104065472090002E+06   2.8239348640190000E+06  -1.3322829684900001E+05
  2.9158146005759998E+06   2.8272859134340002E+06  -1.2790051580300000E+05
  2.9202424234070000E+06   2.8092031352789998E+06  -1.0987431524600000E+05
  2.9202505549840000E+06   2.7957868207609998E+06  -9.9210215767999995E+04
  2.8414597863409999E+06   2.6954803469360000E+06  -1.2068710040700001E+05
  2.7996360525000002E+06   2.6939297237000000E+06  -1.5693344826999999E+05
  2.9404924123439998E+06   2.8549338731979998E+06  -1.1175062353300001E+05
  2.8339167601760002E+06   2.7460116347289998E+06  -1.9076805451600000E+05
  2.8927102375139999E+06   2.7289827199349999E+06  -8.3876682320000007E+04
  2.7960443868890000E+06   2.6994429964450002E+06  -1.7092127828900001E+05
  2.8840904167280002E+06   2.7969931893610000E+06  -1.5671752244500001E+05
  2.8279025420980002E+06   2.7047724242050000E+06  -1.4640614988000001E+05
  2.8895143590670000E+06   2.8689596900539999E+06  -1.6773582539099999E+05
  2.8123906374220001E+06   2.7309342082449999E+06  -2.0260609397799999E+05
  2.8560176736470000E+06   2.7804000332869999E+06  -1.9320272142200000E+05
  2.8829452505810000E+06   2.7198232499730000E+06  -8.9268580444000007E+04
  2.8942636734799999E+06   2.8702700366920000E+06  -1.6222625545500001E+05
  2.9174682159899999E+06   2.8364354873239999E+06  -1.3045142853300000E+05
  2.8280903484589998E+06   2.7246302448200001E+06  -1.6944900427999999E+05
  2.9031547959260000E+06   2.8686297563200002E+06  -1.5259824634499999E+05
  2.8951041480970001E+06   2.8724058545630001E+06  -1.6176183655599999E+05
  2.8999609485040000E+06   2.8640903012979999E+06  -1.5508335266700000E+05
  2.8624583611889998E+06   2.7593403446360002E+06  -1.5987078753400000E+05
  2.8524845319849998E+06   2.7710873665250000E+06  -1.8923835910000000E+05
  2.8756252349990001E+06   2.8423305006990000E+06  -1.8271487639399999E+05
  2.7987192525169998E+06   2.6973261695320001E+06  -1.6448453949699999E+05
  2.9071881570469998E+06   2.8152276561550000E+06  -1.3283715319099999E+05
  2.8257534461630001E+06   2.7425654017440001E+06  -1.9984180811899999E+05
  2.9099085264380001E+06   2.7883858438610001E+06  -1.0796095290900000E+05
  2.8866378450290002E+06   2.8192060838029999E+06  -1.6437701731000000E+05
  2.8336683130430002E+06   2.6917783179380000E+06  -1.2602794524800000E+05
  2.8863646399790002E+06   2.7806622637850000E+06  -1.3919488163700001E+05
  2.8979481923920000E+06   2.8094437892459999E+06  -1.4235599100200000E+05
  2.9315776317810002E+06   2.7880685505160000E+06  -8.0817567607999998E+04
  2.8680518372300002E+06   2.7320585567720002E+06  -1.2141782629000000E+05
  2.8695338891099999E+06   2.7594747200360000E+06  -1.4603030183700001E+05
  2.8921924485350000E+06   2.8715665717469999E+06  -1.6484761451099999E+05
  2.8890544832380000E+06   2.7963167062680000E+06  -1.4801300316699999E+05
  2.8386315092910002E+06   2.7024906392210000E+06  -1.3107439641700001E+05
  2.8491136520059998E+06   2.7421859135329998E+06  -1.6114454455100000E+05
  2.8944901348310001E+06   2.8141870244789999E+06  -1.4973153534400000E+05
  2.8791184478640002E+06   2.8671421672999999E+06  -1.7994522816000000E+05
  2.9055020667170002E+06   2.8559097374359998E+06  -1.4839342763200001E+05
  2.8685323625739999E+06   2.7057731813369999E+06  -9.4646152864999996E+04
  2.9360567879539998E+06   2.7892925744730001E+06  -7.6630034792000006E+04
  2.8503577616249998E+06   2.7561929358230000E+06  -1.7491711209099999E+05
  2.8023110060609998E+06   2.7008412957669999E+06  -1.6640457587599999E+05
  2.9061569267839999E+06   2.8691113662399999E+06  -1.4972027670300001E+05
  2.8685241315449998E+06   2.8071496824329998E+06  -1.9078854194000000E+05
  2.8116399892910002E+06   2.6845064475150001E+06  -1.3679229333300001E+05
  2.8871340909549999E+06   2.8703928108580001E+06  -1.7070661318200000E+05
  2.8307445690299999E+06   2.7477310989649999E+06  -1.9815173090200001E+05
  2.8752766270209998E+06   2.8571311745050000E+06  -1.8412533302300001E+05
  2.8698041665030001E+06   2.8340031242800001E+06  -1.9195636864900001E+05
  2.9051852335859998E+06   2.7650262028700002E+06  -9.6218688976000005E+04
  2.8909746675300002E+06   2.8295662564039999E+06  -1.6069668083600001E+05
  2.8951506592509998E+06   2.7342705251719998E+06  -8.5198716335000005E+04
  2.8486965994070000E+06   2.7079691885159998E+06  -1.2477964058200001E+05
  2.8583453982859999E+06   2.7909564581990000E+06  -1.9984745591200000E+05
  2.8822718827129998E+06   2.8460132509030001E+06  -1.7342142123599999E+05
  2.8598201040460002E+06   2.7896936989070000E+06  -1.9559538744699999E+05
  2.9156582677620002E+06   2.8520699472929998E+06  -1.3762735415100001E+05
  2.9170544120609998E+06   2.8440359808939998E+06  -1.3427487377499999E+05
  2.8603864607759998E+06   2.8043339269440002E+06  -2.0610846263500000E+05
  2.8632791407610001E+06   2.8132467367690001E+06  -2.0391628349700000E+05
  2.8547373155020000E+06   2.7090011805240000E+06  -1.1758178389700000E+05
  2.9287205352329998E+06   2.8014058516350002E+06  -9.2877570162000004E+04
  2.9134264859210001E+06   2.7729503879419998E+06  -9.1548834730999995E+04
  2.9021705962299998E+06   2.7638044399660002E+06  -9.9125877684999999E+04
  2.9307588791510002E+06   2.8042527358450000E+06  -9.2329236564999999E+04
  2.8892952914780001E+06   2.7335630567689999E+06  -9.2623402644000002E+04
  2.8908461955260001E+06   2.8078220612450000E+06  -1.5235980972399999E+05
  2.8845476685770000E+06   2.8602123611599999E+06  -1.7236086544900000E+05
  2.8701788006449998E+06   2.7942090437289998E+06  -1.7879047576299999E+05
  2.9262678398600002E+06   2.7880846892420002E+06  -8.6075903632000001E+04
  2.9287898721799999E+06   2.8480784896600000E+06  -1.2278696073000001E+05
  2.8576531697100000E+06   2.7917383272549999E+06  -2.0201580235000001E+05
  2.7974213166299998E+06   2.7058563840470002E+06  -1.8077842793100001E+05
  2.8590933924989998E+06   2.7903218887660000E+06  -1.9771798911100000E+05
  2.9064037526280000E+06   2.8224043913530000E+06  -1.3769955084499999E+05
  2.8223844681609999E+06   2.7266988148349999E+06  -1.8036957707100001E+05
  2.8225797520289999E+06   2.7256352888259999E+06  -1.7835645304600001E+05
  2.8638689999449998E+06   2.8411851215459998E+06  -2.0130357868599999E+05
  2.8510921836600001E+06   2.7824183710659998E+06  -2.0554849458599999E+05
  2.9452250489570000E+06   2.8515278124899999E+06  -1.0518839913000001E+05
  2.8987976728730001E+06   2.7584277157089999E+06  -9.9711241320999994E+04
  2.8507468259970001E+06   2.7430520970919998E+06  -1.5976724784699999E+05
  2.8367518420350002E+06   2.7340143893350000E+06  -1.6984371562100001E+05
  2.8812611783489999E+06   2.7203200781390001E+06  -9.2139573881999997E+04
  2.9229719524110002E+06   2.8293020912779998E+06  -1.1959480381700001E+05
  2.8774987132689999E+06   2.8431321537700002E+06  -1.7988222975800000E+05
  2.8190282249349998E+06   2.6807063187130000E+06  -1.2594577801700000E+05
  2.8585662647090000E+06   2.7054320546300001E+06  -1.0845754053200000E+05
  2.8939172936800001E+06   2.8149446604080000E+06  -1.5125266934900000E+05
  2.8921946715040002E+06   2.7122415133500001E+06  -7.1598905004000000E+04
  2.9453319724119999E+06   2.8248501969019999E+06  -8.9857889846999999E+04
  2.8253503811160000E+06   2.7345786345830001E+06  -1.8790864094000001E+05
  2.8658171494939998E+06   2.8149469852629998E+06  -1.9940860620000001E+05
  2.8549573617460001E+06   2.6959216145219998E+06  -1.0374357355600000E+05
  2.8751784987559998E+06   2.7695605513149998E+06  -1.4696223636099999E+05
  2.8902692554290001E+06   2.7966547465980002E+06  -1.4627223397199999E+05
  2.8009938187500001E+06   2.6995066701930002E+06  -1.6561516381699999E+05
  2.8704501140500000E+06   2.7051558779219999E+06  -9.1639295564999993E+04
  2.8023580356120002E+06   2.6943724093809999E+06  -1.5521678940600000E+05
  2.8876945914920000E+06   2.8482760824660002E+06  -1.6684295946600000E+05
  2.9271920585520002E+06   2.8376009740869999E+06  -1.1906336451100001E+05
  2.8752657742720000E+06   2.8363423883940000E+06  -1.8328136807100000E+05
  2.8601441605690001E+06   2.7790914508489999E+06  -1.8387340638000000E+05
  2.9218035696310000E+06   2.7794020368849998E+06  -8.6036975909999994E+04
  2.8555709325669999E+06   2.7156619299750002E+06  -1.2358353954100001E+05
  2.8707750779149998E+06   2.8494849383550002E+06  -1.8960876567600001E+05
  2.8922068772950000E+06   2.7170889983589998E+06  -7.4789802119000000E+04
  2.8551763694890002E+06   2.7105680227580001E+06  -1.1876319395600000E+05
  2.8676750246000001E+06   2.7303943219860001E+06  -1.2040994994900000E+05
  2.8539978894280000E+06   2.7229580096629998E+06  -1.3209528760499999E+05
  2.9067835276429998E+06   2.8709483752290001E+06  -1.4939001136000000E+05
  2.8609811966929999E+06   2.7066611643389999E+06  -1.0622604979600001E+05
  2.8669289992889999E+06   2.7276021803410002E+06  -1.1888159224800000E+05
  2.8928943044360001E+06   2.8314880904190000E+06  -1.5869845224000001E+05
  2.8710274088670001E+06   2.8318825764400000E+06  -1.8993727332700000E+05
  2.8214203483060002E+06   2.7242890257210000E+06  -1.7788900161800001E+05
  2.7973848986860001E+06   2.6981511307089999E+06  -1.6734059557800001E+05
  2.8942055317750000E+06   2.8517810291530001E+06  -1.5931438651200000E+05
  2.8073272681740001E+06   2.7089120645659999E+06  -1.7337619902500001E+05
  2.8641235222709998E+06   2.8127674967850000E+06  -2.0224737656400001E+05
  2.8294702103490001E+06   2.7035863142749998E+06  -1.4357985745000001E+05
  2.9421870881369999E+06   2.8097006703920001E+06  -8.2753004467999999E+04
  2.9140998951900001E+06   2.8131377492450001E+06  -1.2091622582700000E+05
  2.8728859672260000E+06   2.7769370010119998E+06  -1.5855290922700000E+05
  2.9084734447050001E+06   2.8153724119589999E+06  -1.3112294695799999E+05
  2.8513947537190001E+06   2.7420768156610001E+06  -1.5780975020400001E+05
  2.7976236844609999E+06   2.7007882754739998E+06  -1.7201851491599999E+05
  2.8524258401440000E+06   2.7166800265190001E+06  -1.2840154206500000E+05
  2.8997916104740002E+06   2.7255260128629999E+06  -7.2393083612000002E+04
  2.9015637943879999E+06   2.8493466126589999E+06  -1.5123952374599999E+05
  2.9395426883840002E+06   2.8080374192249998E+06  -8.4566188456000003E+04
  2.8817154989740001E+06   2.7932431320679998E+06  -1.5773737497100001E+05
  2.8369668449289999E+06   2.7507130808959999E+06  -1.9143421923100000E+05
  2.8722087715500002E+06   2.7081231287280000E+06  -9.2626952875000003E+04
  2.8691467224760000E+06   2.7931798713420001E+06  -1.7995013142900000E+05
  2.8528058997909999E+06   2.7429201044600001E+06  -1.5670913217800000E+05
  2.7961378879990000E+06   2.6932724799119998E+06  -1.5939879126999999E+05
  2.8910335181510001E+06   2.7179358730319999E+06  -7.6766099455000003E+04
  2.8229162192290002E+06   2.6772034615949998E+06  -1.1926649813900000E+05
  2.9065816789350002E+06   2.7895811762009999E+06  -1.1375040337299999E+05
  2.8391429206190002E+06   2.7528810284790001E+06  -1.9039254808499999E+05
  2.8576785384820001E+06   2.7466390108190002E+06  -1.5271424403999999E+05
  2.8651443190469998E+06   2.7436240525409998E+06  -1.3769947822100000E+05
  2.9264436834100001E+06   2.8415334733790001E+06  -1.2210904573600000E+05
  2.9462572639939999E+06   2.8166170814290000E+06  -8.3553039147999996E+04
  2.8604873131510001E+06   2.7891407618559999E+06  -1.9354657419000001E+05
  2.8302690770910000E+06   2.7464555693640001E+06  -1.9726787276699999E+05
  2.8928349806570001E+06   2.8624563435000000E+06  -1.6249992237300001E+05
  2.8613620976470001E+06   2.7614193689979999E+06  -1.6370082831499999E+05
  2.8673984710209998E+06   2.7910783136629998E+06  -1.8161847260600000E+05
  2.8855468269119998E+06   2.8702034128520000E+06  -1.7248086993500000E+05
  2.8565434886880000E+06   2.7386857399760000E+06  -1.4672682790700000E+05
  2.8445265241689999E+06   2.6962258956209999E+06  -1.1741803512299999E+05
  2.8615825424859999E+06   2.7903850379710002E+06  -1.9242799364599999E+05
  2.8688756050749999E+06   2.8562293313879999E+06  -1.9186806056600000E+05
  2.8898878191200001E+06   2.7186229268760001E+06  -7.8813667797999995E+04
  2.8132434004620002E+06   2.7114516534090000E+06  -1.7004461217400001E+05
  2.8370431959440000E+06   2.7331318674630001E+06  -1.6815408927200001E+05
  2.8406585665380000E+06   2.7068595710930000E+06  -1.3350048762999999E+05
  2.8617798394330000E+06   2.8081383171859998E+06  -2.0552437761299999E+05
  2.9184668575120000E+06   2.8100984347790000E+06  -1.1288729203000000E+05
  2.8980993815790000E+06   2.8210454102429999E+06  -1.4790666791700001E+05
  2.9368476534460001E+06   2.7910923338429998E+06  -7.6705703112999996E+04
  2.8240261000760002E+06   2.7320362775309999E+06  -1.8619256943000000E+05
  2.8127501673929999E+06   2.6867870683019999E+06  -1.3875708931600000E+05
  2.8549195002870001E+06   2.7130580065730000E+06  -1.2199044981400001E+05
  2.8178734030089998E+06   2.6992181873980002E+06  -1.4913440216400000E+05
  2.8871407541450001E+06   2.8137243360029999E+06  -1.6237973725599999E+05
  2.8809043401480000E+06   2.7761204674359998E+06  -1.4370469198100001E+05
  2.8948593066870002E+06   2.7824555934839998E+06  -1.2726095718700001E+05
  2.9101930543169999E+06   2.8155891466109999E+06  -1.2872276342800001E+05
  2.9322007857410000E+06   2.8049435430459999E+06  -9.1043640268000003E+04
  2.8231534072989998E+06   2.7336783684510002E+06  -1.9012319139200001E+05
  2.8209422604510002E+06   2.7336317362000002E+06  -1.9370290844999999E+05
  2.8895150034420001E+06   2.8053130396429999E+06  -1.5323567962000001E+05
  2.8012477020520000E+06   2.7063822155970000E+06  -1.7707572073999999E+05
  2.8887601315239999E+06   2.7192543175920001E+06  -8.0843763059000004E+04
  2.8740414795840001E+06   2.7074646633460000E+06  -8.9680792442999998E+04
  2.9434664767829999E+06   2.8082208167530000E+06  -8.0242193222999995E+04
  2.8215893225529999E+06   2.6752490832409998E+06  -1.1764437614800000E+05
  2.8255312816880001E+06   2.7246690001160000E+06  -1.7314067641200000E+05
  2.8687250931350002E+06   2.7567580955079999E+06  -1.4445798644499999E+05
  2.8089621833770000E+06   2.7095605957590002E+06  -1.7238831074900000E+05
  2.8309800018980000E+06   2.7503793810660001E+06  -2.0145924250399999E+05
  2.8556498846010002E+06   2.7462944378669998E+06  -1.5565670730600000E+05
  2.8761927644210001E+06   2.8373077191039999E+06  -1.8192107626700000E+05
  2.8309413631409998E+06   2.7017159024370001E+06  -1.3987881004700001E+05
  2.8681841359990002E+06   2.8299752713739998E+06  -1.9478260840500001E+05
  2.8425037573770001E+06   2.7571077330270000E+06  -1.9003280055000001E+05
  2.7989302125599999E+06   2.7020018644289998E+06  -1.7296726179600001E+05
  2.9124254347999999E+06   2.8258780351789999E+06  -1.3163687053099999E+05
  2.8929947912349999E+06   2.8334166330499998E+06  -1.5906608106600001E+05
  2.8911683287229999E+06   2.7983354993019998E+06  -1.4601599621300001E+05
  2.8345191693400000E+06   2.6913618367960001E+06  -1.2437791341600000E+05
  2.8949919819009998E+06   2.7391252990379999E+06  -8.9413847120999999E+04
  2.8486615426579998E+06   2.7623222185189999E+06  -1.8525896037700001E+05
  2.8756449956530002E+06   2.7088055957880002E+06  -8.9113451149999994E+04
  2.8529803118010000E+06   2.7834703377970001E+06  -2.0286580815900001E+05
  2.9198869093800001E+06   2.7821568500509998E+06  -9.0544708748999998E+04
  2.8871272486560000E+06   2.7179085718899998E+06  -8.1912310427000004E+04
  2.8825033137010001E+06   2.7160061603939999E+06  -8.6353710120999996E+04
  2.8673819992450001E+06   2.8057864556680000E+06  -1.9207503767600001E+05
  2.8855289817590001E+06   2.7165256007320001E+06  -8.2903768349999998E+04
  2.8810569216720001E+06   2.7146371371800001E+06  -8.7031141883000004E+04
  2.8089962962199999E+06   2.7030473656629999E+06  -1.6185677668400001E+05
  2.8775497254710002E+06   2.7120661131620002E+06  -8.9551317605999997E+04
  2.9119438288580002E+06   2.7906171990069998E+06  -1.0660638873000001E+05
  2.9004476480279998E+06   2.8480012492000000E+06  -1.5213355102000001E+05
  2.8555870299470001E+06   2.7321328622430000E+06  -1.4112659079500000E+05
  2.8942874059620001E+06   2.8346490059320000E+06  -1.5770460044899999E+05
  2.8131339285970000E+06   2.7132135363349998E+06  -1.7278435510900000E+05
  2.8635141844480000E+06   2.7939273436799999E+06  -1.9186097937099999E+05
  2.9165735993440002E+06   2.8312437180369999E+06  -1.2911283526599999E+05
  2.8553807795870001E+06   2.7784262210070002E+06  -1.9210577596599999E+05
  2.8315220165169998E+06   2.7009004204990002E+06  -1.3823865923799999E+05
  2.8807279076200002E+06   2.7323100649040001E+06  -1.0363668218600001E+05
  2.8341507014739998E+06   2.7326427561090002E+06  -1.7176076805099999E+05
  2.8844330157860001E+06   2.7800523080170001E+06  -1.4168258786000000E+05
  2.8791865948700001E+06   2.7114409200419998E+06  -8.6606425950000004E+04
  2.8131098359830002E+06   2.6970979598889998E+06  -1.5058431386200001E+05
  2.9035416212350000E+06   2.8540431481349999E+06  -1.5004805254500001E+05
  2.8955635349519998E+06   2.8154121534719998E+06  -1.4874994112800001E+05
  2.8709963806329998E+06   2.8283917797770002E+06  -1.9006979905300000E+05
  2.8954001322639999E+06   2.8354702129009999E+06  -1.5647067809299999E+05
  2.8462330676779998E+06   2.6972423558530002E+06  -1.1623327241500000E+05
  2.8335423473189999E+06   2.6969223715610001E+06  -1.3159783329400001E+05
  2.8775206004110002E+06   2.8395077786470000E+06  -1.7997082969499999E+05
  2.8394525736610000E+06   2.7041370849410002E+06  -1.3191844938999999E+05
  2.8957929370610001E+06   2.8386501590330000E+06  -1.5631141563700000E+05
  2.9306081502800002E+06   2.7850656380469999E+06  -7.9929402820999996E+04
  2.9327865357760000E+06   2.8522951437110002E+06  -1.1984090522200000E+05
  2.8551037284909999E+06   2.7359877495760000E+06  -1.4581501450300001E+05
  2.8978426466370001E+06   2.8491191341800001E+06  -1.5494329291100000E+05
  2.8763702747849999E+06   2.8526061937830001E+06  -1.8182022836600000E+05
  2.8333987927790000E+06   2.7096594129710002E+06  -1.4526151256900001E+05
  2.8454768816650002E+06   2.7276457998640002E+06  -1.5040223105100001E+05
  2.8327327749859998E+06   2.7491093716660002E+06  -1.9667207491600001E+05
  2.8541064215719998E+06   2.7270212896710001E+06  -1.3712618189000001E+05
  2.8105611898139999E+06   2.7102025412730002E+06  -1.7143336068000001E+05
  2.8242631745920000E+06   2.7402669851040002E+06  -1.9893567944599999E+05
  2.8653060426150002E+06   2.7216582267029998E+06  -1.1522527874199999E+05
  2.8300196289400002E+06   2.7269666689149998E+06  -1.6987921223400001E+05
  2.8841455488479999E+06   2.7152662547700000E+06  -8.3555327013999995E+04
  2.8575668933319999E+06   2.7059410850709998E+06  -1.1027149540699999E+05
  2.8364210833239998E+06   2.7054148011139999E+06  -1.3711774451500000E+05
  2.8596670577540002E+06   2.6886120576550001E+06  -8.7996585042999999E+04
  2.9143560166940000E+06   2.8243782723260000E+06  -1.2824083108100000E+05
  2.8618861883930000E+06   2.8112822021340001E+06  -2.0609823149000001E+05
  2.8798328412130000E+06   2.7173260338360001E+06  -9.1362934334000005E+04
  2.9156518855430000E+06   2.7739786959970002E+06  -8.9471029135000004E+04
  2.8583535567230000E+06   2.7501244711500001E+06  -1.5571991143499999E+05
  2.8373882342030001E+06   2.7322377015809999E+06  -1.6648105598599999E+05
  2.8054457457360001E+06   2.6977222452890002E+06  -1.5733311747900001E+05
  2.9395603782090000E+06   2.8470544872039999E+06  -1.0952696280900000E+05
  2.8658157795380000E+06   2.7267744513739999E+06  -1.1970264319000000E+05
  2.8998388031669999E+06   2.7490466670889999E+06  -9.1124352457000001E+04
  2.8230785196960000E+06   2.7290732384199998E+06  -1.8319234211699999E+05
  2.8722518801350002E+06   2.7129211699500000E+06  -9.7675407749999998E+04
  2.8903993396609998E+06   2.7818286564250002E+06  -1.3391402380299999E+05
  2.7924008655539998E+06   2.6926342612990001E+06  -1.6152083833699999E+05
  2.8675079746090001E+06   2.8472282690140000E+06  -1.9503370624199999E+05
  2.8197101530340002E+06   2.7342424301189999E+06  -1.9670577684599999E+05
  2.8573815790920001E+06   2.7431807005820000E+06  -1.4997334817000001E+05
  2.8973984895330002E+06   2.7837574819620000E+06  -1.2393404385000000E+05
  2.8566753900279999E+06   2.7164006294080000E+06  -1.2281030334899999E+05
  2.8877337655940000E+06   2.8103106123919999E+06  -1.6012809130800000E+05
  2.8940798891969998E+06   2.8629217928439998E+06  -1.6103048243999999E+05
  2.8760115379590001E+06   2.8265521674330002E+06  -1.8176050730200001E+05
  2.8632974595639999E+06   2.7664813477989999E+06  -1.6533018429899999E+05
  2.8969417897669999E+06   2.7428814589450001E+06  -8.9698079129999998E+04
  2.9345372971930001E+06   2.7918251606580000E+06  -7.9958544869000005E+04
  2.8181797575670001E+06   2.6792993776079998E+06  -1.2471376477100000E+05
  2.8939949748479999E+06   2.8229463291290002E+06  -1.5428089287400001E+05
  2.8296846202520002E+06   2.6829213163109999E+06  -1.1882218012300000E+05
  2.8446074784050002E+06   2.7578085317469998E+06  -1.8710106233300001E+05
  2.8933530772130000E+06   2.8263745434630001E+06  -1.5661474177699999E+05
  2.8648650195849999E+06   2.7419910104310000E+06  -1.3660403073400000E+05
  2.8709766181230000E+06   2.8566629370970000E+06  -1.8938724763200001E+05
  2.8178168632209999E+06   2.7320225371340001E+06  -1.9614737958499999E+05
  2.9200509116910002E+06   2.7868517982020001E+06  -9.3366872524000006E+04
  2.8014802088990002E+06   2.6930068753419998E+06  -1.5408936766200000E+05
  2.8979988406130001E+06   2.8511123345840001E+06  -1.5510128576699999E+05
  2.8032978560899999E+06   2.6956494987260001E+06  -1.5620665287900000E+05
  2.9168587446400002E+06   2.8002037341919998E+06  -1.0748243693400000E+05
  2.9456884797060001E+06   2.8294016813530000E+06  -9.2303830652999997E+04
  2.8670934667199999E+06   2.8038900587249999E+06  -1.9152439285800001E+05
  2.8610790859860000E+06   2.6898412067240002E+06  -8.7412359993000005E+04
  2.8402995689790002E+06   2.7349658820259999E+06  -1.6579433632800000E+05
  2.8154842579089999E+06   2.6980431699509998E+06  -1.4986941092299999E+05
  2.8548221392190000E+06   2.7766893693579999E+06  -1.9118456614000001E+05
  2.8307500986939999E+06   2.7045654627990001E+06  -1.4315938464500001E+05
  2.8442019547790000E+06   2.7369561881220001E+06  -1.6243828365500001E+05
  2.9009295986130000E+06   2.8230248068080000E+06  -1.4520573490499999E+05
  2.8086502762139998E+06   2.7042008685949999E+06  -1.6446627537700001E+05
POLYGONS 13265 53060
3 4759 6200 3621
3 3622 4759 3621
3 4087 4088 1276
3 280 4111 282
3 4900 6282 4907
3 1069 5347 1067
3 3968 4431 562
3 4137 5044 3893
3 4159 4844 2867
3 4930 5741 3825
3 3322 3982 2906
3 655 4142 60
3 731 4312 677
3 4101 4124 916
3 3635 6364 3320
3 3825 5741 4008
3 5673 6341 4607
3 2184 6373 4943
3 4013 5806 2279
3 3737 5948 4726
3 3064 6316 6025
3 4383 5744 5551
3 4049 5807 2146
3 797 5149 795
3 2667 4330 4329
3 613 6542 4007
3 4007 5942 613
3 4126 5966 2095
3 4199 6735 1882
3 4943 6373 3882
3 2260 6454 4621
3 2110 5474 5199
3 4161 4844 4159
3 5045 5145 3766
3 3855 6251 4511
3 1722 5147 3922
3 600 6087 61
3 4000 5730 1386
3 4354 6603 3282
3 2907 3981 3980
3 2569 4641 4640
3 4329 4458 2667
3 4621 6050 2260
3 5815 6400 6004
3 880 6707 3959
3 283 6021 281
3 2955 4622 2954
3 4037 4039 2657
3 1374 6149 1307
3 2569 5532 4641
3 3848 5535 4805
3 2424 4199 1882
3 840 6677 4693
3 3398 5095 3786
3 4096 4801 3937
3 3982 5966 4126
3 5099 5652 2909
3 5095 6006 3786
3 4523 6143 6115
3 2649 4860 4856
3 1374 5044 4137
3 3346 6542 4172
3 1316 4001 3975
3 60 4142 58
3 5551 5744 3405
3 2909 5804 5099
3 4088 4089 1276
3 5834 6159 3463
3 3560 5851 4573
3 3922 6515 1722
3 4618 4622 2955
3 981 4111 280
3 3540 5027 3541
3 4058 4926 2155
3 3975 4106 1316
3 2715 6508 5410
3 4511 6371 3855
3 5002 6691 2935
3 715 3995 717
3 3978 4086 307
3 1945 4620 2523
3 2701 6143 4399
3 3986 3988 874
3 4607 6341 3615
3 3884 4988 3495
3 5410 6357 2715
3 3983 5804 2909
3 1716 4927 2830
3 628 5165 5053
3 3967 4320 261
3 3987 5002 2935
3 2909 6128 3983
3 984 4070 3974
3 307 4084 3978
3 2327 5689 5216
3 3766 6149 5045
3 2915 5514 4256
3 3495 6117 3884
3 562 6054 3968
3 3999 6603 4354
3 3425 4035 3992
3 3463 6159 4066
3 5053 5166 628
3 3949 5248 365
3 3316 4754 3315
3 4144 5482 1890
3 840 4693 4355
3 4309 5935 5467
3 4003 5468 625
3 4441 4442 1663
3 4726 6385 3737
3 1786 4120 1972
3 3974 4069 984
3 5141 5437 1019
3 4124 4417 916
3 4051 6550 4261
3 1939 4458 1702
3 480 4417 482
3 4256 5514 4308
3 4442 4604 1663
3 4856 4858 2649
3 3356 4153 3355
3 476 4409 478
3 2901 5861 5206
3 3483 6694 6074
3 4622 5851 3560
3 4172 6542 3786
3 6074 6097 3483
3 2259 6365 6051
3 3340 5187 4578
3 1890 5482 4403
3 3858 5954 3327
3 5954 6090 3327
3 4045 4142 655
3 5206 6018 2901
3 3993 4120 1981
3 4909 6644 5169
3 4854 4860 2968
3 2972 5275 4063
3 2650 4429 4428
3 4063 5275 3158
3 3157 4566 4565
3 4084 4642 4085
3 3991 6666 1446
3 4928 6364 3635
3 1463 6163 1461
3 365 6418 3949
3 4939 6621 1797
3 4173 5859 3243
3 4589 5454 3792
3 5169 5585 4909
3 4099 6087 600
3 1019 5205 5141
3 4115 4117 2288
3 5027 6533 3541
3 2954 4622 3560
3 4153 4186 3355
3 3222 6295 6142
3 1981 4120 1786
3 4183 6139 4364
3 3385 6383 5967
3 5495 6272 3074
3 6191 6222 4525
3 2327 6425 5689
3 6299 6423 1260
3 2146 6105 4049
3 3004 4978 2975
3 4507 4759 4508
3 3992 4035 3058
3 3316 6354 4754
3 4084 6448 4642
3 1067 5347 1174
3 3916 6709 4893
3 1797 5505 4939
3 805 5373 803
3 4364 6429 4183
3 4117 4138 2288
3 1727 5291 4591
3 1312 4550 3985
3 4222 6153 3722
3 5011 5012 2612
3 3157 4565 4069
3 3346 4172 2683
3 3937 4801 3936
3 4011 5409 1675
3 4346 4347 3059
3 4318 4319 2644
3 4238 4787 1974
3 650 4307 741
3 3598 4365 3596
3 5012 5013 2612
3 1797 6035 5505
3 1727 4591 4109
3 2176 6599 6581
3 6581 6599 3976
3 5012 5404 5013
3 1459 4366 1696
3 3913 6399 6058
3 3912 6442 2501
3 4526 4902 3431
3 2093 5009 4014
3 2403 5841 5188
3 3980 4452 2907
3 4320 5177 1628
3 6115 6143 2701
3 3668 6354 5280
3 3996 6102 4671
3 2181 4323 4027
3 2676 5454 4589
3 5025 5746 4394
3 4052 4255 2204
3 5809 6340 4827
3 4027 4324 2181
3 3031 5949 4580
3 4261 4549 4051
3 4155 5841 2403
3 4399 6255 2701
3 2501 6339 3912
3 3002 6398 3969
3 3460 5730 4000
3 1981 4608 3993
3 3970 6120 3694
3 2133 4801 4096
3 3890 5964 5616
3 6120 6337 3694
3 3544 6326 6278
3 1675 5410 4011
3 1446 5274 3991
3 2955 4619 4618
3 5013 5404 3661
3 1882 6735 1884
3 2228 4484 2231
3 4036 4243 2402
3 5505 6035 4028
3 4261 6550 4482
3 3057 4348 3494
3 4578 5187 3562
3 2179 4402 2653
3 4347 4348 3059
3 456 4205 458
3 2756 4351 3437
3 874 4679 3986
3 2236 5582 4034
3 2032 4543 4492
3 4008 5741 1352
3 2683 4172 4009
3 1352 6063 4008
3 2061 4889 4078
3 4062 5767 2621
3 2644 4850 4318
3 4388 5859 4173
3 3130 5756 4146
3 3887 6445 5882
3 1040 6146 1038
3 4252 5963 2693
3 2271 6496 4066
3 5035 6304 3771
3 677 4312 675
3 6304 6355 3771
3 3960 6056 3379
3 5045 6149 1374
3 4034 6136 2230
3 5408 5939 3260
3 358 5156 18
3 2670 5746 5025
3 1004 4663 1006
3 2230 6173 4034
3 4055 4056 293
3 2906 3982 2907
3 3630 4243 3314
3 625 5935 4003
3 2693 6528 4252
3 2650 5666 4429
3 4153 4154 3795
3 4460 6270 3561
3 4024 4143 2603
3 4104 4175 1799
3 3561 6406 4460
3 2431 4412 4167
3 3918 6709 3916
3 3994 4122 4121
3 1970 4934 4029
3 4071 6216 500
3 4122 5146 2398
3 3985 5495 1312
3 3728 5494 4473
3 500 6324 4071
3 3995 6102 3996
3 2204 6051 4052
3 4706 4742 3879
3 3102 5767 4062
3 5114 6042 2794
3 4030 4239 1696
3 623 4492 4491
3 4508 4759 3622
3 4112 4124 3028
3 5219 6054 562
3 2492 6068 4152
3 4926 4927 2155
3 1696 4365 4030
3 3725 6282 4900
3 2279 6572 4013
3 4515 6423 6299
3 3754 4124 4112
3 3997 4536 3658
3 4742 5329 3879
3 6278 6326 3932
3 4245 5391 3432
3 1309 6149 4072
3 3541 6065 4190
3 4039 5306 2657
3 475 6531 6076
3 2549 4929 2154
3 711 4207 709
3 5976 6400 5815
3 709 4207 714
3 1065 5149 797
3 562 6359 5219
3 4182 4994 4183
3 2117 6340 5809
3 6254 6335 4303
3 4495 4496 3796
3 5280 6292 3668
3 874 3995 715
3 2032 4544 4543
3 2402 4242 4036
3 4856 4860 4854
3 2844 6237 3854
3 6142 6295 4610
3 6449 6630 4433
3 3379 6600 3960
3 1200 5671 4170
3 3279 4086 3277
3 4094 4450 2841
3 5199 6052 2110
3 4050 5115 2245
3 4035 4248 3058
3 628 5960 5165
3 795 5149 2178
3 2603 4312 731
3 3967 5177 4320
3 2844 6317 6237
3 3866 6630 6449
3 4110 4996 2332
3 3992 5582 3425
3 2406 5055 2407
3 2231 4484 4134
3 3969 6559 3002
3 4061 5009 1701
3 3995 3996 717
3 1061 4367 1042
3 3059 4443 4346
3 6178 6327 3436
3 6402 6499 3911
3 4014 5010 2093
3 6058 6399 2888
3 422 6499 6402
3 9 5621 11
3 4805 5535 4370
3 3612 4822 4070
3 82 4054 2378
3 4146 5756 1640
3 4340 6533 3729
3 4077 4679 2103
3 4504 6170 4503
3 1461 6163 4366
3 3483 6097 5326
3 4526 6191 4525
3 4043 4308 1424
3 3282 6784 4354
3 3999 4354 3844
3 3444 5931 5758
3 2191 5791 5412
3 3562 5681 4578
3 1701 5008 4061
3 4355 5915 840
3 5043 6525 6281
3 4009 4714 2683
3 265 6077 5850
3 3892 5011 3361
3 2264 4817 4004
3 877 4799 4060
3 88 4444 89
3 5385 6613 4213
3 2970 4299 4298
3 4357 4842 1672
3 4603 5806 4013
3 6200 6549 3822
3 5711 6170 4504
3 2468 4452 1980
3 4994 6139 4183
3 4067 4082 2109
3 4190 6659 3541
3 3496 6117 3495
3 4328 6415 4329
3 4536 6259 3658
3 4329 6415 5392
3 2172 6153 4222
3 2794 5055 2406
3 5326 6228 3483
3 3965 6528 5132
3 1424 4498 4043
3 4154 6781 3795
3 2155 4927 1716
3 2407 5055 5052
3 2794 6042 5055
3 3405 5744 4782
3 2603 4916 4024
3 3333 6326 5876
3 89 4444 2410
3 3694 6337 3695
3 4693 6677 4694
3 2109 4083 4067
3 1461 4366 1459
3 1957 4323 2181
3 544 4205 456
3 6337 6476 3695
3 3994 4121 4120
3 2907 3982 3981
3 4330 5307 3407
3 6140 6463 4564
3 6281 6525 1540
3 2571 6021 283
3 848 4580 4015
3 1992 5347 1069
3 1945 4675 4620
3 4107 4367 1061
3 3916 4893 4078
3 4655 5955 4081
3 5132 6626 3965
3 4145 6160 4032
3 3623 5681 3562
3 3322 5966 3982
3 710 4679 712
3 3496 6400 6117
3 4015 4579 848
3 281 6021 873
3 4356 5915 4355
3 792 4579 794
3 5286 6217 3399
3 5850 6077 3780
3 4906 6480 6225
3 6076 6531 4002
3 655 4738 4045
3 2155 4929 4058
3 5179 6264 5561
3 5286 6472 6217
3 5589 6069 2604
3 4354 4591 3844
3 6217 6264 2996
3 2917 4351 2756
3 2523 4620 2955
3 3959 6707 4244
3 448 5166 450
3 3059 4348 3057
3 5165 5960 4158
3 4100 6130 1378
3 4786 6199 2557
3 4145 6381 6160
3 3997 6565 2637
3 2667 5307 4330
3 4398 5746 2670
3 4171 4531 361
3 1847 4825 1822
3 4111 6418 282
3 6230 6243 5295
3 4098 4759 4507
3 4293 4423 3969
3 3260 5939 4211
3 2681 4388 2679
3 2557 6211 4786
3 4216 4834 4833
3 2446 4834 4215
3 3792 4590 4589
3 1566 4997 1317
3 2702 4902 4526
3 3314 4243 4036
3 4154 6306 5687
3 3427 6335 6254
3 3758 6134 3764
3 2637 6417 3997
3 361 4531 360
3 916 4417 480
3 6343 6584 2173
3 482 4417 2239
3 4782 6183 3405
3 4060 5373 877
3 2604 4409 476
3 4166 5518 1707
3 3277 4086 3978
3 2667 4458 1939
3 3604 4401 425
3 4078 4893 2061
3 973 5905 913
3 3401 6206 5987
3 3969 6398 4293
3 478 4409 916
3 1522 6112 1524
3 3729 6533 5027
3 1375 6137 1515
3 5882 6445 2443
3 5616 5964 1064
3 2455 6614 4853
3 2975 4978 3399
3 4400 4521 4520
3 4824 6168 4076
3 5015 6265 5106
3 2688 4511 4510
3 6178 6280 4179
3 53 5630 55
3 4070 4822 3974
3 4212 6754 2444
3 4147 6383 3385
3 2410 4307 650
3 2444 6754 4484
3 4457 6174 3357
3 1702 4458 2473
3 4179 6280 4357
3 4805 6585 3848
3 3994 5146 4122
3 4298 6689 2970
3 73 5854 72
3 4178 4357 1672
3 4078 4889 4079
3 5582 5889 5067
3 3138 6311 6182
3 2444 4484 2228
3 906 4169 4168
3 4429 6250 6194
3 5987 6206 4762
3 4367 6146 1040
3 1933 6085 5818
3 2407 5052 5051
3 3622 4510 4508
3 4907 6282 4860
3 4958 5797 3306
3 877 5373 805
3 4338 5708 2914
3 4161 6642 2237
3 4376 6405 6368
3 5899 6180 2409
3 1006 4663 4311
3 6105 6107 5228
3 2117 5809 4032
3 6411 6451 4317
3 6368 6405 2424
3 4213 6547 5385
3 5267 6037 3698
3 2094 5010 2274
3 3543 5027 3540
3 4927 6768 2830
3 3603 5797 4958
3 4120 4121 1972
3 1638 5123 1520
3 6182 6311 4442
3 6285 6426 4200
3 2611 5013 2823
3 4221 6208 6184
3 4081 5955 4080
3 3854 6237 5000
3 2630 6027 3287
3 2814 6712 4457
3 4010 4714 4009
3 2245 5946 4050
3 4030 4365 3598
3 4170 6257 1200
3 4103 5676 5433
3 5274 6286 4081
3 3543 4824 4076
3 3596 4365 3600
3 4264 4978 3004
3 263 5494 4113
3 3786 6006 4172
3 2670 6104 4398
3 2332 4997 4110
3 4109 4997 1727
3 4730 6426 6285
3 4307 4535 741
3 2033 6307 6298
3 6225 6480 3626
3 4374 6571 6470
3 6298 6307 4249
3 4211 5445 3260
3 201 6504 5289
3 86 4098 90
3 4215 4834 4216
3 5687 6306 521
3 4641 6578 1954
3 2097 6226 6221
3 4616 6096 3827
3 3357 6663 4457
3 6221 6226 4141
3 5267 6496 2271
3 3941 6195 4268
3 2653 4402 4006
3 1954 6641 4641
3 916 4409 4101
3 6184 6208 2680
3 1577 4323 1957
3 3074 6272 4702
3 4152 6205 2492
3 1042 4367 1040
3 3696 6463 6140
3 2593 6345 6234
3 6133 6276 5510
3 3158 5106 4063
3 4072 6149 3766
3 2604 6069 4409
3 1149 4980 1254
3 4043 4498 3294
3 6191 6196 975
3 3401 5987 4262
3 5289 6433 201
3 3223 6304 5035
3 6192 6396 5184
3 981 4150 4111
3 4106 5192 3324
3 6277 6310 2073
3 4398 6104 4399
3 4103 6310 6277
3 3988 3995 874
3 6231 6261 1913
3 184 4520 186
3 2953 4608 3040
3 4188 5148 1065
3 4580 5949 4015
3 4289 6261 6231
3 2177 5620 4804
3 4979 6342 3812
3 4498 4935 3294
3 1378 6650 4100
3 4102 5676 4103
3 61 6087 63
3 4179 6327 6178
3 4028 6035 500
3 5467 5935 625
3 1023 5495 983
3 4265 4281 2372
3 2431 6500 4412
3 4853 6453 2455
3 3892 5012 5011
3 6012 6033 5143
3 5000 6643 3854
3 4039 6343 5306
3 3176 6075 4463
3 4330 5262 4327
3 4514 6451 6411
3 4306 4311 4229
3 3105 5275 2972
3 3975 5192 4106
3 3437 4351 4350
3 975 6196 4592
3 4414 6094 2152
3 5876 6414 3333
3 6313 6390 3503
3 4825 6168 4824
3 803 5373 2169
3 5474 6395 5199
3 4029 6113 1970
3 4238 5313 4787
3 5051 5122 2407
3 2181 4402 2179
3 1696 4366 4365
3 6104 6255 4399
3 293 6671 4055
3 3812 6586 4979
3 4271 6094 3280
3 5035 6616 3223
3 115 6560 6293
3 6470 6571 2012
3 3621 6200 3822
3 2657 6522 4037
3 6004 6400 3496
3 3345 6266 6233
3 4450 4451 2841
3 3956 6313 4218
3 4244 6666 3991
3 18 5156 16
3 4346 4443 1911
3 222 5410 1675
3 4861 6246 5632
3 896 4577 4083
3 3031 4580 3866
3 2500 6541 6491
3 5412 6498 2191
3 3399 6217 2996
3 4935 5594 3294
3 1386 6580 4000
3 5391 5569 3433
3 3279 4087 4086
3 4264 4977 2244
3 3407 5262 4330
3 3559 5821 5594
3 3607 4451 4450
3 5630 6243 6230
3 6194 6250 4164
3 3845 6541 2500
3 4573 5821 3560
3 1974 6706 4238
3 1276 6529 4087
3 1744 6037 5267
3 3559 5594 4935
3 4246 5168 2571
3 4404 4413 1173
3 4933 6338 2178
3 4032 6160 2117
3 919 5174 4916
3 5841 6204 6130
3 4262 6767 3401
3 4066 6159 2271
3 3305 6009 4603
3 4418 6387 3625
3 1707 5521 4166
3 500 6216 4028
3 2173 6584 4497
3 4457 6712 6174
3 219 6049 217
3 4698 6028 5967
3 2866 5985 1258
3 600 6033 6012
3 5350 6043 3475
3 102 5660 99
3 3085 4929 2549
3 4302 5122 5051
3 3359 4535 4307
3 4137 5045 1374
3 2152 5895 4414
3 3011 5156 358
3 3359 4686 4535
3 4400 6143 4521
3 36 5343 38
3 2935 6691 2934
3 359 4531 4350
3 3464 6325 4077
3 1070 4663 1004
3 4076 5027 3543
3 3085 5665 4929
3 4097 5699 1917
3 3356 4154 4153
3 2178 6546 4933
3 3473 5809 4827
3 2154 4929 2155
3 4096 5354 2133
3 3560 5821 3559
3 4268 6647 3941
3 4347 6155 4981
3 2372 4977 4265
3 4554 5879 5870
3 1446 6286 5274
3 4056 4057 293
3 2299 4377 4139
3 337 6043 5350
3 4725 6409 3734
3 1640 4245 4146
3 4356 5991 2207
3 4462 4463 4235
3 4933 5989 1176
3 2531 6111 5476
3 4098 4507 90
3 4728 6232 3657
3 3604 6289 4401
3 4034 5582 3992
3 224 5410 222
3 3473 4827 4630
3 1946 4650 4410
3 4010 6046 4714
3 4309 6809 5935
3 4203 4875 3502
3 1307 6149 1309
3 6287 6377 3426
3 3361 5011 4014
3 2597 5445 4211
3 3935 5512 5499
3 4119 4138 4117
3 806 6505 6303
3 4055 5759 3726
3 1379 6263 5153
3 3359 4299 2893
3 800 6166 6150
3 4321 5615 3569
3 961 4875 4203
3 532 4180 2301
3 6239 6344 5751
3 2621 5967 4062
3 712 4679 874
3 4591 5291 3844
3 2679 4388 4173
3 4034 6173 2236
3 4005 6032 4586
3 3625 6527 4418
3 4014 5009 3360
3 3919 5923 3921
3 3754 6593 4124
3 2166 6471 4123
3 4123 6397 2166
3 2680 6188 6184
3 2841 6101 4094
3 3228 4842 4357
3 4634 4980 1149
3 6130 6204 1378
3 1917 6806 4097
3 4077 6269 3464
3 3741 6228 5326
3 4066 6496 3464
3 5153 6690 1379
3 2907 4452 2468
3 4173 6188 2680
3 794 4579 4512
3 2251 4825 1847
3 3827 6716 4616
3 3973 6712 5906
3 4311 4663 4229
3 1980 4452 1981
3 781 4314 787
3 327 4178 1672
3 11 5621 1159
3 4427 4428 4426
3 4134 5497 2231
3 3741 6353 5300
3 2177 5621 9
3 4005 4586 4585
3 5294 5986 2554
3 1176 6338 4933
3 4916 5174 4024
3 2531 5686 4925
3 4521 6143 4523
3 3571 5437 5141
3 4726 5948 2072
3 4283 5094 1968
3 5494 6394 4473
3 5069 6709 3918
3 3464 6496 6325
3 4127 4538 1845
3 4510 6477 2688
3 359 4350 4349
3 1073 6552 6484
3 4119 6062 4138
3 3771 6355 4652
3 4711 5767 3102
3 6293 6560 4481
3 5326 6353 3741
3 38 5343 4270
3 5148 5149 1065
3 363 5609 362
3 3280 6468 4271
3 204 5731 202
3 6461 6466 2705
3 3842 6241 4487
3 5836 6057 4886
3 1061 4951 4107
3 186 4520 268
3 4096 6075 5354
3 4504 6105 5711
3 3918 6558 5069
3 3302 4420 2630
3 3764 6134 4325
3 3780 6077 4592
3 4055 6671 5759
3 4092 6430 1710
3 4504 6107 6105
3 1845 4824 4127
3 4420 6027 2630
3 3122 5866 5794
3 2702 4526 4524
3 3796 5471 4495
3 2079 5939 5408
3 5561 6264 4122
3 55 5630 2242
3 4281 5331 2372
3 2893 4299 2970
3 4001 6076 4002
3 848 4579 792
3 3360 5009 4061
3 4428 6319 4430
3 4160 6642 4161
3 1710 6468 4092
3 6229 6346 3794
3 1159 6757 5882
3 628 5166 448
3 4068 5391 4245
3 5300 6462 3741
3 913 5905 4435
3 2398 5561 4122
3 3923 5665 3085
3 2236 5889 5582
3 4054 6200 2378
3 4324 5847 3317
3 4204 4205 544
3 5306 6343 2173
3 4113 6702 263
3 5882 6556 1159
3 4331 4536 3500
3 6061 6332 3505
3 3072 4765 3046
3 5044 6717 3893
3 3536 6659 5695
3 4193 4196 4194
3 2079 5676 4102
3 992 4362 994
3 5 4734 7
3 6329 6503 5981
3 483 4454 484
3 2103 4679 710
3 4889 4891 4079
3 3657 6695 4728
3 4027 5847 4324
3 3999 6604 6603
3 4070 5482 3612
3 3073 4676 4385
3 106 4210 1722
3 5132 6528 2693
3 4260 4549 4261
3 330 331 329
3 5979 6086 3348
3 6609 6653 5298
3 3430 5962 5768
3 3734 6385 4725
3 5123 6112 1522
3 4399 6143 4400
3 6603 6604 2270
3 3028 5632 4112
3 3605 6312 5981
3 4981 6155 2685
3 4914 6379 4913
3 450 5166 2144
3 4213 6613 4135
3 1727 4997 1566
3 623 6370 4492
3 2945 5569 4359
3 5717 5966 5589
3 3986 4679 4077
3 2994 6653 6609
3 4176 4712 1662
3 5758 5931 3942
3 4314 4462 4235
3 6484 6552 3858
3 1650 6396 6192
3 2152 6094 5343
3 2303 5615 4321
3 3985 6272 5495
3 1317 4997 2332
3 1699 5009 2093
3 6320 6384 5456
3 5106 6265 4063
3 2632 6279 6227
3 6249 6252 4483
3 4146 6605 3130
3 4272 4274 1755
3 4548 6630 4580
3 4403 5482 4070
3 3834 6262 6040
3 4603 6009 3665
3 4175 6511 1799
3 2288 5974 4115
3 2597 4211 4187
3 1701 5009 1699
3 4491 5689 623
3 4385 4677 3073
3 4428 4430 2650
3 6427 6494 3950
3 6459 6501 3218
3 2827 4186 4153
3 2232 5497 2235
3 3355 4388 2681
3 3138 6182 6019
3 4337 6179 5708
3 753 6512 4913
3 4913 6441 753
3 5711 6105 2146
3 4425 4427 4426
3 3302 4682 4420
3 4980 6137 1375
3 600 6012 4099
3 4577 5047 4083
3 4102 5939 2079
3 140 6487 6431
3 4833 6584 4216
3 2612 5013 2611
3 2576 5854 73
3 2242 5629 5143
3 3984 6640 2521
3 328 330 329
3 544 4206 4204
3 6234 6345 3829
3 6379 6441 4913
3 5354 6075 3176
3 4180 5896 3897
3 1520 5123 1522
3 320 321 319
3 1822 4825 1845
3 4795 5570 4796
3 4804 5621 2177
3 3431 6191 4526
3 2343 5414 4162
3 1009 6407 5224
3 4026 6534 1967
3 2955 4620 4619
3 4652 6419 3771
3 69 4155 71
3 322 323 321
3 4129 5797 3603
3 5775 5991 4356
3 828 4314 4234
3 4301 5256 1725
3 1802 5844 5754
3 2503 4186 2827
3 4925 5686 4192
3 4083 5047 4067
3 4265 4977 4264
3 879 4435 952
3 5122 5123 1638
3 3722 6153 4687
3 1968 5331 4283
3 4592 6196 3780
3 2274 5010 2612
3 4327 5262 4326
3 6539 6543 2566
3 1732 4742 4741
3 5589 5966 3322
3 3320 6364 4165
3 80 4054 82
3 2093 5010 2094
3 3305 4603 4013
3 3993 4608 2953
3 4049 6720 5807
3 2823 5013 3661
3 4422 6445 3888
3 6303 6505 3990
3 787 4314 828
3 4711 5121 3547
3 3011 5155 5154
3 4413 5895 1173
3 1707 6163 1463
3 4042 6466 6461
3 2403 4220 76
3 4219 4633 1313
3 4234 4247 828
3 2521 6636 3984
3 5409 6049 1675
3 4860 6282 2968
3 107 108 106
3 3658 6259 5645
3 4968 6100 3570
3 4001 6489 6076
3 4215 5680 2446
3 3122 5794 5266
3 4654 5985 2866
3 1589 4967 4424
3 1586 4380 3970
3 4497 4832 2350
3 4496 6492 3796
3 4630 5444 3473
3 4068 4245 1640
3 3590 5259 3588
3 6665 6683 1496
3 109 110 108
3 3064 6025 3774
3 4414 5895 4413
3 4283 5331 4281
3 2449 4607 4542
3 4915 6683 6665
3 3552 6276 6133
3 107 109 108
3 4128 4538 4127
3 71 4155 74
3 2134 4872 4217
3 2309 4411 4231
3 361 5609 4171
3 5794 5866 4849
3 1890 6253 4144
3 4629 4757 3048
3 4274 4275 1755
3 5285 6424 6315
3 4956 6503 6329
3 4064 6501 6459
3 4451 6443 3667
3 4054 6549 6200
3 4231 4257 2309
3 28 6118 30
3 1649 4349 2997
3 360 4531 359
3 4519 4520 184
3 671 4403 669
3 4463 6075 4235
3 1695 4554 4240
3 1613 4193 1615
3 345 4260 2030
3 4380 6780 3970
3 5772 5868 3811
3 6521 6562 5487
3 1068 4634 1149
3 4527 6260 6202
3 534 4180 532
3 975 6222 6191
3 5817 5938 3773
3 6046 6145 2616
3 1799 6176 4104
3 1070 6684 4230
3 4319 6442 3912
3 1621 5959 1619
3 5813 5970 4228
3 4492 6370 2032
3 4141 6226 1650
3 4364 6544 6429
3 983 5495 3074
3 4542 4606 2449
3 4371 6780 4380
3 4696 6055 5435
3 3919 6676 5923
3 3040 4608 3980
3 5967 6383 4062
3 4138 6062 2704
3 6086 6121 3424
3 1254 4980 1375
3 6233 6266 5127
3 101 6152 97
3 1090 4776 1088
3 4023 6543 6539
3 2558 4852 4174
3 4410 4650 4362
3 1967 6648 4026
3 2690 5739 350
3 3952 6015 3953
3 4071 6324 2166
3 2116 4657 2115
3 4497 6584 4832
3 5795 6302 6109
3 2914 6172 4338
3 4438 6716 3422
3 4163 5435 2817
3 4536 6417 3500
3 4343 4346 1911
3 4143 4312 2603
3 4348 6136 3494
3 4352 4353 3676
3 2188 4614 4279
3 333 334 331
3 324 325 323
3 386 4191 384
3 109 111 110
3 5967 6028 3385
3 4859 6592 4858
3 3603 6029 4129
3 250 5639 251
3 4187 4739 2597
3 3667 6530 4451
3 4585 4623 4005
3 115 116 114
3 318 4272 1755
3 6013 6044 4684
3 4218 6568 3956
3 105 106 104
3 3056 4443 3059
3 4832 6584 4833
3 5224 6635 1009
3 4242 6309 6185
3 4217 5886 2134
3 2152 5343 36
3 2244 4978 4264
3 330 333 331
3 4940 6621 4939
3 701 4380 1586
3 3764 6123 6073
3 4088 4381 4089
3 2332 5905 973
3 2774 4248 914
3 4175 5374 522
3 5632 6246 4112
3 3948 6518 3847
3 111 112 110
3 1316 6489 4001
3 2600 6494 6427
3 981 4151 4150
3 4174 4967 2558
3 4925 6111 2531
3 351 4349 1649
3 6259 6522 5645
3 2619 6314 6147
3 113 115 114
3 4529 4734 5
3 4230 6738 1070
3 4240 4552 1695
3 4148 6301 2478
3 486 4454 483
3 4093 6811 47
3 3058 4248 2774
3 913 4435 879
3 6592 6699 4858
3 32 5895 34
3 1732 5329 4742
3 3769 6689 4297
3 3146 5038 4738
3 5095 6544 4364
3 4694 6677 826
3 4627 6377 6287
3 1466 4686 2365
3 714 6808 6626
3 4004 6696 2264
3 5906 6669 3973
3 5870 5879 2633
3 3425 5582 5067
3 499 5617 4369
3 4524 5778 2702
3 6315 6424 2725
3 3408 6562 6521
3 335 336 334
3 113 114 112
3 5266 5795 3122
3 307 6448 4084
3 1077 4766 4765
3 4193 4194 1615
3 1278 4775 4305
3 2811 5121 4711
3 1777 4977 1775
3 1199 4463 4462
3 4458 5392 2473
3 5169 6644 2937
3 91 4444 88
3 2166 6397 4071
3 4427 6319 4428
3 4730 6285 3461
3 4362 4650 994
3 4391 4396 1747
3 4297 6689 4298
3 4200 6426 1742
3 84 4098 86
3 533 534 532
3 5836 5837 2636
3 3322 6069 5589
3 3359 4307 4299
3 5768 5962 4437
3 3502 4875 3503
3 5410 6508 4011
3 115 117 116
3 4548 4580 848
3 781 4462 4314
3 4817 6032 4004
3 6073 6123 1688
3 326 327 325
3 4601 5323 3237
3 4405 6086 5979
3 3786 6542 613
3 333 335 334
3 111 113 112
3 1312 5495 1023
3 4386 4387 2555
3 4580 6630 3866
3 1313 4632 4219
3 612 4331 3500
3 926 4885 924
3 4205 6776 458
3 326 328 327
3 117 118 116
3 4260 4261 2030
3 3935 5572 5512
3 1006 4311 1008
3 105 107 106
3 3823 6372 5669
3 745 4916 743
3 4360 4361 2459
3 2379 5609 363
3 1732 4741 4740
3 329 4178 327
3 1038 6146 1312
3 4629 5444 4630
3 5695 6659 4190
3 2501 6442 4315
3 4128 5722 4538
3 3536 5695 3535
3 5722 5999 1812
3 4025 6728 501
3 921 4554 923
3 4424 6100 4968
3 1650 6192 4141
3 4354 6784 3987
3 3969 4423 1333
3 2269 4326 506
3 4424 4967 4174
3 415 4740 418
3 7 4734 2177
3 6150 6166 3857
3 119 120 118
3 4305 4776 1278
3 335 338 336
3 2103 6269 4077
3 984 4403 4070
3 338 339 336
3 711 5962 4207
3 1881 5666 1879
3 4203 5736 961
3 3485 4552 3484
3 5518 6163 1707
3 2459 4362 992
3 4796 5570 3186
3 2237 6750 4161
3 2678 6258 6209
3 4400 4519 4397
3 4734 5620 2177
3 3912 6595 4319
3 4229 4663 4227
3 6431 6487 4568
3 5143 6033 2242
3 504 6724 6705
3 3037 4413 4412
3 119 121 120
3 1583 4884 4883
3 3444 6267 5931
3 1890 4403 671
3 4883 4886 1583
3 103 104 102
3 4051 4549 3403
3 5057 6724 504
3 3793 6252 6249
3 4831 4833 2689
3 328 329 327
3 2207 5915 4356
3 4396 4397 1747
3 354 5673 352
3 714 6626 4214
3 1636 4423 4293
3 2917 4352 4351
3 1384 6341 5673
3 94 95 93
3 400 4068 1640
3 5902 6081 5901
3 117 119 118
3 108 4210 106
3 5280 6354 3316
3 251 5639 2455
3 2947 4453 4303
3 2555 5603 4386
3 535 536 534
3 3938 4247 4234
3 2636 6057 5836
3 3996 6180 5899
3 3855 6555 6251
3 340 341 339
3 5275 6454 2260
3 2501 4315 529
3 98 99 97
3 2978 6383 4147
3 1725 5256 4793
3 100 102 99
3 533 535 534
3 98 100 99
3 3183 6642 4160
3 814 4336 961
3 338 340 339
3 4951 5685 4280
3 1061 5685 4951
3 3938 4558 4247
3 1675 6049 219
3 1526 4793 1579
3 2434 5323 4601
3 4473 6297 3728
3 4288 4765 3072
3 2235 5497 4466
3 5818 6085 4151
3 531 533 532
3 3053 4470 4267
3 2269 4327 4326
3 2145 4709 4322
3 3046 4765 3094
3 4166 5521 5259
3 6247 6273 3092
3 4706 5140 4742
3 3048 5444 4629
3 4441 6773 4239
3 4324 4402 2181
3 4837 5568 2507
3 4996 5905 2332
3 4569 6487 2277
3 202 5731 1197
3 47 6430 4093
3 2034 5988 5762
3 227 4797 229
3 4870 4871 3372
3 3659 6142 4610
3 2558 5484 4852
3 4390 4796 3186
3 376 377 375
3 4259 5986 5294
3 3956 6390 6313
3 1637 5667 4268
3 6773 6814 4239
3 116 4339 885
3 5853 6774 3846
3 408 411 410
3 418 4740 3604
3 229 4797 3045
3 2423 4782 4781
3 1943 4805 4370
3 617 4331 612
3 2134 5677 4872
3 422 6402 4460
3 5164 6517 6444
3 3243 6188 4173
3 4662 5844 1802
3 2281 6413 4133
3 826 6662 4694
3 4206 6042 5114
3 3534 4443 3056
3 3968 6582 4431
3 74 2403 76
3 2323 5005 5004
3 3484 4552 4240
3 5613 5813 5575
3 6486 6535 2317
3 1477 5619 1538
3 5837 6088 2636
3 923 4554 1695
3 531 532 530
3 2507 5568 4605
3 2311 5384 2313
3 4702 6272 3573
3 3252 5470 3253
3 6374 6422 834
3 1278 4776 1090
3 4242 6185 4222
3 3569 5615 3571
3 6022 6222 190
3 6089 6114 1508
3 1579 4793 4792
3 3908 4252 4251
3 38 4270 40
3 131 133 132
3 638 5413 733
3 1065 5864 4188
3 1077 4765 4288
3 52 6438 6144
3 295 297 296
3 4197 5984 4198
3 4506 5648 3271
3 4833 4834 2689
3 4124 6593 4417
3 539 5881 541
3 4575 6610 3448
3 669 4403 984
3 4297 6493 3769
3 4158 5960 2036
3 350 5739 349
3 4072 6646 1309
3 2323 5264 5005
3 297 299 298
3 4852 5484 4776
3 2214 4453 2541
3 4197 5870 2633
3 4872 5677 4870
3 1233 4378 3103
3 3344 6210 6167
3 5730 5731 204
3 1174 5347 5346
3 3607 6443 4451
3 4309 5467 2189
3 4050 5946 4051
3 3011 5817 5155
3 3304 5234 4560
3 4663 6738 4227
3 5854 6774 5853
3 103 105 104
3 4168 6131 906
3 3852 6296 6202
3 217 6049 2746
3 4480 4828 3839
3 3037 4414 4413
3 4060 4799 4132
3 1755 4276 317
3 4163 5990 4164
3 4487 6681 3842
3 629 5260 609
3 305 308 306
3 1601 4343 1911
3 6227 6279 4277
3 3923 5850 5665
3 4512 4579 3447
3 319 4272 318
3 2651 4427 4425
3 5004 5542 2323
3 3406 6238 3407
3 4137 6703 5045
3 261 4320 259
3 137 139 138
3 4947 4948 2746
3 303 304 302
3 6014 6290 1922
3 3710 4708 3546
3 411 413 412
3 4384 4385 1931
3 2541 4453 2947
3 72 5854 272
3 499 6613 5385
3 2665 4251 2924
3 2574 4707 620
3 4254 6714 3891
3 4397 4519 1747
3 4721 5242 2306
3 3547 5767 4711
3 308 310 309
3 4319 6595 2644
3 2649 4907 4860
3 131 132 130
3 4665 5700 5121
3 1740 4405 901
3 3447 5550 4512
3 812 4336 814
3 1591 4581 4368
3 4445 4447 4446
3 3485 4553 4552
3 299 301 300
3 4049 6105 5228
3 4322 4777 2145
3 3186 5046 4390
3 2115 4657 3054
3 411 412 410
3 2434 4601 4599
3 292 295 294
3 4610 6391 3659
3 1938 5556 233
3 4349 4350 2997
3 1872 4437 719
3 2312 4657 2116
3 4186 4388 3355
3 4087 6375 4086
3 129 131 130
3 5012 6336 5404
3 133 135 134
3 3192 4927 4926
3 220 4606 214
3 2463 4757 2461
3 5754 5844 4041
3 5168 6021 2571
3 4280 5685 1963
3 127 129 128
3 4720 4723 3650
3 135 137 136
3 303 305 304
3 125 127 126
3 535 537 536
3 5117 6005 5998
3 395 4359 398
3 6446 6714 4254
3 40 4270 43
3 1077 6060 4766
3 5738 5773 2578
3 4361 4362 2459
3 2633 5984 4197
3 2443 4643 17
3 133 134 132
3 312 313 311
3 2277 6414 4569
3 2047 4893 2046
3 5984 6144 4198
3 310 311 309
3 5855 5968 4680
3 4378 4379 3103
3 139 141 140
3 1725 4793 1526
3 4284 5094 4283
3 310 312 311
3 6032 6366 4586
3 421 4472 1799
3 5563 5947 3264
3 4958 6296 3852
3 3287 6027 4313
3 4673 6229 3794
3 308 309 306
3 102 6515 5660
3 76 4220 78
3 1368 4837 1367
3 123 125 124
3 4259 5294 1567
3 4277 6388 4278
3 1332 5313 1450
3 121 122 120
3 404 5756 407
3 501 6770 4025
3 137 138 136
3 616 617 612
3 2449 4606 220
3 4110 4997 4109
3 4180 6627 2301
3 5708 6179 4057
3 620 621 617
3 135 136 134
3 4165 6364 2445
3 4381 5506 2438
3 4470 4471 3558
3 2061 4893 2047
3 121 123 122
3 96 97 95
3 647 4662 1802
3 1616 4193 1613
3 4966 6384 6320
3 3486 4775 3568
3 1008 4311 1187
3 6279 6388 4277
3 3534 5684 4436
3 180 4391 1747
3 1480 6332 6061
3 17 4643 19
3 305 306 304
3 3668 6292 3669
3 5616 6656 3890
3 2365 4686 3359
3 129 130 128
3 3424 6121 4035
3 4139 6404 2299
3 3897 6627 4180
3 225 4419 228
3 3879 5329 409
3 3982 4126 3981
3 4452 4608 1981
3 4721 5542 5004
3 1669 4675 1559
3 263 4210 108
3 2507 4605 3701
3 3209 4707 2574
3 4166 5259 3590
3 921 5879 4554
3 127 128 126
3 243 4701 239
3 5177 6799 1628
3 2035 4877 4476
3 616 620 617
3 4231 4411 3476
3 4106 5919 1316
3 4476 4877 4477
3 297 298 296
3 611 616 612
3 4557 5020 3253
3 4350 4531 3437
3 5125 6333 6291
3 6040 6262 2136
3 3997 6417 4536
3 4632 5311 3566
3 125 126 124
3 497 5617 499
3 4189 4339 118
3 386 5898 4191
3 1382 4382 355
3 346 4260 345
3 5710 5826 1985
3 4219 4632 3566
3 1865 6322 6283
3 78 4220 854
3 1524 6112 1725
3 924 4885 1583
3 4654 5735 3655
3 141 143 142
3 2032 6177 4544
3 4088 5506 4381
3 3414 4547 4100
3 3732 4545 2419
3 3116 5648 4506
3 506 4326 514
3 3253 5470 4557
3 3214 4614 4456
3 4250 5609 2379
3 4599 4703 2434
3 1313 4634 1068
3 4849 5640 2775
3 100 103 102
3 1382 4383 4382
3 5164 6444 4010
3 4575 5679 3962
3 143 145 144
3 1236 6171 6127
3 4219 5101 4633
3 4467 4469 847
3 3757 6134 3758
3 1911 4443 4436
3 4081 6286 4655
3 295 296 294
3 5154 5156 3011
3 2817 5990 4163
3 3039 5114 2795
3 5925 6020 4688
3 3588 5259 4464
3 5435 6055 2817
3 4083 6591 896
3 3649 5279 5242
3 4195 5527 5421
3 654 4517 403
3 519 4431 1912
3 429 4676 434
3 1221 4834 2446
3 5121 5700 3547
3 4041 5680 4215
3 3146 4738 4279
3 3122 5795 1602
3 145 147 146
3 906 6667 4169
3 4187 5455 4739
3 3792 5819 4590
3 3372 4872 4870
3 2231 5497 2232
3 522 6511 4175
3 2423 6588 4782
3 2651 4425 1560
3 1971 5046 5030
3 2379 5570 4250
3 4347 4981 4348
3 3810 5838 5791
3 4436 4443 3534
3 2311 2312 2116
3 1934 4755 515
3 4339 4340 885
3 154 5765 2171
3 4207 6808 714
3 3568 4775 4773
3 139 140 138
3 301 303 302
3 141 142 140
3 393 4359 395
3 620 4707 621
3 93 4296 91
3 607 5896 4180
3 3400 5985 4687
3 4701 4702 1959
3 4214 4371 706
3 233 5556 236
3 92 93 91
3 4218 4336 812
3 4302 5123 5122
3 1312 6146 4550
3 5240 5980 5900
3 69 6204 4155
3 611 612 597
3 4572 4743 3104
3 5236 6416 6378
3 815 4467 847
3 2311 2313 2312
3 4305 4775 3486
3 546 550 545
3 4082 6141 2109
3 551 563 550
3 2866 5735 4654
3 543 546 545
3 1515 6137 1701
3 4501 5969 1963
3 546 551 550
3 3074 4701 243
3 4222 6185 2172
3 1662 6323 4176
3 2617 4673 3794
3 4828 5111 3179
3 551 564 563
3 2811 4711 4710
3 123 124 122
3 4386 5603 5470
3 4407 6806 1917
3 1029 5912 249
3 1049 4559 1051
3 3849 6344 6239
3 2035 5394 5378
3 2410 6820 4307
3 78 854 80
3 143 144 142
3 1794 5278 1674
3 82 2378 84
3 4387 5260 2555
3 4832 6239 2350
3 4891 5595 4079
3 402 404 403
3 3422 6716 3827
3 201 6433 5415
3 919 4916 745
3 543 545 542
3 4263 6044 6013
3 1643 1644 1642
3 4739 5455 948
3 253 5639 250
3 4520 4521 268
3 957 4686 1466
3 3831 6403 6348
3 2446 5680 4539
3 4476 5394 2035
3 4194 6254 4303
3 2599 5666 1881
3 5342 5753 5516
3 4257 4259 2309
3 4385 4676 1931
3 4738 5038 4045
3 4033 6757 5621
3 4250 5570 4795
3 6109 6302 2201
3 5080 6126 6080
3 147 149 148
3 2226 4439 2444
3 6381 6721 235
3 1258 5985 3400
3 4661 5848 5624
3 2244 4977 1777
3 3485 4563 4553
3 5163 6548 4201
3 299 300 298
3 409 5329 408
3 4382 4384 1931
3 4135 6754 4213
3 2459 5040 4360
3 2095 5966 5717
3 1775 4977 2372
3 4624 4625 3544
3 203 6632 4156
3 1596 4486 1734
3 4228 5970 4229
3 4294 6535 6486
3 434 4676 3073
3 2554 5986 5338
3 404 406 405
3 4160 6576 3183
3 4372 4708 1737
3 4065 6733 953
3 5981 6312 1361
3 3932 6326 3333
3 4142 6688 58
3 5563 5620 4530
3 3189 5916 890
3 4371 4380 706
3 387 4287 390
3 4147 6657 2978
3 2461 4757 4534
3 743 4916 2603
3 514 520 519
3 3192 4928 4927
3 4600 5852 5762
3 301 302 300
3 129 6023 5922
3 3448 6744 4575
3 622 4331 617
3 4033 5621 4804
3 5861 6703 4137
3 4604 5568 4533
3 2170 5461 5460
3 1911 4436 1599
3 514 519 513
3 5045 6703 5145
3 2895 5938 5817
3 1081 4957 2435
3 543 4181 588
3 3214 4456 4455
3 4041 5844 5680
3 4466 5160 2235
3 3181 5838 3810
3 2565 4363 2564
3 332 4272 319
3 5770 5779 3656
3 5109 6118 28
3 151 153 152
3 290 292 291
3 4587 4588 4584
3 118 4339 116
3 43 1710 45
3 4752 4789 2570
3 3734 6409 3733
3 90 91 88
3 4181 4182 588
3 4776 5484 1088
3 325 4474 323
3 772 5026 782
3 1560 4425 1400
3 1959 6801 5955
3 4267 4470 3558
3 157 159 158
3 4162 6367 2343
3 4475 4547 3414
3 2170 5460 381
3 1840 4691 1838
3 3608 4700 4459
3 408 410 406
3 1827 5424 1828
3 3115 4455 3605
3 2378 6200 4759
3 1583 4886 922
3 4123 6471 591
3 3630 6523 4243
3 591 6566 4125
3 4549 5739 3403
3 5 7 6
3 5094 5264 1968
3 2198 6161 4440
3 1688 6044 4263
3 4601 5852 4600
3 777 4487 1199
3 2078 4952 4464
3 3998 6612 6021
3 5005 5264 5094
3 436 5138 438
3 5921 6059 167
3 4709 5215 4322
3 4530 5620 4734
3 4127 4824 3543
3 2220 2222 2221
3 621 622 617
3 19 21 20
3 515 4755 511
3 407 5756 3130
3 4471 5599 3558
3 1579 4792 4791
3 1243 5664 1247
3 3279 4088 4087
3 6202 6260 3852
3 529 4315 531
3 4424 4968 1589
3 145 146 144
3 3670 4842 3180
3 4460 6406 422
3 413 415 414
3 3387 4543 3386
3 953 6746 4065
3 5144 5871 5750
3 3952 6726 6015
3 2446 4539 1196
3 4633 5101 4636
3 5311 5659 3566
3 1989 5913 5788
3 707 4214 706
3 4125 6514 591
3 4653 4654 3655
3 5211 5233 4718
3 4554 5870 4240
3 4307 6820 4299
3 92 4507 1330
3 4279 4614 3214
3 19 4643 22
3 1742 6426 4797
3 3546 4708 4372
3 952 4435 4378
3 1416 4837 1368
3 2 5 4
3 4342 6450 269
3 120 4189 118
3 153 2072 152
3 2941 4251 2665
3 2036 6276 4158
3 2494 4710 2526
3 1173 5895 32
3 3650 5242 4720
3 49 605 51
3 321 332 319
3 4229 5970 4306
3 526 4528 1934
3 694 5040 990
3 1663 4604 4533
3 4421 5215 1570
3 4589 4590 4588
3 2924 4251 3964
3 3715 5829 5626
3 506 514 513
3 155 4726 153
3 2478 6779 4148
3 4336 4875 961
3 1583 4885 4884
3 5161 5779 5770
3 4695 6295 3940
3 922 4886 315
3 3896 5149 5148
3 6209 6258 5556
3 101 6749 6152
3 2409 6180 5432
3 3115 4715 4455
3 347 4761 341
3 419 421 420
3 4177 6386 1946
3 4095 6764 6432
3 536 607 534
3 4558 4806 832
3 211 4781 213
3 4560 5234 4559
3 4677 6615 5355
3 4605 5209 3701
3 506 513 505
3 99 5660 101
3 1773 5331 1771
3 2570 4790 4752
3 90 4507 92
3 53 6243 5630
3 21 4688 20
3 147 148 146
3 4208 6198 2237
3 4885 5773 5738
3 421 424 423
3 1559 4675 1945
3 2313 2314 2312
3 3422 6235 4438
3 17 19 18
3 2318 4513 2642
3 4400 4520 4519
3 2899 5104 2588
3 1184 4518 1185
3 3048 4757 2463
3 163 4341 162
3 5455 5777 948
3 2689 4834 1221
3 4300 4513 2320
3 149 5524 148
3 94 96 95
3 4760 5703 2340
3 96 98 97
3 4108 4937 4550
3 2510 5893 5663
3 636 5413 638
3 6039 6158 5490
3 4145 6721 6381
3 421 423 420
3 3756 4800 4465
3 610 5411 4505
3 3461 6753 4730
3 3736 6778 5906
3 5906 6778 4341
3 4385 6615 4677
3 389 4673 2617
3 2039 4674 4500
3 2306 5542 4721
3 4668 4707 3209
3 2461 4534 1425
3 1701 6137 5008
3 1602 5795 1604
3 64 5958 62
3 2215 6026 5992
3 4128 5999 5722
3 1942 4743 4571
3 3086 4682 3078
3 2439 6099 6066
3 5499 6162 3935
3 2526 4710 3102
3 4196 6254 4194
3 810 4218 812
3 4310 6252 3793
3 6283 6322 3957
3 1735 4649 4502
3 4223 6661 504
3 774 5026 772
3 4267 5813 3053
3 159 4725 158
3 95 1377 93
3 34 5895 2152
3 4665 5121 4486
3 6175 6330 5760
3 1229 4378 1233
3 2343 5415 5414
3 562 4431 524
3 2784 4373 2919
3 4744 4808 4119
3 4321 5822 2303
3 3127 4547 4475
3 371 374 373
3 607 4180 534
3 4339 6065 4340
3 3729 6297 4340
3 2854 5940 5737
3 1577 6083 4323
3 223 4419 225
3 403 4517 401
3 4685 5020 4557
3 2419 4545 2420
3 3945 5497 4134
3 1167 5662 5602
3 4447 6145 6046
3 719 4437 716
3 1750 4675 1669
3 1619 5959 1637
3 4699 4812 4389
3 1596 4665 4486
3 5088 5547 5085
3 2555 5260 629
3 737 739 653
3 2222 2224 2223
3 1047 4332 1371
3 4428 4429 4426
3 2391 4483 145
3 1643 1645 1644
3 4934 6579 4029
3 3460 5731 5730
3 3573 6801 4702
3 5278 5959 1621
3 1430 4967 1529
3 4523 5778 4524
3 5030 5046 4546
3 424 427 426
3 1963 5969 4280
3 4571 4743 4572
3 5955 6801 4080
3 4359 5569 398
3 5720 5945 3584
3 4218 6313 4336
3 2220 2221 2219
3 5519 5623 1162
3 3403 5739 2690
3 1838 4691 1841
3 4561 4812 4699
3 1187 4306 1284
3 1028 5659 5311
3 695 5040 694
3 2689 5560 4831
3 5707 5805 160
3 2 4529 5
3 7 8 6
3 2879 5277 2472
3 1196 4539 1014
3 1384 5673 354
3 1879 5666 2650
3 2313 5384 2988
3 3124 5097 3123
3 3052 5444 3049
3 6024 6207 5642
3 3839 4828 3179
3 3818 4401 3065
3 4337 4338 722
3 3372 4871 3369
3 4774 4775 1278
3 1570 4764 4421
3 2320 4513 2318
3 2568 4363 2565
3 3145 4777 3143
3 1836 5493 1839
3 413 414 412
3 424 426 423
3 5037 5182 4783
3 2534 4976 2911
3 1674 5278 1621
3 2420 2601 1976
3 4874 5684 3534
3 2423 4781 211
3 2269 4328 4327
3 733 5413 4877
3 2198 6664 6161
3 5 6 4
3 722 6091 4642
3 2996 6264 5179
3 4773 5037 3568
3 5884 5918 3702
3 545 625 542
3 2145 5619 1477
3 292 294 291
3 4332 4333 1371
3 1582 4561 1564
3 1478 4389 1971
3 3547 5700 1314
3 3709 6723 4060
3 5708 6598 2914
3 4722 5005 4645
3 2456 4828 4479
3 7 9 8
3 4636 5101 2785
3 4474 4842 3670
3 2313 2315 2314
3 948 5777 4499
3 4125 6566 2267
3 4500 5112 2039
3 1872 5768 4437
3 537 538 536
3 1183 4957 1081
3 1923 4518 1184
3 4368 4581 3076
3 1809 4646 1819
3 4278 6388 337
3 591 6514 4123
3 5894 5897 3539
3 2480 4471 4470
3 19 20 18
3 344 5359 343
3 4645 5094 4284
3 3025 4591 4354
3 427 431 430
3 4386 5470 3252
3 4247 4558 832
3 4787 5313 1332
3 722 4642 299
3 4060 6723 5373
3 4286 6037 1744
3 1957 2179 1958
3 4263 6073 1688
3 5425 5691 5336
3 1538 5619 1737
3 1957 1958 1569
3 398 4068 397
3 6432 6764 4353
3 331 342 329
3 703 4380 701
3 1958 4236 1569
3 352 5673 2449
3 1891 4548 788
3 402 403 401
3 2795 5114 2794
3 4587 4589 4588
3 1806 4705 1999
3 398 5391 4068
3 4365 4366 3600
3 3087 4951 3119
3 4914 6341 1384
3 1807 1809 1808
3 5635 5952 4878
3 92 94 93
3 248 4655 252
3 761 4695 2261
3 1187 4311 4306
3 1371 4559 1049
3 24 1431 26
3 4513 4515 4514
3 264 4189 120
3 1807 4646 1809
3 4620 4621 4619
3 2316 4850 2314
3 4479 4788 2456
3 2804 5384 2311
3 4645 5211 4722
3 529 530 528
3 5657 5769 3705
3 2785 5319 4636
3 178 4391 180
3 342 4178 329
3 1737 5619 4372
3 2222 2223 2221
3 2579 2849 2470
3 4207 5962 3430
3 1672 4474 325
3 3369 4871 3368
3 1769 5264 1767
3 1835 5425 5336
3 2503 5859 4186
3 5465 5504 2582
3 1819 4646 2491
3 4698 5967 2621
3 6147 6314 4999
3 994 4650 996
3 4506 5519 3116
3 11 13 12
3 4069 6772 984
3 1831 5424 5246
3 951 6495 4149
3 5608 5847 4862
3 4550 4937 3148
3 22 4422 24
3 2196 2198 2132
3 4898 6053 5978
3 4501 6111 5969
3 4056 5996 4057
3 5559 5661 3177
3 3649 5242 3650
3 427 430 426
3 367 4676 429
3 775 4487 777
3 4535 4686 893
3 624 4906 575
3 9 10 8
3 1942 4571 1468
3 297 4337 722
3 355 4382 357
3 2041 4594 4593
3 851 4662 653
3 2001 2471 2470
3 779 4462 781
3 1612 1613 1611
3 996 4650 1000
3 525 528 524
3 28 29 27
3 4584 4588 4583
3 2353 4680 2354
3 4685 5019 2807
3 34 36 35
3 5246 5425 1831
3 13 14 12
3 11 12 10
3 564 576 575
3 1645 1703 1702
3 4512 5550 966
3 3238 4574 972
3 1092 4774 1278
3 4475 5097 3127
3 1642 4377 2299
3 3340 4578 2436
3 927 4836 929
3 2041 4593 881
3 3512 5160 4466
3 1841 4690 2085
3 1913 6208 4221
3 4267 5970 5813
3 2737 6017 6011
3 2709 4903 4493
3 4126 6538 1025
3 44 2633 42
3 4109 4591 3025
3 2063 5091 2065
3 5461 6775 3727
3 1285 5000 1188
3 4221 6231 1913
3 5762 5988 4600
3 841 5640 837
3 5415 6433 6108
3 4328 4329 4327
3 576 592 575
3 4204 5114 3039
3 4865 5019 4685
3 1151 4628 1439
3 3330 5058 3134
3 909 4808 4744
3 4883 5836 4886
3 4464 5259 2078
3 3141 5215 3139
3 255 4241 253
3 1570 5215 4709
3 4628 4757 4629
3 4595 4703 4599
3 1660 4651 2167
3 4275 4276 1755
3 504 6705 4223
3 4547 6130 4100
3 4429 6194 4426
3 5185 6796 6278
3 4406 4407 1917
3 2224 2226 2225
3 2414 4300 2320
3 9 11 10
3 5901 6081 2576
3 1601 1911 1599
3 431 498 497
3 4572 5821 4573
3 4315 4316 585
3 1410 4665 1596
3 653 4662 647
3 2786 5324 2441
3 2086 4331 622
3 5863 5884 3702
3 3010 4363 2568
3 5081 5083 2389
3 537 539 538
3 374 375 373
3 3811 6479 5772
3 5088 5090 2457
3 114 4473 112
3 1415 1416 1368
3 2946 3350 3218
3 3946 4369 3947
3 4543 4544 3386
3 4633 4634 1313
3 1932 4561 1582
3 3659 6391 4090
3 1367 4837 2507
3 2314 2644 2312
3 13 15 14
3 2041 4703 4595
3 3949 6418 4111
3 2179 2180 1958
3 15 17 16
3 3469 4653 2626
3 525 529 528
3 4978 5286 3399
3 30 31 29
3 4373 4374 2919
3 4864 5526 4863
3 151 152 149
3 4904 5003 3572
3 529 531 530
3 3974 4822 2943
3 739 851 653
3 929 4836 1243
3 2992 4770 1796
3 4717 4723 4720
3 1035 5398 1153
3 3410 4976 4555
3 5242 5279 2306
3 2082 2292 2081
3 4110 5162 4996
3 4469 6318 847
3 2385 2387 2386
3 2218 2220 2219
3 4928 6768 4927
3 2140 4583 137
3 2385 4415 2388
3 15 16 14
3 17 18 16
3 365 5759 286
3 2849 4700 2470
3 1041 4637 1944
3 5062 5604 5545
3 4396 4398 4397
3 1603 4343 1601
3 4453 5527 4195
3 524 4431 519
3 2214 5527 4453
3 5687 6781 4154
3 1381 5560 1296
3 4014 5011 5010
3 2616 4236 1958
3 1599 4436 886
3 1213 4325 1238
3 3078 4682 4368
3 25 27 23
3 4418 4419 223
3 36 38 37
3 4420 4682 3086
3 3615 6376 4607
3 4364 6139 4363
3 2385 2388 2387
3 59 61 60
3 539 540 538
3 4996 5162 4493
3 2080 4497 2350
3 4461 5640 4849
3 2473 4377 1644
3 4836 5664 1243
3 4008 4756 3288
3 2489 2632 2487
3 2086 4536 4331
3 61 62 60
3 38 40 39
3 3558 5599 1346
3 901 4405 960
3 431 497 430
3 4324 6098 4402
3 3727 6687 5461
3 1828 5424 1831
3 2456 5111 4828
3 1418 4533 1416
3 576 593 592
3 3678 5650 4499
3 3149 4788 3151
3 347 4762 4761
3 4499 5650 949
3 828 4247 829
3 2420 2602 2601
3 876 5683 911
3 541 542 540
3 2384 4415 2385
3 2570 4789 915
3 3074 4702 4701
3 4455 4456 3605
3 564 575 563
3 213 4781 262
3 3407 6238 5262
3 266 6177 136
3 854 4054 80
3 4025 6731 6728
3 4561 4699 1564
3 4877 5413 4477
3 5648 5703 4760
3 40 42 41
3 1734 4486 2082
3 3317 6098 4324
3 710 711 709
3 561 4910 579
3 3980 4608 4452
3 230 4797 227
3 75 2576 73
3 4720 5242 4721
3 2224 4439 2226
3 1094 4774 1092
3 4005 4623 3895
3 832 4806 833
3 2457 5547 5088
3 1450 5313 2100
3 3368 4871 4868
3 2946 4999 3350
3 4432 4433 1891
3 2140 4584 4583
3 2732 4715 2284
3 832 833 831
3 3756 5288 4800
3 4217 4872 3373
3 5021 5771 1396
3 4498 4904 3572
3 25 28 27
3 1425 4534 1300
3 5669 6679 3823
3 1967 4768 674
3 497 499 430
3 5174 6244 3797
3 1384 6379 4914
3 5602 5662 4864
3 1382 5744 4383
3 3606 5394 4490
3 2489 5104 2632
3 4614 5953 4615
3 32 33 31
3 4454 6219 484
3 4502 5058 1735
3 3469 4654 4653
3 3348 6086 3424
3 4440 4647 1788
3 3284 4373 2784
3 817 4467 815
3 1808 4705 1806
3 3493 4932 3113
3 151 5765 154
3 4513 4514 2642
3 4868 4880 3368
3 61 63 62
3 2195 2196 2132
3 541 543 542
3 539 541 540
3 4095 4770 2992
3 90 92 91
3 1955 4845 119
3 5509 5526 4864
3 674 4768 676
3 2095 6538 4126
3 3271 5648 4760
3 3073 5138 436
3 2668 3277 2669
3 4194 4195 1615
3 4372 4777 3145
3 252 253 250
3 28 30 29
3 4722 5211 4718
3 4477 5883 5875
3 2137 4838 2682
3 2891 5067 2374
3 3053 5813 5613
3 1721 4724 1460
3 3237 5852 4601
3 5875 5883 1654
3 5421 5527 1889
3 3279 5506 4088
3 4623 5390 3895
3 3277 3978 3278
3 1665 5349 2286
3 1003 4736 2589
3 288 290 289
3 6127 6171 3830
3 1563 4438 1585
3 63 64 62
3 1417 1418 1416
3 431 5860 498
3 1324 4903 1535
3 4628 4629 1439
3 4560 5968 5855
3 32 34 33
3 2592 4698 2621
3 1645 1702 1644
3 4869 4871 4870
3 498 506 505
3 3143 4777 4322
3 520 525 524
3 4493 5162 2709
3 4637 4638 1944
3 3390 4543 3387
3 4530 5947 5563
3 4533 4837 1416
3 4459 4700 2849
3 902 3036 851
3 3185 5046 3186
3 2002 4911 4910
3 3945 3946 3944
3 2644 4657 2312
3 4487 6241 1199
3 926 5773 4885
3 3107 5383 3110
3 4642 6091 4085
3 1635 1642 1634
3 4261 4262 2030
3 3113 4932 3140
3 2644 6595 4657
3 2846 4706 4656
3 2682 4838 3181
3 4241 5639 253
3 438 5138 904
3 5378 5394 3606
3 4368 5753 1591
3 1796 1932 1582
3 4682 5753 4368
3 3209 5253 4668
3 4490 5469 3606
3 2911 4976 3410
3 30 6118 1173
3 4677 5139 5138
3 404 405 403
3 2775 5794 4849
3 4238 6706 4237
3 498 505 497
3 4121 6264 6217
3 531 4315 585
3 3302 5753 4682
3 1796 4770 2243
3 3622 6477 4510
3 5155 5817 3773
3 3888 6445 3887
3 3940 6295 3222
3 4313 6027 3891
3 4448 5735 5726
3 444 445 443
3 490 4704 1929
3 971 4732 1035
3 2224 2225 2223
3 5612 6478 1934
3 2267 6625 4125
3 4415 4976 2388
3 6093 6148 2913
3 2001 2469 2000
3 528 562 524
3 4202 6619 2934
3 1933 6524 6085
3 3378 5104 2899
3 2588 5104 2489
3 2 4 0
3 1008 1187 1013
3 920 5820 5792
3 548 4528 526
3 5336 5493 1835
3 110 263 108
3 3097 4806 4558
3 24 4422 1431
3 1795 2000 1794
3 2206 4743 1942
3 3544 6278 4624
3 688 691 690
3 4206 5114 4204
3 4559 5234 1051
3 4474 5721 323
3 5205 6510 5141
3 30 32 31
3 739 5716 3212
3 2472 5277 2000
3 1014 4539 902
3 4556 4557 1325
3 161 163 162
3 36 37 35
3 1388 5003 4904
3 4677 5138 3073
3 4087 6529 6375
3 2361 2695 2694
3 138 266 136
3 4689 5037 2506
3 4563 5428 1445
3 1445 5428 4746
3 327 1672 325
3 4151 4152 4150
3 2058 5217 2060
3 595 611 597
3 2558 4967 1430
3 4389 4390 1971
3 2389 5091 2063
3 4556 4865 4685
3 1226 4689 2506
3 1284 1285 1188
3 442 443 441
3 1187 1284 1188
3 5745 5806 5238
3 1070 6738 4663
3 688 690 687
3 5624 5848 2598
3 1415 1417 1416
3 2298 2442 2441
3 3514 4466 3945
3 1187 1188 1013
3 2167 5349 1665
3 3996 5899 717
3 157 158 155
3 1260 5881 539
3 4396 5746 4398
3 2642 4850 2316
3 4800 5288 2428
3 57 59 58
3 1810 5722 1812
3 59 60 58
3 1826 4869 1825
3 290 291 289
3 40 41 39
3 38 39 37
3 2087 2360 1651
3 915 4789 868
3 1529 4967 1589
3 1796 2243 1932
3 2984 5319 2698
3 5743 5914 3742
3 341 4761 339
3 3945 4134 3946
3 4305 4852 4776
3 4970 5654 4971
3 419 420 417
3 1771 5331 1968
3 3797 6265 5015
3 2307 5233 5211
3 5637 5729 3685
3 314 4495 311
3 1056 5476 1052
3 34 35 33
3 444 446 445
3 3277 3278 2669
3 579 4910 3147
3 2001 4841 2471
3 4279 5958 2188
3 4562 5555 1938
3 4644 5210 2307
3 295 4337 297
3 5716 5796 3212
3 4748 4843 3392
3 353 4449 1382
3 2280 4625 1848
3 3893 5324 2786
3 5423 6731 4025
3 1445 4746 1251
3 5077 5079 2401
3 4732 5398 1035
3 1956 4763 2511
3 408 5329 411
3 2494 2525 2524
3 2293 2494 2493
3 4574 5679 4575
3 2399 2841 2840
3 2082 2293 2292
3 1805 1806 1804
3 2097 6221 4249
3 4461 4848 857
3 635 4556 1325
3 1123 6248 6186
3 990 991 920
3 6244 6265 3797
3 3989 4373 3284
3 1863 2136 1861
3 4929 5665 4058
3 2372 5331 1773
3 1478 1971 1476
3 1182 1223 1183
3 1047 1371 1049
3 1731 4683 2245
3 442 444 443
3 4491 4492 3390
3 446 447 445
3 1685 4193 1616
3 1188 4905 1013
3 4500 4674 3616
3 1500 5521 1465
3 2387 2733 2386
3 2471 4841 3174
3 2471 2579 2470
3 621 627 626
3 1726 5291 1727
3 4296 4444 91
3 4479 4828 4480
3 4551 4836 927
3 1731 2245 1982
3 1535 4903 2709
3 3123 5097 4500
3 2283 4806 3097
3 413 4740 415
3 5246 5691 5425
3 4791 5501 1579
3 1614 1616 1613
3 741 4535 849
3 2226 2228 2227
3 1000 1079 1078
3 5277 5278 1794
3 2293 2493 2292
3 4963 5528 5508
3 2692 3241 2691
3 1983 4955 502
3 3076 4581 2383
3 161 162 159
3 882 5748 2591
3 559 4910 561
3 739 3212 852
3 1734 2082 2081
3 4174 4852 3497
3 6516 6620 3609
3 1052 5476 1050
3 5919 6071 2002
3 5083 5091 2389
3 5293 5805 5707
3 153 4726 2072
3 660 4729 1352
3 4107 4951 3087
3 4133 6658 2281
3 4506 5623 5519
3 965 4732 971
3 4970 5566 689
3 2578 5479 4611
3 57 58 56
3 4564 4613 3128
3 4713 5061 3323
3 4937 5379 3148
3 4716 4723 4717
3 1210 4628 1151
3 5014 5137 3221
3 2293 4710 2494
3 3127 5097 3124
3 4378 4435 4379
3 4723 5232 3650
3 5309 5566 4631
3 1039 4637 1041
3 4576 4732 965
3 1555 4616 1562
3 3473 5444 3052
3 1182 1183 1081
3 2661 4532 3493
3 1974 4787 1336
3 1835 5493 1836
3 2084 5257 1837
3 5516 5753 3302
3 4463 6739 3176
3 987 5311 4632
3 768 769 767
3 1415 5268 1417
3 4268 6195 1637
3 3548 5277 2879
3 2132 4440 1788
3 766 767 765
3 4269 6234 3829
3 1469 5839 5295
3 297 722 299
3 4748 5424 1827
3 1793 1794 1674
3 2807 5020 4685
3 2314 4850 2644
3 563 4906 2189
3 3544 4625 2280
3 1837 5257 1834
3 952 4378 1229
3 3669 4955 1983
3 3908 4251 2941
3 2001 2470 2469
3 4488 4712 3450
3 689 5566 5309
3 511 4753 508
3 2934 6691 4202
3 2384 2385 1561
3 3373 4872 3372
3 1229 1233 1231
3 784 4432 1891
3 891 5786 1740
3 6378 6416 5089
3 4329 5392 4458
3 4490 5540 5469
3 3009 3010 2568
3 5026 5801 4434
3 518 6158 6039
3 1795 2001 2000
3 1470 4764 1471
3 764 765 763
3 446 448 447
3 1000 1946 1079
3 2388 4976 2534
3 1122 4716 1141
3 1539 4699 4389
3 3212 4684 852
3 1841 2085 2084
3 74 4155 2403
3 625 5468 542
3 770 772 771
3 1016 1027 1026
3 605 606 51
3 262 4449 353
3 1832 5425 1835
3 3425 5067 2891
3 5076 5525 3341
3 4523 6115 5778
3 1218 1340 1219
3 3946 3947 3944
3 1417 1419 1418
3 1918 5134 1930
3 2882 5535 2881
3 3452 4712 4176
3 4350 4351 2997
3 1809 1810 1808
3 1272 5982 5810
3 4643 6445 4422
3 158 4726 155
3 4116 5517 5442
3 852 4684 903
3 1037 4727 1306
3 3151 4788 4479
3 794 4512 796
3 3089 4940 4939
3 1676 5194 1482
3 1279 5572 1486
3 2660 4532 2661
3 145 4483 147
3 284 365 286
3 963 4576 965
3 3572 4935 4498
3 4710 4711 3102
3 5090 5362 2457
3 807 4798 877
3 452 453 451
3 26 5109 25
3 4822 4823 2943
3 891 1740 901
3 1048 4501 1963
3 1402 4737 4672
3 1049 1050 1048
3 686 687 685
3 519 1912 513
3 4379 4493 3103
3 448 449 447
3 1563 1565 1564
3 2775 5640 841
3 450 451 449
3 957 1400 1024
3 3347 5044 1311
3 907 1167 1021
3 1340 1470 1341
3 549 5304 567
3 5998 6005 4968
3 1050 4501 1048
3 1793 1795 1794
3 465 4769 501
3 2307 5211 4644
3 656 5070 560
3 4436 5684 886
3 2850 2851 2383
3 3232 4936 2853
3 5290 6504 197
3 3392 5245 4748
3 942 4739 944
3 1460 4724 1462
3 1047 1049 1048
3 53 54 52
3 2570 4814 4790
3 1469 5750 4516
3 2419 2420 1976
3 180 182 181
3 3089 4939 4938
3 4527 4646 1807
3 957 1466 1400
3 3190 5568 4604
3 2465 5105 3050
3 505 5617 497
3 1553 4983 1389
3 4689 5182 5037
3 5134 5428 3106
3 271 5390 4623
3 1097 5420 1107
3 679 732 731
3 4540 4541 1440
3 2394 4823 2186
3 3170 4792 3526
3 3341 5668 5076
3 684 685 683
3 708 709 707
3 763 4695 761
3 3134 5058 4502
3 1703 1940 1939
3 4869 4870 1825
3 3826 6114 6089
3 5129 5764 5692
3 2966 4488 3450
3 336 4406 1917
3 655 5958 4738
3 4738 5958 4279
3 4566 6686 3868
3 616 887 620
3 4747 4843 4748
3 4612 5479 5407
3 1304 4665 1410
3 1752 1754 1553
3 3379 6056 3475
3 1590 4581 1591
3 2284 4715 2120
3 893 4686 957
3 1940 1989 1988
3 684 686 685
3 2156 4794 2550
3 2080 2350 1733
3 3702 5918 4957
3 4955 5644 496
3 1989 1991 1990
3 2666 5036 2686
3 5543 5683 876
3 262 353 352
3 2755 2816 1932
3 1644 4377 1642
3 1017 5697 1010
3 3575 5058 3330
3 182 4519 184
3 686 688 687
3 1223 1367 1183
3 879 952 878
3 1666 2508 1661
3 1968 5264 1769
3 2471 3174 2580
3 903 1016 1015
3 2668 5506 3279
3 248 252 250
3 4455 4715 2732
3 592 624 575
3 2842 5530 574
3 4794 5501 4791
3 1991 2116 2115
3 133 5656 135
3 4195 5421 1615
3 4383 4384 4382
3 4740 4741 3604
3 1556 4699 1539
3 4390 5046 1971
3 663 4565 1290
3 1424 4904 4498
3 3 4529 2
3 2924 3964 3963
3 2159 4779 1778
3 4737 4815 4672
3 176 270 178
3 4565 4566 1290
3 1404 5000 1285
3 2382 2850 2383
3 4135 6613 4369
3 5020 5581 5567
3 520 524 519
3 946 4499 949
3 1705 4838 2137
3 343 347 341
3 4918 5065 4919
3 5927 5993 2781
3 2361 2694 2360
3 1096 4772 1094
3 2668 2669 2352
3 1767 5264 2323
3 299 4642 301
3 437 500 435
3 178 180 179
3 2389 5217 5081
3 2847 5140 2846
3 708 710 709
3 2442 2786 2441
3 1247 5664 1445
3 460 461 459
3 5545 5604 2842
3 1273 4689 1226
3 6195 6620 1685
3 2120 4715 2392
3 768 770 769
3 176 178 177
3 3216 5232 4949
3 1189 5337 1071
3 560 5070 558
3 1996 1998 1997
3 4772 4774 1094
3 357 1931 367
3 3953 4802 2957
3 368 1218 899
3 511 4755 4753
3 2205 2206 1942
3 1005 4736 1003
3 4998 6084 5799
3 4533 5568 4837
3 4466 5497 3945
3 3497 4852 4305
3 2337 4895 2789
3 1057 1059 1058
3 4614 4615 4456
3 5621 6757 1159
3 3392 3393 3391
3 5062 5377 2013
3 2759 5066 2757
3 454 455 453
3 4637 4639 4638
3 716 4437 713
3 875 882 867
3 137 4583 139
3 4248 5786 914
3 944 4739 948
3 458 459 457
3 1328 4695 763
3 3149 5110 4788
3 5726 5735 2866
3 1565 1632 1582
3 1218 1219 899
3 1600 1601 1599
3 5626 5829 2733
3 4716 4717 1141
3 198 200 199
3 4841 5354 3174
3 1340 1341 1219
3 4201 6624 5163
3 4823 5107 2186
3 1057 1058 1056
3 637 4865 4556
3 3603 4958 2931
3 2662 4945 2711
3 1703 1939 1702
3 1047 1048 1046
3 4156 6693 203
3 1479 1650 1481
3 3493 4933 4932
3 1929 6284 4253
3 4322 5215 3141
3 2743 4959 2744
3 436 437 435
3 788 4548 790
3 3940 6725 4695
3 3388 5245 3389
3 2382 2976 2850
3 3512 4466 3514
3 1565 1582 1564
3 4485 4931 1659
3 2748 5258 2333
3 972 4574 1066
3 2378 4098 84
3 3409 5172 4816
3 6292 6783 3669
3 362 5609 361
3 419 4472 421
3 1720 2538 1719
3 2614 2939 2613
3 2388 2534 2533
3 2160 4697 2928
3 1051 1052 1050
3 3998 6021 5168
3 3016 5494 3728
3 551 1966 564
3 4469 6273 6247
3 4013 6572 4304
3 336 1917 334
3 2011 4674 2039
3 2451 5111 2263
3 541 5881 4181
3 2640 3015 2641
3 2475 2476 2206
3 184 186 185
3 5476 6111 4501
3 1941 1942 1468
3 3685 4936 3232
3 1940 1988 1939
3 1584 4688 2631
3 453 504 451
3 990 5040 2459
3 2179 2653 2180
3 2591 4618 2498
3 2448 4457 2994
3 3148 5379 2677
3 4924 5900 3338
3 843 878 842
3 5900 5980 3338
3 4258 5710 5338
3 3075 5586 700
3 1996 1997 1545
3 3636 5102 4873
3 766 768 767
3 1989 1990 1988
3 3365 4880 3364
3 2624 2625 2295
3 345 2030 344
3 611 5024 616
3 55 56 54
3 4954 4960 4959
3 819 2510 817
3 2388 2533 2387
3 1841 4691 4690
3 5611 5774 2575
3 1917 5699 334
3 1296 5560 2689
3 3015 3684 3129
3 833 836 835
3 3118 5244 2505
3 5978 6053 4555
3 4258 5826 5710
3 2626 4653 2295
3 883 884 757
3 43 4270 1710
3 4900 4907 1704
3 4792 4793 3526
3 1632 1796 1582
3 756 757 734
3 1635 1643 1642
3 1372 5186 1373
3 4853 6614 3958
3 557 2002 559
3 4731 5435 3528
3 1120 4716 1122
3 311 4495 309
3 186 188 187
3 1468 4571 1354
3 2500 6491 4157
3 2286 2706 1666
3 648 4865 637
3 627 642 626
3 1941 2205 1942
3 4752 5787 4751
3 2428 5222 4800
3 1991 2115 1990
3 3250 5504 5465
3 764 766 765
3 4949 5232 1339
3 4061 5319 2984
3 1783 6103 5212
3 1720 4811 2539
3 182 184 183
3 3106 5428 5383
3 434 435 433
3 1289 4803 1954
3 3670 5721 4474
3 2469 2472 2000
3 996 1000 998
3 3612 5036 2666
3 843 879 878
3 499 5385 430
3 767 4609 765
3 1625 4817 2264
3 962 963 884
3 2976 6159 5834
3 1658 4950 2418
3 3174 3175 2580
3 402 5756 404
3 1568 4651 1660
3 4684 6044 1016
3 456 457 455
3 5990 6194 4164
3 6386 6494 5749
3 2464 5105 2465
3 2508 4485 1661
3 2226 2444 2228
3 1884 6735 4147
3 2842 5604 5530
3 4618 4619 3105
3 1058 5686 2531
3 3450 4712 3452
3 908 915 868
3 353 1382 355
3 545 5467 625
3 2205 2475 2206
3 2623 5022 2758
3 2226 2227 2225
3 4630 4826 1439
3 460 462 461
3 318 1755 317
3 4521 4522 268
3 3119 4951 4280
3 601 602 3
3 196 198 197
3 2195 2197 2196
3 4147 6735 6657
3 1998 2736 1997
3 2310 2805 2804
3 1899 5480 1901
3 885 4473 114
3 2222 2287 2224
3 893 957 956
3 209 211 210
3 3185 3186 2806
3 3527 5256 3554
3 1810 1812 1811
3 221 4418 223
3 1485 1704 1657
3 756 883 757
3 1805 4527 1807
3 2597 4739 942
3 659 2715 657
3 2189 6225 4309
3 468 469 467
3 1205 4866 910
3 2648 5283 2509
3 5170 5171 4819
3 1353 5006 1444
3 450 452 451
3 2470 4700 2469
3 3850 4830 2927
3 903 4684 1016
3 3568 5037 4783
3 448 450 449
3 2966 3450 3449
3 458 460 459
3 1812 1814 1813
3 627 643 642
3 5788 5913 3713
3 3735 3737 3734
3 1563 1564 1556
3 960 977 976
3 1801 2640 2336
3 3463 4066 3464
3 1311 5044 1308
3 2387 4810 2733
3 1998 2737 2736
3 400 402 401
3 883 962 884
3 3324 6071 4106
3 1166 4737 1402
3 218 4540 1440
3 2705 5186 1372
3 192 194 193
3 4607 6752 4542
3 1045 1047 1046
3 3114 5426 4815
3 527 5304 549
3 616 5024 887
3 1864 1866 1865
3 3528 5435 4163
3 4674 5270 3616
3 1354 4571 1552
3 1499 4813 1791
3 3770 5035 3771
3 888 4874 2773
3 2434 4703 749
3 3139 5215 4421
3 2392 4715 3115
3 572 5519 1162
3 2640 2641 2336
3 1414 2353 1627
3 3015 3129 2641
3 3089 4938 2622
3 2480 4470 2482
3 5287 5429 1977
3 462 463 461
3 1045 4332 1047
3 908 974 915
3 1591 5753 5342
3 4009 4172 3009
3 1852 4625 4624
3 621 626 622
3 2550 4794 3082
3 1147 4818 3275
3 2602 3034 2601
3 1373 1425 1300
3 466 467 465
3 4639 6148 6093
3 4896 5223 2246
3 1848 4625 1849
3 55 57 56
3 4814 5496 4790
3 2477 4743 2206
3 807 877 805
3 3152 5196 2404
3 1800 4764 1470
3 6614 6799 3958
3 1665 2286 1666
3 1281 4840 1376
3 1153 5398 1985
3 2180 4714 2616
3 6483 6517 2962
3 2336 4895 2337
3 4333 4335 1371
3 2150 4902 2702
3 2851 3076 2383
3 5010 5011 2612
3 2374 5067 2233
3 3529 4698 2592
3 2353 2354 1627
3 990 2459 992
3 194 196 195
3 4602 5062 2013
3 143 4664 2391
3 2385 2386 1561
3 270 4391 178
3 762 763 761
3 4285 5281 5210
3 470 471 469
3 3049 5444 3048
3 3684 4681 3129
3 5837 6592 4859
3 934 935 933
3 211 213 212
3 1704 2016 1657
3 550 5467 545
3 571 5320 568
3 4585 5656 4623
3 2846 5140 4706
3 4623 5656 271
3 1006 1007 1005
3 4666 4716 1120
3 5085 5547 5091
3 770 771 769
3 4540 4606 4542
3 974 985 915
3 925 4551 927
3 1626 1689 1625
3 3391 4491 3390
3 2943 4823 2394
3 3524 5219 5218
3 79 1366 77
3 2839 3239 2838
3 186 268 188
3 3168 4792 3170
3 762 764 763
3 1829 4869 1826
3 3010 4364 4363
3 2401 5217 2058
3 2348 2349 2266
3 4919 5065 4922
3 2815 4659 4658
3 2557 5070 656
3 1618 1685 1616
3 464 465 463
3 2060 5217 2389
3 4525 6222 6022
3 2005 4613 2607
3 6144 6438 4198
3 563 2189 550
3 5639 6614 2455
3 658 4729 660
3 203 205 204
3 2383 4581 1745
3 4658 4671 2721
3 4912 5066 2759
3 205 207 206
3 214 4606 216
3 3886 4016 3770
3 2498 4618 3105
3 614 615 606
3 4818 4819 3275
3 5663 5893 3339
3 4507 4508 1330
3 1555 1556 1539
3 4839 5565 4953
3 2243 2755 1932
3 5079 5217 2401
3 962 1071 963
3 1499 1501 1500
3 3285 4558 3938
3 3841 6450 4342
3 3038 4945 2662
3 3368 4880 3365
3 438 439 437
3 553 1316 555
3 1364 5395 1365
3 1666 4728 2508
3 1464 1499 1465
3 1466 1560 1400
3 1089 4602 2013
3 3296 3297 3093
3 772 782 771
3 4300 4515 4513
3 1685 4196 4193
3 3389 5245 3392
3 106 1722 104
3 2196 5963 2198
3 2054 5249 2056
3 1457 5270 4674
3 1745 4581 1590
3 1689 4817 1625
3 3424 3425 2891
3 1866 1867 1865
3 2313 2988 2315
3 440 442 441
3 95 6152 1377
3 2730 2732 2284
3 3422 3423 3297
3 645 646 619
3 2874 5022 2623
3 1485 1657 1484
3 618 619 615
3 4901 5106 3158
3 1148 4814 985
3 1609 1889 1608
3 4744 5402 909
3 5567 5581 1978
3 1803 1805 1804
3 894 4696 1194
3 1048 1963 1046
3 1223 1368 1367
3 1377 4296 93
3 3685 5729 4936
3 1627 5268 1415
3 4496 6607 3674
3 1079 1203 1078
3 679 4661 732
3 6074 6694 4358
3 2041 4595 4594
3 829 832 831
3 744 746 745
3 3689 5618 5103
3 2544 2622 2543
3 2614 3352 2939
3 2124 5362 2126
3 1037 1306 1039
3 853 4703 2041
3 4750 4789 4752
3 2770 4700 3608
3 1874 4861 1782
3 1809 1816 1810
3 5231 5396 4778
3 573 586 571
3 2840 5396 5231
3 1626 1690 1689
3 881 4593 897
3 1866 4648 2108
3 1660 1665 1661
3 1704 4907 2016
3 1389 4983 3267
3 735 4750 1272
3 2308 2806 2379
3 1842 4763 1956
3 2075 4613 2005
3 5015 5042 3198
3 732 744 743
3 2218 2219 2217
3 1462 1463 1461
3 744 745 743
3 4815 5426 4672
3 643 647 642
3 5415 6637 201
3 1807 1808 1806
3 1360 5006 1353
3 348 4549 4260
3 1613 1615 1611
3 1251 4746 1350
3 2554 5338 5337
3 2486 2490 2488
3 567 3116 570
3 470 472 471
3 2582 5504 5065
3 5750 5871 4516
3 440 441 439
3 4461 4849 4848
3 1562 1563 1556
3 755 875 867
3 2494 2524 2493
3 1233 1234 1231
3 1545 1941 1468
3 4250 4795 3060
3 4329 4330 4327
3 2717 5137 5014
3 4756 5105 3288
3 1598 1599 886
3 1625 2264 1623
3 3194 5237 3196
3 2252 5042 5015
3 456 458 457
3 6610 6685 3448
3 882 2591 2498
3 2415 2562 2414
3 5197 5198 3231
3 1746 5458 1978
3 4750 4751 1272
3 22 4643 4422
3 3205 3454 3204
3 546 5553 551
3 182 183 181
3 2373 4902 2150
3 3259 5536 5436
3 1624 1626 1625
3 2285 2730 2284
3 1839 5493 4763
3 1466 2092 1560
3 1462 1464 1463
3 434 436 435
3 1009 5050 207
3 4880 5033 3364
3 682 684 683
3 3850 4831 4830
3 313 314 311
3 514 4326 547
3 605 614 606
3 278 981 280
3 552 4879 471
3 1431 1697 26
3 3801 4640 3068
3 1849 4625 1852
3 467 4769 465
3 4746 5134 1918
3 4838 6034 3181
3 1475 4709 2145
3 4310 6399 3913
3 887 5024 2987
3 2622 4938 2543
3 2741 5172 3409
3 1631 4672 2325
3 5243 5697 1017
3 3448 6685 2645
3 749 853 758
3 5097 5112 4500
3 5782 5823 4989
3 4807 4808 909
3 4573 4866 1552
3 1568 1660 1659
3 2816 4812 4561
3 777 1199 779
3 1930 5134 2285
3 1483 1485 1484
3 1632 2992 1796
3 825 843 842
3 139 4583 596
3 2357 5201 4964
3 492 4704 490
3 2868 4984 4983
3 4318 6411 4317
3 572 1162 574
3 4954 4959 2743
3 1555 1562 1556
3 4285 5210 4644
3 2285 2731 2730
3 3964 3965 3963
3 691 693 692
3 3892 6336 5012
3 888 2773 914
3 4316 4317 585
3 2929 5140 2847
3 1563 1585 1565
3 558 5068 556
3 1831 5425 1832
3 987 4632 1032
3 4000 4946 4945
3 5280 5344 2829
3 332 4273 4272
3 732 743 731
3 2706 4728 1666
3 213 220 214
3 3376 6020 5925
3 207 209 208
3 1000 1078 998
3 2359 4923 1766
3 2073 6261 4289
3 2085 4690 2335
3 869 4807 909
3 732 4661 1691
3 4873 5102 1969
3 1578 5501 1715
3 3153 5194 1676
3 3195 4853 3958
3 2808 5204 2719
3 3257 5701 3300
3 1661 4485 1659
3 2329 5030 4546
3 3255 4829 3723
3 1499 1500 1465
3 205 206 204
3 2401 5249 5077
3 4867 5033 4880
3 4323 6083 3458
3 1941 2750 2205
3 746 754 745
3 119 4845 121
3 4818 5170 4819
3 53 55 54
3 645 723 646
3 429 434 433
3 1624 1625 1623
3 2591 4622 4618
3 1022 4727 1037
3 1118 4666 1120
3 2711 4945 3354
3 3936 3989 3284
3 1092 1278 1090
3 2294 2624 2295
3 213 214 212
3 1971 5030 1476
3 1321 5171 5170
3 1464 1465 1463
3 1752 2199 1754
3 658 659 657
3 2268 5178 2672
3 2278 2721 2425
3 468 470 469
3 4783 5182 1960
3 2348 2673 2349
3 2315 2316 2314
3 669 984 667
3 2516 5426 2519
3 3978 3979 3278
3 4398 4399 4397
3 3112 5478 2338
3 1107 5420 3250
3 733 734 649
3 1606 4345 4344
3 2531 5476 1056
3 3117 4915 4785
3 20 4688 1584
3 4593 5873 1028
3 1489 4942 2015
3 1539 4389 1478
3 2212 4844 2213
3 853 881 872
3 746 755 754
3 567 570 568
3 343 5359 347
3 2957 4802 2798
3 1017 5650 5573
3 3647 4123 3787
3 641 2086 622
3 452 454 453
3 1778 4779 1780
3 526 1934 515
3 465 501 463
3 160 5811 5707
3 1336 4787 1175
3 1390 4835 1554
3 2853 4936 2852
3 2120 2392 2121
3 5601 5675 2862
3 2852 3681 2860
3 637 4556 635
3 1306 4637 1039
3 1323 4778 1234
3 190 191 189
3 4171 5609 4250
3 2509 5283 3018
3 3821 4139 4105
3 342 4179 4178
3 5243 5573 3418
3 577 4962 1993
3 3559 4935 2809
3 1650 6226 1481
3 3054 3912 3406
3 1089 1091 1090
3 3418 3419 3417
3 2338 5478 1910
3 2102 4653 3655
3 3418 3420 3419
3 4867 4880 4868
3 398 5569 5391
3 4516 5839 1469
3 5943 5951 2357
3 2263 5111 2164
3 1744 6275 4286
3 570 572 571
3 2198 4440 2132
3 2171 5765 4310
3 4649 5244 4502
3 836 837 835
3 1006 1008 1007
3 2863 5301 2865
3 2755 4795 2816
3 2991 4459 2849
3 190 192 191
3 2089 4731 3528
3 1486 1698 1648
3 1242 5041 1319
3 449 2267 447
3 3135 5202 2305
3 595 597 593
3 2213 2216 2215
3 3291 3735 3734
3 614 618 615
3 1937 4835 1390
3 2506 5037 4773
3 2809 4935 3572
3 2353 5855 4680
3 4390 4812 4796
3 3296 3422 3297
3 1914 5366 1230
3 4389 4812 4390
3 618 645 619
3 4369 5617 3947
3 815 847 813
3 3455 3799 3454
3 3677 5388 4961
3 194 4592 196
3 679 5848 4661
3 466 468 467
3 1013 4905 1253
3 3179 5111 2451
3 2333 5258 2084
3 964 5327 884
3 1253 4905 3693
3 3174 5354 3176
3 4555 4976 4415
3 4954 5225 4960
3 1597 4267 3558
3 200 203 202
3 3428 3983 3448
3 455 5057 453
3 2981 2991 2849
3 4633 4635 4634
3 2305 5202 1657
3 2966 3449 3416
3 3518 3519 3517
3 2757 5066 3089
3 1714 4820 2815
3 2030 5359 344
3 479 4934 1970
3 2183 2654 2182
3 1028 5873 5659
3 1194 4696 1267
3 723 1200 724
3 2199 2200 1754
3 3642 5103 3640
3 3106 5383 3107
3 960 976 959
3 4831 5560 4830
3 3241 5132 2691
3 1138 5281 5276
3 1133 5340 1131
3 2916 4687 3469
3 1017 5573 5243
3 1223 1414 1368
3 4275 4277 4276
3 6103 6135 5212
3 3978 4084 3979
3 4502 5244 3118
3 632 4692 1654
3 652 653 647
3 1606 4343 1603
3 3362 3363 2748
3 976 4678 1073
3 4747 4748 1827
3 733 756 734
3 1091 1092 1090
3 1432 1433 1388
3 436 438 437
3 4795 4796 2816
3 1997 5491 1545
3 462 464 463
3 3681 4847 3706
3 673 1890 671
3 2453 4988 3156
3 454 456 455
3 1454 4942 1489
3 207 208 206
3 4636 5319 5008
3 2839 3240 3239
3 2349 5379 2266
3 2469 4700 2770
3 2731 5038 2730
3 1920 5952 5635
3 5226 5683 5543
3 1387 1388 1335
3 1417 5268 4873
3 1612 1614 1613
3 62 5958 655
3 4761 4762 4408
3 1049 1051 1050
3 3116 5519 570
3 4972 4974 1222
3 4751 5787 5732
3 4406 4408 4407
3 1166 1402 1336
3 3612 5482 5036
3 5510 6276 2036
3 2009 2182 2008
3 1365 5395 3182
3 4374 4375 2919
3 2730 5038 3146
3 559 561 560
3 3422 3827 3423
3 472 473 471
3 1678 5252 1679
3 2815 4658 1979
3 1501 1503 1502
3 1087 4602 1089
3 4026 6462 5300
3 1552 4866 1205
3 1402 4672 1631
3 2360 4683 1651
3 2695 3401 2694
3 2607 4613 4564
3 2533 4810 2387
3 5601 5709 3692
3 557 559 558
3 2212 2213 2211
3 3067 4518 1923
3 4664 5819 2391
3 2505 5244 2265
3 845 4461 857
3 464 466 465
3 2698 5319 2785
3 4771 4982 1110
3 2614 5167 3352
3 723 724 646
3 2773 4874 3534
3 249 5912 247
3 188 190 189
3 4696 4731 1267
3 825 842 824
3 3110 5383 3485
3 5178 5237 3194
3 3971 5204 2808
3 5679 5903 3962
3 790 848 792
3 1191 4772 1096
3 411 1732 413
3 3424 4035 3425
3 197 6655 5290
3 2743 2744 2742
3 3205 3455 3454
3 4667 5205 736
3 1817 4735 1823
3 1860 1862 1861
3 1672 4842 4474
3 3363 4693 3366
3 502 4955 494
3 1403 1974 1336
3 1414 1415 1368
3 2404 5196 867
3 5357 5450 3229
3 598 5017 3178
3 2933 4033 3162
3 2539 4811 2883
3 660 1352 662
3 1719 5560 1381
3 4530 4734 4529
3 730 4667 736
3 2981 3976 2991
3 508 4753 507
3 5407 5479 935
3 2384 4416 4415
3 2883 3715 2885
3 1454 1455 1349
3 1595 5752 1411
3 859 4848 1598
3 2335 2585 2334
3 2547 5034 1455
3 1906 5029 2552
3 4631 5624 2598
3 2884 3205 3204
3 1858 1860 1859
3 749 4703 853
3 3689 5103 3642
3 2250 3340 2436
3 901 960 959
3 1501 1502 1500
3 5198 5380 3231
3 4747 5397 4843
3 1372 1373 1300
3 2492 6540 6068
3 165 234 163
3 6129 6587 6351
3 3654 5377 5062
3 4778 5220 1234
3 1562 4438 1563
3 2140 4585 4584
3 4432 4434 4433
3 1281 1348 1282
3 689 5654 4970
3 4406 4761 4408
3 3554 5256 4301
3 869 908 868
3 1889 2209 1608
3 2545 3638 3637
3 4666 5232 4723
3 2877 4969 3719
3 3663 5034 2547
3 1766 4923 1768
3 2744 4959 2839
3 1453 4942 1454
3 1348 1453 1349
3 1392 5270 1457
3 453 5057 504
3 1961 5599 4471
3 3653 5401 5371
3 4765 4766 3094
3 2475 2645 2476
3 1445 5664 4563
3 1034 4818 1147
3 837 5640 839
3 549 567 566
3 1089 2013 1091
3 2629 5105 2464
3 1614 1617 1616
3 2292 5306 2081
3 4798 4799 877
3 3761 5766 5719
3 4763 5335 2511
3 2583 3272 3191
3 2015 5389 2019
3 868 4789 747
3 2552 5029 3660
3 902 4539 3036
3 2554 5337 1189
3 1454 1456 1455
3 5706 5761 4920
3 2927 4830 2538
3 1806 1999 1804
3 1554 1752 1553
3 473 553 552
3 1810 1811 1808
3 6152 6493 1377
3 1577 1957 1569
3 5538 5903 5679
3 1350 1527 1351
3 1201 1281 1202
3 853 2041 881
3 4546 5046 3185
3 3087 3119 3118
3 2668 3279 3277
3 4942 5389 2015
3 1444 5006 1996
3 4194 4303 4195
3 1417 4873 1419
3 3297 4749 3459
3 747 4750 735
3 3532 5301 5288
3 1998 2738 2737
3 1305 4448 1271
3 1098 1099 1097
3 577 656 560
3 1099 5420 1097
3 1532 1720 1719
3 4629 4630 1439
3 4881 4884 3225
3 1319 5041 3635
3 1483 1484 1224
3 3681 3706 2860
3 2752 5142 2871
3 4332 4334 4333
3 3133 5757 5649
3 4630 4827 4826
3 572 574 573
3 1035 1036 1034
3 1660 1661 1659
3 1437 2842 574
3 676 680 678
3 559 560 558
3 3060 4795 2755
3 2354 4680 2544
3 2666 2686 2304
3 1112 4982 1977
3 3036 4662 851
3 555 557 556
3 1455 5034 1349
3 4984 5774 5611
3 3608 3911 3343
3 572 573 571
3 2278 4658 2721
3 2009 2183 2182
3 2397 5292 2395
3 565 569 548
3 2354 2544 2543
3 587 598 586
3 445 591 443
3 4718 5233 1141
3 1100 1101 1099
3 1482 5194 1483
3 512 515 511
3 1192 1226 1191
3 2163 5110 1753
3 2085 2335 2334
3 4261 4482 4262
3 1334 1335 1292
3 1690 1790 1789
3 5370 5502 2347
3 3237 5323 566
3 2736 3286 1997
3 4572 4573 1552
3 1864 4648 1866
3 906 4667 730
3 1016 1026 1015
3 1454 1489 1456
3 1690 1789 1689
3 3317 5847 5608
3 4693 4694 3366
3 2194 5107 3611
3 2194 2304 1904
3 985 4814 2570
3 3025 4354 3987
3 1186 5440 1172
3 1485 4899 1704
3 557 558 556
3 3670 5890 5721
3 1464 4813 1499
3 1814 1817 1815
3 3236 4144 4143
3 672 1967 674
3 2519 5426 3114
3 1106 4771 1110
3 2194 2666 2304
3 3887 4993 2932
3 828 829 827
3 1801 2336 1910
3 1286 4814 1148
3 1906 1907 1905
3 1759 5032 2101
3 2744 2839 2838
3 2651 5583 4427
3 4678 5515 5328
3 2871 5142 3680
3 1087 1089 1088
3 1277 1327 1320
3 3177 5661 2580
3 4556 4685 4557
3 1137 5193 1135
3 1209 1210 1151
3 4602 5604 5062
3 180 181 179
3 259 4320 257
3 3551 5222 2728
3 2490 5308 2488
3 4910 4911 3147
3 4899 4900 1704
3 2545 3637 3636
3 2852 2860 2429
3 1081 2435 1055
3 4917 5235 4489
3 1805 1807 1806
3 4545 6178 3436
3 1201 4840 1281
3 1748 5351 5302
3 2517 5155 3773
3 553 555 554
3 1453 1454 1349
3 1054 1057 1056
3 1419 1420 1418
3 6419 6800 5755
3 2331 5230 2609
3 1277 1320 1239
3 2510 4467 817
3 3349 3969 1333
3 3091 3296 3093
3 5153 5154 3055
3 1348 1349 1282
3 652 737 653
3 755 867 754
3 1809 1819 1816
3 3194 3196 3195
3 367 429 428
3 1281 1282 1202
3 724 726 725
3 532 2301 530
3 1554 2161 1753
3 2858 3335 3334
3 1514 5125 1512
3 1845 4825 4824
3 2758 5022 2763
3 198 265 200
3 2188 5953 4614
3 4108 4367 4107
3 2816 4561 1932
3 4568 6487 4569
3 1080 1182 1081
3 2883 2885 2884
3 1340 1736 1470
3 2390 4862 2961
3 2632 5059 2487
3 3323 5061 969
3 3875 4908 2364
3 1754 4983 1553
3 676 4768 680
3 3508 5160 3512
3 314 4496 4495
3 5737 5940 4691
3 2084 5258 5257
3 1516 4990 2584
3 1218 4998 1340
3 4595 4597 4596
3 1720 2539 2538
3 1606 4344 4343
3 1066 1557 1318
3 939 4990 1161
3 561 579 578
3 1978 5458 5221
3 3196 3446 3195
3 1512 5125 1947
3 1741 5945 5720
3 262 4781 4449
3 2606 4697 2160
3 4335 4559 1371
3 5101 5214 2785
3 566 5323 565
3 676 678 677
3 1225 1430 1429
3 1354 1552 1205
3 1080 5234 3304
3 3640 5103 5102
3 5300 6534 4026
3 186 187 185
3 1703 2204 1940
3 1071 4576 963
3 3134 4502 3118
3 2494 2526 2525
3 1991 2310 2116
3 2683 4714 2180
3 1300 4534 1210
3 1679 2009 2008
3 2525 3434 2524
3 911 5683 1360
3 3548 5278 5277
3 3272 3273 3191
3 2087 2361 2360
3 3367 4995 3370
3 4589 6622 2676
3 3650 5232 3216
3 3532 5288 3756
3 5508 5528 2830
3 5064 5065 4918
3 568 5320 3237
3 296 2191 294
3 1597 3558 1346
3 4004 4005 3895
3 5005 5094 4645
3 1250 5041 1242
3 483 484 481
3 2479 3104 2477
3 4033 4804 3162
3 1903 1906 1905
3 2082 2811 2293
3 2118 6223 6129
3 2159 6169 4779
3 4807 4809 4808
3 2583 3274 3272
3 1380 4931 1280
3 1489 1678 1490
3 3162 4804 3164
3 5143 5629 5142
3 2534 2723 2533
3 589 2434 749
3 1388 4904 1335
3 357 367 366
3 203 204 202
3 3574 5430 5274
3 2335 2586 2585
3 1998 4839 2738
3 162 4725 159
3 1793 4801 2133
3 1782 4861 1785
3 862 4874 864
3 2138 5291 1726
3 4964 5201 3191
3 4950 5344 5280
3 25 5109 28
3 1071 5337 4576
3 1963 5685 1046
3 666 4930 750
3 2252 4901 1900
3 4540 4542 4541
3 1965 4783 1960
3 1346 5599 1347
3 1465 5521 1707
3 353 355 354
3 598 3178 586
3 1110 4982 1112
3 1695 4551 925
3 2186 5107 1907
3 1678 1679 1490
3 2003 5129 734
3 4941 5538 3238
3 1951 5092 1949
3 1949 5092 2530
3 4983 4984 3267
3 3506 5160 3508
3 2965 4917 4489
3 907 5662 1167
3 1351 5021 1396
3 2805 3088 2804
3 4867 4868 1829
3 4938 4939 3638
3 184 185 183
3 5825 5907 4894
3 3104 5821 4572
3 2008 5222 2428
3 440 5510 442
3 471 4879 469
3 978 4678 976
3 3199 5261 2143
3 3856 6422 6374
3 586 5320 571
3 3924 3925 3905
3 1795 4841 2001
3 3389 3392 3391
3 2262 2263 2164
3 1624 4918 2356
3 1791 4821 1501
3 1503 4821 2276
3 1299 1300 1210
3 1400 4425 1401
3 3168 3170 3169
3 2769 5400 3248
3 1432 1548 1433
3 1004 1006 1005
3 836 4806 2283
3 3821 4105 4104
3 2307 5210 1128
3 1414 1627 1415
3 1615 5421 1611
3 2442 2904 2787
3 3526 5256 3527
3 355 357 356
3 2719 5204 3012
3 3269 4546 3185
3 4157 6708 2500
3 2545 4938 3638
3 3634 5557 5517
3 4969 4970 3719
3 3133 3898 3132
3 1264 5532 1263
3 3295 5283 2648
3 2740 2743 2742
3 5442 5517 1937
3 3050 5105 4756
3 4832 4833 4831
3 4599 4601 4600
3 2522 5003 1558
3 5033 5258 3364
3 5091 5547 2065
3 1766 1768 1767
3 1659 4931 1380
3 5496 5672 4790
3 784 1891 788
3 1824 4747 1827
3 1585 5251 1565
3 4379 4996 4493
3 1085 5017 598
3 1161 1224 1160
3 1909 5178 2268
3 2641 4895 2336
3 952 1229 1228
3 2365 2893 2366
3 1780 1782 1781
3 2038 5486 2381
3 1778 1780 1779
3 1545 5491 1941
3 1107 1191 1096
3 2672 5178 3194
3 1793 2133 1795
3 888 914 889
3 3924 3926 3925
3 2504 2505 2265
3 3807 5224 3081
3 2838 4969 2877
3 1901 5480 5029
3 4361 4410 4362
3 5185 6278 3932
3 1201 1202 1154
3 1632 5251 2993
3 339 4406 336
3 3129 4681 3940
3 2056 5249 2401
3 3485 5383 4563
3 4612 5358 5202
3 864 4874 888
3 4270 4271 1710
3 1321 5170 1154
3 881 895 872
3 1776 1778 1777
3 3504 4203 3502
3 2418 4950 2990
3 638 733 649
3 3260 5445 934
3 2738 4953 2740
3 887 2574 620
3 592 2637 624
3 1460 1462 1461
3 1462 2208 1464
3 4918 4919 2356
3 4576 4733 4732
3 1051 5234 1053
3 4807 5437 4809
3 1903 5029 1906
3 1665 1666 1661
3 188 189 187
3 3192 4926 2948
3 5093 5301 2863
3 3532 3755 3531
3 888 889 866
3 5212 6135 2159
3 2364 4908 3347
3 238 243 239
3 2881 5535 3848
3 2949 4902 2373
3 1906 2174 1907
3 3692 5709 2635
3 3198 5042 2304
3 565 5323 589
3 853 872 758
3 2956 2957 2798
3 5151 5153 3055
3 3423 4749 3297
3 1814 1844 1817
3 1145 4898 2892
3 3300 5701 5674
3 3242 5327 964
3 1132 5281 1138
3 3077 3078 3076
3 438 440 439
3 3844 5291 2843
3 3107 3108 2731
3 469 2559 467
3 4737 5207 4815
3 977 978 976
3 971 1035 1034
3 1188 5000 4905
3 1580 4805 1943
3 1269 4731 2089
3 4595 4596 4594
3 2279 5806 5745
3 2110 6052 5531
3 1387 1432 1388
3 680 682 681
3 1393 1518 1392
3 1433 5003 1388
3 549 565 548
3 1209 1299 1210
3 3119 3134 3118
3 2197 2370 2196
3 4465 6219 3756
3 2550 3082 3081
3 727 2528 725
3 1284 1597 1346
3 1027 1145 1026
3 1667 5133 5018
3 587 4851 604
3 1931 4676 367
3 1430 1529 1528
3 3297 3459 3093
3 1533 5028 2083
3 1996 4839 1998
3 2639 3133 3132
3 1430 1528 1429
3 2074 2075 2005
3 2476 2477 2206
3 3301 5784 5761
3 3455 3800 3799
3 357 4382 1931
3 1141 5233 1124
3 5681 6702 4113
3 963 965 964
3 3393 3394 3391
3 459 953 457
3 2013 5048 1091
3 2647 5406 1255
3 2457 5362 2124
3 3274 5214 5101
3 65 66 64
3 1466 2365 2092
3 2335 3656 2586
3 1801 1910 1800
3 1199 4462 779
3 2640 3426 3015
3 679 731 677
3 4289 6277 2073
3 2883 4811 3715
3 5072 5073 2375
3 1198 1923 1184
3 1902 5042 2252
3 2482 3053 2484
3 1486 5572 1698
3 5276 5281 4285
3 2676 5031 1885
3 4888 5229 4890
3 985 2570 915
3 4633 4636 4635
3 3108 5038 2731
3 610 5412 5411
3 2865 5301 3532
3 1780 1874 1782
3 4717 4718 1141
3 2932 4993 2933
3 5654 5792 4971
3 1393 1519 1518
3 67 68 66
3 3057 3058 2774
3 2609 5230 3321
3 2971 2983 2982
3 3081 5224 3080
3 3843 3844 2843
3 4760 5776 3765
3 3239 4969 2838
3 2378 4759 4098
3 2538 4830 1719
3 2246 5223 174
3 1956 2413 2280
3 4796 4812 2816
3 1739 5146 2408
3 3413 5486 5112
3 4750 4752 4751
3 2686 3198 2304
3 556 1496 554
3 5020 5567 3253
3 1717 4530 4529
3 765 4609 1328
3 1842 1848 1843
3 442 2036 444
3 3894 4004 3895
3 3663 5447 5034
3 1334 1387 1335
3 4961 5388 1453
3 3873 5180 2889
3 2382 2383 1745
3 587 604 598
3 1756 2291 1681
3 2931 4958 3852
3 2514 5130 2128
3 2126 5362 2514
3 4249 6307 2097
3 3045 4730 4729
3 4169 6257 4170
3 2161 2162 1753
3 3166 4794 4791
3 2002 4910 559
3 433 1797 432
3 1002 1004 1003
3 2308 3120 2806
3 3907 4309 3627
3 3189 6029 5916
3 5922 6023 3783
3 2252 5106 4901
3 1888 4887 1950
3 1222 5193 4972
3 4228 4229 4227
3 1340 4998 1736
3 2851 3077 3076
3 2315 2317 2316
3 1565 5251 1632
3 291 610 289
3 5100 5235 4917
3 3769 3886 3770
3 2740 4953 2743
3 1519 1680 1641
3 1439 4826 1082
3 2449 5673 4607
3 974 1076 985
3 3089 5066 4940
3 3386 5116 3381
3 717 718 716
3 3174 3176 3175
3 1091 5048 1093
3 3175 3177 2580
3 4544 5116 3386
3 3240 4631 3239
3 4209 6356 6198
3 1900 4901 1897
3 1135 5193 1222
3 2019 5389 2573
3 2175 2186 1907
3 3078 4368 3076
3 932 934 933
3 2834 5263 2422
3 6291 6333 3439
3 4492 4543 3390
3 2965 4489 4488
3 1507 1508 1506
3 2287 4439 2224
3 4635 4980 4634
3 3132 4915 3117
3 891 901 900
3 490 1929 488
3 441 2166 439
3 754 919 745
3 4953 5565 4954
3 3516 3518 3517
3 2375 5249 2054
3 2336 2337 1910
3 3170 3172 3169
3 3791 3792 2886
3 1564 4699 1556
3 1568 1659 1380
3 1348 4961 1453
3 782 5026 4432
3 3248 5400 3817
3 4571 4572 1552
3 2441 5324 2974
3 2741 3409 3342
3 2728 5222 2182
3 1758 4957 1183
3 2563 2564 2562
3 339 4761 4406
3 510 511 508
3 4945 4946 3354
3 932 933 931
3 3835 3990 3833
3 1647 5060 2006
3 584 4962 578
3 1219 3705 899
3 4953 4954 2743
3 200 202 199
3 737 5716 739
3 1667 5450 5357
3 2213 2215 2211
3 4217 6165 5886
3 1393 5375 2575
3 3413 5112 4475
3 5441 5447 3663
3 1102 1104 1103
3 434 3073 436
3 1098 1100 1099
3 1414 5597 2353
3 1768 1769 1767
3 1195 1196 1014
3 3611 5107 4823
3 3117 4785 4784
3 2950 4926 4058
3 4599 4600 4597
3 2014 5238 5237
3 5436 5536 1691
3 270 4392 4391
3 6135 6169 2159
3 2478 2479 2477
3 1162 1438 1437
3 1419 1421 1420
3 1154 5170 1036
3 632 1654 634
3 2711 3353 2908
3 2021 5480 1899
3 3889 5002 5001
3 4671 6180 3996
3 573 587 586
3 3274 4219 3566
3 2815 4660 4659
3 1299 1372 1300
3 630 4692 632
3 5512 5572 1279
3 2657 5306 2292
3 756 4877 2035
3 1230 5366 1228
3 1053 1080 1055
3 1373 5186 1427
3 4788 5110 2163
3 2995 4937 4108
3 4495 5471 309
3 5279 5284 5060
3 570 571 568
3 3649 5284 5279
3 577 1993 656
3 5792 5820 4971
3 1175 4787 1332
3 2539 2881 2538
3 1100 1102 1101
3 2013 5377 5048
3 3875 4909 4908
3 1501 4821 1503
3 1162 1437 574
3 4949 5429 5287
3 1499 1791 1501
3 882 2404 867
3 3638 3639 3637
3 578 4962 577
3 2017 5252 1678
3 2174 2175 1907
3 4888 4889 2061
3 748 1019 869
3 2823 3661 3281
3 1079 1204 1203
3 1748 5302 1749
3 2933 3162 3161
3 1337 1467 1338
3 2858 4878 3335
3 2077 5189 3303
3 1729 3707 1442
3 1697 2956 2798
3 2356 5063 1626
3 1776 2159 1778
3 2390 2961 2735
3 1377 4297 4296
3 1462 4724 2208
3 5071 5072 2375
3 2544 2623 2622
3 1519 1641 1518
3 1203 2546 1078
3 1335 1424 1292
3 1690 2358 1790
3 3274 3566 3272
3 3055 5155 2517
3 3711 5200 3712
3 3450 3452 3451
3 2933 4993 4033
3 2967 4072 3766
3 1326 6330 6175
3 839 4461 845
3 3104 4743 2477
3 2049 4888 2061
3 264 4190 4189
3 4965 5229 2496
3 1660 2167 1665
3 2395 5292 2942
3 3057 3494 3058
3 4840 5712 1376
3 3683 5351 1748
3 527 548 526
3 4920 5063 2356
3 2995 4108 4107
3 2504 4937 2995
3 3333 5972 364
3 1664 5023 1593
3 2000 5277 1794
3 1467 1593 1338
3 1626 5063 1690
3 567 568 566
3 5541 5564 3660
3 2354 2542 1627
3 2799 4881 3225
3 1782 1784 1781
3 2249 4670 2250
3 1470 1471 1341
3 1112 1977 1114
3 567 5304 3116
3 2019 2572 2411
3 795 2178 793
3 1780 1781 1779
3 6391 6537 4090
3 4873 5268 3636
3 2950 4058 3220
3 1679 5252 2009
3 2663 3038 2662
3 1901 5029 1903
3 3516 3517 3515
3 715 716 713
3 4612 5407 5358
3 1778 1779 1777
3 1506 1741 1504
3 1178 5315 1249
3 2852 4936 3681
3 2562 2734 2414
3 1497 2547 1455
3 1624 2356 1626
3 1780 4779 1874
3 1419 4873 1969
3 1101 2029 1099
3 1356 4963 1250
3 2865 3532 3531
3 3454 4370 3204
3 271 5656 133
3 1856 1858 1857
3 269 5926 4342
3 4644 5211 4645
3 50 53 52
3 4342 5039 3328
3 5180 5193 1137
3 1087 4851 4602
3 3331 4943 3882
3 1093 4991 1095
3 3746 3748 3747
3 1095 1098 1097
3 3850 4832 4831
3 1905 5107 2194
3 1095 4991 1098
3 4963 5041 1250
3 1529 1587 1528
3 740 1337 958
3 4190 6065 4189
3 4666 4723 4716
3 4800 5222 3551
3 3637 5102 3636
3 3080 3614 3085
3 3129 3222 2641
3 1943 5032 1759
3 2219 2685 2217
3 2572 2986 2411
3 1076 1148 985
3 4273 4274 4272
3 2876 5670 3688
3 1220 1221 1196
3 544 5857 4206
3 3888 6597 4422
3 3227 4420 3086
3 516 526 515
3 3366 4995 3367
3 4480 6380 4481
3 1161 4990 1516
3 1337 1338 958
3 2773 2774 914
3 4316 4318 4317
3 1227 1273 1226
3 615 1469 606
3 1489 1490 1456
3 660 661 659
3 1902 2252 1900
3 4939 5505 3638
3 3335 3336 3334
3 4118 4745 4744
3 1803 2930 1805
3 1303 5294 1245
3 3743 3746 3745
3 2160 2928 1914
3 5575 5813 4228
3 5388 5500 5389
3 2396 2663 2662
3 2243 2756 2755
3 1220 4537 1302
3 1089 1090 1088
3 2295 4653 2102
3 3117 4784 2638
3 1344 4689 1273
3 4073 4074 4072
3 3006 4129 3704
3 1126 2307 1128
3 5692 5764 4847
3 2426 2427 2263
3 3188 5240 5183
3 1680 1713 1641
3 3748 3750 3749
3 1749 5302 1892
3 4399 4400 4397
3 3046 3094 2495
3 1093 1094 1092
3 1800 5478 4764
3 3640 5102 3637
3 1000 4650 1946
3 1632 2993 2992
3 2598 5309 4631
3 3187 5133 2322
3 2199 2658 2200
3 2365 3359 2893
3 3428 5804 3983
3 3358 3971 2808
3 1505 5434 1507
3 4696 5435 4731
3 348 5739 4549
3 3244 5651 5522
3 1233 1235 1234
3 2717 5014 1935
3 2582 5065 5064
3 4179 4357 4178
3 2335 4690 3656
3 3324 5192 2655
3 2971 2982 2894
3 2421 2718 2717
3 1782 1785 1784
3 4963 5508 5041
3 1128 1130 1129
3 1465 1707 1463
3 3450 3451 3449
3 148 2289 364
3 1830 4867 1829
3 2520 5151 2518
3 4890 5229 4965
3 3381 5116 3380
3 2686 5036 3236
3 1860 1861 1859
3 2096 4609 767
3 3088 3847 2804
3 2799 3225 3135
3 1132 1138 1134
3 1284 4306 1597
3 2199 5110 3149
3 5241 5376 5334
3 446 628 448
3 1339 4666 1118
3 663 1290 661
3 2183 2655 2654
3 239 4701 241
3 3519 4141 3517
3 3518 3520 3519
3 4277 4278 4276
3 1680 1987 1713
3 5181 5401 3653
3 1139 5269 3197
3 3262 5047 4577
3 2654 2728 2182
3 4784 4786 2918
3 2162 2262 2164
3 1145 2892 1026
3 6348 6403 1018
3 5398 5710 1985
3 2582 5064 1298
3 4781 4782 4449
3 2782 4783 1965
3 1221 2446 1196
3 1131 5340 2027
3 2670 5025 2062
3 2790 4532 2660
3 2282 4854 2968
3 2014 5405 5238
3 2753 3413 3412
3 3614 3923 3085
3 2741 3342 2739
3 116 885 114
3 3331 3882 3332
3 3214 4455 2732
3 3591 3593 3592
3 1709 5201 1630
3 5112 5486 2039
3 4163 4164 3529
3 2128 5130 2149
3 901 959 900
3 1664 5637 5607
3 736 5205 748
3 4588 4590 596
3 2696 2697 2695
3 1091 1093 1092
3 1093 1095 1094
3 2889 5180 1241
3 503 507 502
3 965 971 970
3 1095 1096 1094
3 5093 5195 3619
3 2562 4994 2734
3 2761 4912 2759
3 939 1161 1160
3 1095 1097 1096
3 1104 1106 1105
3 1097 1107 1096
3 3012 3781 3013
3 1516 1676 1482
3 2839 3259 3240
3 2950 2977 2949
3 1339 5429 4949
3 1338 5019 958
3 1008 1012 1007
3 2398 5146 1739
3 748 5205 1019
3 1222 5340 1133
3 2441 2974 2297
3 3006 3704 3327
3 1732 4740 413
3 2950 3220 2977
3 1862 1863 1861
3 1242 1319 1241
3 1860 2458 1862
3 2408 5146 2952
3 1593 5023 1683
3 1679 2007 1490
3 1225 2558 1430
3 1680 5189 2077
3 1907 5107 1905
3 4890 4891 4889
3 2613 2688 1987
3 4416 4555 4415
3 5213 5371 5316
3 2754 3801 3068
3 3090 3091 2606
3 1037 1039 1038
3 198 199 197
3 2785 5214 2355
3 604 4851 1087
3 3628 5118 3629
3 2042 4989 2044
3 2380 5272 3306
3 1467 1664 1593
3 2742 5172 2741
3 178 179 177
3 1456 1497 1455
3 1489 2015 1678
3 5081 5217 5079
3 1373 1427 1426
3 4766 4767 3094
3 5008 5319 4061
3 5015 5106 2252
3 2334 5372 2747
3 846 5339 823
3 2605 2606 2160
3 2430 2852 2429
3 481 4934 479
3 734 5129 649
3 3170 3526 3173
3 1420 1663 1418
3 3357 3358 2808
3 4303 4453 4195
3 1558 5003 1433
3 1679 2008 2007
3 507 1983 502
3 4672 5426 2325
3 1571 5133 1667
3 561 578 577
3 1656 5060 1647
3 565 589 569
3 1164 4737 1166
3 5210 5281 1130
3 509 2099 523
3 1146 1181 1180
3 1181 1213 1212
3 1138 5203 1134
3 3276 4829 3255
3 1213 1237 1236
3 3003 4256 4043
3 1036 4818 1034
3 1027 1146 1145
3 3274 5101 4219
3 1281 1376 1348
3 4694 4995 3366
3 1321 5441 5171
3 1950 4887 2556
3 3894 3895 3453
3 933 5479 2578
3 1790 1885 1789
3 3589 3590 3588
3 3413 4475 3414
3 3865 3868 2908
3 1032 1068 1067
3 1102 1103 1101
3 1768 1770 1769
3 1100 5241 1385
3 2703 3632 3631
3 2194 3611 2666
3 2523 2955 2954
3 1789 2450 1689
3 1130 1132 1131
3 3654 5263 2834
3 4181 4184 4182
3 999 1002 1001
3 1639 1738 1638
3 857 858 856
3 1408 5028 1533
3 556 5068 1496
3 2637 3871 624
3 1134 1136 1135
3 1132 1134 1133
3 3514 3943 3513
3 5102 5103 1969
3 1173 6118 4404
3 5018 5133 3187
3 1885 5031 1789
3 1237 1239 1236
3 1213 1236 1212
3 495 502 494
3 1181 1212 1180
3 1146 1180 1145
3 2428 3619 2007
3 1249 1250 1242
3 1459 1696 1436
3 5154 5155 3055
3 1680 2077 1987
3 3589 3591 3590
3 1736 1800 1470
3 963 964 884
3 3873 5193 5180
3 1527 5021 1351
3 1842 1956 1848
3 2008 2428 2007
3 2572 5131 2986
3 1695 4552 4551
3 4595 4599 4597
3 2101 5032 2492
3 4563 5664 4553
3 3675 3730 2797
3 1104 1105 1103
3 884 5327 757
3 1066 4574 1557
3 1528 2034 1429
3 2115 2869 1990
3 4597 4598 4596
3 1761 1762 1656
3 5118 5203 1138
3 2523 2809 2522
3 1080 1081 1055
3 1080 3304 1182
3 1399 2073 1397
3 684 5299 1084
3 2347 2355 2346
3 3434 3658 2524
3 4534 4628 1210
3 1988 2667 1939
3 3675 4167 3730
3 1630 5201 2357
3 2082 4486 2811
3 3748 3749 3747
3 1571 1667 1530
3 1906 2552 2174
3 757 2003 734
3 2137 2682 2681
3 2811 4710 2293
3 2723 2914 2533
3 742 2172 651
3 3236 5036 4144
3 1235 4903 1324
3 1779 2244 1777
3 2534 2724 2723
3 1602 1603 1601
3 391 4673 389
3 881 897 895
3 2868 4983 1754
3 1367 1758 1183
3 1812 1813 1811
3 2655 5192 2654
3 1870 2074 2005
3 3746 3747 3745
3 1503 1505 1504
3 1497 2548 2547
3 1973 5117 2529
3 4375 5265 2919
3 1036 5170 4818
3 2396 2662 2397
3 2135 2160 1914
3 1916 2347 2346
3 3755 4253 3531
3 3898 3899 3132
3 3008 4113 3016
3 180 1747 182
3 1456 5195 1497
3 3722 4687 2916
3 1708 5117 1973
3 4868 4869 1829
3 1886 1887 1885
3 713 5962 711
3 635 1325 633
3 3926 3927 3925
3 1287 4736 1005
3 3514 3944 3943
3 4970 4971 3719
3 740 958 648
3 911 1360 1353
3 3003 4043 3294
3 2019 2411 2017
3 4843 5397 3396
3 4965 4966 4892
3 2361 2696 2695
3 3273 4964 3191
3 5051 5052 3557
3 2392 2393 2121
3 2977 3431 2949
3 2967 4073 4072
3 207 5050 209
3 604 1087 1086
3 2243 2917 2756
3 1355 1356 1250
3 176 5223 270
3 4001 4002 3550
3 5006 5565 4839
3 1104 4771 1106
3 2843 5291 2138
3 1711 2828 2390
3 1770 1772 1771
3 2948 2949 2373
3 1622 1624 1623
3 754 5196 919
3 2516 2517 2515
3 965 970 964
3 1034 1147 1033
3 2765 5254 2913
3 3620 3892 3361
3 1838 1841 1837
3 1752 5110 2199
3 1503 1504 1502
3 1542 5190 4803
3 887 2778 2574
3 1319 3320 2889
3 1622 1623 1536
3 1521 1639 1638
3 2579 2981 2849
3 3524 5218 3516
3 3716 4056 4055
3 2285 5134 3106
3 1844 4735 1817
3 469 4879 2559
3 1225 1429 1085
3 2559 4769 467
3 558 5070 5068
3 3506 3508 3507
3 1924 1925 1923
3 2948 2950 2949
3 1509 1510 1508
3 2504 2995 2505
3 1126 1128 1127
3 3238 5679 4574
3 2355 5214 2346
3 3012 3823 3781
3 728 906 730
3 3338 5973 4924
3 2427 2451 2263
3 2925 5430 2674
3 4745 5655 5554
3 869 909 908
3 2015 2017 1678
3 575 4906 563
3 2427 5100 4917
3 1785 2290 1980
3 790 4548 848
3 1490 5195 1456
3 1854 3066 1856
3 3865 4233 3868
3 1996 5006 4839
3 3393 3395 3394
3 646 5144 619
3 1529 1589 1588
3 4717 4719 4718
3 1319 2889 1241
3 531 585 533
3 1785 1980 1786
3 4586 4587 4584
3 2285 3106 2731
3 4636 5008 4635
3 1136 1142 1137
3 1178 1241 1143
3 1393 2575 1519
3 2711 2908 2397
3 1549 1668 1559
3 3904 3905 3903
3 3286 5491 1997
3 4583 4588 596
3 2262 2426 2263
3 2750 5098 2205
3 234 4341 163
3 882 2498 2404
3 1117 1144 1115
3 1631 2147 1403
3 1128 5210 1130
3 2916 3469 2626
3 3556 5051 3557
3 3120 3185 2806
3 4793 5256 3526
3 833 835 834
3 5085 5091 5083
3 3175 3842 3177
3 2318 2642 2316
3 5084 5085 5083
3 3413 3414 3412
3 2952 3993 2953
3 6167 6210 3785
3 3320 4165 3872
3 2426 5100 2427
3 2617 2618 388
3 2298 2441 2297
3 1677 4988 2453
3 1849 1851 1850
3 2563 2565 2564
3 3902 3904 3903
3 1956 2280 1848
3 2059 5025 2628
3 2286 2708 2707
3 1554 4835 2161
3 4392 4396 4391
3 760 761 759
3 2805 3470 3088
3 561 577 560
3 4946 4947 3354
3 3705 4894 899
3 604 1086 1085
3 1889 2210 2209
3 2062 5025 2059
3 3006 3327 3005
3 2729 4022 4021
3 3840 4032 3472
3 1747 4519 182
3 4475 5112 5097
3 647 1802 642
3 270 4393 4392
3 2711 3354 3353
3 1620 1673 1621
3 3840 4145 4032
3 3353 3865 2908
3 2471 2580 2579
3 1790 1886 1885
3 509 523 510
3 1993 1994 656
3 1402 1631 1403
3 2430 2853 2852
3 2125 2701 2123
3 2450 4817 1689
3 971 1033 970
3 2793 5047 3262
3 2411 4992 2017
3 1350 1918 1527
3 4508 4510 4509
3 4335 4560 4559
3 1443 4778 1323
3 1166 1336 1175
3 4888 4890 4889
3 1668 1748 1669
3 1523 4963 1356
3 1729 3867 3707
3 1204 1261 1203
3 2858 3334 3213
3 1690 5063 2358
3 2638 4784 2918
3 507 2497 1983
3 3172 5355 3169
3 1921 5126 2253
3 19 22 21
3 4167 4412 4404
3 3162 3163 3161
3 3628 5203 5118
3 2510 4468 4467
3 589 5323 2434
3 3661 3662 3281
3 3743 3745 3744
3 5152 5153 5151
3 2069 5061 4713
3 2828 4862 2390
3 1776 5212 2159
3 1593 1670 1338
3 3572 5003 2522
3 977 979 978
3 117 1955 119
3 2049 2061 2047
3 3204 5535 2882
3 1434 5395 1364
3 2734 4300 2414
3 1093 5048 4991
3 2832 3649 3216
3 1178 1249 1242
3 1768 2439 1770
3 2143 5261 1700
3 1161 1516 1482
3 3222 4895 2641
3 3091 3092 2606
3 2623 2757 2622
3 2208 4813 1464
3 3583 3584 3582
3 3129 3940 3222
3 1179 2835 1177
3 3320 3872 2889
3 2182 5222 2008
3 5658 5718 2577
3 3113 3140 3139
3 2930 4527 1805
3 3335 3337 3336
3 3476 4185 3043
3 626 641 622
3 2773 3056 2774
3 1106 1108 1105
3 2354 2543 2542
3 1245 5294 2554
3 3632 3634 3633
3 3532 3756 3755
3 5274 5430 3991
3 2993 4094 2992
3 2544 4680 2874
3 1025 6611 4126
3 2893 2970 2894
3 1977 5429 1114
3 2519 3114 2535
3 2469 2770 2472
3 3225 4611 3135
3 4073 4075 4074
3 2658 2659 2200
3 1715 5501 2156
3 2322 5133 1573
3 2337 2338 1910
3 1841 2084 1837
3 1235 1323 1234
3 2199 3149 2658
3 2952 2953 2795
3 1350 4746 1918
3 2289 2590 364
3 1299 2646 1372
3 2020 5128 1646
3 1035 1153 1036
3 1617 5108 1620
3 3520 3521 3519
3 2548 5093 2863
3 3909 3910 3740
3 2631 4855 4854
3 2654 2940 2728
3 2317 2318 2316
3 3518 3897 3520
3 2091 5577 5419
3 2696 3782 2697
3 1109 1139 1108
3 933 2578 931
3 3628 5250 5203
3 1505 1507 1506
3 936 937 935
3 1713 1730 1641
3 1087 1088 1086
3 3331 3332 2647
3 1639 1739 1738
3 3980 3981 3883
3 211 212 210
3 3254 3685 3232
3 1862 1864 1863
3 3619 5195 2007
3 3088 3948 3847
3 1319 3635 3320
3 987 1032 1031
3 2839 4959 3259
3 3231 5450 5197
3 3457 4037 3456
3 2586 3029 2585
3 4890 4892 4891
3 1522 1523 1356
3 1832 1833 1830
3 568 3237 566
3 1337 2025 1467
3 1136 5250 1142
3 2099 2825 523
3 3438 3785 2912
3 2399 6101 2841
3 3332 5406 2647
3 3345 4238 4237
3 3216 4949 3215
3 2290 2687 2468
3 2478 3003 2479
3 1181 4325 1213
3 2754 5693 3802
3 3452 3453 3451
3 1519 5189 1680
3 4393 4395 4394
3 2539 2882 2881
3 3414 4100 4099
3 3611 3612 2666
3 2290 2468 1980
3 509 510 508
3 1143 5180 1137
3 1153 1201 1154
3 3639 3640 3637
3 3498 4424 4174
3 2453 3156 3154
3 1130 1131 1129
3 594 5591 3398
3 50 52 48
3 2115 3054 2869
3 3229 3230 2853
3 1142 1179 1177
3 1521 5049 1639
3 4167 4404 3730
3 3389 3390 3387
3 3824 5124 2023
3 2523 2954 2809
3 3730 5109 2797
3 2552 2553 2174
3 1736 1801 1800
3 2990 3315 3121
3 2077 2613 1987
3 4574 4575 1557
3 4486 5121 2811
3 3927 3930 3925
3 2914 4810 2533
3 2724 2725 2723
3 3526 3527 3173
3 2809 3572 2522
3 2188 5958 64
3 1762 5060 1656
3 969 1063 1062
3 1367 2507 1758
3 1497 5093 2548
3 2564 4994 2562
3 3899 4915 3132
3 1785 4861 2290
3 1849 1852 1851
3 4134 4135 3946
3 3220 3780 2977
3 1761 1763 1762
3 4552 4553 4551
3 1241 5180 1143
3 274 1933 276
3 2278 2425 2300
3 4297 4298 4296
3 2583 5214 3274
3 4868 4871 4869
3 2018 5365 1541
3 3514 3945 3944
3 3361 4014 3360
3 1639 5049 2398
3 3926 3928 3927
3 1494 5001 2400
3 5302 5351 3193
3 2595 2932 2596
3 1887 2676 1885
3 4534 4757 4628
3 2631 4854 2282
3 1866 2108 1868
3 1760 1761 1656
3 3431 4902 2949
3 3328 5039 2903
3 1495 2430 2429
3 944 948 946
3 3018 4168 3672
3 1631 2325 2324
3 2778 2779 2574
3 3508 3509 3507
3 1533 2083 1705
3 4719 4722 4718
3 3909 4003 3910
3 2517 3773 2515
3 2838 2877 2745
3 512 2340 516
3 887 2987 2778
3 2133 4841 1795
3 1522 1524 1523
3 3080 5224 3614
3 4974 5340 1222
3 3080 3085 2549
3 3393 3396 3395
3 2995 3087 2505
3 4717 4720 4719
3 1761 5183 1764
3 867 5196 754
3 2304 5042 1904
3 3597 5119 3602
3 2499 2844 2843
3 3165 3264 3252
3 1518 5270 1392
3 1521 5227 5049
3 2556 4989 2042
3 1646 5128 1437
3 2498 2972 2404
3 2092 2130 1560
3 2023 5124 1576
3 1334 1451 1387
3 3842 4020 3177
3 3402 5115 4050
3 1739 2406 1738
3 4393 4394 4392
3 4946 4948 4947
3 3120 3269 3185
3 2911 3410 3319
3 1204 1262 1261
3 1178 1242 1241
3 2819 2820 2393
3 2205 5098 2475
3 2850 3483 2851
3 5084 5086 5085
3 2563 2566 2565
3 2713 3884 2714
3 897 918 917
3 2427 2452 2451
3 3501 5135 2921
3 2210 2211 2209
3 1673 1674 1621
3 2805 3713 3470
3 1376 4961 1348
3 1086 1225 1085
3 3162 3164 3163
3 1132 1133 1131
3 4256 4308 4043
3 1994 2557 656
3 1484 5358 1224
3 3389 3391 3390
3 2783 3486 2782
3 1432 2090 1548
3 1136 1137 1135
3 3353 4011 3865
3 1670 5019 1338
3 1717 4529 3
3 3443 3487 3442
3 1134 1135 1133
3 5086 5088 5085
3 2828 4863 4862
3 689 5309 685
3 4468 4469 4467
3 5096 5270 1518
3 4393 4896 4395
3 3501 5136 5135
3 1179 2836 2835
3 3087 3118 2505
3 2518 5151 3055
3 3587 3589 3588
3 1234 5220 1231
3 1738 5122 1638
3 3662 4092 3281
3 3739 3909 3740
3 3634 4115 3633
3 2504 5379 4937
3 1593 1683 1670
3 3482 3575 3330
3 507 4753 2497
3 2415 2563 2562
3 2623 2758 2757
3 3337 3491 3336
3 909 5402 908
3 2993 4450 4094
3 3460 4000 3038
3 2646 2705 1372
3 3082 3083 3081
3 2507 3701 1758
3 1106 1109 1108
3 4094 4095 2992
3 1235 1324 1323
3 1013 1253 1012
3 2970 2971 2894
3 2234 5159 2437
3 3904 3924 3905
3 2773 3534 3056
3 816 817 815
3 3123 4500 3616
3 2787 3224 2786
3 2590 3333 364
3 2289 2973 2590
3 2948 4926 2950
3 3056 3057 2774
3 2995 4107 3087
3 1888 1949 1948
3 4075 4224 4074
3 2873 5151 2520
3 3520 3522 3521
3 1903 1904 1902
3 2317 2319 2318
3 971 1034 1033
3 3750 3751 3749
3 1864 1865 1863
3 2380 2561 2467
3 875 5748 882
3 3457 4038 4037
3 3701 3702 1758
3 3149 3150 2658
3 2940 3549 2728
3 2770 2878 2472
3 4169 4170 3672
3 1713 2241 1730
3 2518 3055 2517
3 2055 5113 2496
3 3113 3139 3112
3 1945 2522 1558
3 2586 3031 3029
3 4478 5907 5825
3 1768 4923 2439
3 2707 5187 2706
3 3126 3127 3124
3 1117 5317 1144
3 3542 4127 3543
3 2539 2883 2882
3 3300 3301 3258
3 1153 1985 1201
3 2077 2614 2613
3 4524 4525 4522
3 270 5223 4393
3 3029 3030 2585
3 3109 5043 3445
3 2736 3784 3286
3 1833 4867 1830
3 3054 3406 2869
3 3411 5142 2752
3 1820 4538 1816
3 3003 3294 2479
3 1192 1227 1226
3 2347 2551 2355
3 1770 1771 1769
3 4959 4960 3259
3 3481 3482 3330
3 2646 3095 2705
3 1113 2031 1111
3 2954 3559 2809
3 1734 2080 1733
3 1840 5737 4691
3 1497 5195 5093
3 638 648 637
3 2932 2933 2596
3 2921 5135 2890
3 2978 3159 2527
3 2099 2826 2825
3 1054 1056 1052
3 3928 3929 3927
3 2552 2675 2553
3 1349 5034 1282
3 1503 2276 1505
3 2802 3544 2280
3 1705 2137 1706
3 3602 4570 3599
3 2727 5145 2901
3 4553 4836 4551
3 2779 3209 2574
3 3305 4013 3095
3 2877 2902 2745
3 1961 4471 2114
3 5138 5139 904
3 4479 4480 4048
3 2646 3305 3095
3 3443 3488 3487
3 5086 5089 5088
3 2543 2545 2542
3 604 1085 598
3 3453 5390 3783
3 2757 3089 2622
3 4135 4369 3946
3 2709 2710 1876
3 3396 3397 3395
3 2686 3235 3198
3 3644 3689 3642
3 3872 3873 2889
3 2595 3071 2932
3 3597 3602 3599
3 658 660 659
3 4524 4526 4525
3 3329 3330 3134
3 2844 3843 2843
3 3704 3858 3327
3 3164 3165 3163
3 2526 2527 2525
3 2730 3146 2732
3 1673 1792 1674
3 2778 3317 2779
3 3508 3510 3509
3 2758 2760 2759
3 1789 5031 2450
3 2828 4864 4863
3 3634 4116 4115
3 1868 1869 1867
3 1866 1868 1867
3 2498 3105 2972
3 2726 5145 2727
3 4031 4442 4441
3 2566 2567 2565
3 3393 4843 3396
3 2093 2094 1700
3 1844 5897 5894
3 4849 5866 4848
3 2820 2821 2393
3 3585 3587 3586
3 3337 3492 3491
3 948 4499 946
3 2083 4838 1705
3 2452 2963 2451
3 3110 3484 3111
3 2797 5109 26
3 4038 4039 4037
3 3639 3641 3640
3 2319 2320 2318
3 3319 3830 3438
3 3522 3523 3521
3 2877 3718 2902
3 2727 2901 2900
3 3068 3859 3069
3 1903 1905 1904
3 2883 2884 2882
3 2099 3742 2826
3 3922 5147 3207
3 2289 3283 2973
3 3120 4478 3269
3 2210 2212 2211
3 3546 4372 3145
3 3358 3972 3971
3 2726 2727 2588
3 3766 5145 2726
3 3491 3857 3336
3 4013 4304 3095
3 1985 4840 1201
3 3126 3465 3127
3 3144 5148 4188
3 1179 2837 2836
3 2551 2698 2355
3 2825 3261 523
3 1324 1441 1323
3 2587 2726 2588
3 2241 2344 1730
3 5075 5078 5077
3 2590 3932 3333
3 1586 3970 3694
3 2954 3560 3559
3 2940 3550 3549
3 3581 3583 3582
3 2561 3005 2467
3 2675 2923 2553
3 3585 3586 3584
3 2710 2934 1876
3 3597 3599 3598
3 4116 4117 4115
3 3679 4516 3711
3 4753 4754 2497
3 5089 5090 5088
3 1253 2376 1012
3 2844 3854 3843
3 1592 5028 1408
3 2691 2693 2370
3 4923 4924 2439
3 2727 2900 2899
3 2077 3303 2614
3 2877 3719 3718
3 3207 5147 3206
3 3527 3553 3552
3 3397 3535 3395
3 3488 4187 3490
3 2587 2588 2489
3 5082 5084 5083
3 3484 3567 3111
3 3142 5148 3144
3 3420 3678 3441
3 2967 3766 2726
3 3662 4093 4092
3 3083 3807 3081
3 1785 1786 1784
3 2765 2913 2767
3 1521 1638 1520
3 2141 5150 2303
3 3555 4158 3553
3 2975 2996 2836
3 5082 5087 5084
3 2878 2879 2472
3 5080 5082 5081
3 2408 2794 2406
3 2114 2480 2331
3 2698 2785 2355
3 2216 2237 2218
3 2923 3234 2553
3 2710 2935 2934
3 1904 5042 1902
3 3465 4547 3127
3 1764 1766 1765
3 3484 4240 3567
3 5078 5080 5079
3 2141 2302 1965
3 1355 1520 1356
3 2344 2812 1730
3 1964 1965 1960
3 3312 4205 4204
3 1868 1870 1869
3 1918 1919 1527
3 4118 4119 4117
3 3523 4249 3521
3 1964 2141 1965
3 2141 2303 2302
3 1764 2359 1766
3 3599 3601 3598
3 1355 1521 1520
3 3406 3407 2869
3 2567 2568 2565
3 3001 5141 3295
3 4038 4040 4039
3 3056 3059 3057
3 3641 3642 3640
3 2975 3399 2996
3 4116 4118 4117
3 1655 1760 1656
3 1875 1964 1960
3 3031 3866 3029
3 3420 3441 3440
3 3488 3490 3489
3 3025 3987 2935
3 2770 3343 2878
3 2250 2436 2251
3 3021 5157 3298
3 1949 2530 1948
3 1668 3683 1748
3 1764 1765 1763
3 2779 3318 3209
3 3549 3551 2728
3 2837 2975 2836
3 3587 3588 3586
3 2042 2044 2043
3 2686 3236 3235
3 3206 5147 3623
3 3688 3988 3986
3 3071 3887 2932
3 4118 4744 4119
3 2708 3207 3206
3 3223 3813 3207
3 2940 3975 3550
3 3718 3776 2902
3 3024 3025 2935
3 1324 1442 1441
3 3554 3555 3553
3 1100 1385 1102
3 3492 3831 3491
3 3488 3489 3487
3 2052 2375 2054
3 1879 2650 1877
3 3813 3922 3207
3 3742 3743 2826
3 3420 3440 3419
3 2884 3204 2882
3 1792 1793 1674
3 2380 3306 2561
3 1739 2408 2406
3 5082 5083 5081
3 2436 2454 2251
3 2249 2250 1847
3 3567 4197 3779
3 3149 3151 3150
3 3525 4944 4943
3 2250 2251 1847
3 3397 3536 3535
3 3065 4401 3035
3 2164 2456 2163
3 5078 5079 5077
3 1766 1767 1765
3 4215 4216 4040
3 2704 5150 2141
3 3480 3501 2921
3 1930 2285 2284
3 3540 3541 3538
3 2407 5122 1738
3 1438 1655 1647
3 1875 1960 1537
3 3478 3479 3266
3 2045 2048 2047
3 3021 3298 2821
3 2344 2813 2812
3 2607 4564 2998
3 2319 2321 2320
3 2831 2833 2422
3 3511 3515 3509
3 2321 2414 2320
3 1833 5033 4867
3 3283 3919 2973
3 1846 1847 1822
3 1520 1522 1356
3 3545 3546 3145
3 3144 3145 3143
3 3144 3545 3145
3 5080 5081 5079
3 1792 4801 1793
3 3652 3654 2834
3 3709 3710 3546
3 4019 4212 4018
3 3545 3709 3546
3 3040 3883 3312
3 2607 2998 2608
3 3510 3511 3509
3 2342 3692 2635
3 3196 3666 3665
3 2587 2967 2726
3 2890 5135 3348
3 3142 3144 3143
3 2620 3427 3310
3 3263 5018 3187
3 2727 2899 2588
3 2114 4471 2480
3 1724 2023 1576
3 3027 3322 2906
3 2545 3636 2542
3 2978 3160 3159
3 1905 2194 1904
3 3492 3832 3831
3 3310 3609 3429
3 2944 3009 2568
3 2708 3223 3207
3 3877 4018 4017
3 3643 3644 3642
3 2900 3377 2899
3 3739 3740 3523
3 2904 2910 2787
3 4130 4131 3245
3 2710 3024 2935
3 3064 3065 3035
3 3834 3836 3835
3 3803 4217 3373
3 3312 4204 3039
3 2898 3035 2929
3 3832 3834 3833
3 3283 3920 3919
3 3975 4001 3550
3 2342 2635 2341
3 3206 3623 3562
3 3836 3954 3835
3 3522 3739 3523
3 2896 5100 2426
3 2922 3480 2921
3 1655 1656 1647
3 3896 5148 3142
3 3012 5204 3823
3 3834 3835 3833
3 3928 3931 3929
3 1878 1879 1877
3 3581 3582 3580
3 2577 5056 2248
3 3832 3833 3831
3 3762 4263 3777
3 1858 1859 1857
3 1734 2081 2080
3 3024 4109 3025
3 3758 3764 3760
3 3525 4943 3331
3 3068 4640 3859
3 4041 4215 4040
3 2024 3042 3041
3 3567 3779 3111
3 2044 2045 2043
3 1761 1764 1763
3 3527 3554 3553
3 2551 2699 2698
3 2867 4844 2540
3 1846 2249 1847
3 3371 3372 3369
3 1444 1996 1545
3 3329 3481 3330
3 2986 4130 3245
3 2381 2752 2433
3 3098 3548 2879
3 2567 2944 2568
3 2708 3206 2707
3 1822 1845 1820
3 3629 4264 3004
3 3877 4019 4018
3 2999 3504 3502
3 3716 4055 3726
3 2770 3608 3343
3 4075 4225 4224
3 2783 3497 3486
3 3142 3143 3141
3 3217 3418 3417
3 3497 4305 3486
3 1964 2704 2141
3 2687 3027 2906
3 3313 3890 2712
3 3511 3516 3515
3 3371 3373 3372
3 3023 5157 3021
3 2958 3474 2791
3 3492 3837 3832
3 3579 3580 3578
3 4197 4198 3779
3 3144 4188 3545
3 3537 3538 3536
3 2922 3505 3480
3 3441 3442 3440
3 2753 3411 2752
3 3097 4558 3285
3 4131 4582 3245
3 2944 4009 3009
3 1918 1930 1919
3 2756 3060 2755
3 3490 4102 3489
3 2963 3179 2451
3 3564 3617 3565
3 3902 3903 3901
3 2488 2587 2489
3 2241 2751 2344
3 4038 4041 4040
3 3539 3540 3538
3 2566 2962 2567
3 4050 4051 3403
3 2540 4844 2212
3 3631 3933 2896
3 3298 4987 4986
3 2720 5158 3966
3 3064 3774 3065
3 2898 3064 3035
3 3542 3543 3540
3 2998 2999 2608
3 3310 3429 3309
3 3235 3797 3198
3 2173 4497 2080
3 2756 3437 3060
3 2620 3310 3309
3 2452 2965 2964
3 3919 3921 2973
3 3146 3214 2732
3 3904 4065 3924
3 3933 3935 3934
3 2345 5201 1709
3 3508 3512 3510
3 4480 4481 4048
3 1878 1880 1879
3 2965 4488 2966
3 3437 4531 4171
3 1821 1846 1822
3 3206 3562 2707
3 2792 2959 2958
3 1776 1777 1775
3 3236 4024 3235
3 3397 3537 3536
3 2114 2331 2330
3 4896 4897 4395
3 2833 2834 2422
3 3146 4279 3214
3 2824 3691 3217
3 3374 3803 3373
3 2051 5229 4888
3 2552 3660 2675
3 3348 3424 2891
3 2856 2858 2857
3 2986 3245 3244
3 3303 5167 2614
3 3659 4090 2790
3 2789 2790 2660
3 2837 3004 2975
3 3140 3896 3142
3 2054 2055 2053
3 1845 4538 1820
3 2210 2214 2212
3 2832 3216 3215
3 2561 3006 3005
3 2456 4788 2163
3 3762 3777 3763
3 1757 1878 1877
3 2890 3348 2891
3 3040 3980 3883
3 3760 3762 3761
3 2675 3499 2923
3 3758 3760 3759
3 3262 3263 3187
3 3629 4265 4264
3 3157 4069 3974
3 2452 2964 2963
3 3860 4044 3069
3 2045 2047 2046
3 1930 2284 2120
3 2530 2888 2887
3 3537 3539 3538
3 3859 3860 3069
3 2942 3157 2943
3 3040 3312 3039
3 2858 3213 2857
3 2319 3002 2321
3 3549 4029 3551
3 2878 2880 2879
3 2381 2753 2752
3 1150 1992 1069
3 2880 3098 2879
3 3985 4550 3148
3 3539 3542 3540
3 2719 3012 2203
3 3071 3888 3887
3 1871 2856 2855
3 2753 3412 3411
3 3797 5015 3198
3 1995 2460 1994
3 3157 3974 2943
3 2999 3502 3268
3 2810 2867 2540
3 3020 3021 2821
3 3371 3374 3373
3 2856 2857 2855
3 3877 4017 2859
3 4225 4230 4224
3 2081 2173 2080
3 2337 2660 2338
3 2820 3020 2821
3 2792 2960 2959
3 3437 4171 3060
3 2437 2922 2921
3 2832 3215 2831
3 4160 4161 4159
3 2898 2929 2847
3 2789 3659 2790
3 3716 3726 2885
3 4465 4800 3551
3 3099 3100 3098
3 2399 2840 1908
3 2944 4010 4009
3 2720 3966 3357
3 3872 3984 3873
3 3374 3804 3803
3 3743 3744 2826
3 4047 4049 3150
3 3651 3652 2834
3 3213 3447 3307
3 3213 3307 2857
3 2337 2789 2660
3 2942 2943 2394
3 3511 3524 3516
3 3370 3371 3369
3 2202 2719 2203
3 1757 1877 1756
3 2922 3506 3505
3 2999 3268 2608
3 3131 3798 2376
3 2656 3313 2712
3 3762 3763 3761
3 3022 3023 3021
3 2052 2054 2053
3 4640 4641 3859
3 3933 3934 2896
3 1767 2323 1765
3 2952 5146 3994
3 2857 5161 2855
3 3760 3761 3759
3 3024 4110 4109
3 2792 2958 2791
3 2381 2433 2040
3 2965 2966 2964
3 2202 5158 2720
3 3466 3839 3179
3 1253 3131 2376
3 3358 3973 3972
3 3160 3626 3159
3 2164 5111 2456
3 3502 3503 3268
3 2202 2720 2719
3 2045 2046 2043
3 3571 5141 3001
3 2583 3191 2345
3 2793 3187 2322
3 5124 5125 1514
3 3262 3467 3263
3 3776 4816 2902
3 3682 3838 2796
3 2214 2540 2212
3 1291 1334 1292
3 2437 5159 2922
3 2712 3324 2655
3 2922 5159 3506
3 2131 2132 1788
3 2551 3026 2699
3 3307 5161 2857
3 3151 4047 3150
3 2202 2203 2091
3 1930 2120 1919
3 2798 4802 3675
3 2241 3211 2751
3 2880 3099 3098
3 2801 3570 3569
3 4029 4465 3551
3 1764 5183 2359
3 2028 2577 2248
3 1884 4147 3385
3 3562 5187 2707
3 3374 3856 3804
3 2880 3812 3099
3 2793 3262 3187
3 3097 3285 3284
3 2214 2541 2540
3 2395 2942 2394
3 2720 2808 2719
3 3666 4603 3665
3 3984 4972 3873
3 3244 4992 2411
3 2541 2946 2810
3 2541 2810 2540
3 2055 2496 2053
3 2946 3218 2810
3 4171 4250 3060
3 3292 3478 3266
3 2769 3247 3246
3 1483 2281 1485
3 2709 5162 2710
3 2963 3466 3179
3 3570 4321 3569
3 1438 1647 1646
3 3257 3258 2022
3 2024 3208 3042
3 3468 5199 5198
3 3440 4221 3419
3 4282 4284 4283
3 3628 3629 3004
3 2530 2886 1948
3 3140 3142 3141
3 1639 2398 1739
3 2156 2549 2154
3 2979 4114 3767
3 1697 2798 2797
3 2720 3357 2808
3 2833 3651 2834
3 3555 5165 4158
3 3564 3618 3617
3 2653 3346 2683
3 3262 4577 3467
3 1982 2432 2399
3 1821 1822 1820
3 2421 2717 1935
3 3808 3809 3533
3 3806 4504 4503
3 4102 4103 3489
3 1647 2006 1646
3 2090 5158 2202
3 2767 2769 2768
3 2703 3631 2896
3 3257 3300 3258
3 2798 3675 2797
3 2567 5164 2944
3 1586 3694 3075
3 2710 5162 3024
3 3121 4082 4067
3 3020 3022 3021
3 2820 3998 3020
3 1253 3693 3131
3 4973 4974 4972
3 1871 2855 2854
3 3934 5100 2896
3 2966 3416 2964
3 3601 4031 4030
3 3022 3563 3023
3 3530 3808 3533
3 2979 5163 4114
3 2837 3628 3004
3 2530 2887 2886
3 3197 3308 2870
3 2833 3653 3651
3 4883 4884 4881
3 3453 3783 3451
3 3196 3665 3446
3 3377 3378 2899
3 1828 1829 1826
3 3468 5198 5197
3 3024 5162 4110
3 2951 3525 3331
3 4075 4226 4225
3 3217 3417 3070
3 2006 2020 1646
3 3022 4246 3563
3 3693 4157 3131
3 2758 2759 2757
3 2887 3793 3791
3 1933 5818 276
3 2714 3700 3699
3 2962 5164 2567
3 484 4934 481
3 3494 4034 3992
3 3928 4025 3931
3 2865 3531 3530
3 3643 3645 3644
3 3582 3826 3580
3 2714 3699 2256
3 2371 2691 2370
3 2887 3791 2886
3 3733 3736 3290
3 1723 2119 1724
3 2944 5164 4010
3 3806 4503 3805
3 4246 4505 3563
3 4857 4859 4858
3 3402 4050 3403
3 3641 3643 3642
3 1982 2399 1908
3 3984 4973 4972
3 3569 3571 3001
3 1763 2306 1762
3 3061 3063 2671
3 4031 4441 4239
3 4079 5595 5293
3 1443 5231 4778
3 3900 3902 3901
3 4973 4975 4974
3 2620 3309 2618
3 3264 4387 4386
3 4882 4883 4881
3 4302 5051 3556
3 3588 4464 3586
3 4226 4228 4227
3 3694 3695 3075
3 2156 5501 4794
3 3676 5115 3402
3 4568 4569 3384
3 4226 4227 4225
3 1715 2156 2154
3 1481 1543 1542
3 2986 3244 2411
3 2131 2195 2132
3 1787 2131 1788
3 1139 3197 2870
3 2906 2907 2468
3 2713 2714 2256
3 2090 2202 2091
3 3001 3295 2648
3 3343 5176 2878
3 3530 3533 2864
3 2437 2921 2890
3 1444 1545 1468
3 3367 3370 3369
3 3291 3734 3733
3 2919 5265 2513
3 2048 2049 2047
3 2672 3194 3062
3 923 1695 925
3 2371 2692 2691
3 2069 4713 3874
3 2803 3408 3128
3 1884 3385 1883
3 3564 5411 3618
3 2878 5176 2880
3 2964 5173 2963
3 3601 4030 3598
3 4857 4858 4856
3 2392 2819 2393
3 1723 1724 1576
3 2418 2793 2322
3 2682 2938 2926
3 2101 2492 2294
3 3441 3443 3442
3 4149 4288 3072
3 1107 1192 1191
3 3695 4361 4360
3 2963 5173 3466
3 2131 2937 2195
3 3950 4177 3951
3 2920 3682 2796
3 2836 5179 2835
3 3695 4360 3075
3 2801 3569 3001
3 2371 2979 2692
3 3097 3284 2784
3 3950 3951 3768
3 3595 5119 3597
3 3767 3950 3768
3 2979 3767 2980
3 2890 2891 2374
3 3607 3870 3090
3 2979 2980 2692
3 3767 3768 2980
3 2154 2155 1716
3 3022 5168 4246
3 2870 3257 2022
3 3352 3806 3805
3 3236 4143 4024
3 3998 5168 3020
3 2902 5172 2745
3 1642 2299 1634
3 3986 4077 3697
3 3028 4124 4101
3 1871 2854 1850
3 3020 5168 3022
3 1457 4674 2011
3 2800 4882 4881
3 2126 2514 2128
3 2990 3121 2989
3 3194 3195 3062
3 2371 5163 2979
3 3265 3292 3266
3 1787 5169 2131
3 2011 2037 2010
3 1827 1828 1826
3 2543 4938 2545
3 2197 5163 2371
3 3900 3901 3864
3 3542 4128 4127
3 1019 4807 869
3 4031 4239 4030
3 1291 1292 1217
3 2635 5175 2341
3 4024 5174 3235
3 3416 5173 2964
3 2827 4153 3795
3 2656 2712 2655
3 3494 3992 3058
3 1247 1248 1244
3 2996 5179 2836
3 3876 3877 2859
3 2624 3007 2788
3 2928 5366 1914
3 2346 2583 2345
3 1438 1646 1437
3 4735 5397 1823
3 4476 4477 3202
3 3639 4028 3641
3 3235 5174 3797
3 2831 5181 2833
3 4816 5172 2902
3 2662 2711 2397
3 970 3242 964
3 2341 5175 2829
3 3014 4201 3875
3 1575 5016 1723
3 1953 2348 2266
3 2573 2792 2791
3 3195 3958 3062
3 2171 4310 3913
3 3215 5181 2831
3 3643 4071 3645
3 3881 4160 4159
3 2880 5176 3812
3 1731 1982 1908
3 1437 5128 2842
3 3165 3252 3251
3 2254 2713 2256
3 2114 2330 2113
3 2131 5169 2937
3 1682 1757 1756
3 1180 4898 1145
3 4262 5359 2030
3 1149 1150 1069
3 2897 2898 2847
3 2824 3217 3070
3 2408 2795 2794
3 3715 3716 2885
3 2197 2371 2370
3 3721 3841 3328
3 3415 4149 3072
3 5053 5165 3557
3 2986 5131 4130
3 2791 5131 2572
3 2672 3062 3061
3 3795 3796 2905
3 3061 3967 3063
3 3597 3598 3596
3 2682 2926 2681
3 1586 3075 700
3 2488 2489 2487
3 3229 3231 3230
3 2769 3246 2768
3 3828 4758 3952
3 1631 2324 2147
3 1537 5182 1344
3 555 556 554
3 3527 3552 3173
3 1671 1728 1726
3 891 900 890
3 3375 4356 4355
3 3688 3986 3697
3 2052 2053 2051
3 2953 3040 3039
3 2865 3530 2864
3 676 677 675
3 1131 2027 1129
3 2672 3061 2671
3 2038 2381 2040
3 2833 5181 3653
3 1298 5064 1370
3 4940 6512 753
3 2028 2248 2247
3 2653 2683 2180
3 3140 3141 3139
3 2936 3985 3148
3 1007 4876 1287
3 2575 5189 1519
3 3045 4729 658
3 3863 4223 3900
3 4393 5223 4896
3 3509 5184 3507
3 4567 4568 3384
3 2090 2091 1548
3 1960 5182 1537
3 2744 2838 2745
3 4855 4857 4856
3 2413 2802 2280
3 3486 3568 2782
3 2276 5434 1505
3 3802 4295 3801
3 4773 4775 4774
3 1663 4533 1418
3 1067 1174 1031
3 3367 3369 3368
3 4293 4294 4291
3 1819 1821 1820
3 3291 3733 3290
3 3000 4914 4913
3 2767 2768 2766
3 3062 5177 3061
3 2007 5195 1490
3 2973 5185 2590
3 2801 3001 2648
3 3958 5177 3062
3 4412 4413 4404
3 2619 2620 2618
3 3252 3253 3251
3 2268 2672 2671
3 3119 3329 3134
3 3102 4062 2969
3 2687 2906 2468
3 3528 3529 2592
3 3647 3648 3646
3 1576 5124 1514
3 1139 2870 2022
3 1715 2154 1716
3 3119 4280 3329
3 2617 3794 2619
3 5693 5714 3802
3 2703 2896 2426
3 3402 3403 2690
3 2420 4545 2716
3 816 818 817
3 3428 3448 2645
3 2951 3331 2647
3 2590 5185 3932
3 3061 5177 3967
3 1426 2068 1425
3 3515 5184 3509
3 1109 5269 1139
3 3463 3464 3462
3 2722 3676 3402
3 1573 5133 1571
3 2069 3874 3696
3 1429 5017 1085
3 1444 1468 1354
3 2283 3097 2784
3 3121 4067 2989
3 3452 3894 3453
3 2605 3607 3090
3 1365 3182 2951
3 3352 3805 2939
3 2595 2596 2165
3 3265 3266 2021
3 2784 2919 2513
3 1936 2421 1935
3 4301 4302 3556
3 1953 2265 1952
3 1953 2266 2265
3 1575 1723 1576
3 2408 2952 2795
3 1883 2599 1881
3 3264 4386 3252
3 3170 3173 3172
3 2133 5354 4841
3 708 2103 710
3 1473 4709 1475
3 157 5811 160
3 2587 5308 2967
3 3050 4756 3461
3 1851 1871 1850
3 5060 5284 2006
3 2800 4881 2799
3 4134 4484 4135
3 2431 3199 2143
3 1737 4708 4616
3 1882 1884 1883
3 2362 5071 2050
3 786 840 780
3 2437 2890 2374
3 2803 3128 2447
3 4638 5549 1944
3 3018 3672 3671
3 3447 4015 3307
3 1760 5183 1761
3 5069 5092 1951
3 3821 4104 3819
3 3000 4913 4912
3 2101 2294 2102
3 4644 4645 4284
3 3921 5185 2973
3 1772 1783 1774
3 2765 2767 2766
3 3007 3814 2788
3 3772 5188 3126
3 2324 5483 2369
3 3126 5188 3465
3 3201 3219 3203
3 2102 3655 2018
3 2400 3282 1493
3 3203 4476 3202
3 2339 2832 2831
3 1824 1827 1826
3 3727 4136 4059
3 2936 3148 2677
3 2827 3795 2905
3 3647 3787 3648
3 1651 4683 1731
3 503 509 508
3 1731 1908 1551
3 701 1586 700
3 3193 3721 3328
3 4210 6594 1722
3 3047 3415 3072
3 3574 4081 4080
3 4972 5193 3873
3 756 2035 883
3 1314 5700 1270
3 1370 5064 1622
3 2969 2978 2527
3 2447 4613 2075
3 1355 5227 1521
3 2254 2256 2255
3 3863 3900 3864
3 2573 2791 2572
3 602 1717 3
3 3755 4454 4253
3 2187 2395 2394
3 3731 3732 2419
3 1961 2114 2113
3 2445 3192 2948
3 2687 3028 3027
3 1682 1756 1681
3 2624 2788 2625
3 3362 4693 3363
3 4266 5276 4282
3 3682 4133 3838
3 2772 3876 2859
3 3300 5784 3301
3 1101 5191 2029
3 1339 5232 4666
3 2042 2043 1951
3 4919 4921 4920
3 2183 2656 2655
3 1839 4763 1842
3 3729 4076 3017
3 1814 1815 1813
3 1916 2346 2345
3 3881 4159 3880
3 2088 3603 2931
3 3163 5221 3161
3 1529 1588 1587
3 1107 3250 1192
3 1202 1321 1154
3 372 760 759
3 1068 1149 1069
3 2845 2897 2847
3 1550 2087 1651
3 2658 5228 2659
3 3388 3389 3387
3 2768 3615 2766
3 2908 5292 2397
3 5159 5160 3506
3 553 554 552
3 3375 4355 3362
3 3487 4289 3442
3 3219 4490 3203
3 1402 1403 1336
3 1507 1509 1508
3 3169 3171 3167
3 3737 6385 3734
3 2544 2874 2623
3 1699 2093 1700
3 2661 3493 3113
3 1153 1154 1036
3 1128 1129 1127
3 2956 3829 3828
3 2015 2019 2017
3 2981 3977 3976
3 2266 5379 2504
3 3455 3949 3800
3 3649 3650 3216
3 1483 5194 2281
3 2713 4012 3884
3 3414 4099 3412
3 4855 4856 4854
3 1708 1915 1709
3 3828 3952 2957
3 1135 1222 1133
3 3595 3597 3596
3 3614 4156 3923
3 2893 2894 2366
3 2050 2052 2051
3 2825 3338 3261
3 2046 5069 2043
3 3506 3507 3505
3 976 1073 959
3 2488 5308 2587
3 1505 1506 1504
3 4720 4721 4719
3 3380 5116 4567
3 5004 5005 4722
3 3165 3251 3163
3 4116 5442 4118
3 3014 3875 2364
3 3150 5228 2658
3 429 433 432
3 1373 1426 1425
3 5118 5276 4266
3 1516 1677 1676
3 749 758 590
3 1658 2322 1573
3 2235 5160 5159
3 2466 2629 2464
3 5075 5077 5073
3 2744 2745 2742
3 895 896 872
3 4885 5738 4884
3 1950 2042 1951
3 5371 5401 4982
3 3735 5728 5698
3 2953 3039 2795
3 2038 2040 2037
3 2051 4888 2049
3 2496 5229 2053
3 986 2110 917
3 2486 2488 2487
3 2028 2247 1653
3 3166 4791 3168
3 3949 4111 3800
3 2341 2829 2247
3 3380 4567 3384
3 2799 3135 2305
3 1668 1669 1559
3 3191 5201 2345
3 1116 1339 1118
3 1622 5064 4918
3 4003 6645 5468
3 232 1742 230
3 4139 4140 4105
3 1139 2022 1108
3 1134 5203 1136
3 4164 4626 3529
3 2754 3802 3801
3 5203 5250 1136
3 3624 4562 3625
3 2952 3994 3993
3 1748 1749 1669
3 4890 4965 4892
3 3005 3657 2467
3 3596 3600 3594
3 2248 5056 2342
3 3318 5608 4863
3 1007 1287 1005
3 3367 3368 3365
3 836 841 837
3 3000 4912 2761
3 2787 5206 3224
3 209 210 208
3 4585 4586 4584
3 3474 5131 2791
3 2089 3528 2592
3 3436 4097 3435
3 758 2109 590
3 1819 1820 1816
3 3028 4101 3027
3 1458 1721 1460
3 4992 5252 2017
3 2248 2342 2341
3 1149 1254 1150
3 2910 5206 2787
3 685 5309 683
3 2291 5190 1681
3 1053 5234 1080
3 1636 4293 4291
3 2592 2621 2098
3 2006 2339 2020
3 3050 3461 3051
3 1714 2815 1979
3 796 4512 966
3 4344 4347 4346
3 2475 3428 2645
3 2885 5453 2884
3 4291 4292 4290
3 2248 2341 2247
3 1032 1067 1031
3 1928 1936 1935
3 2824 3070 2275
3 5225 5226 4960
3 1596 1734 1733
3 2043 5069 1951
3 3217 5243 3418
3 3109 3445 3108
3 1142 1143 1137
3 2625 2626 2295
3 4975 5208 4974
3 2286 2707 2706
3 2526 3102 2969
3 5328 5515 4931
3 2617 2619 2618
3 1486 1537 1344
3 3702 4957 1758
3 1976 5001 1494
3 1691 5310 744
3 1214 5061 2069
3 1504 4952 1502
3 2069 3696 1216
3 2639 3132 3117
3 1353 1444 1354
3 5077 5249 5073
3 3653 5213 3651
3 1126 5233 2307
3 3032 4208 3183
3 1512 1947 1510
3 2346 5214 2583
3 1979 4658 2278
3 2985 3620 3361
3 714 4214 707
3 1166 1175 1165
3 5073 5249 2375
3 1249 5227 1355
3 1774 1776 1775
3 2262 2703 2426
3 3574 4080 3573
3 680 4768 3096
3 3261 5641 523
3 1267 1268 1259
3 1572 5271 2028
3 4366 6163 3600
3 2722 3402 2690
3 2745 5172 2742
3 5183 5240 2359
3 5197 5450 5018
3 2516 2518 2517
3 2283 2784 2513
3 2430 3229 2853
3 2605 3090 2606
3 1671 2909 1728
3 3593 5120 3595
3 1232 3667 2135
3 1975 5725 3731
3 1575 1576 1514
3 3814 3846 3815
3 2476 2478 2477
3 2281 4899 1485
3 2396 2397 2395
3 1365 2951 2647
3 3711 3712 2872
3 1245 2554 1189
3 1774 5212 1776
3 3616 5270 5096
3 1699 1700 1547
3 2422 5263 2020
3 168 5321 599
3 1898 3265 2021
3 1363 4803 1289
3 71 73 72
3 2961 3458 2735
3 4251 4252 3964
3 2119 5255 1724
3 3128 6140 4564
3 3629 5118 4266
3 3671 5502 5370
3 3914 3918 3916
3 918 5311 987
3 3745 4617 3744
3 1471 4764 1570
3 4187 4211 3490
3 3750 3752 3751
3 4969 5566 4970
3 2760 2761 2759
3 2057 5113 2055
3 1852 4624 1854
3 4839 4953 2738
3 2643 3463 3462
3 1249 1355 1250
3 1274 1279 1273
3 1622 4918 1624
3 2274 2611 2610
3 2048 2362 2050
3 1658 2418 2322
3 2747 3362 2748
3 1762 5279 5060
3 1746 1978 1693
3 4521 4523 4522
3 4282 4285 4284
3 1482 1483 1224
3 2550 3081 3080
3 733 4877 756
3 2050 2051 2049
3 2151 4805 1580
3 5906 6712 6300
3 1882 1883 1881
3 1609 5421 1889
3 2100 5127 5126
3 4019 4213 4212
3 3554 3556 3555
3 1737 4616 1555
3 2137 2681 2679
3 1945 2523 2522
3 2034 5017 1429
3 4049 5228 3150
3 4036 4242 4222
3 3251 5221 3163
3 4721 5004 4719
3 1584 2631 2282
3 1753 5110 1752
3 2135 2605 2160
3 2339 2422 2020
3 2325 2516 2515
3 2832 5284 3649
3 4285 4644 4284
3 4991 5241 1098
3 1486 1648 1537
3 3472 3473 3052
3 3360 4061 2984
3 3674 3717 3673
3 2234 2437 2374
3 3082 4794 3166
3 2297 5322 2071
3 5074 5075 5073
3 3255 3256 3254
3 3446 4853 3195
3 2216 2218 2217
3 2162 2163 1753
3 3512 3514 3513
3 1376 5636 4961
3 1296 2689 1221
3 1952 5244 4649
3 1127 5236 1152
3 2200 2868 1754
3 1775 2372 1773
3 3201 3203 3202
3 1195 1220 1196
3 3820 3821 3819
3 1697 2797 26
3 1072 3606 1190
3 1177 1178 1143
3 936 938 937
3 755 876 875
3 2101 2102 2018
3 990 992 991
3 2738 2739 2737
3 2972 3152 2404
3 2490 5613 5575
3 1774 1775 1773
3 4961 5636 3677
3 1494 2400 1493
3 3994 4120 3993
3 2823 3281 3280
3 1667 5357 1530
3 2052 5071 2375
3 1772 1774 1773
3 1405 2270 1404
3 209 5050 2423
3 3180 3228 2627
3 2758 2763 2760
3 1658 5344 4950
3 2634 4487 775
3 3193 3328 2903
3 2716 4545 3436
3 1020 5537 898
3 1824 1826 1825
3 1651 1731 1551
3 2053 5229 2051
3 2406 2407 1738
3 687 689 685
3 3229 5450 3231
3 1142 1177 1143
3 2747 2748 2333
3 660 662 661
3 2329 5769 5657
3 1648 1875 1537
3 3249 3476 3043
3 1232 5220 3667
3 2241 5273 3211
3 229 3045 658
3 3128 4613 2447
3 3136 5209 4605
3 5335 5493 5336
3 1515 1701 1699
3 904 5510 440
3 1124 5233 1126
3 1888 1950 1949
3 3632 5557 3634
3 883 5378 962
3 3934 5235 5100
3 2749 2936 2677
3 1475 2145 1477
3 682 5299 684
3 1600 3122 1602
3 3047 3072 3046
3 4661 5436 1691
3 2339 2831 2422
3 2283 2513 841
3 2703 5417 3632
3 1708 1709 1630
3 4282 4283 4281
3 3592 4166 3590
3 1803 1804 1155
3 830 5007 4780
3 1741 4952 1504
3 2530 5092 2888
3 993 1687 991
3 460 1025 462
3 4919 4922 4921
3 5459 5674 4887
3 3765 5240 3188
3 4791 4792 3168
3 2027 5236 1129
3 1786 1972 1784
3 2903 3444 2700
3 80 82 81
3 2497 3668 1983
3 1648 2288 1875
3 1783 5212 1774
3 3556 3557 3555
3 1003 2589 1001
3 2884 5453 3205
3 1772 1773 1771
3 1130 5281 1132
3 4266 4282 4281
3 1726 1727 1566
3 3668 3669 1983
3 3789 4125 3861
3 3208 5239 4046
3 1541 5365 1412
3 3233 3276 3255
3 2989 5047 2793
3 5316 5371 4771
3 3323 5580 4713
3 2019 2573 2572
3 1975 3731 2419
3 1275 2582 1298
3 1084 5325 686
3 1629 5117 1708
3 1370 1622 1536
3 1708 1973 1915
3 1358 4898 1180
3 2873 5152 5151
3 1950 1951 1949
3 3298 4986 2821
3 6011 6017 3798
3 2528 5144 725
3 5592 5740 2087
3 2325 2515 2324
3 3691 5243 3217
3 3096 5300 5299
3 3557 5165 3555
3 1742 4797 230
3 691 692 690
3 1546 1744 1743
3 1720 5798 4811
3 3554 4301 3556
3 3092 4697 2606
3 1612 4494 1614
3 3082 3166 3084
3 2365 2366 2092
3 1543 1682 1681
3 1122 1141 1124
3 1973 2440 1915
3 908 5402 974
3 3318 5253 3209
3 2328 3845 2500
3 4375 5266 5265
3 2111 5317 1119
3 3188 5183 1760
3 3728 3729 3017
3 3868 5292 2908
3 4045 5038 3108
3 74 76 75
3 356 1384 354
3 4168 4169 3672
3 2265 5244 1952
3 641 3456 2086
3 2120 2121 1919
3 2903 5039 3444
3 4612 5202 3135
3 1986 5509 752
3 2024 3041 2023
3 3208 5255 5239
3 527 549 548
3 1839 1842 1840
3 1257 1343 1256
3 1185 1186 1172
3 2829 5344 2247
3 2282 2968 2895
3 1554 1753 1752
3 4719 5004 4722
3 4919 4920 2356
3 5239 5255 2918
3 1724 2024 2023
3 2542 5268 1627
3 5537 5793 5682
3 1195 4537 1220
3 3230 3232 2853
3 2972 4063 3152
3 1590 1591 1452
3 5346 5347 4829
3 2474 3046 2495
3 3071 4269 3888
3 3079 3086 3078
3 1142 5250 1179
3 2367 3881 3880
3 3197 3341 3308
3 2837 5250 3628
3 1458 5247 1721
3 1916 2345 1709
3 5241 5334 1385
3 2215 5992 2211
3 1147 1257 1256
3 2747 3375 3362
3 1198 1924 1923
3 3863 3864 3862
3 2663 3404 3038
3 2823 3280 2822
3 1509 1511 1510
3 1203 5333 2546
3 2688 5273 1987
3 2777 3382 3381
3 5607 5637 3685
3 2266 2504 2265
3 2024 5255 3208
3 2085 2333 2084
3 3196 5237 3666
3 2678 4727 1022
3 3168 3169 3167
3 672 673 671
3 1628 4241 255
3 1421 1422 1420
3 2161 5417 2162
3 782 4432 784
3 1502 4952 2078
3 4510 4511 4509
3 3143 4322 3141
3 1290 6755 6561
3 3752 3753 3751
3 2464 2465 2463
3 1987 5273 1713
3 6021 6612 873
3 1934 6478 4755
3 4105 4175 4104
3 2348 5631 2673
3 2511 5335 2777
3 2462 2466 2464
3 1700 5261 1547
3 1457 2010 1357
3 3434 3997 3658
3 1531 5271 1572
3 1681 5190 1542
3 160 161 159
3 3404 3460 3038
3 1457 2011 2010
3 3041 5369 3824
3 1403 5452 1974
3 900 3189 890
3 3467 3468 3263
3 2035 5378 883
3 3140 4932 3896
3 1435 1436 1422
3 1460 1461 1459
3 2064 2670 2062
3 2490 5575 5523
3 4059 4268 3100
3 1458 1459 1436
3 5288 5301 3619
3 2956 3828 2957
3 1435 5247 1458
3 2824 5345 3691
3 3233 3254 3232
3 2513 2775 841
3 2162 2164 2163
3 3849 3850 2927
3 1993 1995 1994
3 4611 5738 2578
3 4485 5328 4931
3 3363 3365 3364
3 1306 4639 4637
3 1950 2556 2042
3 3271 4760 3765
3 1398 1592 1408
3 3388 5246 5245
3 3619 5301 5093
3 3068 3069 2652
3 1880 2424 1882
3 2068 2461 1425
3 3972 6059 5921
3 1749 1892 1751
3 2777 5335 3382
3 5213 5316 1385
3 2526 2969 2527
3 2677 5379 2349
3 3033 3908 2941
3 2149 5130 2521
3 3841 4342 3328
3 6080 6126 2111
3 3825 4008 3288
3 3287 4313 3825
3 2918 5255 2119
3 3258 5296 2022
3 3752 3754 3753
3 1098 5241 1100
3 1649 2690 350
3 1261 5333 1203
3 4499 5777 3678
3 3041 3824 2023
3 2513 5265 2775
3 2368 2373 2150
3 2420 2716 2602
3 3234 5360 2553
3 3468 5197 3263
3 3636 5268 2542
3 3107 3109 3108
3 1032 4632 1313
3 3789 3790 3788
3 3205 5248 3455
3 5315 5387 5227
3 3595 3596 3594
3 833 4806 836
3 688 2148 691
3 2060 2389 2063
3 1901 1903 1902
3 1580 1943 1759
3 1179 5250 2837
3 2506 4772 1191
3 1831 1832 1830
3 2871 3680 3679
3 2302 2783 2782
3 5208 5340 4974
3 1419 1969 1421
3 3292 3942 3478
3 1256 5364 1033
3 1322 3014 2364
3 1263 1315 1280
3 1572 2028 1653
3 3488 5455 4187
3 2027 5340 5208
3 3421 3885 698
3 5312 5364 1256
3 1421 1435 1422
3 3114 5348 2535
3 1274 5512 1279
3 1713 5273 2241
3 614 2076 618
3 2028 5271 2577
3 2364 3347 1311
3 2067 2457 2124
3 2011 2038 2037
3 135 5656 2140
3 2674 5430 2749
3 552 5477 4879
3 1458 1460 1459
3 1435 1458 1436
3 2054 2056 2055
3 2971 3769 2983
3 5289 5290 3720
3 1649 2722 2690
3 1068 1069 1067
3 2777 3381 3380
3 3380 3384 2776
3 2165 5458 1746
3 5072 5074 5073
3 2078 5521 1500
3 1744 5267 1743
3 748 869 868
3 3263 5197 5018
3 2764 3000 2761
3 3211 3622 3621
3 2149 2521 2368
3 3407 5307 2869
3 3166 3168 3167
3 1177 5315 1178
3 1255 5406 1150
3 3106 3107 2731
3 3645 3646 3644
3 1345 1495 1343
3 1249 5315 5227
3 2157 2594 2593
3 5052 5053 3557
3 4631 5566 3239
3 536 5427 607
3 1011 1077 955
3 2325 5426 2516
3 1944 5549 5489
3 1106 1110 1109
3 196 197 195
3 2302 2782 1965
3 2050 5071 2052
3 3574 5274 4081
3 3624 3625 3247
3 2291 6756 4430
3 2045 5352 2048
3 1151 1439 1082
3 589 749 590
3 1280 5515 1157
3 2396 4985 2663
3 4266 4281 4265
3 3184 4683 2360
3 1247 1445 1251
3 932 3260 934
3 1581 4652 4651
3 2845 2847 2846
3 2187 4985 2396
3 454 544 456
3 1084 5326 5325
3 2716 3436 3435
3 3447 4579 4015
3 3366 3367 3365
3 1990 5307 1988
3 4064 4517 654
3 3158 5275 2260
3 2098 3547 1314
3 2089 2592 2098
3 4067 5047 2989
3 1928 1935 1926
3 2515 5483 2324
3 890 5916 866
3 1724 5255 2024
3 4947 6049 5409
3 5213 5334 3651
3 5748 5851 2591
3 5297 5298 1451
3 2048 5352 2362
3 3125 3126 3124
3 1513 1514 1512
3 1385 5334 5213
3 873 4956 279
3 3943 3968 3513
3 1394 1714 1574
3 2339 5284 2832
3 4008 6063 4756
3 4626 4698 3529
3 2669 3344 2352
3 2933 3161 2596
3 3787 3788 3648
3 3789 3861 3790
3 938 939 937
3 1121 2111 1119
3 1103 5191 1101
3 3629 4266 4265
3 3645 3647 3646
3 3018 5283 4168
3 3091 3093 3092
3 1771 1968 1769
3 1723 5016 2192
3 969 5061 1063
3 4344 4346 4343
3 2772 2859 2780
3 503 5503 509
3 3096 5299 682
3 1636 4291 4290
3 1161 1482 1224
3 3498 4174 3497
3 3775 3818 3065
3 3421 4358 3885
3 2740 2742 2741
3 2158 5914 5743
3 4282 5276 4285
3 1579 5501 1578
3 3878 3879 409
3 2351 2352 2106
3 1874 6246 4861
3 1524 1725 1526
3 2247 5344 1653
3 432 753 428
3 411 5329 1732
3 1787 5363 5169
3 665 4565 663
3 2016 2649 2377
3 1227 1274 1273
3 5523 5575 4226
3 2428 5288 3619
3 2482 4470 3053
3 978 5515 4678
3 3942 4162 3478
3 1534 1913 1409
3 1225 5484 2558
3 732 1691 744
3 1108 5296 1105
3 3591 3592 3590
3 3616 5096 2812
3 1214 2069 1216
3 1119 5317 1117
3 636 637 635
3 1212 1358 1180
3 4782 5744 4449
3 3754 4112 3753
3 1301 1393 1392
3 4000 4945 3038
3 748 868 747
3 581 582 580
3 1925 3067 1923
3 4079 5293 3917
3 4692 5498 1654
3 1353 1354 1205
3 2369 2920 2796
3 4763 5493 5335
3 3248 3817 3816
3 958 4865 648
3 1999 5314 1804
3 2022 5296 1108
3 3010 5095 4364
3 2821 4986 2393
3 3233 3255 3254
3 1190 1246 1245
3 1924 1926 1925
3 3178 5320 586
3 2308 2379 363
3 1360 5565 5006
3 1334 5297 1451
3 1247 1251 1248
3 3392 4843 3393
3 1215 1291 1217
3 2448 2803 2447
3 3032 3183 2781
3 680 3096 682
3 3395 5216 3394
3 2031 5269 1111
3 2326 5302 3193
3 160 5805 161
3 2418 2990 2989
3 1251 1252 1248
3 1251 1350 1252
3 1915 1916 1709
3 1194 1267 1259
3 2923 3720 3234
3 1127 1152 1125
3 4232 4257 4231
3 2750 5099 5098
3 1515 1547 1434
3 4115 5974 3633
3 2418 2989 2793
3 3883 5382 3312
3 2747 5372 3375
3 473 552 471
3 1004 1005 1003
3 3477 4232 4231
3 1041 1944 1043
3 2960 3043 2959
3 3810 3811 2938
3 3323 5690 5580
3 4592 6077 196
3 5048 5376 4991
3 3136 3190 3137
3 4232 4258 4257
3 2004 5330 1869
3 5580 5690 2581
3 2493 2657 2292
3 1002 1003 1001
3 4490 5394 3203
3 3077 3079 3078
3 2767 5400 2769
3 580 584 578
3 1232 2135 1914
3 1072 1190 1189
3 670 671 669
3 3455 5248 3949
3 569 4528 548
3 1115 5451 1113
3 2630 3287 2629
3 1513 1575 1514
3 2506 4773 4772
3 2369 5483 3724
3 1743 5267 2271
3 2654 5192 2940
3 4746 5428 5134
3 3499 5289 2923
3 1147 1256 1033
3 4991 5376 5241
3 1941 5491 2750
3 747 4789 4750
3 510 512 511
3 2886 5454 1948
3 5052 5055 5054
3 2235 5159 2234
3 4745 5402 4744
3 849 4535 893
3 1898 2021 1899
3 935 5479 933
3 3843 3999 3844
3 1853 5399 1851
3 2462 2463 2461
3 2596 5458 2165
3 2783 3498 3497
3 3364 5258 2748
3 1063 5061 1214
3 1916 5370 2347
3 1801 5448 2640
3 5335 5336 3382
3 1495 2429 1343
3 3662 5816 4093
3 958 5019 4865
3 5227 5387 5049
3 912 3238 972
3 1988 5307 2667
3 2056 2401 2058
3 1892 5302 2326
3 1426 5342 2068
3 744 5310 746
3 2869 5307 1990
3 876 910 875
3 1953 5481 2348
3 174 5223 176
3 3125 3772 3126
3 258 259 257
3 1630 2357 1594
3 940 2597 942
3 1511 1512 1510
3 1447 1448 1369
3 1851 5399 1871
3 3836 3957 3955
3 1291 5297 1334
3 2020 5263 5128
3 2351 2668 2352
3 1412 5365 4448
3 743 2603 731
3 2429 5312 1343
3 1129 5236 1127
3 2509 3018 2440
3 1246 1303 1245
3 3634 5517 4116
3 1617 1620 1619
3 2393 4986 2121
3 3077 3741 3079
3 2638 2918 2119
3 2602 5593 3034
3 3243 5332 2275
3 2006 5284 2339
3 668 669 667
3 1190 1245 1189
3 3107 3110 3109
3 1412 4448 1305
3 4016 5035 3770
3 1980 1981 1786
3 1854 4624 3066
3 1671 1726 1566
3 1111 5269 1109
3 2536 2873 2520
3 1896 3158 2260
3 3230 3233 3232
3 168 599 170
3 2171 3913 2363
3 2985 3361 3360
3 2643 3462 704
3 678 679 677
3 2639 3117 2638
3 4508 4509 1330
3 2081 5306 2173
3 579 581 580
3 2272 5427 538
3 1088 5484 1086
3 41 5879 921
3 139 596 141
3 3382 3383 3381
3 1390 1554 1553
3 3609 3610 3429
3 3018 3671 2440
3 2974 5322 2297
3 1315 1383 1380
3 3814 3815 2788
3 2048 2050 2049
3 3688 5670 3988
3 2640 5448 3426
3 3979 5285 3278
3 516 527 526
3 3568 4783 2782
3 266 6431 4567
3 682 683 681
3 2427 4917 2452
3 131 271 133
3 929 1243 1240
3 579 3147 581
3 2306 5279 1762
3 1591 5342 1452
3 1345 1530 1495
3 426 5385 2112
3 1362 1480 1479
3 2661 3113 3112
3 3101 3326 1984
3 4270 5343 4271
3 2448 2994 2803
3 761 2261 759
3 757 5327 2003
3 1548 1549 1433
3 2863 2865 2864
3 1538 1737 1555
3 1452 5342 1426
3 2232 2235 2234
3 3889 5001 2601
3 5419 5577 3683
3 3139 4421 3112
3 1570 4709 1473
3 1511 5846 5827
3 1587 5464 1528
3 5001 5002 2400
3 1530 5357 1495
3 2090 5443 5158
3 2368 2445 2373
3 3248 3816 3624
3 5334 5376 3652
3 2985 3360 2984
3 3575 5511 5058
3 1888 1948 1887
3 4196 6620 6516
3 2187 2396 2395
3 2863 2864 2862
3 897 917 895
3 5072 5076 5074
3 86 90 88
3 3151 4479 4048
3 1344 5182 4689
3 3270 5633 5446
3 2860 5312 2429
3 3632 3633 3631
3 3110 3111 3109
3 2014 5178 1909
3 2553 5360 2174
3 1257 1345 1343
3 306 5471 2153
3 579 580 578
3 1140 5191 1103
3 1515 1699 1547
3 2835 5315 1177
3 1160 5407 937
3 1828 1831 1830
3 3913 3914 2363
3 1028 5311 918
3 4786 5239 2918
3 2525 5422 3434
3 5226 5543 5310
3 1114 1116 1115
3 3169 5355 3171
3 2445 2948 2373
3 5052 5054 5053
3 194 195 193
3 2286 5349 2708
3 2475 5098 3428
3 3677 5500 5388
3 3255 3723 3256
3 5237 5238 3666
3 1961 2113 1491
3 4992 5457 5252
3 5459 5784 5674
3 1045 5489 4332
3 1220 1296 1221
3 2807 5019 1670
3 3861 3862 3790
3 2585 5372 2334
3 684 1084 686
3 1072 1189 1071
3 636 638 637
3 4960 5536 3259
3 1063 1169 1062
3 764 1498 766
3 5062 5545 3654
3 1901 1902 1900
3 724 725 646
3 4360 5586 3075
3 1383 1568 1380
3 3914 3916 3915
3 2326 3193 2903
3 634 636 635
3 1836 1839 1838
3 3775 3820 3819
3 2771 2941 2665
3 2718 3471 2717
3 802 1018 804
3 2819 5439 2820
3 1138 5276 5118
3 493 494 492
3 3651 5334 3652
3 5018 5450 1667
3 503 508 507
3 3829 6401 4269
3 1492 1494 1493
3 1120 1122 1121
3 3838 5452 2796
3 1759 2101 2018
3 2452 4917 2965
3 1058 2531 1056
3 3729 5027 4076
3 5460 5461 3044
3 1559 1945 1558
3 4773 4774 4772
3 918 987 986
3 1118 1120 1119
3 3125 5590 5571
3 1171 1198 1184
3 2076 5404 5403
3 2560 4506 3271
3 2609 3180 2627
3 1927 2824 2275
3 1347 1405 1404
3 2940 5192 3975
3 1511 1513 1512
3 3735 3738 3737
3 2548 2861 2547
3 1896 4901 3158
3 1956 2511 2413
3 3110 3485 3484
3 1849 1850 1843
3 3443 5455 3488
3 2192 2639 2638
3 2749 5430 3574
3 2578 5773 931
3 6308 6389 2240
3 512 516 515
3 773 2634 775
3 3012 3013 2203
3 1074 5647 1171
3 2822 3037 2610
3 1836 1837 1834
3 1542 4803 1363
3 2466 2630 2629
3 1116 1118 1117
3 2529 2801 2648
3 1227 1275 1274
3 819 5893 2510
3 3026 5353 2699
3 3777 5361 3763
3 1629 1708 1630
3 1823 4747 1824
3 1657 5202 1484
3 4947 5409 3354
3 686 5325 688
3 3354 5409 3353
3 1824 1825 1818
3 2529 2648 2509
3 464 2095 466
3 1440 4418 221
3 3286 5625 5491
3 4084 4085 3979
3 2674 2749 2677
3 2016 4907 2649
3 2527 5422 2525
3 1226 2506 1191
3 4611 5479 4612
3 4017 5386 2859
3 4847 5729 2025
3 1928 5332 1936
3 1279 1344 1273
3 3528 4163 3529
3 1937 5517 4835
3 164 165 163
3 353 354 352
3 2480 2481 2331
3 962 1072 1071
3 2430 5357 3229
3 1112 1114 1113
3 2107 2351 2106
3 2040 2818 2037
3 3861 3863 3862
3 172 2246 174
3 2044 5352 2045
3 2425 5670 2876
3 1869 2238 1867
3 4659 4671 4658
3 479 1970 477
3 3193 5351 3721
3 2104 2279 1718
3 1453 5388 4942
3 3154 3345 3155
3 5029 5480 3660
3 688 5325 2148
3 1350 1351 1252
3 3793 6399 4310
3 1886 1888 1887
3 216 4540 218
3 478 916 480
3 4060 4132 3710
3 1897 4901 1896
3 2474 3047 3046
3 924 1583 922
3 1122 1124 1123
3 4952 5720 4464
3 3709 4060 3710
3 975 4592 194
3 1063 1170 1169
3 2128 2129 2127
3 1082 4826 1029
3 5470 5603 1325
3 3724 3725 2920
3 3782 6507 5593
3 1475 1477 1476
3 1316 5919 555
3 4745 5554 5402
3 495 503 502
3 2571 6151 4246
3 2227 2236 2225
3 3070 3243 2275
3 4992 5522 5457
3 2011 2039 2038
3 2607 2608 2004
3 3231 5380 3230
3 1219 5657 3705
3 3787 3789 3788
3 3916 3917 3915
3 2923 5289 3720
3 3916 4078 3917
3 1857 1920 1855
3 3345 4237 3155
3 2156 2550 2549
3 4862 5847 2961
3 611 5942 5024
3 2550 3080 2549
3 4771 5371 4982
3 482 483 481
3 967 4218 810
3 4655 6286 252
3 1375 1515 1434
3 897 4593 1028
3 5598 5675 3692
3 674 675 673
3 830 4780 827
3 3653 5371 5213
3 1712 5481 1953
3 962 5378 1072
3 1282 5447 1202
3 3606 5469 1190
3 2611 2822 2610
3 1124 1126 1125
3 1495 5357 2430
3 3411 5143 5142
3 2990 3316 3315
3 3398 3786 613
3 1637 5959 5667
3 1588 1629 1594
3 2381 5486 2753
3 5388 5389 4942
3 818 2581 820
3 3311 4200 3840
3 246 5955 4655
3 1224 5358 1160
3 1629 1630 1594
3 2792 5500 2960
3 1749 1750 1669
3 4298 4444 4296
3 5337 5338 4733
3 1037 1038 1023
3 4557 5470 1325
3 3847 5384 2804
3 631 2555 629
3 1233 3103 1235
3 1335 4904 1424
3 2016 2305 1657
3 2128 2149 2129
3 229 658 657
3 1263 1280 1157
3 387 389 388
3 2223 2230 2221
3 897 1028 918
3 4778 5396 5220
3 752 5509 871
3 1533 1705 1534
3 3655 5365 2018
3 2059 2628 2057
3 1032 1313 1068
3 5072 5525 5076
3 1798 3011 358
3 3600 5518 3594
3 1683 1684 1670
3 987 1031 986
3 894 6055 4696
3 2985 5353 3620
3 3648 5937 5911
3 1899 1900 1897
3 683 5309 2598
3 3914 3915 2363
3 741 849 742
3 1104 5316 4771
3 3276 5346 4829
3 2639 5462 3133
3 3341 5862 3308
3 4884 5738 3225
3 3482 3576 3575
3 680 681 678
3 1008 1013 1012
3 960 4405 989
3 739 852 851
3 3692 5675 5601
3 1864 5431 4648
3 1712 1952 1633
3 1588 1594 1587
3 2967 5308 4073
3 2754 3068 2652
3 961 5736 816
3 2294 2295 2102
3 2982 5755 5714
3 1254 1255 1150
3 3030 5372 2585
3 666 667 665
3 5888 5918 3708
3 1275 1298 1297
3 3926 5423 3928
3 1370 1536 1447
3 2436 4578 3008
3 1385 5316 1102
3 1898 1899 1897
3 2126 2127 2125
3 1124 1125 1123
3 1298 1370 1369
3 4036 4222 3722
3 1169 2915 1984
3 1114 5429 1116
3 1975 2419 1976
3 2474 2495 2258
3 2684 3630 3314
3 1736 5448 1801
3 5389 5500 2573
3 3000 5507 4914
3 3679 3711 2872
3 2174 5360 2175
3 2813 3124 3123
3 275 1361 273
3 1641 5096 1518
3 3566 5659 3272
3 936 5445 940
3 4523 4524 4522
3 3166 3167 3084
3 570 5519 572
3 5529 5552 3404
3 4576 5337 4733
3 2699 5353 2985
3 4494 5108 1614
3 1550 1651 1551
3 1309 5333 1261
3 741 742 651
3 1600 1602 1601
3 2347 5502 2551
3 1114 1115 1113
3 845 857 856
3 1105 1140 1103
3 576 5591 594
3 2548 2862 2861
3 1175 1332 1331
3 712 874 715
3 3609 3941 3610
3 1477 1478 1476
3 3230 5380 3233
3 1952 4649 1633
3 1315 2569 1383
3 89 2410 650
3 2482 2483 2481
3 4021 4023 3349
3 1487 1872 719
3 1543 1681 1542
3 3115 3605 3299
3 3895 5390 3453
3 4118 5442 4745
3 814 816 815
3 2274 2610 2273
3 3312 5382 4205
3 778 2207 776
3 3016 3728 3017
3 216 4606 4540
3 2076 5403 618
3 1550 1551 1443
3 1147 3275 1257
3 2835 5387 5315
3 3285 3936 3284
3 1517 2014 1909
3 494 4955 496
3 2915 3101 1984
3 6416 6475 5089
3 1243 1247 1244
3 1376 5712 5636
3 2126 2128 2127
3 2162 5417 2262
3 3233 5380 3276
3 3203 5394 4476
3 491 492 490
3 4733 5398 4732
3 1474 2329 1472
3 1927 5345 2824
3 1427 1452 1426
3 4105 5374 4175
3 1244 2079 1240
3 1712 1953 1952
3 2691 5132 2693
3 930 932 931
3 736 747 735
3 2175 4985 2187
3 1427 1546 1452
3 3535 5216 3395
3 3939 4096 3937
3 2417 2814 2448
3 1899 1901 1900
3 5179 5387 2835
3 3869 4254 3891
3 1232 1914 1230
3 2491 5272 1821
3 1546 1743 1590
3 1743 2271 1745
3 1549 5419 1668
3 22 23 21
3 1581 4651 1568
3 1198 5345 1924
3 3383 3387 3386
3 5202 5358 1484
3 1535 2709 1876
3 1892 1893 1751
3 2433 5438 2040
3 787 828 827
3 1985 5826 4840
3 5048 5377 5376
3 3226 3227 3086
3 986 5474 2110
3 1819 2491 1821
3 493 495 494
3 5555 5556 1938
3 3383 3386 3381
3 2124 2125 2123
3 2273 2431 2143
3 4779 6220 1874
3 2099 5503 3742
3 2913 5400 2767
3 1546 1590 1452
3 2876 3687 3686
3 2271 2382 1745
3 3082 3084 3083
3 1743 1745 1590
3 3660 5564 2675
3 3495 4988 1677
3 192 193 191
3 4569 5546 3384
3 1321 5447 5441
3 934 936 935
3 1390 1553 1389
3 1448 5499 1369
3 2511 2776 2413
3 4660 5432 4659
3 1012 4876 1007
3 69 71 70
3 1936 5332 2503
3 2025 5692 4847
3 3963 4207 3430
3 5144 5750 619
3 1842 1843 1840
3 2168 5016 1575
3 1031 5474 986
3 3952 3953 2957
3 3165 5563 3264
3 2005 2607 2004
3 3299 5439 2819
3 1611 5421 1609
3 4950 5280 3316
3 1973 2529 2509
3 3711 5871 5200
3 2157 2165 1746
3 2282 2895 1798
3 1227 5465 1275
3 1517 5405 2014
3 549 566 565
3 1033 5364 970
3 4149 6495 4288
3 2014 5237 5178
3 2749 3574 3573
3 5252 5457 2009
3 2367 3880 654
3 634 635 633
3 1716 2830 1686
3 4870 5677 1825
3 3792 5454 2886
3 694 990 920
3 1835 1836 1834
3 2481 5230 2331
3 2063 2064 2062
3 2628 5113 2057
3 3270 5446 941
3 2058 2060 2059
3 5199 5678 5198
3 3311 3840 3472
3 554 5477 552
3 1320 1488 1239
3 3477 4231 3476
3 1144 5451 1115
3 934 5445 936
3 1862 5431 1864
3 4472 6176 1799
3 641 3457 3456
3 4234 4314 4235
3 4140 5374 4105
3 1343 5312 1256
3 3880 4064 654
3 1524 1526 1525
3 1010 1074 1011
3 3111 5043 3109
3 4984 5611 3267
3 2856 5399 4878
3 1887 5454 2676
3 1870 2004 1869
3 1318 1671 1566
3 5443 5579 5158
3 2827 2905 2502
3 3337 5533 3492
3 2210 5527 2214
3 3211 3621 2751
3 4998 5448 1736
3 429 432 428
3 1896 2260 1894
3 1072 5378 3606
3 3161 5458 2596
3 1705 1706 1534
3 2289 5524 3283
3 918 986 917
3 2029 5420 1099
3 1039 1040 1038
3 1871 5399 2856
3 3779 5043 3111
3 3151 4048 4047
3 1231 5220 1232
3 1243 1244 1240
3 2871 3679 2872
3 1215 1217 1170
3 949 954 950
3 1126 1127 1125
3 2593 2595 2165
3 1383 1581 1568
3 5127 5606 5126
3 474 2604 476
3 2532 5339 846
3 3266 5541 2021
3 1116 5429 1339
3 2713 5463 4012
3 791 1176 789
3 3624 5555 4562
3 5246 5424 5245
3 3639 5505 4028
3 2762 5254 2765
3 1447 5393 1448
3 2067 2123 2066
3 1304 1410 1305
3 4982 5401 1977
3 599 5456 170
3 954 1010 955
3 76 78 77
3 3249 3477 3476
3 4113 5494 3016
3 496 4704 492
3 1270 1304 1271
3 982 2678 1022
3 5221 5567 1978
3 670 6446 4254
3 2068 2462 2461
3 2960 3249 3043
3 1973 2509 2440
3 1364 1365 1255
3 192 975 194
3 5417 5557 3632
3 2323 5542 1765
3 1254 1364 1255
3 2060 2063 2062
3 1832 1835 1834
3 4809 6062 4808
3 1763 5542 2306
3 829 831 830
3 1170 5514 1169
3 5225 5565 1360
3 2056 2057 2055
3 1116 1117 1115
3 2462 2464 2463
3 1315 5532 2569
3 2699 2984 2698
3 4090 4091 2790
3 2752 2871 2433
3 2611 2823 2822
3 697 5586 695
3 765 1328 763
3 1275 1297 1274
3 5128 5545 2842
3 487 488 486
3 618 5403 645
3 1634 5466 1544
3 3353 5409 4011
3 4111 4150 3800
3 1223 5597 1414
3 494 496 492
3 1105 5296 1140
3 796 966 798
3 1839 1840 1838
3 650 741 651
3 1516 2584 1677
3 3706 5574 2860
3 233 235 232
3 1113 5451 2031
3 2065 2066 2064
3 2274 2612 2611
3 310 1276 312
3 3051 3052 3049
3 1925 5014 3221
3 1122 1123 1121
3 2108 5534 1868
3 700 5586 697
3 1120 1121 1119
3 1893 5368 1895
3 3481 4925 3482
3 426 2112 423
3 2150 2702 2129
3 1039 1041 1040
3 1118 1119 1117
3 1895 1898 1897
3 2465 3050 3049
3 1536 1662 1447
3 2699 2985 2984
3 1653 1658 1573
3 2609 3321 3180
3 3321 3670 3180
3 1298 1369 1297
3 430 5385 426
3 1572 1573 1571
3 4162 5414 3478
3 1408 1533 1409
3 1848 1849 1843
3 1370 1447 1369
3 5293 5595 2405
3 3344 5627 2352
3 3311 3472 3052
3 3654 5545 5263
3 2034 5762 5017
3 645 988 723
3 4652 6800 6419
3 152 5524 149
3 5776 5980 3765
3 1892 2326 2296
3 367 428 366
3 2405 5321 166
3 2189 5467 550
3 3593 3595 3594
3 1531 1571 1530
3 2147 5452 1403
3 487 518 489
3 2458 5431 1862
3 63 65 64
3 1066 1318 1317
3 172 174 173
3 4687 5985 3469
3 2991 4460 4459
3 2094 2273 2143
3 3363 3364 2748
3 5798 5829 4811
3 5472 5473 5152
3 2813 3125 3124
3 2548 2863 2862
3 45 47 46
3 3197 5668 3341
3 664 4930 666
3 4326 5262 547
3 1345 1531 1530
3 489 490 488
3 2377 2799 2305
3 2856 4878 2858
3 218 1440 221
3 1870 2005 2004
3 3159 5422 2527
3 645 5403 988
3 2854 5737 1850
3 1074 5697 5647
3 1619 1637 1618
3 2663 5529 3404
3 1544 5466 2142
3 3611 4822 3612
3 1817 1818 1815
3 4372 5619 4777
3 5489 5549 4334
3 5296 5318 1140
3 4234 4235 3939
3 4777 5619 2145
3 3301 5761 5706
3 2807 5581 5020
3 154 155 153
3 5517 5557 4835
3 2094 2143 1700
3 450 2144 452
3 1649 2997 2722
3 2442 2787 2786
3 2924 3963 3430
3 2039 5486 2038
3 726 727 725
3 1832 1834 1833
3 4819 5718 5658
3 1110 1111 1109
3 2813 3123 2812
3 1507 2185 1509
3 2296 5368 1893
3 5416 5544 3256
3 156 157 155
3 2872 5438 2433
3 5522 5651 3313
3 357 366 356
3 2340 5776 4760
3 3287 3825 3288
3 2171 2363 156
3 1289 1954 1266
3 1749 1751 1750
3 2192 2638 2119
3 1507 5434 2185
3 2010 5496 1357
3 3726 5453 2885
3 2769 3248 3247
3 2056 2058 2057
3 4493 4903 3103
3 3084 3405 3083
3 837 839 838
3 1102 5316 1104
3 2149 2368 2150
3 355 356 354
3 849 850 742
3 4560 5855 3304
3 67 69 68
3 2124 2126 2125
3 5392 6575 2473
3 726 728 727
3 1053 1054 1052
3 141 4664 143
3 2262 5417 2703
3 1528 5464 2034
3 1045 1046 1044
3 3319 3438 2912
3 1110 1112 1111
3 1538 1539 1478
3 3019 3959 2925
3 3910 4376 3740
3 1886 4887 1888
3 695 5586 5040
3 643 652 647
3 1051 1053 1052
3 4075 5523 4226
3 852 902 851
3 1523 5528 4963
3 2362 5525 5071
3 3611 4823 4822
3 5548 5688 2257
3 438 904 440
3 3479 5564 5541
3 5245 5424 4748
3 1684 2807 1670
3 2369 3724 2920
3 1668 5419 3683
3 672 674 673
3 24 25 23
3 2234 2374 2233
3 3471 5137 2717
3 2187 2394 2186
3 1086 5484 1225
3 606 5295 51
3 2751 5590 2344
3 3050 3051 3049
3 2519 2520 2518
3 2820 5439 3998
3 495 5503 503
3 415 417 416
3 1677 2453 1676
3 809 4798 807
3 2058 2059 2057
3 170 172 171
3 148 364 146
3 1957 2181 2179
3 262 352 220
3 2342 5598 3692
3 3379 3475 3377
3 1263 5532 1315
3 3638 5505 3639
3 649 740 648
3 1112 1113 1111
3 5034 5447 1282
3 2175 5360 4985
3 2864 5601 2862
3 3836 3955 3954
3 2243 4770 2917
3 1275 5465 2582
3 3712 5438 2872
3 551 5553 1966
3 1150 5406 1992
3 2560 3271 3188
3 4708 6096 4616
3 1617 1619 1618
3 1192 5465 1227
3 480 482 481
3 5649 5757 3931
3 638 649 648
3 2560 5623 4506
3 1547 5261 2122
3 1892 2296 1893
3 2040 5438 2818
3 2511 2777 2776
3 2762 2764 2761
3 2067 2124 2123
3 674 676 675
3 4370 6197 1943
3 2254 5463 2713
3 2377 2800 2799
3 939 1160 937
3 1531 1572 1571
3 1533 1534 1409
3 3282 5734 1493
3 930 931 928
3 1578 1686 1525
3 1202 5447 1321
3 1369 5499 1297
3 3123 3616 2812
3 1432 5443 2090
3 1572 1653 1573
3 2060 2062 2059
3 3224 4137 3893
3 4609 4610 1328
3 1365 2647 1255
3 1019 5437 4807
3 1823 5397 4747
3 2063 2065 2064
3 1924 5345 1927
3 2535 2537 2536
3 150 151 149
3 5554 5655 1207
3 1307 1309 1261
3 2931 3852 3851
3 43 45 44
3 482 2239 485
3 3652 5377 3654
3 1322 2364 1311
3 191 2343 189
3 1479 1481 1363
3 787 827 826
3 1310 2600 1322
3 3259 5436 3240
3 2445 6782 4165
3 3248 3624 3247
3 2716 3210 2602
3 1547 2122 1434
3 2065 2067 2066
3 1977 5401 5287
3 4815 5694 3114
3 3136 4605 3190
3 3715 5626 3716
3 1915 5370 1916
3 309 5471 306
3 1308 5044 1374
3 2777 3380 2776
3 1924 1927 1926
3 5049 5561 2398
3 4590 4664 596
3 3251 5567 5221
3 405 654 403
3 5402 5554 974
3 4341 6409 162
3 894 1194 1193
3 1715 1716 1686
3 3294 5594 2479
3 2453 3154 3153
3 666 750 668
3 1683 5023 2184
3 3736 5638 3290
3 1451 5443 1387
3 2157 2593 2165
3 2490 5523 5308
3 2718 3673 3471
3 2541 2947 2946
3 3308 5862 5823
3 5257 5258 5033
3 3301 5318 3258
3 3803 6165 4217
3 725 5144 646
3 3271 3765 3188
3 1083 1151 1082
3 2192 5462 2639
3 1413 2151 1580
3 3478 5414 3479
3 4949 5287 3215
3 876 911 910
3 3681 5729 4847
3 1063 1214 1170
3 589 590 569
3 1473 1475 1474
3 2812 5096 1730
3 755 5543 876
3 3079 3226 3086
3 782 784 783
3 4811 5829 3715
3 3250 5465 1192
3 470 474 472
3 2682 3181 2938
3 738 1986 752
3 1578 1715 1686
3 4861 5632 2290
3 1993 5449 1995
3 2100 5126 1652
3 3205 5453 5248
3 864 888 866
3 498 2269 506
3 712 713 711
3 485 486 483
3 3226 4026 3869
3 3090 5520 3091
3 1010 1011 955
3 2779 5608 3318
3 1496 5477 554
3 5065 5504 4922
3 939 5446 4990
3 2352 5627 2106
3 4170 5605 3672
3 2149 2150 2129
3 947 951 945
3 943 3270 941
3 2740 2741 2739
3 474 475 472
3 1252 5433 1248
3 1694 1746 1693
3 1856 1857 1855
3 954 955 950
3 981 5818 4151
3 170 5456 172
3 4 5303 0
3 1469 5295 606
3 3961 3962 3326
3 3245 5651 3244
3 5041 5508 3635
3 1548 5419 1549
3 2299 5466 1634
3 2687 5632 3028
3 1297 5512 1274
3 3445 4045 3108
3 1481 1542 1363
3 1927 1928 1926
3 1398 1408 1399
3 3686 4042 2875
3 1387 5443 1432
3 3264 5947 4387
3 5446 5633 4990
3 3363 3366 3365
3 2660 2661 2338
3 351 1649 350
3 2762 2765 2764
3 2089 2098 1314
3 1683 2184 1692
3 147 4483 150
3 3091 5520 3296
3 3265 5643 3292
3 2814 4457 2448
3 2487 5059 2485
3 2137 2679 1706
3 1662 5393 1447
3 3258 5318 5296
3 2180 2616 1958
3 1524 1525 1523
3 4921 5727 5715
3 1723 2192 2119
3 1925 3221 3067
3 1258 3400 1193
3 3564 3565 3023
3 78 80 79
3 172 5456 2246
3 3565 5157 3023
3 2175 2187 2186
3 3563 3564 3023
3 1295 1937 1390
3 4505 5411 3563
3 3563 5411 3564
3 2326 2903 2700
3 2369 2796 2147
3 630 632 631
3 172 173 171
3 5339 5538 4941
3 3593 3594 3592
3 912 913 879
3 1804 5314 1155
3 1022 1037 1023
3 3051 3311 3052
3 47 6811 49
3 2074 2416 2075
3 397 400 399
3 1174 5474 1031
3 2871 2872 2433
3 683 2598 681
3 1653 5344 1658
3 2275 5332 1928
3 782 783 771
3 632 634 633
3 281 873 279
3 6066 6099 4617
3 2765 2766 2764
3 2753 5486 3413
3 1357 5496 1286
3 5376 5377 3652
3 993 5475 1687
3 814 961 816
3 3186 5570 2806
3 2466 3302 2630
3 1217 5514 1170
3 1279 1486 1344
3 1817 1823 1818
3 5103 5618 1969
3 2519 2535 2520
3 2601 5001 1976
3 166 5321 168
3 1551 5231 1443
3 3215 5287 5181
3 1043 5489 1045
3 4449 5744 1382
3 721 5899 2409
3 1532 1719 1381
3 833 834 831
3 859 860 858
3 352 2449 220
3 3773 5483 2515
3 2485 2848 2483
3 3686 4286 4042
3 418 3604 425
3 164 2405 166
3 3656 5779 2586
3 1526 1578 1525
3 3101 3961 3326
3 4683 5946 2245
3 3746 5490 3748
3 1948 5454 1887
3 649 5129 740
3 937 5407 935
3 4826 5912 1029
3 2256 5548 2255
3 3130 3878 409
3 65 67 66
3 256 257 255
3 306 2153 304
3 1 3 2
3 736 748 747
3 3210 5593 2602
3 3991 5430 2925
3 2516 2519 2518
3 3383 3388 3387
3 1352 5741 662
3 1846 5272 2380
3 3646 5828 3644
3 1190 5469 1246
3 1550 5592 2087
3 932 5408 3260
3 2573 5500 2792
3 1441 1443 1323
3 574 5530 573
3 154 2171 156
3 2016 2377 2305
3 3154 3155 3153
3 3664 5441 3663
3 1054 5576 1057
3 171 980 169
3 2625 2684 2626
3 2331 2609 2330
3 954 1017 1010
3 1513 2168 1575
3 827 4780 826
3 1216 5487 1215
3 5220 5396 3667
3 5287 5401 5181
3 304 5687 302
3 246 4655 248
3 1269 2089 1314
3 615 5750 1469
3 938 5446 939
3 4446 5488 1293
3 1408 1409 1399
3 1927 2275 1928
3 1725 6112 4301
3 2025 5729 5637
3 2560 3188 1760
3 2840 5231 1908
3 213 262 220
3 557 5919 2002
3 5573 5650 3678
3 3671 5370 2440
3 1854 1856 1855
3 1053 1055 1054
3 1214 1216 1215
3 1691 5536 5310
3 4434 6268 4433
3 187 640 185
3 2738 2740 2739
3 4987 5513 4986
3 2679 4173 2680
3 1821 5272 1846
3 509 5503 2099
3 3171 5551 3167
3 3699 5548 2256
3 5221 5458 3161
3 2094 2274 2273
3 662 664 663
3 491 493 492
3 988 5418 723
3 1686 5528 1525
3 769 2096 767
3 1692 1694 1693
3 1395 5433 1252
3 1549 1558 1433
3 3577 5993 5927
3 4182 4183 588
3 911 1353 1205
3 3452 4176 3894
3 2911 3319 2912
3 2861 3663 2547
3 538 5427 536
3 905 969 968
3 2961 4027 3458
3 1301 5375 1393
3 3805 3855 2939
3 3615 5507 2766
3 3308 5823 5782
3 3928 5423 4025
3 775 776 774
3 4020 5559 3177
3 2483 5696 2481
3 1880 1882 1881
3 781 787 786
3 121 4845 316
3 3869 3891 3227
3 1022 1023 983
3 3938 4234 3939
3 989 5979 5136
3 1502 2078 1500
3 2780 3032 2781
3 4931 5515 1280
3 1041 1043 1042
3 1214 1215 1170
3 4078 4079 3917
3 1194 1259 1258
3 400 401 399
3 2503 2827 2502
3 3822 5590 2751
3 2010 5672 5496
3 1467 5637 1664
3 302 521 300
3 2324 2369 2147
3 148 5524 2289
3 2326 2700 2296
3 2534 2911 2724
3 2746 6049 4947
3 3334 5550 3213
3 2551 5502 3026
3 2161 5557 5417
3 1308 1374 1307
3 1406 1961 1491
3 5571 5590 3822
3 1549 1559 1558
3 2438 5506 2351
3 2861 3664 3663
3 1396 5771 1398
3 1262 1308 1307
3 2499 2843 2138
3 1694 2157 1746
3 2425 2875 2300
3 4191 6223 2118
3 1698 5974 1648
3 2417 2448 2447
3 284 6418 365
3 1057 5576 3325
3 3181 3810 2938
3 1167 5602 1168
3 2673 2925 2674
3 3723 5416 3256
3 2990 4950 3316
3 1038 1312 1023
3 3394 4491 3391
3 1265 5642 2615
3 1834 5257 1833
3 936 940 938
3 1527 5513 5021
3 1620 5108 2012
3 1714 1718 1574
3 5682 5793 5361
3 1208 5375 1301
3 668 670 669
3 718 719 716
3 2881 2927 2538
3 22 24 23
3 4753 4755 4754
3 1919 5513 1527
3 2065 5547 2067
3 999 1001 997
3 1828 1830 1829
3 1262 1307 1261
3 4316 4319 4318
3 1010 5697 1074
3 3267 5584 1294
3 905 968 846
3 2873 5472 5152
3 6220 6246 1874
3 3100 5667 3098
3 5698 5728 2108
3 2848 5696 2483
3 397 4068 400
3 40 43 42
3 1869 5330 2238
3 3688 3697 3687
3 3034 3889 2601
3 1064 5964 4582
3 2440 5370 1915
3 2684 2916 2626
3 1050 5476 4501
3 4167 6350 2431
3 972 973 913
3 2351 5506 2668
3 3977 5661 5559
3 612 3500 597
3 1893 1894 1751
3 1057 3325 1059
3 3592 5518 4166
3 5491 5625 2750
3 1935 5014 1926
3 1441 1550 1443
3 2813 5590 3125
3 5016 5462 2192
3 123 5485 125
3 5381 5472 2873
3 1944 5489 1043
3 491 2158 493
3 818 819 817
3 1451 5579 5443
3 5200 5871 2528
3 2392 3115 2819
3 2828 5602 4864
3 1802 5610 642
3 2278 2300 2104
3 603 5824 602
3 666 668 667
3 125 1962 127
3 4170 5671 5605
3 1375 1434 1364
3 4611 4612 3135
3 2091 5419 1548
3 4149 6618 951
3 480 481 479
3 125 5485 1962
3 279 4956 277
3 174 176 175
3 3870 5520 3090
3 2675 5564 3499
3 4922 5803 5727
3 1910 5478 1800
3 723 5418 1200
3 474 5588 2604
3 799 1065 797
3 228 230 227
3 3744 6099 5973
3 2201 4494 1612
3 1345 5492 1531
3 421 1799 424
3 3435 3778 3210
3 2021 5541 5480
3 1162 5623 1438
3 4448 5726 1271
3 1620 2012 1673
3 1584 2282 1798
3 1476 5030 1474
3 2716 3435 3210
3 1259 2866 1258
3 3672 5605 3671
3 161 164 163
3 2122 5395 1434
3 1889 5527 2210
3 775 777 776
3 5588 5589 2604
3 2718 3674 3673
3 4920 5761 5063
3 3234 5529 5360
3 2203 5577 2091
3 2413 5546 2802
3 4764 5478 4421
3 5158 5579 3966
3 4840 5826 5712
3 500 6035 435
3 543 588 546
3 1286 5496 4814
3 92 1330 94
3 3254 5607 3685
3 2960 3677 3249
3 3600 6163 5518
3 954 5650 1017
3 785 3293 783
3 3285 3937 3936
3 2113 5725 1491
3 2535 2536 2520
3 1389 3267 1294
3 912 972 913
3 940 5445 2597
3 1337 5692 2025
3 2465 3049 3048
3 836 2283 841
3 2764 5507 3000
3 3275 5492 1257
3 5071 5525 5072
3 3350 5646 3218
3 1531 5492 5271
3 1172 5440 1075
3 4432 5026 4434
3 2876 3688 3687
3 2216 2217 2215
3 1320 5628 1488
3 1398 1399 1397
3 1870 5534 2074
3 5820 5831 4971
3 1083 5341 1211
3 135 2140 137
3 706 4380 703
3 4370 5535 3204
3 238 239 237
3 949 950 947
3 5810 5982 5200
3 3164 5620 5563
3 4332 5489 4334
3 2085 2334 2333
3 1244 5676 2079
3 4038 5754 4041
3 2646 5705 3305
3 849 893 892
3 1317 2332 973
3 2257 5688 2474
3 3224 3893 2786
3 1868 5534 1870
3 2960 5500 3677
3 380 5460 3044
3 1347 1404 1285
3 1664 5544 5023
3 4355 4693 3362
3 3492 5533 3837
3 1475 1476 1474
3 5259 5521 2078
3 5442 5655 4745
3 3289 3291 3290
3 3256 5607 3254
3 895 5531 896
3 2098 5767 3547
3 209 2423 211
3 4835 5557 2161
3 3244 5522 4992
3 1895 5368 1898
3 3234 5552 5529
3 2466 5516 3302
3 1898 5368 3265
3 746 5543 755
3 1315 1380 1280
3 1324 1535 1442
3 442 5510 2036
3 929 1240 930
3 4387 5824 5260
3 903 1014 902
3 3707 5592 1442
3 1318 1566 1317
3 1598 1600 1599
3 946 949 947
3 5247 5618 3689
3 3479 5541 3266
3 870 2190 751
3 5759 6671 288
3 1083 1211 1209
3 1291 5487 5297
3 4546 5769 2329
3 6201 6215 4615
3 2486 2487 2485
3 5723 5764 2003
3 3418 5573 3420
3 2110 5531 917
3 843 912 879
3 5383 5428 4563
3 1169 5514 2915
3 794 796 795
3 3115 3299 2819
3 5524 5704 3283
3 4922 5727 4921
3 1765 5542 1763
3 478 479 477
3 3482 4925 4192
3 2358 5459 1790
3 2510 5663 4468
3 1811 4705 1808
3 5040 5586 4360
3 2474 5688 3047
3 969 1062 968
3 1284 1346 1285
3 476 477 475
3 1978 5581 1693
3 334 5699 331
3 652 5367 738
3 3288 5105 2629
3 5457 5522 2656
3 1215 5487 1291
3 974 5554 1076
3 3669 5644 4955
3 3929 5835 5783
3 4830 5560 1719
3 5413 5883 4477
3 383 4191 2118
3 3664 5675 5598
3 2830 5528 1686
3 2776 5546 2413
3 2909 5652 1728
3 710 712 711
3 71 72 70
3 4804 5620 3164
3 1442 5592 1441
3 784 788 785
3 1076 5554 1207
3 1450 2100 1652
3 1169 1984 1062
3 1940 5913 1989
3 587 5530 4851
3 5480 5541 3660
3 4325 6123 3764
3 1895 1896 1894
3 2673 2674 2349
3 1083 1209 1151
3 5336 5691 3382
3 2480 2482 2481
3 735 1272 729
3 905 3323 969
3 2982 5714 2894
3 1574 5405 1423
3 4878 5952 3335
3 1966 5591 564
3 4687 6153 3400
3 687 5654 689
3 3384 5546 2776
3 1265 2615 1288
3 24 26 25
3 2067 5547 2457
3 3803 6224 6165
3 1711 5602 2828
3 1936 2503 2502
3 5327 5723 2003
3 295 6179 4337
3 3594 5518 3592
3 1683 1692 1684
3 968 2532 846
3 1423 5405 1517
3 1477 1538 1478
3 662 663 661
3 2453 3153 1676
3 2818 5672 2037
3 523 5641 510
3 1538 1555 1539
3 2242 5630 5629
3 183 2193 181
3 2608 5330 2004
3 3006 5797 4129
3 2462 5516 2466
3 2416 2417 2075
3 2577 5718 5056
3 2708 5349 3223
3 2679 2680 1706
3 715 717 716
3 2673 5631 3019
3 4425 4426 1401
3 5498 5875 1654
3 995 5475 993
3 970 5364 3242
3 1846 2380 2249
3 2766 5507 2764
3 1986 5526 5509
3 2405 5595 5321
3 5310 5543 746
3 470 5588 474
3 4550 6146 4108
3 2749 3573 2936
3 168 170 169
3 6465 6606 3684
3 4819 5658 3275
3 811 2240 809
3 3164 5563 3165
3 1525 5528 1523
3 176 177 175
3 4106 6071 5919
3 1471 1570 1473
3 2760 2762 2761
3 1030 1083 1082
3 4671 6102 2721
3 3397 5747 3537
3 822 905 846
3 2599 6028 4626
3 1815 2134 1813
3 2584 3496 3495
3 641 5610 3457
3 2656 5522 3313
3 4985 5529 2663
3 3930 5874 3925
3 2259 6051 1645
3 1886 5459 4887
3 5420 5803 3250
3 1893 1895 1894
3 3307 5949 5161
3 1684 5581 2807
3 3716 5626 4056
3 5179 5561 5387
3 3445 4142 4045
3 1078 5596 998
3 5530 5604 4851
3 2900 3379 3377
3 2009 5457 2183
3 478 480 479
3 4027 4323 3458
3 1833 5257 5033
3 2465 3048 2463
3 1163 2729 1333
3 1979 2278 2104
3 2250 4670 3340
3 3253 5567 3251
3 630 631 629
3 3988 6102 3995
3 2575 5774 5189
3 812 814 813
3 2673 3019 2925
3 69 70 68
3 3678 5777 3441
3 4003 4053 3910
3 583 5616 1064
3 802 804 803
3 5481 5631 2348
3 670 672 671
3 1268 5726 1259
3 3707 5740 5592
3 2818 5787 5672
3 1526 1579 1578
3 1206 1208 1148
3 2584 3495 1677
3 1392 1457 1357
3 2074 3289 2416
3 4954 5565 5225
3 3314 3722 2916
3 3375 5775 4356
3 4073 5523 4075
3 1030 1082 1029
3 2458 5562 5431
3 1895 1897 1896
3 2031 5668 5269
3 992 994 993
3 107 2146 109
3 1206 5584 1208
3 1076 1207 1206
3 5358 5407 1160
3 632 633 631
3 3289 3290 2416
3 4989 5823 2044
3 1655 2560 1760
3 1257 5492 1345
3 2938 5614 2926
3 1435 5618 5247
3 790 792 791
3 5198 5678 5380
3 3167 5551 3084
3 272 5853 274
3 2380 2467 2249
3 5706 5715 5318
3 3239 5566 4969
3 2425 2876 2875
3 1066 1317 973
3 4538 5722 1816
3 919 6244 5174
3 5293 5707 3917
3 122 264 120
3 2729 3349 1333
3 5136 6207 6024
3 823 5339 825
3 3955 3956 3954
3 482 485 483
3 596 4664 141
3 5463 5606 4012
3 205 1009 207
3 489 491 490
3 738 5367 1986
3 2806 5570 2379
3 2074 5534 3289
3 487 489 488
3 5036 5482 4144
3 537 5587 1260
3 4875 6313 3503
3 3304 5597 1182
3 5436 5624 3240
3 1027 1688 1146
3 1946 6821 4177
3 784 785 783
3 718 720 719
3 5908 5909 3903
3 143 2391 145
3 730 736 735
3 2232 2234 2233
3 852 903 902
3 634 5883 636
3 728 730 729
3 1730 5096 1641
3 3410 6053 5917
3 5342 5516 2068
3 4394 5746 4392
3 2122 6362 6015
3 170 171 169
3 952 1228 878
3 3226 3869 3227
3 5363 5585 5169
3 3503 5578 3268
3 5161 5770 2855
3 5538 5679 3238
3 3720 5552 3234
3 541 4181 543
3 5308 5523 4073
3 3699 5688 5548
3 800 802 801
3 664 665 663
3 2546 5596 1078
3 3775 3819 3818
3 3763 5766 3761
3 3770 3771 2983
3 779 781 780
3 5492 5658 5271
3 1254 1375 1364
3 2334 2747 2333
3 3292 5758 3942
3 3774 3775 3065
3 2344 5590 2813
3 1492 1493 1407
3 705 706 703
3 6169 6220 4779
3 512 5641 2340
3 4482 6767 4262
3 2881 3848 2927
3 5226 5536 4960
3 47 49 48
3 3621 3822 2751
3 2479 5594 3104
3 516 5703 527
3 4421 5478 3112
3 941 5446 938
3 1359 5537 1020
3 2926 3355 2681
3 5322 5585 2070
3 3125 5571 3772
3 972 1066 973
3 2661 3112 2338
3 485 487 486
3 5827 5846 3930
3 1759 2018 1541
3 166 168 167
3 540 2272 538
3 3213 5550 3447
3 1714 1979 1718
3 1926 5014 1925
3 1411 1412 1305
3 2068 5516 2462
3 995 5539 5475
3 1836 1838 1837
3 1400 1401 1024
3 2609 2627 2330
3 2589 5539 1001
3 5310 5536 5226
3 820 821 819
3 5338 5710 4733
3 3181 6034 5838
3 535 5587 537
3 593 5997 592
3 2310 2311 2116
3 3586 5720 3584
3 1076 1206 1148
3 1269 1314 1270
3 236 237 235
3 21 5925 4688
3 3929 5783 3927
3 3848 3849 2927
3 822 823 821
3 2870 5782 3257
3 773 775 774
3 1728 2138 1726
3 1873 5768 1872
3 382 2170 381
3 5647 5697 3691
3 5263 5545 5128
3 1557 6744 6128
3 857 859 858
3 1073 5600 959
3 774 5801 5026
3 1936 2502 2421
3 1687 5865 5831
3 3275 5658 5492
3 5056 5598 2342
3 5312 5574 5364
3 2674 2677 2349
3 5298 5579 1451
3 5643 5758 3292
3 2715 6561 4233
3 3317 5608 2779
3 5360 5529 4985
3 540 5468 2272
3 2467 4670 2249
3 2070 5585 5363
3 3291 5728 3735
3 5387 5561 5049
3 949 5650 954
3 3533 5601 2864
3 3084 5551 3405
3 808 967 810
3 1710 6430 45
3 3791 5819 3792
3 5365 5735 4448
3 5126 5606 2253
3 3677 5636 3249
3 23 5925 21
3 2072 5704 152
3 1498 6601 6583
3 1237 1277 1239
3 2183 5457 2656
3 5056 5718 5713
3 1823 1824 1818
3 1060 5686 1058
3 3394 5689 4491
3 3293 5622 783
3 855 1803 1155
3 959 5600 900
3 2684 3314 2916
3 1858 5923 1860
3 838 5558 835
3 4863 5608 4862
3 134 2032 132
3 1471 1473 1472
3 1229 1231 1230
3 5345 5647 3691
3 2860 5574 5312
3 5318 5715 1140
3 1617 1618 1616
3 1584 1798 358
3 3250 5803 5504
3 4578 5681 3008
3 412 3577 410
3 3268 5330 2608
3 3657 4670 2467
3 5769 5825 3705
3 3133 5649 3898
3 2704 6697 4138
3 3306 5797 2561
3 152 5704 5524
3 4661 5624 5436
3 3443 5777 5455
3 5714 5755 3802
3 1208 5584 5375
3 5142 5629 3680
3 862 5684 4874
3 168 169 167
3 4032 5809 3472
3 1692 1693 1684
3 4268 5667 3100
3 787 826 786
3 1294 5584 1206
3 2862 5675 2861
3 3220 5850 3780
3 2310 2804 2311
3 1728 5652 2328
3 5462 5757 3133
3 1492 1975 1494
3 3697 3698 3687
3 626 5610 641
3 389 2617 388
3 642 5610 626
3 991 5820 920
3 5433 5676 1248
3 1301 1392 1357
3 468 5588 470
3 2321 2415 2414
3 2376 4876 1012
3 1158 5642 1265
3 1341 5657 1219
3 1362 1479 1363
3 1937 5655 5442
3 5129 5692 740
3 1581 6469 4295
3 3701 5863 3702
3 2424 6760 4199
3 5295 6243 51
3 1474 5030 2329
3 1406 5599 1961
3 2153 5687 304
3 1852 1854 1853
3 1979 2104 1718
3 2031 5904 5668
3 2783 5822 3498
3 4990 5633 2584
3 2384 5877 4416
3 1920 5635 1855
3 1441 5592 1550
3 1798 5817 3011
3 1471 1472 1341
3 5462 5835 5757
3 1854 1855 1853
3 858 5282 856
3 1332 1450 1449
3 2926 5614 3356
3 4409 6069 4101
3 3959 3991 2925
3 2911 2912 2724
3 5434 5909 5908
3 1852 1853 1851
3 525 2501 529
3 4337 5708 4338
3 3285 3938 3937
3 1491 5725 1492
3 272 273 267
3 514 547 520
3 4201 6548 2937
3 693 694 692
3 5594 5821 3104
3 1410 1596 1595
3 498 5860 2269
3 4582 5651 3245
3 2386 5798 1561
3 728 729 727
3 3240 5624 4631
3 627 4668 643
3 839 5640 4461
3 5269 5668 3197
3 2924 3430 2664
3 2868 5856 4984
3 3283 5704 3920
3 1198 5647 5345
3 2290 5632 2687
3 1229 1230 1228
3 5822 6100 3498
3 5332 5859 2503
3 3101 4148 3961
3 257 4320 1628
3 5380 5678 3276
3 4923 5900 4924
3 2859 5386 2780
3 1001 5539 997
3 1816 5722 1810
3 996 998 997
3 1606 5944 4345
3 886 5684 860
3 960 989 977
3 3959 4244 3991
3 2025 5637 1467
3 2750 5625 5099
3 1602 1604 1603
3 803 2169 801
3 4405 5979 989
3 527 5703 5304
3 1908 5231 1551
3 3816 5555 3624
3 2796 5452 2147
3 2694 3184 2360
3 2310 5788 2805
3 166 167 165
3 3008 3016 2454
3 2253 5606 5463
3 1790 5459 1886
3 1975 1976 1494
3 474 476 475
3 1182 5597 1223
3 4886 6057 315
3 829 4247 832
3 4456 6312 3605
3 208 1386 206
3 664 666 665
3 5504 5803 4922
3 992 993 991
3 788 790 789
3 5260 5824 603
3 859 1598 886
3 3287 3288 2629
3 1304 1305 1271
3 1295 5655 1937
3 1262 1310 1308
3 3811 5614 2938
3 4851 5604 4602
3 829 830 827
3 2108 5728 5534
3 2003 5764 5129
3 911 1205 910
3 2140 5656 4585
3 1989 5788 1991
3 643 5367 652
3 3679 5839 4516
3 2729 5802 4022
3 594 3398 613
3 1168 5602 1711
3 2532 5538 5339
3 631 5603 2555
3 5330 5578 2238
3 5304 5648 3116
3 3047 5634 3415
3 903 1015 1014
3 1043 1045 1044
3 818 820 819
3 3267 5611 5584
3 1046 5685 1044
3 427 522 431
3 5253 5526 1986
3 842 3339 824
3 476 478 477
3 372 759 370
3 4971 5831 3719
3 1157 5515 978
3 4485 5954 5328
3 3671 5605 5502
3 690 5654 687
3 3147 5616 581
3 173 5669 171
3 4226 5575 4228
3 730 735 729
3 2926 3356 3355
3 316 5485 123
3 5320 5852 3237
3 82 84 83
3 1041 1042 1040
3 3013 5577 2203
3 857 4848 859
3 2696 5880 3782
3 3769 3770 2983
3 5499 5512 1297
3 3727 4059 3100
3 5751 5752 1595
3 2267 6661 4223
3 42 5879 41
3 2528 5871 5144
3 433 6035 1797
3 179 269 177
3 1991 5788 2310
3 4262 5987 5359
3 1055 5576 1054
3 4253 6722 1929
3 5058 5511 1735
3 1207 1294 1206
3 2584 5633 3496
3 2037 5672 2010
3 581 5616 583
3 4091 4532 2790
3 5209 5863 3701
3 276 5818 278
3 2493 5645 2657
3 3120 5832 4478
3 5271 5658 2577
3 1580 1759 1541
3 2484 2486 2485
3 4668 5367 643
3 4539 5680 3036
3 2328 5652 3845
3 1002 1070 1004
3 783 5622 771
3 5544 5607 3256
3 820 822 821
3 4553 5664 4836
3 822 846 823
3 2931 3851 1329
3 5150 5615 2303
3 946 947 945
3 1880 1881 1879
3 3034 4202 3889
3 1693 5581 1684
3 696 3421 698
3 5089 6475 5090
3 2190 5682 5361
3 3303 5856 5167
3 3706 5723 5574
3 1207 1295 1294
3 4058 5665 3220
3 1413 1580 1541
3 3272 5659 3273
3 3676 6711 4352
3 2580 5661 2579
3 1492 5725 1975
3 267 6215 6201
3 2362 5862 5525
3 2436 3008 2454
3 3314 4036 3722
3 5240 5900 2359
3 798 800 799
3 698 699 697
3 823 825 824
3 3567 5870 4197
3 917 5531 895
3 912 4941 3238
3 1325 5603 633
3 843 4941 912
3 390 391 389
3 251 2455 1030
3 1855 5635 1853
3 920 5792 692
3 1783 6066 4617
3 823 824 821
3 3103 4903 1235
3 4304 6572 2300
3 5265 5794 2775
3 1209 5705 1299
3 760 762 761
3 1396 1398 1397
3 925 926 924
3 1231 1232 1230
3 2876 3686 2875
3 923 925 924
3 4863 5526 3318
3 1722 6515 104
3 2417 5638 2814
3 3326 5808 1984
3 3420 5573 3678
3 997 5539 995
3 925 927 926
3 3334 5910 5550
3 130 623 128
3 1535 1876 1729
3 2702 5778 2129
3 5588 5717 5589
3 3691 5697 5243
3 810 812 811
3 5364 5574 3242
3 4233 6508 2715
3 1208 1301 1286
3 3121 5612 4082
3 1362 5790 1480
3 5597 5855 2353
3 107 5711 2146
3 5206 5861 3224
3 2328 2499 2138
3 3533 5709 5601
3 5238 5806 3666
3 1702 2473 1644
3 236 238 237
3 1411 5752 1413
3 1194 1258 1193
3 957 1024 956
3 2329 5657 1472
3 4887 5674 2556
3 889 891 890
3 303 6448 307
3 2340 5703 516
3 4183 5553 588
3 6369 6702 5681
3 3742 5914 3743
3 2729 4021 3349
3 1271 5726 1268
3 927 929 928
3 2417 2447 2075
3 4598 5951 5943
3 3160 3627 3626
3 3815 5742 2788
3 2026 5793 5537
3 1295 1390 1389
3 3016 3017 2454
3 1301 1357 1286
3 633 5603 631
3 3326 5903 5808
3 998 5596 999
3 151 154 153
3 3337 5952 5533
3 4057 6179 293
3 3813 5660 3922
3 2079 5408 1240
3 573 5530 587
3 164 166 165
3 1413 1541 1412
3 1267 4731 1269
3 126 2327 124
3 5405 5745 5238
3 1473 1474 1472
3 5475 5865 1687
3 1610 2201 1612
3 4648 5698 2108
3 257 1628 255
3 3202 5875 3200
3 1509 5846 1511
3 5660 6515 3922
3 3938 3939 3937
3 1655 5623 2560
3 241 4701 1959
3 1535 1729 1442
3 1596 1733 1595
3 588 5553 546
3 3098 5667 3548
3 820 5690 822
3 171 5669 980
3 1304 5700 4665
3 2635 5789 5175
3 773 774 772
3 3008 5681 4113
3 1858 6331 5923
3 900 5600 3189
3 1614 5108 1617
3 3520 5896 3522
3 5351 5763 3721
3 5016 5835 5462
3 202 1197 199
3 2122 6015 5395
3 1044 1061 1042
3 1740 6121 6086
3 788 789 785
3 2092 5693 2130
3 5801 5991 4434
3 3731 5725 5724
3 3539 5897 3542
3 3664 5713 5441
3 769 5622 2096
3 825 5339 4941
3 1472 5657 1341
3 773 5702 2634
3 2892 5891 1026
3 4858 6699 2649
3 3490 5939 4102
3 5225 5683 5226
3 1825 5677 1818
3 3200 5875 5498
3 3867 6619 4202
3 837 838 835
3 71 74 73
3 5411 5412 3618
3 2482 2484 2483
3 2861 5675 3664
3 2095 5717 466
3 4464 5720 3586
3 2848 6064 6041
3 740 5692 1337
3 2512 5669 173
3 5636 5712 3477
3 5216 5689 3394
3 1360 5683 5225
3 198 6077 265
3 5721 5890 332
3 1643 2259 1645
3 3570 5998 4968
3 5404 6473 3661
3 5464 5988 2034
3 3430 5768 2664
3 2616 6145 4236
3 3851 6193 6010
3 2905 5653 2502
3 5715 5727 5191
3 510 5641 512
3 770 773 772
3 254 255 253
3 1802 5754 5610
3 2303 5822 2302
3 2416 5638 2417
3 2139 2771 2665
3 5846 5874 3930
3 3382 5691 3383
3 5525 5862 3341
3 2328 2500 2499
3 1015 1195 1014
3 3761 5719 3759
3 43 44 42
3 998 999 997
3 1410 1411 1305
3 5171 5718 4819
3 1664 5607 5544
3 2688 6371 4511
3 1171 5647 1198
3 2435 5576 1055
3 1620 1621 1619
3 4306 5970 1597
3 454 5857 544
3 405 2367 654
3 694 920 692
3 889 890 866
3 2581 5690 820
3 2485 5059 2848
3 2486 5613 2490
3 1815 5677 2134
3 3298 5924 4987
3 5550 5910 966
3 1346 1347 1285
3 1969 5618 1421
3 3180 4842 3228
3 1074 1171 1075
3 1405 5734 2270
3 1818 5677 1815
3 3646 5911 5828
3 2366 5714 5693
3 855 5933 1803
3 1438 5623 1655
3 5099 5804 5098
3 835 5558 834
3 1208 1286 1148
3 2190 5796 5716
3 3249 5636 3477
3 5441 5713 5171
3 605 5816 614
3 5605 5671 3026
3 1351 1396 1395
3 5397 5747 3396
3 4735 5747 5397
3 395 398 397
3 3315 5612 3121
3 1728 2328 2138
3 636 5883 5413
3 2937 6644 4201
3 814 815 813
3 542 5468 540
3 3683 5763 5351
3 5672 5787 4790
3 1030 5341 1083
3 3857 5910 3336
3 2892 6000 5891
3 1299 5705 2646
3 4790 5787 4752
3 1027 6044 1688
3 2874 5934 5022
3 699 700 697
3 796 798 797
3 263 6394 5494
3 2481 5696 5230
3 4605 5568 3190
3 383 2118 382
3 5626 5996 4056
3 4864 5662 5509
3 940 942 941
3 870 5682 2190
3 3457 5754 4038
3 4921 5706 4920
3 3301 5706 5318
3 1213 1238 1237
3 944 946 945
3 2700 5643 2296
3 2556 5701 4989
3 3410 5917 3319
3 5534 5728 3289
3 296 5772 2191
3 1043 1044 1042
3 790 791 789
3 4271 6468 1710
3 705 708 707
3 2733 5829 2386
3 5610 5754 3457
3 2190 5716 751
3 923 924 922
3 47 48 46
3 3383 5691 3388
3 4690 5940 3656
3 385 387 386
3 2788 5742 2625
3 1207 5655 1295
3 982 1022 983
3 1362 1363 1289
3 1184 1185 1172
3 1248 5676 1244
3 742 5869 2172
3 3388 5691 5246
3 930 5408 932
3 5713 5718 5171
3 1158 1264 1263
3 1295 1389 1294
3 2296 5643 5368
3 302 5687 521
3 2780 5386 3032
3 4986 5513 2121
3 225 227 226
3 2366 5693 2092
3 1140 5715 5191
3 522 5860 431
3 2403 6698 4220
3 861 5282 858
3 5502 5605 3026
3 2894 5714 2366
3 4921 5715 5706
3 994 995 993
3 3584 5945 3582
3 298 5772 296
3 84 86 85
3 905 5690 3323
3 2692 6120 3241
3 712 715 713
3 1158 1263 1157
3 799 5864 1065
3 727 5810 2528
3 699 701 700
3 825 4941 843
3 2653 4006 3346
3 1171 1184 1172
3 871 5662 907
3 3276 5678 5346
3 3648 5911 3646
3 693 695 694
3 5304 5703 5648
3 5017 5762 3178
3 3809 5709 3533
3 3700 5634 3699
3 4987 5771 5021
3 1270 1271 1268
3 4091 5989 4532
3 45 46 44
3 2528 5810 5200
3 5136 5979 5135
3 3477 5712 4232
3 5368 5643 3265
3 4280 5969 3329
3 1850 5737 1843
3 664 5741 4930
3 5747 5894 3537
3 621 4707 627
3 278 5818 981
3 1342 5628 1320
3 518 6240 6158
3 1310 5749 2600
3 4478 5825 3269
3 4688 6020 2631
3 41 921 315
3 144 2277 142
3 4186 5859 4388
3 475 6076 472
3 865 1329 863
3 781 786 780
3 940 941 938
3 5191 5727 2029
3 2700 5758 5643
3 4936 5729 3681
3 2330 5724 2113
3 802 803 801
3 2363 5811 156
3 810 811 809
3 3189 6393 6029
3 942 944 943
3 1351 1395 1252
3 5668 5904 5076
3 842 5842 3339
3 4617 6103 1783
3 4567 6431 4568
3 3708 5918 5884
3 929 930 928
3 4968 6005 1589
3 951 5815 5814
3 627 4707 4668
3 468 5717 5588
3 2579 5661 2981
3 2106 5627 2105
3 1396 1397 1395
3 808 810 809
3 3917 5707 3915
3 979 1158 1157
3 1587 5951 5464
3 792 793 791
3 5761 5784 2358
3 1741 5720 4952
3 44 5984 2633
3 3053 5613 2484
3 4957 5918 2435
3 4733 5710 5398
3 2421 5653 2718
3 1610 1611 1609
3 2627 5724 2330
3 2121 5513 1919
3 2129 5778 2127
3 121 316 123
3 864 866 865
3 4714 6046 2616
3 4334 5858 4333
3 771 5622 769
3 286 5759 288
3 2088 2931 1329
3 3225 5738 4611
3 816 5736 818
3 1513 5827 2168
3 2350 6239 5751
3 927 928 926
3 5056 5713 5598
3 1421 5618 1435
3 650 651 644
3 800 801 799
3 5490 5914 2158
3 3746 5914 5490
3 792 794 793
3 20 1584 358
3 2036 5960 444
3 466 5717 468
3 3706 5764 5723
3 1026 5891 1015
3 487 5733 518
3 5375 5611 2575
3 1074 1075 1011
3 796 797 795
3 893 956 892
3 2033 6298 4376
3 812 813 811
3 2361 5740 2696
3 3318 5526 5253
3 5911 5937 4724
3 3268 5578 5330
3 1742 6553 4200
3 2721 5670 2425
3 5942 6570 5024
3 4573 5851 4866
3 5533 5952 1920
3 894 1193 850
3 709 714 707
3 994 996 995
3 818 5736 2581
3 156 5811 157
3 3257 5782 5701
3 3242 5723 5327
3 1411 1413 1412
3 5995 6031 4876
3 1211 5705 1209
3 5791 5838 3618
3 1718 5745 1574
3 2625 5742 2684
3 3396 5747 3397
3 3721 5872 3841
3 5574 5723 3242
3 4847 5764 3706
3 4223 6625 2267
3 3444 5758 2700
3 5584 5611 5375
3 619 5750 615
3 2693 5963 2370
3 751 5716 737
3 2239 5733 485
3 3026 5671 5353
3 251 1030 1029
3 2951 5956 3525
3 5503 5743 3742
3 662 5741 664
3 822 5690 905
3 3290 5638 2416
3 264 5695 4190
3 1574 5745 5405
3 415 416 414
3 3655 5735 5365
3 996 997 995
3 2158 5743 493
3 1259 5726 2866
3 2684 5742 3630
3 4392 5746 4396
3 4882 5837 5836
3 942 943 941
3 3537 5894 3539
3 2279 5745 1718
3 174 175 173
3 332 5890 4273
3 3744 5973 2826
3 3735 5698 3738
3 3802 5755 4295
3 1270 5700 1304
3 5438 5732 2818
3 1228 5842 878
3 2130 5693 2754
3 5674 5784 3300
3 3931 5757 3929
3 1543 2097 1682
3 2637 6565 3871
3 2148 5961 691
3 859 886 860
3 392 393 391
3 3441 5777 3443
3 3309 5898 2618
3 2825 5973 3338
3 696 697 695
3 5136 6024 989
3 4956 6612 6503
3 3269 5825 5769
3 1493 5734 1407
3 4855 5760 4857
3 493 5743 495
3 1260 6423 5881
3 157 160 159
3 608 6274 4503
3 5063 5761 2358
3 147 150 149
3 1347 1406 1405
3 446 5960 628
3 4597 5988 4598
3 5577 5763 3683
3 921 923 922
3 2718 5653 3674
3 241 1959 244
3 375 3561 373
3 3712 5732 5438
3 4288 6812 1077
3 72 272 267
3 537 1260 539
3 1358 6053 4898
3 794 795 793
3 2228 2231 2229
3 1386 5730 206
3 3099 3727 3100
3 4751 5982 1272
3 2801 5998 3570
3 5928 5941 3864
3 5289 6504 5290
3 3289 5728 3291
3 3630 6718 5902
3 5674 5701 2556
3 495 5743 5503
3 77 5901 75
3 6186 6248 5087
3 5189 5774 3303
3 1044 5685 1061
3 1398 5771 1592
3 5707 5811 3915
3 268 6022 188
3 983 3074 243
3 229 657 226
3 855 1155 844
3 921 922 315
3 764 5830 1498
3 5783 5835 2168
3 2621 5767 2098
3 1406 1407 1405
3 5698 5780 3738
3 331 5699 342
3 6007 6054 3524
3 3906 3907 3627
3 5625 6541 3845
3 1687 5831 5820
3 777 779 778
3 1391 2384 1561
3 1406 1491 1407
3 1491 1492 1407
3 860 5684 862
3 770 5702 773
3 3777 6013 5796
3 5763 5872 3721
3 2240 4798 809
3 4639 6093 4638
3 2146 5807 109
3 400 1640 402
3 3222 6142 4895
3 4022 5983 5488
3 3658 5645 2524
3 2855 5770 2854
3 6376 6752 4607
3 898 5682 870
3 1269 1270 1268
3 5724 5725 2113
3 2599 6250 5666
3 485 5733 487
3 892 894 850
3 406 6082 405
3 847 5833 813
3 1347 5599 1406
3 5338 5986 4258
3 3773 5938 5483
3 258 260 259
3 1959 5955 244
3 3927 5783 3930
3 323 5721 321
3 3269 5769 4546
3 1410 1595 1411
3 6031 6047 1287
3 4387 5947 5824
3 2232 2233 2229
3 4377 6575 4139
3 5464 5951 4598
3 1605 1606 1603
3 1240 5408 930
3 1265 1266 1264
3 760 2176 762
3 347 5987 4762
3 3713 3714 3470
3 3516 5218 3518
3 5161 5949 5779
3 4590 5819 4664
3 1310 1311 1308
3 2762 5781 5254
3 5856 5929 5167
3 2087 5740 2361
3 161 5805 164
3 979 1157 978
3 1288 1289 1266
3 2386 5829 5798
3 753 6621 4940
3 776 5801 774
3 86 88 87
3 1310 1322 1311
3 1629 6005 5117
3 5712 5826 4232
3 2144 5857 452
3 3308 5782 2870
3 705 707 706
3 1814 5999 1844
3 5992 6026 4345
3 5366 5842 1228
3 2139 2665 2664
3 4243 6288 2402
3 371 373 372
3 175 2512 173
3 931 5773 928
3 5431 5780 4648
3 602 5824 1717
3 5537 5682 898
3 5727 5803 2029
3 2502 5653 2421
3 2805 5788 3713
3 979 5642 1158
3 427 6511 522
3 3777 5796 5361
3 702 703 701
3 1757 2033 1878
3 5598 5713 3664
3 4460 6402 4459
3 1199 6241 4463
3 717 5899 718
3 564 5591 576
3 928 5773 926
3 5188 5841 3465
3 862 864 863
3 2168 5827 5783
3 798 799 797
3 131 5922 271
3 5372 5775 3375
3 2269 5860 4328
3 785 5812 3293
3 914 5786 889
3 2962 6517 5164
3 1589 6005 1588
3 5709 5789 2635
3 865 2088 1329
3 2130 2651 1560
3 1220 1302 1296
3 2172 6185 651
3 4570 6019 3599
3 3765 5980 5240
3 2357 5951 1594
3 3261 5776 5641
3 3804 6224 3803
3 1853 5635 5399
3 321 5721 332
3 2130 2754 2652
3 1407 5734 1405
3 2561 5797 3006
3 704 705 703
3 5641 5776 2340
3 5266 5794 5265
3 1843 5737 1840
3 3010 6006 5095
3 3332 6030 5406
3 3941 6620 6195
3 678 5848 679
3 2350 5751 1733
3 238 982 243
3 5448 5799 3426
3 5117 5998 2529
3 4099 6012 3412
3 4638 6038 5549
3 2227 5889 2236
3 2659 5929 2200
3 1155 5887 844
3 944 945 943
3 1733 5751 1595
3 217 2746 215
3 839 845 844
3 5076 5904 5074
3 3905 5908 3903
3 3666 5806 4603
3 1011 6060 1077
3 2874 5968 5934
3 49 51 50
3 1239 6171 1236
3 129 5922 131
3 100 608 103
3 4537 5877 1302
3 1618 6195 1685
3 1883 6028 2599
3 5786 6121 1740
3 1557 6128 1318
3 3901 5928 3864
3 1498 5785 766
3 2664 5768 1873
3 1721 5911 4724
3 4086 6375 307
3 4586 6366 4587
3 4138 6697 2288
3 804 805 803
3 233 236 235
3 288 289 287
3 2207 5801 776
3 2618 5898 388
3 385 386 384
3 5762 5852 3178
3 5562 5780 5431
3 5021 5513 4987
3 6247 6318 4469
3 849 892 850
3 1302 1381 1296
3 5361 5793 3763
3 2130 2652 2651
3 2624 6205 3007
3 1267 1269 1268
3 4522 6022 268
3 4416 5978 4555
3 5509 5662 871
3 2586 5779 3031
3 3352 6036 3806
3 4648 5780 5698
3 3915 5811 2363
3 1288 1362 1289
3 3155 6649 6413
3 2598 5848 681
3 789 5812 785
3 154 156 155
3 5587 6299 1260
3 2358 5784 5459
3 164 5805 2405
3 4321 6100 5822
3 3644 5828 3689
3 4782 6588 6183
3 15 2443 17
3 768 5702 770
3 4866 5851 5748
3 1740 6086 4405
3 5361 5796 2190
3 5696 6016 5230
3 14 1379 12
3 951 5814 945
3 910 5748 875
3 5808 5903 2532
3 3862 5941 5936
3 5954 6552 5328
3 4598 5988 5464
3 2737 6011 2736
3 2895 5817 1798
3 3032 5386 4209
3 1610 1612 1611
3 1366 5902 5901
3 5098 5804 3428
3 3939 6075 4096
3 2148 6074 5961
3 4638 6093 6038
3 2439 6066 1770
3 640 5840 185
3 7 2177 9
3 1171 1172 1075
3 1176 5812 789
3 1687 5820 991
3 4527 6202 4646
3 5644 5789 3809
3 1984 5808 1062
3 3472 5809 3473
3 3806 6107 4504
3 11 1159 13
3 4594 5873 4593
3 4302 6112 5123
3 111 517 113
3 614 5816 2076
3 3030 5775 5372
3 3047 5688 5634
3 2772 6122 3876
3 968 5808 2532
3 1751 6050 1750
3 1498 6583 5785
3 1391 1532 1381
3 2633 5879 42
3 3518 5218 3897
3 3525 6294 4944
3 387 388 386
3 2484 2485 2483
3 1532 5798 1720
3 3032 4209 4208
3 2308 5832 3120
3 850 5869 742
3 1912 6190 513
3 183 5840 2193
3 378 422 377
3 407 3130 409
3 5593 6701 3782
3 3013 5763 5577
3 2251 6168 4825
3 272 274 273
3 2139 2664 1873
3 3304 5855 5597
3 2591 5851 4622
3 4569 6414 5876
3 3719 5831 3718
3 3468 6052 5199
3 3968 6054 6007
3 2928 6189 6072
3 3325 5888 4846
3 5877 6000 4416
3 2302 5822 2783
3 3714 6564 4255
3 804 806 805
3 889 5786 891
3 699 702 701
3 3131 6070 3798
3 4680 5968 2874
3 83 2402 81
3 3680 5839 3679
3 2524 5645 2493
3 3618 5838 3617
3 4998 5799 5448
3 4882 5836 4883
3 1604 1605 1603
3 4516 5871 3711
3 624 6480 4906
3 4232 5826 4258
3 2029 5803 5420
3 5266 6302 5795
3 4412 6500 3037
3 1024 5990 2817
3 3409 6047 6031
3 777 778 776
3 4044 5583 3069
3 2405 5805 5293
3 231 232 230
3 856 5933 855
3 521 5868 300
3 3507 6061 3505
3 3160 3906 3627
3 232 6721 1742
3 3295 6131 5283
3 1600 5866 3122
3 206 5730 204
3 5247 5828 1721
3 5830 6601 1498
3 1204 5749 1262
3 5399 5635 4878
3 3686 6037 4286
3 4199 6760 3907
3 690 5792 5654
3 169 5921 167
3 6322 6358 3957
3 5831 5865 3718
3 2044 5823 5352
3 3504 6236 4203
3 5936 5957 3790
3 5732 5787 2818
3 1772 6066 1783
3 3834 6040 3836
3 5680 5844 3036
3 2168 5835 5016
3 4152 6068 4150
3 1200 6257 724
3 3698 6037 3687
3 1024 2817 956
3 3228 5920 2627
3 811 5833 2240
3 813 5833 811
3 274 5853 1933
3 2665 2924 2664
3 1607 1610 1609
3 5080 6080 5082
3 4866 5748 910
3 2947 4999 2946
3 1510 6089 1508
3 3712 5982 5732
3 1262 5749 1310
3 4006 4007 3346
3 555 5919 557
3 1511 5827 1513
3 4948 6079 2746
3 2455 5341 1030
3 6108 6433 3499
3 806 808 807
3 3511 6007 3524
3 4727 6156 1306
3 5917 6053 1358
3 3762 6073 4263
3 4101 6069 3027
3 3764 6073 3760
3 2627 5920 5724
3 943 5814 3270
3 3913 6058 3914
3 3887 5882 4993
3 5732 5982 4751
3 4735 5894 5747
3 6209 6212 2678
3 3013 5872 5763
3 2484 5613 2486
3 729 5810 727
3 3906 4199 3907
3 3339 5893 824
3 2233 5889 2229
3 5627 5628 2105
3 256 258 257
3 3957 6358 3955
3 3656 5940 5770
3 2961 5847 4027
3 4237 6706 3838
3 3718 5865 3776
3 8 1922 6
3 3522 6245 3739
3 3925 5874 3905
3 1654 5883 634
3 2615 5790 1288
3 3512 3513 3510
3 2981 5661 3977
3 4626 6028 4698
3 2652 5583 2651
3 696 698 697
3 452 5857 454
3 2780 2781 639
3 3778 6806 4407
3 3804 6271 6224
3 5533 6067 3837
3 5412 5791 3618
3 75 5901 2576
3 2228 2229 2227
3 5669 6372 980
3 5634 5688 3699
3 2276 5909 5434
3 99 101 97
3 4987 5924 5771
3 4435 5905 4379
3 873 6612 4956
3 3617 6034 5994
3 3781 5872 3013
3 2359 5900 4923
3 2391 6249 4483
3 271 5922 5390
3 3224 5861 4137
3 3178 5852 5320
3 3867 5880 3707
3 46 5984 44
3 4240 5870 3567
3 5757 5835 3929
3 4569 5876 5546
3 4964 5943 2357
3 2678 6212 4727
3 111 5807 517
3 185 5840 183
3 4334 5930 5858
3 945 5814 943
3 5074 5971 5075
3 860 862 861
3 2136 6157 1861
3 3036 5844 4662
3 5104 6279 2632
3 1366 5901 77
3 2125 6115 2701
3 225 228 227
3 4263 6013 3777
3 5765 6252 4310
3 1302 5877 1391
3 158 6385 4726
3 1302 1391 1381
3 4004 6032 4005
3 5994 6034 2083
3 4379 5905 4996
3 96 2412 98
3 109 5807 111
3 5724 5920 3731
3 5696 6041 6016
3 3879 6164 4706
3 4244 6707 258
3 4002 6113 3550
3 4257 5986 4259
3 4848 5866 1598
3 6495 6812 4288
3 150 5765 151
3 3475 6043 3377
3 2064 6104 2670
3 1391 1561 1532
3 3400 5869 1193
3 5352 5862 2362
3 29 3376 27
3 4984 5856 5774
3 5628 5975 1488
3 223 225 224
3 6288 6523 1366
3 105 5711 107
3 394 4673 391
3 3243 5859 5332
3 4582 5964 5651
3 5326 6097 5325
3 5067 5889 2233
3 1272 5810 729
3 3549 6113 4029
3 2778 6098 3317
3 5666 6250 4429
3 768 5785 5702
3 2231 2232 2229
3 779 780 778
3 838 5887 5558
3 5253 5367 4668
3 3411 6012 5143
3 1265 1288 1266
3 2781 5993 639
3 1604 1607 1605
3 798 6166 800
3 2176 6581 5830
3 3851 6010 1329
3 3962 5903 3326
3 702 2643 704
3 227 229 226
3 1803 5933 2930
3 3864 5941 3862
3 5659 5873 3273
3 982 983 243
3 801 5864 799
3 806 807 805
3 4404 6118 3730
3 6561 6755 4233
3 4736 5950 2589
3 5973 6099 4924
3 2669 6210 3344
3 3342 6017 2739
3 127 6023 129
3 3493 5989 4933
3 3897 5896 3520
3 175 5878 2512
3 5186 6466 6275
3 4503 6170 608
3 1391 5877 2384
3 395 397 396
3 3273 5885 4964
3 33 1326 31
3 3920 5843 5562
3 5701 5782 4989
3 808 809 807
3 1193 5869 850
3 844 5887 838
3 3309 6223 5898
3 4596 5885 4594
3 167 6059 165
3 364 5972 146
3 4909 6532 4908
3 34 2152 36
3 1158 1265 1264
3 1607 1608 1605
3 845 856 855
3 3745 6103 4617
3 5902 6523 3630
3 4473 6394 112
3 4209 6198 4208
3 5823 5862 5352
3 821 5893 819
3 1607 1609 1608
3 4741 6289 3604
3 4813 5936 1791
3 3884 6117 2714
3 1812 5999 1814
3 3321 5890 3670
3 3184 5946 4683
3 2260 6050 1894
3 96 6078 2412
3 4076 6168 3017
3 5008 6137 4635
3 3608 6402 3911
3 5576 5888 3325
3 4141 6192 3517
3 2185 5846 1509
3 2193 5926 181
3 1844 5894 4735
3 3968 6007 3513
3 5539 5892 5475
3 5815 6004 5814
3 518 6039 489
3 5314 5887 1155
3 4376 6368 2033
3 3705 5825 4894
3 3809 5789 5709
3 4813 5957 5936
3 5022 5858 2763
3 2772 2780 639
3 3542 5897 4128
3 4477 5875 3202
3 1181 6123 4325
3 4358 6694 2976
3 5216 6437 2327
3 5783 5827 3930
3 89 650 644
3 6760 6809 3907
3 216 218 217
3 177 5878 175
3 693 696 695
3 2169 5864 801
3 269 5878 177
3 1986 5367 5253
3 4706 6164 4656
3 3763 5793 5766
3 5766 5793 2026
3 2002 6071 4911
3 2176 5830 762
3 780 5915 778
3 1288 5790 1362
3 866 5916 865
3 800 6150 802
3 4821 5941 5928
3 98 6001 100
3 5196 6244 919
3 839 844 838
3 982 6258 2678
3 1015 5891 1195
3 3342 6031 5995
3 3690 6014 5472
3 5115 6674 2245
3 4150 6068 3800
3 2685 6026 2217
3 1062 5808 968
3 4762 6439 4408
3 1863 6283 2136
3 3313 5964 3890
3 5936 5941 1791
3 5885 5943 4964
3 1598 5866 1600
3 2204 5913 1940
3 2088 6029 3603
3 5390 5922 3783
3 3470 5356 3088
3 2659 6036 5929
3 3336 5910 3334
3 234 5906 4341
3 4652 6355 4651
3 80 81 79
3 4821 5928 2276
3 2715 6357 657
3 3903 5909 3901
3 3847 6678 5384
3 5770 5940 2854
3 245 2117 242
3 4301 6112 4302
3 1431 6597 6401
3 4596 5943 5885
3 3891 6027 3227
3 5760 6020 3376
3 1218 6084 4998
3 3570 6100 4321
3 221 223 222
3 878 5842 842
3 4239 6814 1696
3 3898 6730 6727
3 5451 5904 2031
3 3743 5914 3746
3 5415 6108 5414
3 2134 5886 1813
3 5839 6230 5295
3 5891 6000 4537
3 285 2571 283
3 4855 6020 5760
3 681 5848 678
3 415 418 417
3 4211 5939 3490
3 4827 5912 4826
3 762 5830 764
3 5546 5876 2802
3 2760 5781 2762
3 4236 6145 5800
3 2619 6147 2620
3 4292 6518 1283
3 1857 6067 1920
3 4810 5996 2733
3 2370 5963 2196
3 4437 5962 713
3 252 254 253
3 5562 5843 5780
3 1703 6051 2204
3 3907 6809 4309
3 3674 6607 3717
3 3871 6565 5422
3 6581 6601 5830
3 3340 6793 5187
3 2901 6018 2900
3 258 6666 4244
3 3319 5917 3830
3 2261 6092 759
3 5028 5994 2083
3 4784 6199 4786
3 59 600 61
3 2763 5781 2760
3 2564 6139 4994
3 5665 5850 3220
3 5733 6240 518
3 3674 6492 4496
3 1860 5923 2458
3 1791 5941 4821
3 4309 6225 3627
3 3731 5920 3732
3 231 233 232
3 5904 5971 5074
3 4669 6606 6465
3 778 5915 2207
3 906 6131 4667
3 2589 5950 5892
3 6351 6775 2170
3 864 865 863
3 3819 6176 3818
3 4132 6096 3710
3 388 5898 386
3 5924 5932 1592
3 5549 5930 4334
3 3494 6136 4034
3 5971 6048 5075
3 3093 6247 3092
3 1195 5891 4537
3 4749 6389 6308
3 845 855 844
3 2589 5892 5539
3 214 216 215
3 3357 6174 3358
3 2789 6142 3659
3 3184 6767 4482
3 2435 5918 5888
3 4333 5934 4335
3 4169 6667 6257
3 179 5926 269
3 5890 6016 4273
3 300 5868 298
3 5157 5924 3298
3 5828 5911 1721
3 3862 5936 3790
3 30 1173 32
3 2928 6072 5366
3 3868 6755 4566
3 1413 5752 2151
3 5039 6267 3444
3 6278 6796 3066
3 290 6671 293
3 3261 5980 5776
3 2868 5929 5856
3 2109 6591 4083
3 597 5997 593
3 222 1675 219
3 3002 5845 2321
3 980 5921 169
3 3454 6197 4370
3 6128 6744 3983
3 2508 5954 4485
3 3183 5927 2781
3 5393 6745 4489
3 3345 6233 4238
3 718 5899 721
3 1967 6534 4768
3 3788 5937 3648
3 5780 5843 3738
3 5892 5950 3776
3 5824 5947 1717
3 190 6222 192
3 6654 6717 3347
3 3329 5969 3481
3 5434 5908 2185
3 2913 6148 5400
3 1640 5756 402
3 2435 5888 5576
3 5564 6108 3499
3 3710 6096 4708
3 4015 5949 3307
3 1671 6128 2909
3 2222 6356 2287
3 4308 6819 1424
3 4808 6062 4119
3 5135 5979 3348
3 4555 6053 3410
3 4598 5943 4596
3 5645 6522 2657
3 6041 6064 4274
3 840 5915 780
3 4724 5937 2208
3 3788 5957 5937
3 708 6045 2103
3 4373 6571 4374
3 2723 6172 2914
3 860 861 858
3 2086 6259 4536
3 5282 5933 856
3 2185 5874 5846
3 692 5792 690
3 4031 6182 4442
3 4181 5881 4184
3 6067 6157 3837
3 5923 6331 3921
3 1212 6127 1358
3 195 201 193
3 3790 5957 3788
3 231 1938 233
3 298 5868 5772
3 387 390 389
3 1920 6067 5533
3 4002 6531 6113
3 78 79 77
3 399 1428 396
3 907 1021 1020
3 5490 6158 3748
3 1605 5944 1606
3 2109 6141 590
3 491 6039 2158
3 407 408 406
3 2532 5903 5538
3 2229 5889 2227
3 4344 6155 4347
3 2158 6039 5490
3 62 655 60
3 2209 5944 1608
3 4258 5986 4257
3 218 221 219
3 74 75 73
3 1561 5798 1532
3 3565 5932 5157
3 1592 5932 5028
3 1717 5947 4530
3 1934 6608 5612
3 5937 5957 2208
3 76 77 75
3 4255 6564 2204
3 6129 6351 2118
3 41 315 39
3 251 1029 249
3 4221 6184 3419
3 5932 5994 5028
3 3565 5994 5932
3 3582 5945 3826
3 2200 5929 2868
3 3707 5880 5740
3 5774 5856 3303
3 766 5785 768
3 5944 5992 4345
3 5740 5880 2696
3 3962 6610 4575
3 3987 6784 5002
3 2739 6017 2737
3 437 6324 500
3 214 215 212
3 444 5960 446
3 5514 6819 4308
3 4802 6807 6350
3 5795 6109 1604
3 3755 6219 4454
3 1844 5999 5897
3 1813 5886 1811
3 2968 6154 2895
3 3469 5985 4654
3 3335 5952 3337
3 3548 5959 5278
3 2508 6090 5954
3 1287 6047 4736
3 390 392 391
3 3885 6095 698
3 3738 5948 3737
3 5779 5949 3031
3 4274 6064 4275
3 5631 5849 3019
3 3515 6192 5184
3 5799 6084 5867
3 4594 5885 5873
3 5873 5885 3273
3 3882 6777 3332
3 1594 5951 1587
3 520 5965 525
3 5075 6048 5078
3 416 639 414
3 6065 6533 4340
3 3780 6196 2977
3 824 5893 821
3 4094 6101 4095
3 254 256 255
3 3794 6346 6314
3 5157 5932 5924
3 2848 6041 5696
3 5219 6359 2301
3 4230 6684 5596
3 5771 5924 1592
3 37 2636 35
3 3776 5950 4816
3 5778 6115 2127
3 3826 6214 3580
3 404 407 406
3 4532 5989 3493
3 2208 5957 4813
3 4691 5940 4690
3 3643 6216 4071
3 4028 6216 3641
3 3071 6234 4269
3 94 6078 96
3 1508 6114 1506
3 5858 5930 2763
3 4859 6589 5837
3 3605 5981 3299
3 3182 5956 2951
3 5483 5938 3724
3 2264 6323 1623
3 1399 6261 2073
3 3376 5925 27
3 5946 6550 4051
3 4216 6584 6343
3 1121 6186 2111
3 4249 6221 3521
3 1401 5990 1024
3 2826 5973 2825
3 393 395 394
3 3405 6183 3083
3 4600 5988 4597
3 3409 6031 3342
3 272 5854 5853
3 5667 5959 3548
3 5416 6777 3882
3 4481 6380 6293
3 5796 6013 3212
3 3923 6792 5850
3 4433 6630 1891
3 4898 5978 2892
3 1663 6773 4441
3 3635 6768 4928
3 2701 6255 2123
3 56 1540 54
3 3440 6231 4221
3 4136 6775 6351
3 4335 5968 4560
3 4289 6231 3442
3 5950 6047 4816
3 1534 6208 1913
3 416 2772 639
3 2237 6198 2218
3 4095 6432 4770
3 1946 6386 1079
3 3935 6162 3934
3 702 704 703
3 20 358 18
3 1994 6211 2557
3 5934 5968 4335
3 3850 6239 4832
3 4172 6006 3009
3 5341 6187 1211
3 3524 6054 5219
3 5858 5934 4333
3 6036 6107 3806
3 3577 6082 410
3 533 6008 535
3 6015 6362 3953
3 5670 6102 3988
3 5819 6249 2391
3 2376 5995 4876
3 4897 6384 4966
3 576 594 593
3 696 5961 3421
3 3519 6221 4141
3 4410 6821 1946
3 862 863 861
3 1912 6420 6190
3 5414 6108 3479
3 4736 6047 5950
3 1428 6346 6229
3 181 5926 179
3 5000 6237 4905
3 3504 6352 6236
3 1648 5974 2288
3 2706 6232 4728
3 2217 6026 2215
3 3689 5828 5247
3 2211 5992 2209
3 5814 6004 3270
3 3724 6154 3725
3 5929 6036 5167
3 6532 6654 4908
3 3311 6285 4200
3 5731 6349 1197
3 3066 6331 1856
3 49 50 48
3 5475 5892 5865
3 4253 6284 3531
3 5898 6223 4191
3 4035 6121 4248
3 1597 5970 4267
3 592 5997 2637
3 3070 6188 3243
3 5200 5982 3712
3 525 5965 2501
3 3896 6546 5149
3 4419 6203 228
3 5595 6106 5321
3 4357 6280 3228
3 3306 6296 4958
3 5633 6004 3496
3 1440 6387 4418
3 4801 6813 3936
3 3899 6727 6704
3 4758 6345 2594
3 5649 6730 3898
3 3338 5980 3261
3 5451 5971 5904
3 1238 6002 1237
3 705 6045 708
3 4143 6253 4312
3 1694 6519 4944
3 4604 6311 3190
3 1200 6551 5671
3 5194 6413 2281
3 3783 6138 3451
3 2478 6301 3003
3 3370 6596 6482
3 3044 6342 4979
3 4713 6352 3874
3 5634 5976 3415
3 3009 6006 3010
3 5644 6467 496
3 569 6141 4528
3 3832 6262 3834
3 5627 5975 5628
3 1237 6002 1277
3 4363 6139 2564
3 4442 6311 4604
3 3617 5994 3565
3 412 5993 3577
3 3296 6235 3422
3 3461 6285 3051
3 3523 6298 4249
3 4503 6274 3805
3 3069 5583 2652
3 3898 6727 3899
3 2594 6345 2593
3 3154 6266 3345
3 2695 6206 3401
3 2613 6371 2688
3 652 738 737
3 6052 6577 5531
3 3227 6027 4420
3 6268 6449 4433
3 5248 6456 365
3 1867 6322 1865
3 2236 6173 2225
3 4659 6180 4671
3 1144 5971 5451
3 979 6024 5642
3 4582 6412 1064
3 225 226 224
3 3821 6404 4139
3 4177 6494 6386
3 4317 6008 585
3 425 4472 419
3 66 2188 64
3 5874 5908 3905
3 6683 6704 5477
3 2223 6173 2230
3 1811 5886 4705
3 3321 6016 5890
3 4003 5935 4053
3 5272 6296 3306
3 5961 6074 3421
3 244 5955 246
3 6518 6678 3847
3 5865 5892 3776
3 1913 6261 1409
3 5022 5934 5858
3 2454 6168 2251
3 865 5916 2088
3 5285 6210 3278
3 3785 6210 5285
3 4891 6106 5595
3 4158 6276 3553
3 2529 5998 2801
3 3157 6686 4566
3 4103 6277 3489
3 3487 6277 4289
3 4816 6047 3409
3 4609 6391 4610
3 2276 5928 5909
3 2237 6642 4208
3 5841 6130 3465
3 5909 5928 3901
3 435 6035 433
3 3077 6228 3741
3 224 6357 5410
3 1757 6307 2033
3 594 595 593
3 3530 6284 3808
3 2321 5845 2415
3 1125 6248 1123
3 6122 6305 3876
3 4727 6212 6156
3 5456 6384 2246
3 1546 6275 1744
3 1588 6005 1629
3 2185 5908 5874
3 248 250 249
3 4401 6289 3035
3 4000 6580 4946
3 5705 6009 3305
3 4944 6631 1694
3 5382 6776 4205
3 871 907 898
3 397 399 396
3 2271 6159 2382
3 4876 6031 1287
3 5472 6014 5473
3 5359 5987 347
3 5149 6546 2178
3 2593 6234 2595
3 3858 6552 5954
3 2412 6001 98
3 410 6082 406
3 3212 6013 4684
3 188 6022 190
3 6029 6393 4129
3 4077 6325 3697
3 3500 5997 597
3 5953 6201 4615
3 2763 5930 5781
3 2166 6324 439
3 861 6010 5282
3 1144 6048 5971
3 3412 6012 3411
3 5230 6016 3321
3 4189 6065 4339
3 372 6110 760
3 2631 6020 4855
3 6072 6189 5663
3 228 231 230
3 55 2242 57
3 5043 6281 3445
3 5651 5964 3313
3 418 419 417
3 2768 6376 3615
3 3483 6228 2851
3 254 1446 256
3 3810 6479 3811
3 640 5931 5840
3 2733 5996 5626
3 5321 6106 599
3 3599 6019 3601
3 5630 6230 5629
3 5395 6015 3182
3 5167 6036 3352
3 4122 6264 4121
3 1543 6226 2097
3 5124 6333 5125
3 5969 6111 3481
3 3798 6070 6011
3 216 217 215
3 691 5961 693
3 3647 6397 4123
3 2898 6316 3064
3 5078 6126 5080
3 4376 6298 3740
3 3798 5995 2376
3 1506 6114 1741
3 4525 6022 4522
3 1016 6044 1027
3 5300 6353 5299
3 1645 6051 1703
3 4303 6335 2947
3 3971 6372 5204
3 66 5953 2188
3 595 5942 611
3 368 6084 1218
3 134 6177 2032
3 1358 6127 5917
3 5186 6275 1427
3 100 6001 608
3 6048 6126 5078
3 144 5972 2277
3 2445 6364 3192
3 834 6422 831
3 4325 6134 1238
3 760 6110 2176
3 4567 6651 266
3 4966 6502 4897
3 59 6033 600
3 286 288 287
3 977 6024 979
3 1880 6368 2424
3 791 6338 1176
3 4943 6519 2184
3 2492 6205 2294
3 3385 6028 1883
3 2817 6055 956
3 6366 6622 4587
3 907 1020 898
3 693 5961 696
3 1329 6010 863
3 1608 5944 1605
3 2073 6310 1397
3 4246 6151 4505
3 46 6144 5984
3 535 6008 5587
3 2178 6338 793
3 1962 6023 127
3 5057 6733 4065
3 441 6471 2166
3 3828 6345 4758
3 5055 6042 5054
3 4007 6570 5942
3 246 248 247
3 2083 6034 4838
3 989 6024 977
3 223 224 222
3 4040 6343 4039
3 5349 6304 3223
3 4537 6000 5877
3 3700 5976 5634
3 3505 6332 3480
3 3785 6315 2912
3 4924 6099 2439
3 4729 6753 1352
3 4438 6235 1585
3 2450 6032 4817
3 3199 6362 5261
3 892 6055 894
3 639 5993 414
3 3491 6348 3857
3 4273 6041 4274
3 5433 6310 4103
3 27 5925 23
3 738 751 737
3 5285 6315 3785
3 5113 6670 6502
3 3426 6377 3015
3 2802 6326 3544
3 6009 6187 3665
3 3545 6347 3709
3 4802 6350 3675
3 3687 6037 3686
3 1610 6109 2201
3 4754 6354 2497
3 3344 5975 5627
3 86 87 85
3 4164 6250 4626
3 5843 5948 3738
3 375 6406 3561
3 547 5965 520
3 6198 6356 2220
3 4616 6716 1562
3 4642 6448 301
3 5406 6030 1992
3 88 89 87
3 5303 6132 6003
3 1536 6323 1662
3 5629 6230 3680
3 290 293 292
3 3462 6045 704
3 3270 6004 5633
3 2736 6011 3784
3 4933 6546 4932
3 5184 6061 3507
3 4121 6217 1972
3 5317 6048 1144
3 2980 6120 2692
3 2746 6079 215
3 4161 6750 4844
3 472 6076 473
3 4908 6654 3347
3 4430 6756 2650
3 6245 6460 3739
3 6010 6193 5282
3 2969 6383 2978
3 591 6471 443
3 5775 6268 5991
3 2991 6270 4460
3 3752 6363 3754
3 5978 6000 2892
3 4157 6070 3131
3 303 307 305
3 6207 6218 2615
3 414 5993 412
3 3914 6058 3918
3 221 222 219
3 553 6489 1316
3 5975 6242 1488
3 699 6095 702
3 2136 6262 6157
3 504 6661 451
3 5838 6034 3617
3 146 5972 144
3 5440 6060 1075
3 2112 6305 423
3 5150 6791 6506
3 2216 6750 2237
3 5995 6017 3342
3 1084 6353 5326
3 2191 6479 5791
3 97 6152 95
3 6038 6093 5254
3 1328 6295 4695
3 4896 6384 4897
3 2829 6292 5280
3 5886 6165 4705
3 885 6297 4473
3 48 6144 46
3 244 246 245
3 3800 6068 3799
3 4430 6751 2291
3 4844 6750 2213
3 1211 6009 5705
3 489 6039 491
3 2432 6101 2399
3 239 241 240
3 3467 6052 3468
3 4728 6090 2508
3 4756 6063 3461
3 1264 6578 5532
3 4338 6091 722
3 6167 6242 5975
3 1770 6066 1772
3 5023 6373 2184
3 4071 6397 3645
3 2947 6335 4999
3 1894 6050 1751
3 5224 6407 3614
3 3137 6311 3138
3 2724 6315 2725
3 4139 6575 4140
3 5404 6336 5403
3 89 644 87
3 3732 6178 4545
3 124 6125 122
3 2694 6767 3184
3 1002 6684 1070
3 3775 6124 3820
3 5507 6341 4914
3 3027 6069 3322
3 2887 6399 3793
3 4829 6590 3723
3 585 6008 533
3 3836 6040 3957
3 2207 5991 5801
3 1326 6175 31
3 4900 6455 3725
3 315 6057 39
3 3404 6349 3460
3 3377 6043 3378
3 4369 6613 499
3 2032 6370 132
3 5082 6080 5087
3 6352 6408 3874
3 37 6057 2636
3 2343 6367 189
3 2998 6408 2999
3 3662 6473 5816
3 2976 6694 2850
3 3510 6007 3511
3 2242 6033 57
3 6050 6763 1750
3 702 6095 2643
3 3573 6272 2936
3 704 6045 705
3 3760 6073 3762
3 738 752 751
3 4981 6795 4348
3 3436 6327 4097
3 6176 6633 3818
3 4451 6530 2841
3 165 6059 234
3 79 6288 1366
3 4235 6075 3939
3 863 6010 861
3 1204 6386 5749
3 3772 6652 4220
3 3421 6074 4358
3 2956 6401 3829
3 29 6175 3376
3 659 6561 2715
3 3976 6599 6270
3 1688 6123 1146
3 3037 6526 4414
3 806 6303 808
3 371 372 370
3 2900 6018 3379
3 4528 6608 1934
3 4144 6253 4143
3 3007 6085 3814
3 1859 6067 1857
3 4416 6000 5978
3 6205 6740 3007
3 5066 6512 4940
3 196 6077 198
3 3846 6081 3815
3 2230 6321 2221
3 2895 6154 5938
3 4899 6455 4900
3 4017 6629 6464
3 3767 6427 3950
3 418 425 419
3 3460 6349 5731
3 4509 6078 1330
3 3892 6734 6336
3 5699 6327 342
3 65 1378 67
3 5642 6207 2615
3 3877 6440 4019
3 4065 6724 5057
3 6349 6457 1197
3 3890 6436 2712
3 4155 6204 5841
3 1075 6060 1011
3 1431 6401 1697
3 82 83 81
3 4254 6818 670
3 2267 6566 447
3 752 871 870
3 1947 6089 1510
3 5532 6578 4641
3 4678 6552 1073
3 4220 6698 3772
3 6016 6041 4273
3 2971 6689 3769
3 4100 6087 4099
3 4225 6738 4230
3 449 6661 2267
3 5416 6373 5544
3 3830 6242 3438
3 4705 6165 1999
3 3866 6449 3029
3 3451 6138 3449
3 4097 6327 5699
3 455 6733 5057
3 1938 6203 4562
3 4316 6442 4319
3 264 6125 5695
3 752 870 751
3 3037 6500 2610
3 5254 6093 2913
3 3910 6405 4376
3 5897 5999 4128
3 3667 6443 2135
3 3835 6513 3990
3 3856 6482 5007
3 956 6055 892
3 337 6388 6043
3 3095 6461 2705
3 4617 6099 3744
3 871 898 870
3 3833 6403 3831
3 2605 6443 3607
3 594 613 595
3 5251 6660 2993
3 3886 6493 6152
3 501 6728 463
3 2987 6098 2778
3 273 6215 267
3 4243 6523 6288
3 904 6133 5510
3 2867 6715 4159
3 5549 6038 5930
3 3481 6111 4925
3 4892 6106 4891
3 6413 6649 4133
3 5842 6072 3339
3 4374 6421 4375
3 2998 6463 6408
3 759 6092 370
3 2557 6634 5070
3 218 219 217
3 2191 6498 294
3 3882 6373 5416
3 5059 6064 2848
3 953 6733 457
3 284 286 285
3 4489 6745 4488
3 1424 6819 1292
3 1742 6721 6553
3 5343 6094 4271
3 5760 6330 4857
3 369 6092 3613
3 5290 6457 3720
3 4965 6502 4966
3 5781 6038 5254
3 3550 6113 3549
3 4 6132 5303
3 5317 6126 6048
3 445 6566 591
3 2066 6104 2064
3 1929 6722 488
3 4256 6815 2915
3 1859 6157 6067
3 4208 6642 3183
3 3376 6175 5760
3 2914 6598 4810
3 405 6082 2367
3 5113 6502 2496
3 3747 6103 3745
3 3979 6424 5285
3 5325 6097 2148
3 5228 6107 2659
3 2027 6416 5236
3 3498 6100 4424
3 5930 6038 5781
3 356 6379 1384
3 122 6125 264
3 3513 6007 3510
3 3370 6482 3371
3 3374 6482 3856
3 6019 6182 3601
3 2127 6115 2125
3 422 6406 377
3 250 251 249
3 239 240 237
3 3211 6477 3622
3 4203 6236 5736
3 285 6151 2571
3 407 409 408
3 3398 6544 5095
3 2680 6208 1706
3 2636 6088 35
3 5917 6127 3830
3 2209 5992 5944
3 1318 6128 1671
3 3696 6521 1216
3 4295 6803 3801
3 3725 6455 2920
3 3791 6249 5819
3 3218 6501 2810
3 3796 6492 2905
3 4956 6329 277
3 459 6731 953
3 3101 6815 4148
3 3944 6420 3943
3 3730 6118 5109
3 1330 6078 94
3 4017 6464 5386
3 2714 6117 3700
3 4248 6121 5786
3 2300 6572 2104
3 2136 6283 6040
3 6138 6213 3449
3 3870 6660 5251
3 1784 6472 1781
3 3427 6516 3310
3 215 6079 212
3 4517 6116 401
3 292 6179 295
3 4913 6512 4912
3 4123 6514 3787
3 4895 6142 2789
3 6113 6531 1970
3 5116 6651 4567
3 5902 6718 6081
3 1781 6472 5286
3 2934 6619 1876
3 953 6731 5423
3 3281 6468 3280
3 2111 6126 5317
3 3431 6196 6191
3 187 6367 640
3 4697 6189 2928
3 5868 6520 3811
3 3561 6110 373
3 3741 6462 3079
3 241 244 242
3 3631 6434 3933
3 393 394 391
3 4252 6528 3964
3 2615 6218 5790
3 5139 6133 904
3 3351 6145 4447
3 477 6531 475
3 3096 6534 5300
3 613 5942 595
3 4754 6478 3315
3 3736 6300 5638
3 3865 6508 4233
3 2319 6535 3002
3 84 85 83
3 4108 6146 4367
3 2688 6477 5273
3 1604 6109 1607
3 3963 6808 4207
3 1306 6156 4639
3 1146 6123 1181
3 3293 6741 6537
3 3747 6135 6103
3 5556 6258 236
3 5508 6768 3635
3 2197 6548 5163
3 5555 6209 5556
3 3883 6611 5382
3 673 6762 1890
3 3610 6129 3429
3 1954 6578 1266
3 1607 6109 1610
3 231 6203 1938
3 5916 6029 2088
3 3855 6371 2939
3 395 396 394
3 4635 6137 4980
3 310 6529 1276
3 1420 6773 1663
3 1488 6171 1239
3 5869 6153 2172
3 370 6092 369
3 3958 6799 5177
3 3926 6746 5423
3 72 267 70
3 3789 6514 4125
3 3479 6108 5564
3 68 5953 66
3 2301 6359 530
3 5477 6704 4879
3 4695 6725 2261
3 3839 6380 4480
3 2327 6125 124
3 3339 6072 5663
3 2659 6107 6036
3 698 6095 699
3 1025 6538 462
3 6023 6138 3783
3 3155 6413 3153
3 665 6772 4565
3 1236 6127 1212
3 1692 6519 1694
3 5423 6746 953
3 1741 6114 5945
3 6161 6664 3908
3 6106 6320 599
3 3863 6625 4223
3 248 249 247
3 5283 6131 4168
3 4026 6648 3869
3 4882 6592 5837
3 4850 6411 4318
3 753 6441 428
3 2315 6486 2317
3 5585 6532 4909
3 4093 6430 4092
3 2937 6548 2195
3 5092 6558 2888
3 4300 6675 4515
3 1395 6310 5433
3 33 6088 1326
3 4202 6700 3867
3 3908 6664 4252
3 5382 6611 1025
3 5736 6236 2581
3 4183 6429 5553
3 4023 6559 3349
3 3465 6130 4547
3 4065 6746 3924
3 3665 6187 3446
3 2910 6600 5206
3 5153 6263 5154
3 6089 6214 3826
3 2721 6102 5670
3 5007 6422 3856
3 1756 6756 2291
3 2111 6186 6080
3 1290 6561 661
3 2563 6539 2566
3 5591 6544 3398
3 2642 6411 4850
3 3872 6640 3984
3 5751 6344 5752
3 4641 6641 3859
3 3809 6467 5644
3 3749 6135 3747
3 3408 6140 3128
3 3541 6659 3538
3 2650 6756 1877
3 3749 6169 6135
3 1861 6157 1859
3 947 6495 951
3 1781 6743 1779
3 4352 6711 4351
3 984 6772 667
3 826 6677 786
3 6206 6439 4762
3 1964 6697 2704
3 4223 6705 3900
3 3934 6162 5235
3 373 6110 372
3 1694 6631 2157
3 2822 6526 3037
3 282 284 283
3 5286 6743 1781
3 4483 6252 150
3 115 6293 117
3 464 6538 2095
3 3868 6686 5292
3 528 6359 562
3 5053 6785 5166
3 590 6141 569
3 1722 6594 5147
3 4786 6617 5239
3 3904 6724 4065
3 6078 6251 2412
3 2600 6569 1322
3 758 6591 2109
3 4565 6772 4069
3 2499 6708 2844
3 2620 6147 3427
3 3327 6695 3005
3 3911 6485 3343
3 5366 6072 5842
3 1696 6814 1436
3 5002 6784 2400
3 4447 6444 4446
3 2432 6574 4353
3 3972 6790 3971
3 3226 6462 4026
3 2288 6697 1875
3 5152 6690 5153
3 830 6422 5007
3 5199 6395 5678
3 3774 6124 3775
3 2273 6500 2431
3 1077 6812 955
3 3920 6676 3919
3 2301 6627 5219
3 2148 6097 6074
3 3464 6269 3462
3 4646 6202 2491
3 4125 6625 3861
3 460 6776 1025
3 246 247 245
3 3794 6314 2619
3 237 6381 235
3 2382 6159 2976
3 4238 6233 5313
3 4345 6155 4344
3 3552 6452 3173
3 4505 6628 610
3 1922 6132 6
3 605 6811 5816
3 3625 6680 3247
3 3175 6739 3842
3 6213 6256 3416
3 3771 6419 2983
3 5400 6148 3817
3 5313 6233 2100
3 130 6370 623
3 5422 6565 3434
3 5396 6530 3667
3 966 6166 798
3 3503 6390 5578
3 5551 6771 4383
3 417 6122 416
3 3438 6167 3785
3 3857 6166 5910
3 1025 6776 5382
3 728 6667 906
3 2649 6699 2377
3 1383 6469 1581
3 4201 6644 3875
3 6350 6807 3199
3 2942 6686 3157
3 4626 6250 2599
3 5322 6532 5585
3 3748 6158 3750
3 5596 6684 999
3 6275 6466 4286
3 6132 6290 6003
3 896 6591 872
3 3853 6605 4146
3 6165 6224 1999
3 4202 6691 3889
3 2685 6321 4981
3 623 6425 128
3 486 6722 4454
3 802 6150 1018
3 6184 6188 3417
3 3435 6806 3778
3 4029 6579 4465
3 2402 6288 81
3 4509 6251 6078
3 3419 6184 3417
3 4200 6553 3840
3 126 6425 2327
3 2066 6255 6104
3 608 6170 103
3 1962 6213 6138
3 1217 6819 5514
3 208 6360 1386
3 3878 6164 3879
3 5815 6618 5976
3 399 6116 1428
3 57 6033 59
3 39 6057 37
3 5039 6736 6267
3 5562 6676 3920
3 3966 6663 3357
3 2218 6198 2220
3 4006 6570 4007
3 2930 6260 4527
3 2725 6172 2723
3 212 6079 210
3 3751 6169 3749
3 4564 6463 2998
3 2980 6337 6120
3 4129 6393 3704
3 6129 6223 3429
3 2097 6307 1682
3 3358 6174 3973
3 280 282 281
3 3894 6696 4004
3 200 6632 203
3 5487 6562 5297
3 4295 6800 1581
3 1448 6162 5499
3 3449 6213 3416
3 4104 6176 3819
3 5353 6551 3620
3 3778 6701 3210
3 3620 6551 5418
3 3838 6706 5452
3 5054 6785 5053
3 3798 6017 5995
3 293 6179 292
3 2722 6711 3676
3 4827 6340 5912
3 2982 6419 5755
3 5127 6481 5606
3 2444 6713 4212
3 4621 6763 6050
3 668 6446 670
3 3400 6153 5869
3 4515 6299 4514
3 3286 6541 5625
3 4999 6335 6147
3 1729 6619 3867
3 3812 6687 3099
3 1352 6753 6063
3 2046 6709 5069
3 3017 6168 2454
3 4906 6225 2189
3 2632 6227 5059
3 4702 6801 1959
3 4712 6745 1662
3 3943 6582 3968
3 3083 6183 3807
3 1361 6215 273
3 2299 6404 5466
3 1480 6396 1479
3 2219 6321 2685
3 4444 6820 2410
3 205 6693 1009
3 2225 6173 2223
3 2343 6637 5415
3 5845 6559 4023
3 3601 6182 4031
3 2841 6530 2840
3 5341 6453 6187
3 2294 6205 2624
3 4741 6788 6289
3 2117 6160 242
3 2594 6294 4758
3 3795 6781 6428
3 5816 6473 2076
3 3843 6604 3999
3 5878 6119 2512
3 5816 6811 4093
3 3356 6306 4154
3 3845 6769 5625
3 6401 6597 4269
3 3417 6188 3070
3 4353 6764 2432
3 4338 6172 6091
3 4899 6658 6455
3 5689 6425 623
3 6271 6374 5558
3 1637 6195 1618
3 651 6185 644
3 6334 6361 3466
3 3799 6197 3454
3 1123 6186 1121
3 6154 6282 3725
3 4006 6638 6570
3 4351 6711 2997
3 5084 6328 5086
3 5799 6287 3426
3 6 6132 4
3 6011 6070 3784
3 610 6628 289
3 4785 6199 4784
3 3723 6590 6030
3 2977 6196 3431
3 5617 6190 3947
3 2300 6692 4304
3 3779 6525 5043
3 5432 6180 4659
3 275 6329 1361
3 4080 6801 3573
3 432 6621 753
3 6351 6587 4136
3 5108 6470 2012
3 52 6144 48
3 241 242 240
3 3002 6559 5845
3 6158 6240 3750
3 4348 6795 6136
3 5945 6114 3826
3 3333 6414 5972
3 1799 6511 424
3 3278 6210 2669
3 3517 6192 3515
3 5087 6328 5084
3 6042 6474 5054
3 2697 6206 2695
3 5440 6410 6060
3 2033 6368 1878
3 4892 6320 6106
3 2450 6366 6032
3 513 6190 505
3 5906 6300 3736
3 4697 6273 6189
3 2169 6347 5864
3 5864 6347 4188
3 6156 6212 3817
3 3816 6212 6209
3 287 6151 285
3 3501 6207 5136
3 3627 6225 3626
3 2460 6211 1994
3 3751 6220 6169
3 420 6122 417
3 4374 6470 6421
3 3756 6219 3755
3 1706 6208 1534
3 3817 6212 3816
3 105 6170 5711
3 244 245 242
3 1943 6197 5032
3 1999 6224 5314
3 191 6637 2343
3 2112 6440 6305
3 6040 6283 3957
3 3580 6214 3578
3 5921 6790 3972
3 3344 6167 5975
3 3480 6218 3501
3 3641 6216 3643
3 6440 6547 4019
3 136 6177 134
3 5663 6189 4468
3 6134 6181 1238
3 5882 6757 4993
3 6356 6464 2287
3 5154 6263 5156
3 3152 6244 5196
3 3704 6484 3858
3 3092 6273 4697
3 6045 6269 2103
3 4749 6308 3459
3 4140 6415 5374
3 6203 6527 4562
3 5963 6664 2198
3 4371 6810 3241
3 6328 6378 5086
3 3416 6256 5173
3 3521 6221 3519
3 3147 6656 5616
3 1404 6643 5000
3 5392 6415 4140
3 4275 6227 4277
3 3429 6223 3309
3 420 6305 6122
3 6549 6652 5571
3 3033 6161 3908
3 4905 6237 3693
3 3293 6537 5622
3 1156 6586 6485
3 3753 6220 3751
3 6076 6489 473
3 192 6222 975
3 8 6435 1922
3 2595 6234 3071
3 3732 6280 6178
3 5485 6256 6213
3 5187 6232 2706
3 3501 6218 6207
3 3857 6348 6150
3 6185 6309 644
3 3851 6260 6193
3 2264 6696 6323
3 1481 6226 1543
3 3442 6231 3440
3 3054 6595 3912
3 1378 6204 67
3 724 6257 726
3 5485 6213 1962
3 2402 6602 4242
3 6060 6410 4766
3 4419 6527 6203
3 5896 6245 3522
3 35 6088 33
3 3695 6732 4361
3 3838 6649 4237
3 3891 6714 4313
3 5981 6503 3299
3 6018 6600 3379
3 4019 6547 4213
3 1379 6567 12
3 2240 6389 4798
3 1698 6434 5974
3 6680 6752 3246
3 5910 6166 966
3 4541 6752 6680
3 3739 6460 3909
3 2851 6228 3077
3 2100 6233 5127
3 6506 6791 4809
3 3295 6510 6131
3 280 281 279
3 278 280 279
3 3750 6240 3752
3 505 6190 5617
3 3816 6209 5555
3 6189 6273 4468
3 2978 6657 3160
3 6190 6420 3947
3 2994 6609 2803
3 5976 6618 3415
3 3753 6246 6220
3 5184 6396 6061
3 2151 6585 4805
3 267 6201 70
3 15 6556 2443
3 291 6498 610
3 5206 6600 6018
3 3045 6426 4730
3 1947 6291 6214
3 5150 6506 5615
3 3459 6247 3093
3 4511 6251 4509
3 2512 6679 5669
3 5977 6485 3911
3 4100 6650 6087
3 3456 6259 2086
3 5298 6653 5579
3 103 6170 105
3 3793 6249 3791
3 4112 6246 3753
3 3849 6239 3850
3 416 6122 2772
3 4126 6611 3981
3 6224 6271 5314
3 2123 6255 2066
3 394 6229 4673
3 4048 6623 4047
3 2888 6558 6058
3 6314 6346 3350
3 6299 6451 4514
3 1152 6248 1125
3 5427 6245 607
3 228 6203 231
3 382 6351 2170
3 2204 6564 5913
3 5520 6235 3296
3 2291 6751 6737
3 6626 6808 3965
3 4845 6361 6334
3 1238 6181 6002
3 6615 6771 3171
3 4140 6575 5392
3 6214 6291 3578
3 4465 6579 6219
3 4407 6789 3778
3 4454 6722 4253
3 5938 6154 3724
3 5923 6676 2458
3 3804 6374 6271
3 4742 6788 4741
3 51 6243 50
3 5933 6193 2930
3 142 6487 140
3 3030 6268 5775
3 4426 6194 1401
3 3347 6717 5044
3 378 6499 422
3 5190 6719 4803
3 5653 6492 3674
3 242 6160 240
3 4472 6633 6176
3 5059 6227 6064
3 6064 6227 4275
3 6157 6262 3837
3 3152 6265 6244
3 6001 6274 608
3 1428 6116 5646
3 1962 6138 6023
3 3976 6270 2991
3 1409 6261 1399
3 599 6320 5456
3 5887 6271 5558
3 6467 6797 4704
3 5173 6334 3466
3 1428 6229 396
3 3378 6279 5104
3 236 6258 238
3 5086 6378 5089
3 2685 6155 6026
3 3657 6793 4670
3 5593 6700 3034
3 4063 6265 3152
3 276 278 277
3 3837 6262 3832
3 238 6258 982
3 4340 6297 885
3 6098 6638 4402
3 14 6798 1379
3 401 6116 399
3 4999 6314 3350
3 3156 6266 3154
3 2581 6236 5580
3 3740 6298 3523
3 6140 6521 3696
3 4915 6665 4785
3 4401 6633 425
3 4624 6278 3066
3 2170 6775 5461
3 286 287 285
3 197 6504 195
3 5453 6456 5248
3 4799 6458 4132
3 6090 6695 3327
3 31 6175 29
3 5125 6291 1947
3 274 276 275
3 6202 6296 2491
3 6171 6242 3830
3 1159 6556 13
3 4758 6726 3952
3 4948 6360 6079
3 6199 6634 2557
3 4450 6660 3607
3 4023 6539 5845
3 610 6498 5412
3 2291 6737 5190
3 4059 6647 4268
3 4459 6402 3608
3 2367 6382 3881
3 4468 6273 4469
3 2643 6747 3463
3 117 6293 1955
3 6483 6543 4021
3 3852 6260 3851
3 5190 6737 6719
3 316 6256 5485
3 1156 6485 5977
3 3808 6797 6467
3 5262 6238 547
3 3728 6297 3729
3 6237 6317 3693
3 1890 6762 6253
3 4298 6820 4444
3 3577 6382 6082
3 3553 6276 3552
3 3489 6277 3487
3 274 275 273
3 1427 6275 1546
3 2936 6272 3985
3 4587 6622 4589
3 5880 6507 3782
3 4651 6355 2167
3 5734 6603 2270
3 5282 6193 5933
3 4047 6720 4049
3 3973 6669 3972
3 3228 6280 5920
3 3805 6274 3855
3 54 6438 52
3 2153 6781 5687
3 6081 6718 3815
3 3531 6284 3530
3 4148 6815 6301
3 5845 6539 2415
3 2443 6556 5882
3 1865 6283 1863
3 2431 6350 3199
3 6026 6155 4345
3 3051 6285 3311
3 45 6430 47
3 6117 6400 3700
3 2167 6304 5349
3 6236 6352 5580
3 81 6288 79
3 5219 6627 5218
3 3669 6783 5644
3 3035 6289 2929
3 2491 6296 5272
3 5362 6509 2514
3 3768 6337 2980
3 3578 6291 3439
3 3680 6230 5839
3 5931 6267 5840
3 5644 6783 5789
3 3462 6269 6045
3 4018 6713 6629
3 5175 6292 2829
3 1496 6683 5477
3 3445 6281 4142
3 5912 6340 247
3 266 6651 6177
3 5956 6294 3525
3 6080 6186 5087
3 199 6655 197
3 284 285 283
3 6116 6459 5646
3 365 6456 5759
3 150 6252 5765
3 4610 6295 1328
3 3467 6577 6052
3 2244 6743 4978
3 1662 6745 5393
3 6085 6524 3814
3 6444 6517 4446
3 5346 6395 1174
3 439 6324 437
3 4022 6483 4021
3 113 6560 115
3 3406 6339 6238
3 3190 6311 3137
3 4394 6804 5025
3 68 6201 5953
3 804 6505 806
3 4336 6313 4875
3 6404 6805 5466
3 4299 6820 4298
3 3463 6747 5834
3 4639 6156 6148
3 6014 6435 5473
3 4615 6312 4456
3 3003 6301 4256
3 6367 6765 640
3 607 6245 5896
3 1174 6395 5474
3 5461 6342 3044
3 6623 6720 4047
3 4042 6692 2875
3 6193 6260 2930
3 6469 6803 4295
3 1922 6435 6014
3 2238 6322 1867
3 4220 6652 854
3 4152 6740 6205
3 6133 6452 3552
3 2897 6316 2898
3 6211 6617 4786
3 3693 6317 4157
3 5141 6510 3295
3 6488 6789 6439
3 247 6340 245
3 342 6327 4179
3 2201 6421 4494
3 4966 6320 4892
3 3438 6242 6167
3 2912 6315 2724
3 234 6669 5906
3 1955 6380 6361
3 1856 6331 1858
3 2221 6321 2219
3 3571 6506 5437
3 6509 6557 2514
3 4375 6302 5266
3 6061 6396 1480
3 3912 6339 3406
3 4758 6294 5956
3 1211 6187 6009
3 1623 6323 1536
3 793 6338 791
3 5790 6332 1480
3 6361 6380 3839
3 4294 6573 4291
3 644 6309 87
3 5355 6615 3171
3 50 6243 53
3 110 6394 263
3 4857 6330 4859
3 5704 6545 3920
3 3842 6739 6241
3 282 283 281
3 6162 6554 5235
3 2220 6356 2222
3 1361 6329 5981
3 254 6286 1446
3 3824 6333 5124
3 2245 6674 1982
3 6254 6516 3427
3 1955 6361 4845
3 423 6305 420
3 278 279 277
3 2239 6363 5733
3 4312 6762 675
3 6148 6156 3817
3 4341 6778 6409
3 2939 6371 2613
3 4517 6459 6116
3 5638 6300 2814
3 5583 6319 4427
3 4044 6319 5583
3 3990 6513 6303
3 4766 6410 4767
3 396 6229 394
3 5615 6506 3571
3 6393 6484 3704
3 3192 6364 4928
3 1397 6310 1395
3 1401 6194 5990
3 1682 6307 1757
3 5840 6267 2193
3 5488 6517 6483
3 6460 6645 3909
3 4216 6343 4040
3 4785 6665 6634
3 6369 6594 4210
3 3829 6345 3828
3 3822 6549 5571
3 3983 6744 3448
3 3890 6656 6436
3 5140 6788 4742
3 5403 6336 988
3 6482 6596 5007
3 3697 6325 3698
3 3920 6545 5843
3 6079 6360 210
3 4352 6432 4353
3 3223 6616 3813
3 1922 6290 6132
3 6015 6726 3182
3 3831 6348 3491
3 4136 6587 4059
3 1947 6214 6089
3 2968 6282 6154
3 1448 6554 6162
3 6294 6631 4944
3 226 6357 224
3 4845 6334 316
3 5314 6271 5887
3 2167 6355 6304
3 2844 6708 6317
3 3911 6499 5977
3 5977 6499 379
3 2514 6557 5130
3 1152 6378 6328
3 276 277 275
3 56 6688 1540
3 4188 6347 3545
3 4995 6662 6596
3 1018 6505 804
3 5422 6748 3871
3 2281 6658 4899
3 5427 6460 6245
3 3615 6341 5507
3 3675 6350 4167
3 6256 6334 5173
3 6071 6436 4911
3 6082 6382 2367
3 3626 6748 3159
3 3951 6821 4410
3 5299 6353 1084
3 657 6357 226
3 3955 6390 3956
3 5956 6726 4758
3 6420 6582 3943
3 4025 6770 3931
3 3609 6620 3941
3 3015 6377 3684
3 3456 6522 6259
3 2238 6358 6322
3 6187 6453 3446
3 2497 6354 3668
3 2917 6432 4352
3 3241 6810 5132
3 2476 6779 2478
3 245 6340 2117
3 6588 6635 3807
3 5742 6718 3630
3 67 6204 69
3 282 6418 284
3 3466 6361 3839
3 2118 6351 382
3 5204 6372 3823
3 547 6238 5965
3 808 6303 967
3 6124 6682 2142
3 4995 6596 3370
3 2976 6816 4358
3 951 6618 5815
3 6434 6786 3933
3 6306 6520 521
3 2246 6384 4896
3 4728 6695 6090
3 4725 6385 158
3 5991 6268 4434
3 5920 6280 3732
3 6235 6668 1585
3 5614 6306 3356
3 4489 6554 5393
3 6435 6567 5473
3 140 6431 138
3 5031 6366 2450
3 201 6637 193
3 5833 6308 2240
3 3799 6540 6197
3 6197 6540 5032
3 1878 6368 1880
3 3684 6606 4681
3 5580 6352 4713
3 5974 6434 3633
3 4978 6743 5286
3 3811 6520 5614
3 5552 6349 3404
3 3818 6633 4401
3 5261 6362 2122
3 4944 6519 4943
3 3880 6715 4064
3 3768 6476 6337
3 896 6577 4577
3 1379 6690 6567
3 3824 6392 6333
3 3535 6437 5216
3 2705 6466 5186
3 847 6318 5833
3 3246 6376 2768
3 3727 6775 4136
3 3856 6374 3804
3 5558 6374 834
3 4541 6387 1440
3 3796 6428 5471
3 4402 6638 4006
3 5290 6655 6457
3 5236 6378 1152
3 3541 6533 6065
3 3324 6436 6071
3 3878 6447 6164
3 316 6334 6256
3 6557 6636 5130
3 4482 6550 3184
3 366 6379 356
3 530 6359 528
3 6502 6670 4897
3 2443 6445 4643
3 6387 6680 3625
3 6382 6576 3881
3 6587 6647 4059
3 4062 6383 2969
3 189 6367 187
3 4675 6763 4620
3 5965 6339 2501
3 3846 6524 5853
3 4293 6398 4294
3 4797 6426 3045
3 3002 6535 6398
3 6464 6629 2287
3 70 6201 68
3 4515 6675 6423
3 4514 6411 2642
3 3378 6388 6279
3 3781 6759 5872
3 3645 6397 3647
3 5876 6326 2802
3 6257 6667 726
3 305 6375 308
3 4315 6442 4316
3 6266 6481 5127
3 3990 6403 3833
3 2888 6399 2887
3 4620 6763 4621
3 4619 6454 3105
3 3607 6660 3870
3 3726 6456 5453
3 3620 6734 3892
3 6537 6741 4090
3 4798 6389 4799
3 5812 6817 6741
3 3972 6669 6059
3 4018 6629 4017
3 5578 6358 2238
3 5544 6373 5023
3 6342 6687 3812
3 3408 6521 6140
3 6232 6793 3657
3 132 6370 130
3 4213 6754 4212
3 4418 6527 4419
3 1697 6401 2956
3 3820 6404 3821
3 3623 6369 5681
3 162 6409 4725
3 3241 6780 4371
3 6160 6381 240
3 2455 6453 5341
3 3703 6410 5440
3 277 6329 275
3 3661 6473 3662
3 6427 6569 2600
3 2999 6408 3504
3 3947 6420 3944
3 6474 6785 5054
3 3614 6407 4156
3 2096 6391 4609
3 3933 6786 3935
3 3504 6408 6352
3 854 6652 6549
3 1673 6729 1792
3 5145 6703 2901
3 3698 6496 5267
3 1377 6493 4297
3 3105 6454 5275
3 2628 6670 5113
3 1079 6386 1204
3 1479 6396 1650
3 5857 6474 4206
3 3153 6413 5194
3 3350 6346 5646
3 5646 6346 1428
3 377 6406 375
3 6267 6736 2193
3 1009 6693 6407
3 5471 6428 2153
3 252 6286 254
3 6094 6526 3280
3 5208 6416 2027
3 3423 6458 4749
3 3823 6679 3781
3 4252 6664 5963
3 4422 6597 1431
3 4021 6543 4023
3 5130 6636 2521
3 112 6394 110
3 2983 6419 2982
3 4439 6713 2444
3 6248 6328 5087
3 1488 6242 6171
3 496 6467 4704
3 1379 6798 6263
3 6063 6753 3461
3 4431 6582 1912
3 6408 6463 3874
3 6447 6605 3853
3 4053 6405 3910
3 4085 6424 3979
3 5418 6551 1200
3 5418 6734 3620
3 5867 6287 5799
3 6629 6713 4439
3 6131 6510 4667
3 4114 6427 3767
3 3173 6452 3172
3 5324 6717 6654
3 3795 6428 3796
3 3909 6645 4003
3 3713 6564 3714
3 3950 6494 4177
3 6488 6701 3778
3 3935 6786 5572
3 3459 6318 6247
3 2473 6575 4377
3 5208 6475 6416
3 4621 6454 4619
3 5600 6393 3189
3 5678 6395 5346
3 3876 6440 3877
3 5759 6456 3726
3 4979 6586 1156
3 6305 6440 3876
3 6147 6335 3427
3 5596 6766 4230
3 2712 6436 3324
3 6729 6813 1792
3 5552 6457 6349
3 6452 6639 3172
3 210 6360 208
3 3499 6433 5289
3 2962 6543 6483
3 2628 6804 6670
3 87 6309 85
3 2135 6443 2605
3 4410 6732 3951
3 5878 6450 6119
3 3825 6742 4930
3 4241 6799 6614
3 5752 6344 2151
3 4384 6771 6615
3 428 6441 366
3 3848 6585 3849
3 366 6441 6379
3 3029 6449 3030
3 2368 6782 2445
3 5646 6459 3218
3 3030 6449 6268
3 4809 6791 6062
3 1792 6813 4801
3 4694 6662 4995
3 301 6448 303
3 6058 6558 3918
3 6375 6529 308
3 5553 6429 1966
3 4156 6792 3923
3 5520 6668 6235
3 4770 6432 2917
3 3633 6434 3631
3 443 6471 441
3 5031 6622 6366
3 240 6381 237
3 831 6422 830
3 2920 6455 3682
3 3446 6453 4853
3 83 6602 2402
3 473 6489 553
3 3951 6476 3768
3 5305 6682 6025
3 5090 6509 5362
3 6150 6348 1018
3 6513 6568 967
3 138 6431 266
3 307 6375 305
3 6289 6788 2929
3 4304 6461 3095
3 5355 6639 4677
3 4494 6470 5108
3 6046 6444 4447
3 6336 6734 988
3 3874 6463 3696
3 5927 6382 3577
3 6119 6759 3781
3 5139 6639 6452
3 3808 6467 3809
3 4286 6466 4042
3 5531 6577 896
3 4291 6573 4292
3 3079 6462 3226
3 5791 6479 3810
3 4092 6468 3281
3 128 6425 126
3 4206 6474 6042
3 6360 6580 1386
3 750 6446 668
3 2272 6460 5427
3 1972 6472 1784
3 1540 6438 54
3 2901 6703 5861
3 5695 6437 3535
3 6141 6608 4528
3 6218 6332 5790
3 5386 6464 4209
3 3899 6704 6683
3 4353 6574 3676
3 6001 6555 6274
3 3807 6635 5224
3 4975 6475 5208
3 5927 6576 6382
3 2076 6473 5404
3 4064 6459 4517
3 2697 6488 6439
3 6741 6817 4091
3 4057 6598 5708
3 4417 6593 2239
3 3881 6576 4160
3 5996 6598 4057
3 4677 6639 5139
3 4785 6634 6199
3 3720 6457 5552
3 967 6568 4218
3 5437 6506 4809
3 2988 6486 2315
3 5175 6783 6292
3 3315 6478 5612
3 2096 6537 6391
3 3820 6805 6404
3 5881 6423 4184
3 1891 6630 4548
3 4177 6821 3951
3 104 6515 102
3 3871 6480 624
3 5156 6798 16
3 2460 6617 6211
3 6323 6696 4176
3 4893 6709 2046
3 6476 6732 3695
3 3371 6482 3374
3 5833 6318 6308
3 6308 6318 3459
3 4010 6444 6046
3 1585 6668 5251
3 6120 6780 3241
3 2569 6469 1383
3 3343 6485 5176
3 6429 6544 1966
3 5733 6363 6240
3 5273 6477 3211
3 3782 6488 2697
3 4342 6736 5039
3 2634 6681 4487
3 3884 6672 4988
3 4198 6525 3779
3 2496 6502 4965
3 4755 6478 4754
3 6217 6472 1972
3 3971 6790 6372
3 2144 6474 5857
3 1361 6312 6215
3 5785 6673 5702
3 258 6707 260
3 5853 6524 1933
3 330 6490 333
3 6300 6712 2814
3 6458 6802 4132
3 5050 6635 6588
3 263 6702 4210
3 3769 6493 3886
3 2810 6501 2867
3 5025 6804 2628
3 4657 6595 3054
3 6491 6541 3784
3 3700 6400 5976
3 2277 6487 142
3 950 6495 947
3 2195 6548 2197
3 5099 6769 5652
3 4566 6755 1290
3 5837 6589 6088
3 6238 6339 5965
3 5488 6483 4022
3 6043 6388 3378
3 3723 6777 5416
3 5860 6761 4328
3 4157 6491 6070
3 4912 6512 5066
3 3613 6606 4669
3 5606 6481 4012
3 5251 6668 3870
3 4011 6508 3865
3 6673 6681 2634
3 294 6498 291
3 2261 6497 6092
3 4242 6602 6309
3 424 6511 427
3 4667 6510 5205
3 2610 6500 2273
3 5997 6417 2637
3 3954 6513 3835
3 4162 6765 6367
3 1073 6484 5600
3 5032 6540 2492
3 3964 6528 3965
3 670 6818 672
3 4640 6803 2569
3 5571 6652 3772
3 3299 6503 5439
3 3310 6516 3609
3 3480 6332 6218
3 5660 6563 101
3 5188 6698 2403
3 269 6450 5878
3 6583 6601 5559
3 6507 6700 5593
3 4457 6663 2994
3 661 6561 659
3 6455 6658 3682
3 1540 6688 6281
3 6596 6662 4780
3 3500 6417 5997
3 4037 6522 3456
3 6421 6470 4494
3 4384 6615 4385
3 5972 6414 2277
3 3171 6771 5551
3 6485 6586 5176
3 5374 6761 522
3 6125 6437 5695
3 4212 6713 4018
3 672 6818 1967
3 2184 6519 1692
3 3787 6514 3789
3 854 6549 4054
3 4803 6719 1954
3 3349 6559 3969
3 6363 6593 3754
3 4562 6527 3625
3 5772 6479 2191
3 288 6671 290
3 2905 6492 5653
3 3814 6524 3846
3 3280 6526 2822
3 6215 6312 4615
3 10 6435 8
3 1982 6674 2432
3 5147 6594 3623
3 2840 6530 5396
3 1152 6328 6248
3 3885 6747 6095
3 3423 6802 6458
3 1970 6531 477
3 308 6529 310
3 6008 6451 5587
3 2272 6645 6460
3 4768 6534 3096
3 2317 6535 2319
3 4091 6817 5989
3 447 6566 445
3 5702 6673 2634
3 4446 6517 5488
3 2521 6782 2368
3 1581 6800 4652
3 5024 6570 2987
3 1216 6521 5487
3 4975 6557 6509
3 256 6666 258
3 2974 6532 5322
3 3784 6541 3286
3 6302 6421 2201
3 462 6538 464
3 5235 6554 4489
3 3989 6571 4373
3 6087 6650 63
3 5600 6484 6393
3 1322 6569 3014
3 2566 6543 2962
3 5812 6741 3293
3 333 6536 335
3 5749 6494 2600
3 4627 6465 6377
3 2012 6729 1673
3 3840 6553 4145
3 4704 6797 1929
3 1366 6523 5902
3 3066 6796 6331
3 4973 6557 4975
3 786 6677 840
3 5069 6558 5092
3 4408 6789 4407
3 1266 6578 1264
3 3953 6807 4802
3 195 6504 201
3 2803 6609 3408
3 4159 6715 3880
3 3282 6603 5734
3 3130 6605 3878
3 5328 6552 4678
3 2415 6539 2563
3 6481 6672 4012
3 5297 6562 5298
3 2104 6572 2279
3 2112 6547 6440
3 3156 6672 6481
3 5385 6547 2112
3 3676 6574 5115
3 6219 6579 484
3 3977 6581 3976
3 4946 6580 4948
3 4577 6577 3467
3 3434 6565 3997
3 5393 6554 1448
3 1992 6590 5347
3 484 6579 4934
3 3199 6807 6362
3 4481 6623 4048
3 3781 6679 6119
3 6151 6628 4505
3 4932 6546 3896
3 3954 6568 6513
3 6319 6751 4430
3 5176 6586 3812
3 950 6812 6495
3 3014 6624 4201
3 4237 6649 3155
3 5834 6747 3885
3 2645 6779 2476
3 4317 6451 6008
3 3956 6568 3954
3 2800 6592 4882
3 2974 6654 6532
3 4214 6810 4371
3 872 6591 758
3 6503 6612 5439
3 4973 6636 6557
3 5050 6588 2423
3 5347 6590 4829
3 265 6632 200
3 3921 6796 5185
3 5007 6596 4780
3 2875 6692 2300
3 3854 6604 3843
3 6240 6363 3752
3 4007 6542 3346
3 6727 6730 4769
3 1966 6544 5591
3 3778 6789 6488
3 4269 6597 3888
3 4769 6730 501
3 2704 6791 5150
3 3960 6600 2910
3 5622 6537 2096
3 2734 6675 4300
3 2676 6622 5031
3 451 6661 449
3 314 6607 4496
3 3961 6610 3962
3 6569 6624 3014
3 6347 6723 3709
3 1009 6635 5050
3 3981 6611 3883
3 4780 6662 826
3 1797 6621 432
3 4209 6464 6356
3 63 6650 65
3 3415 6618 4149
3 2270 6643 1404
3 3801 6803 4640
3 4020 6583 5559
3 4074 6646 4072
3 1685 6620 4196
3 2287 6629 4439
3 5239 6617 4046
3 5187 6793 6232
3 5163 6624 4114
3 6183 6588 3807
3 5926 6736 4342
3 6737 6751 4044
3 5070 6634 5068
3 6728 6731 461
3 5166 6785 2144
3 3861 6625 3863
3 3889 6691 5002
3 2157 6631 2594
3 4988 6672 3156
3 3867 6507 5880
3 6274 6555 3855
3 3984 6636 4973
3 4165 6640 3872
3 2327 6437 6125
3 726 6667 728
3 3813 6563 5660
3 3772 6698 5188
3 3159 6748 5422
3 3859 6641 3860
3 999 6684 1002
3 4114 6624 6569
3 675 6762 673
3 379 6499 378
3 4182 6794 4994
3 5439 6612 3998
3 10 6567 6435
3 5466 6805 2142
3 4544 6651 5116
3 6461 6692 4042
3 3172 6639 5355
3 521 6520 5868
3 3941 6647 3610
3 4133 6649 3838
3 5671 6551 5353
3 4911 6656 3147
3 2213 6750 2216
3 6284 6797 3808
3 4012 6672 3884
3 457 6733 455
3 5324 6654 2974
3 5068 6665 1496
3 1750 6763 4675
3 6241 6739 4463
3 3538 6659 3536
3 2993 6660 4450
3 4151 6740 4152
3 3827 6802 3423
3 49 6811 605
3 2072 6545 5704
3 3682 6658 4133
3 4994 6794 2734
3 3875 6644 4909
3 1309 6646 5333
3 4897 6670 4395
3 3610 6647 6587
3 4016 6616 5035
3 4224 6710 4074
3 3886 6749 4016
3 5559 6601 3977
3 2850 6694 3483
3 3842 6681 4020
3 3332 6777 6030
3 3247 6680 3246
3 2800 6699 6592
3 3899 6683 4915
3 4681 6725 3940
3 4082 6608 6141
3 6358 6390 3955
3 3869 6648 4254
3 488 6722 486
3 2970 6689 2971
3 4488 6745 4712
3 4930 6742 750
3 461 6731 459
3 6570 6638 2987
3 5931 6765 3942
3 640 6765 5931
3 1875 6697 1964
3 517 6560 113
3 6634 6665 5068
3 6705 6724 3902
3 667 6772 665
3 4074 6710 6646
3 4313 6742 3825
3 1197 6655 199
3 4879 6704 2559
3 6293 6380 1955
3 4132 6802 6096
3 6070 6491 3784
3 5139 6452 6133
3 3900 6705 3902
3 5612 6608 4082
3 5292 6686 2942
3 463 6728 461
3 4383 6771 4384
3 4184 6794 4182
3 6101 6764 4095
3 3184 6550 5946
3 5473 6690 5152
3 1562 6716 4438
3 5579 6653 3966
3 3005 6695 3657
3 6030 6777 3723
3 4484 6754 4135
3 1779 6743 2244
3 6670 6804 4395
3 5384 6678 2988
3 6573 6678 4292
3 4241 6614 5639
3 4090 6741 4091
3 2559 6727 4769
3 4230 6766 4224
3 3176 6739 3175
3 3924 6746 3926
3 4233 6755 3868
3 3902 6724 3904
3 4542 6752 4541
3 3034 6700 4202
3 4227 6738 4225
3 6704 6727 2559
3 6646 6710 5333
3 3401 6767 2694
3 5452 6706 1974
3 3860 6737 4044
3 5333 6710 2546
3 4575 6744 1557
3 5468 6645 2272
3 4993 6757 4033
3 4730 6753 4729
3 1877 6756 1756
3 5373 6723 2169
3 3160 6657 3906
3 235 6721 232
3 3870 6668 5520
3 3893 6717 5324
3 5850 6792 265
3 2458 6676 5562
3 4020 6681 6673
3 6480 6748 3626
3 2929 6788 5140
3 2377 6699 2800
3 2997 6711 2722
3 3210 6701 5593
3 3942 6765 4162
3 1422 6773 1420
3 4224 6766 6710
3 1422 6814 6773
3 3733 6778 3736
3 2400 6784 3282
3 4395 6804 4394
3 458 6776 460
3 6088 6589 1326
3 1436 6814 1422
3 1292 6819 1217
3 2230 6795 6321
3 4097 6806 3435
3 522 6761 5860
3 1628 6799 4241
3 1876 6619 1729
3 955 6812 950
3 5948 6545 2072
3 6177 6651 4544
3 4358 6816 3885
3 13 6556 15
3 6486 6573 4294
3 2697 6439 6206
3 988 6734 5418
3 6719 6737 3860
3 5843 6545 5948
3 6710 6766 2546
3 4176 6696 3894
3 2915 6815 3101
3 2500 6708 2499
3 3961 6685 6610
3 3989 6813 6729
3 4361 6732 4410
3 6403 6505 1018
3 5218 6627 3897
3 5913 6564 3713
3 2734 6794 6675
3 6303 6513 967
3 3815 6718 5742
3 6152 6749 3886
3 12 6567 10
3 3931 6770 5649
3 1698 6786 6434
3 203 6693 205
3 1912 6582 6420
3 1446 6666 256
3 6405 6760 2424
3 425 6633 4472
3 6251 6555 2412
3 3906 6735 4199
3 3183 6576 5927
3 2830 6768 5508
3 65 6650 1378
3 6110 6599 2176
3 4681 6606 6497
3 3936 6813 3989
3 5872 6759 3841
3 3965 6808 3963
3 4148 6685 3961
3 517 6720 6623
3 287 6628 6151
3 6091 6758 4085
3 6281 6688 4142
3 5572 6786 1698
3 5578 6390 6358
3 6172 6758 6091
3 2546 6766 5596
3 3970 6780 6120
3 193 6637 191
3 6092 6497 3613
3 6657 6735 3906
3 2412 6555 6001
3 6563 6749 101
3 3849 6585 6344
3 3878 6605 6447
3 4064 6715 6501
3 4948 6580 6360
3 5625 6769 5099
3 4414 6526 6094
3 3561 6599 6110
3 6309 6602 85
3 5587 6451 6299
3 6675 6794 4184
3 5652 6769 3845
3 4196 6516 6254
3 4375 6421 6302
3 6025 6682 3774
3 6436 6656 4911
3 289 6628 287
3 4810 6598 5996
3 6497 6606 3613
3 6068 6540 3799
3 4053 6809 6760
3 6325 6496 3698
3 3099 6687 3727
3 5807 6720 517
3 6030 6590 1992
3 4670 6793 3340
3 6161 6787 4440
3 1176 6817 5812
3 2193 6736 5926
3 6330 6589 4859
3 5755 6800 4295
3 3977 6601 6581
3 5789 6783 5175
3 6085 6740 4151
3 2988 6678 6573
3 4749 6458 6389
3 85 6602 83
3 3156 6481 6266
3 3007 6740 6085
3 2576 6774 5854
3 6062 6791 2704
3 6301 6815 4256
3 6317 6708 4157
3 4328 6761 6415
3 6377 6465 3684
3 2594 6631 6294
3 6567 6690 5473
3 5614 6520 6306
3 5834 6816 2976
3 5461 6687 6342
3 4016 6749 6563
3 2432 6764 6101
3 6253 6762 4312
3 6457 6655 1197
3 3610 6587 6129
3 3182 6726 5956
3 6096 6802 3827
3 16 6798 14
3 980 6790 5921
3 2142 6805 6124
3 5989 6817 1176
3 6059 6669 234
3 6270 6599 3561
3 2987 6638 6098
3 3885 6816 5834
3 4292 6678 6518
3 5935 6809 4053
3 6714 6742 4313
3 6263 6798 5156
3 750 6742 6714
3 6389 6458 4799
3 6398 6535 4294
3 2432 6674 6574
3 58 6688 56
3 6450 6759 6119
3 6475 6509 5090
3 6124 6805 3820
3 6119 6679 2512
3 3774 6682 6124
3 3990 6505 6403
3 2144 6785 6474
3 2725 6758 6172
3 6095 6747 2643
3 6632 6792 4156
3 6438 6525 4198
3 6081 6774 2576
3 4541 6680 6387
3 4085 6758 6424
3 3846 6774 6081
3 3623 6594 6369
3 6583 6673 5785
3 6174 6712 3973
3 4210 6702 6369
3 6407 6693 4156
3 6344 6585 2151
3 6331 6796 3921
3 1326 6589 6330
3 6372 6790 980
3 1540 6525 6438
3 6136 6795 2230
3 4975 6509 6475
3 2239 6593 6363
3 3246 6752 6376
3 4114 6569 6427
3 6362 6807 3953
3 3813 6616 6563
3 6563 6616 4016
3 6321 6795 4981
3 6571 6729 2012
3 2988 6573 6486
3 2169 6723 6347
3 1929 6797 6284
3 4044 6751 6319
3 1967 6818 6648
3 750 6714 6446
3 6640 6782 2521
3 3408 6609 6562
3 3782 6701 6488
3 6423 6675 4184
3 3841 6759 6450
3 6409 6778 3733
3 6560 6623 4481
3 2261 6725 6497
3 6497 6725 4681
3 4053 6760 6405
3 4304 6692 6461
3 6553 6721 4145
3 6562 6609 5298
3 2569 6803 6469
3 517 6623 6560
3 3951 6732 6476
3 6424 6758 2725
3 6415 6761 5374
3 1954 6719 6641
3 6604 6643 2270
3 3854 6643 6604
3 3871 6748 6480
3 6428 6781 2153
3 3867 6700 6507
3 6501 6715 2867
3 6439 6789 4408
3 4020 6673 6583
3 6574 6674 5115
3 6653 6663 3966
3 6685 6779 2645
3 2994 6663 6653
3 3989 6729 6571
3 6626 6810 4214
3 6641 6719 3860
3 5649 6770 6730
3 4165 6782 6640
3 265 6792 6632
3 5132 6810 6626
3 4148 6779 6685
3 6648 6818 4254
3 6730 6770 501
